rank	lemma	is_mwe	pos_guess	raw_freq	freq_per_million
1	o	0	det	58080476	93089.569
2	que	0	conj	22331398	35792.066
3	ser	0	verb	20583212	32990.128
4	não	0	adv	17877189	28652.999
5	de	0	prep	15454326	24769.710
6	um	0	det	13939891	22342.421
7	estar	0	verb	13186159	21134.363
8	ir	0	verb	11158634	17884.709
9	e	0	conj	10298394	16505.944
10	ter	0	verb	8678756	13910.038
11	ele	0	pron	8148257	13059.771
12	para	0	prep	7276630	11662.755
13	se	0	conj	6359084	10192.141
14	eu	0	pron	6268566	10047.061
15	me	0	pron	5772685	9252.279
16	por	0	prep	5433376	8708.445
17	meu	0	pron	4786011	7670.869
18	com	0	prep	4677526	7496.992
19	fazer	0	verb	4635935	7430.331
20	do	0	det	4494140	7203.067
21	poder	0	verb	4479589	7179.745
22	em	0	prep	4383904	7026.384
23	saber	0	verb	4300778	6893.152
24	te	0	pron	4143651	6641.314
25	dizer	0	verb	4129168	6618.101
26	isso	0	pron	4010264	6427.526
27	bem	0	adv	3675619	5891.167
28	mas	0	conj	3605237	5778.361
29	da	0	det	3452826	5534.081
30	como	0	adv	3285563	5265.998
31	este	0	pron	3129158	5015.316
32	querer	0	verb	3051162	4890.307
33	sim	0	adv	2839615	4551.246
34	mais	0	adv	2560942	4104.598
35	muito	0	adv	2527405	4050.846
36	seu	0	pron	2494326	3997.828
37	aqui	0	pron	2355954	3776.049
38	isto	0	pron	2252875	3610.838
39	teu	0	pron	2226321	3568.278
40	haver	0	verb	2109440	3380.944
41	todo	0	pron	2074295	3324.615
42	só	0	adv	1928186	3090.436
43	ver	0	verb	1859236	2979.925
44	já	0	adv	1853646	2970.966
45	coisa	0	noun	1819841	2916.784
46	à	0	det	1741554	2791.308
47	ao	0	det	1697509	2720.714
48	bom	0	intj	1676775	2687.482
49	vir	0	verb	1648118	2641.552
50	tudo	0	adj	1643404	2633.996
51	ficar	0	verb	1632784	2616.975
52	tu	0	pron	1628466	2610.054
53	porque	0	conj	1552629	2488.505
54	lhe	0	pron	1537335	2463.992
55	agora	0	adv	1524145	2442.852
56	dar	0	verb	1491053	2389.813
57	lá	0	pron	1481873	2375.100
58	quando	0	conj	1480793	2373.369
59	falar	0	verb	1475404	2364.731
60	esse	0	pron	1414329	2266.842
61	dever	0	verb	1409218	2258.650
62	não é	1	mwe	1350147	2163.973
63	deixar	0	verb	1330419	2132.354
64	onde	0	pron	1313877	2105.841
65	algum	0	pron	1311552	2102.114
66	quem	0	pron	1305278	2092.059
67	comigo	0	pron	1295202	2075.909
68	achar	0	verb	1294539	2074.847
69	então	0	conj	1280085	2051.680
70	nada	0	noun	1266285	2029.562
71	mesmo	0	pron	1239740	1987.016
72	ou	0	conj	1188694	1905.202
73	pensar	0	verb	1161945	1862.329
74	outro	0	pron	1161035	1860.871
75	esperar	0	verb	1155909	1852.655
76	vez	0	unk	1107575	1775.187
77	nosso	0	pron	1053173	1687.993
78	passar	0	verb	1047338	1678.641
79	nós	0	pron	993984	1593.126
80	dos	0	det	988351	1584.098
81	ouvir	0	verb	983107	1575.693
82	mim	0	pron	973164	1559.757
83	casa	0	noun	955310	1531.141
84	está bem	1	mwe	952160	1526.092
85	dia	0	noun	945705	1515.746
86	nunca	0	adv	924682	1482.051
87	tempo	0	noun	920364	1475.131
88	até	0	prep	905560	1451.403
89	dele	0	pron	905442	1451.214
90	homem	0	unk	897617	1438.672
91	parecer	0	verb	896861	1437.461
92	senhor	0	unk	880935	1411.935
93	assim	0	conj	877507	1406.441
94	ainda	0	adv	865820	1387.709
95	encontrar	0	verb	842325	1350.052
96	ajudar	0	verb	832141	1333.730
97	pai	0	unk	832036	1333.561
98	precisar	0	verb	829845	1330.050
99	ano	0	adj	823814	1320.383
100	dois	0	num	820772	1315.508
101	conseguir	0	verb	815759	1307.473
102	quê	0	unk	801376	1284.420
103	pessoa	0	noun	798641	1280.037
104	também	0	conj	796888	1277.227
105	favor	0	unk	792226	1269.755
106	obrigar	0	verb	777217	1245.699
107	sobre	0	prep	770485	1234.909
108	quer	0	verb	765312	1226.618
109	aquele	0	pron	755478	1210.856
110	deus	0	unk	749822	1201.791
111	filho	0	noun	745709	1195.199
112	melhor	0	adv	742057	1189.346
113	ti	0	pron	734415	1177.097
114	tão	0	adv	730496	1170.816
115	noite	0	unk	729433	1169.112
116	matar	0	verb	727110	1165.389
117	depois	0	adv	725703	1163.134
118	mãe	0	unk	723982	1160.376
119	acontecer	0	verb	722792	1158.468
120	talvez	0	adv	708106	1134.930
121	sair	0	verb	703478	1127.513
122	andar	0	verb	703369	1127.338
123	olá	0	intj	703258	1127.160
124	tinha	0	adj	701520	1124.374
125	por favor	1	mwe	695106	1114.094
126	sempre	0	adv	691209	1107.848
127	levar	0	verb	687923	1102.581
128	amigo	0	noun	687028	1101.147
129	voltar	0	verb	685992	1099.487
130	sr	0	unk	683304	1095.178
131	chegar	0	verb	680592	1090.832
132	certo	0	noun	680367	1090.471
133	nem	0	conj	677796	1086.350
134	olhar	0	verb	677462	1085.815
135	alguém	0	unk	675151	1082.111
136	acabar	0	verb	663919	1064.109
137	vida	0	noun	661021	1059.464
138	gostar	0	verb	657740	1054.205
139	sentir	0	verb	652403	1045.651
140	sem	0	prep	648519	1039.426
141	conhecer	0	verb	646591	1036.336
142	tentar	0	verb	638540	1023.432
143	das	0	det	622236	997.300
144	tipo	0	noun	604657	969.125
145	ela	0	pron	597052	956.936
146	chamar	0	verb	572631	917.795
147	novo	0	noun	569792	913.245
148	preciso	0	noun	567472	909.526
149	parar	0	verb	565667	906.633
150	algo	0	noun	565020	905.596
151	claro	0	noun	564769	905.194
152	partir	0	verb	564097	904.117
153	morrer	0	verb	562448	901.474
154	pedir	0	verb	547787	877.976
155	contar	0	verb	540887	866.917
156	rapaz	0	unk	540496	866.290
157	verdade	0	noun	528873	847.661
158	primeiro	0	num	527506	845.470
159	mulher	0	verb	526102	843.220
160	antes	0	adv	525283	841.907
161	grande	0	unk	524689	840.955
162	trabalho	0	noun	506932	812.495
163	hora	0	noun	504249	808.195
164	ninguém	0	unk	502778	805.837
165	vão	0	noun	501751	804.191
166	entrar	0	verb	499568	800.692
167	apenas	0	adv	495674	794.451
168	acreditar	0	verb	490299	785.836
169	aí	0	pron	485558	778.237
170	começar	0	verb	483669	775.210
171	pouco	0	adv	481075	771.052
172	problema	0	noun	476896	764.354
173	quanto	0	pron	472801	757.791
174	desculpa	0	noun	468445	750.809
175	qual	0	pron	466241	747.276
176	pois	0	conj	460893	738.705
177	eu sei	1	mwe	450697	722.363
178	querido	0	noun	443587	710.967
179	dela	0	pron	442198	708.741
180	tudo bem	1	mwe	440216	705.564
181	qualquer	0	pron	439595	704.569
182	dinheiro	0	noun	439575	704.537
183	lembrar	0	verb	436047	698.882
184	usar	0	verb	426210	683.116
185	vá	0	unk	422929	677.857
186	nome	0	unk	422146	676.602
187	cá	0	pron	419586	672.499
188	irmão	0	noun	412423	661.019
189	daqui	0	unk	410164	657.398
190	trabalhar	0	verb	407674	653.407
191	perder	0	verb	406896	652.160
192	ligar	0	verb	405058	649.214
193	sério	0	noun	394150	631.731
194	alguma coisa	1	mwe	393128	630.093
195	merda	0	noun	393114	630.071
196	hoje	0	adv	391332	627.215
197	morto	0	noun	384532	616.316
198	muito bem	1	mwe	383147	614.096
199	perguntar	0	verb	377019	604.274
200	vosso	0	pron	376552	603.526
201	nenhum	0	pron	376343	603.191
202	carro	0	noun	376201	602.963
203	procurar	0	verb	375723	602.197
204	continuar	0	verb	375637	602.059
205	certeza	0	noun	366675	587.695
206	às	0	det	363993	583.397
207	vê	0	unk	363758	583.020
208	pronto	0	noun	360666	578.064
209	volta	0	noun	358530	574.641
210	mal	0	adv	357027	572.232
211	mundo	0	noun	353058	565.870
212	lado	0	noun	350245	561.362
213	oh	0	intj	344585	552.290
214	ideia	0	noun	341918	548.015
215	sentar	0	verb	341779	547.793
216	três	0	num	341225	546.905
217	tirar	0	verb	340219	545.292
218	meu deus	1	mwe	339389	543.962
219	embora	0	conj	338807	543.029
220	mão	0	noun	333234	534.097
221	porquê	0	adv	332476	532.882
222	fez	0	unk	332376	532.722
223	menos	0	adv	330747	530.111
224	apanhar	0	verb	330279	529.361
225	arma	0	noun	323038	517.755
226	lugar	0	verb	322971	517.648
227	tanto	0	adv	320619	513.878
228	último	0	noun	320602	513.851
229	uma coisa	1	mwe	315631	505.883
230	desculpar	0	verb	315289	505.335
231	aos	0	det	312829	501.393
232	perceber	0	verb	311818	499.772
233	dentro	0	adv	311288	498.923
234	vos	0	pron	311278	498.907
235	razão	0	noun	309275	495.696
236	minuto	0	noun	308328	494.178
237	pôr	0	verb	306843	491.798
238	família	0	noun	305564	489.748
239	viver	0	verb	304243	487.631
240	acha	0	noun	303557	486.532
241	único	0	adj	301706	483.565
242	polícia	0	noun	298899	479.066
243	obrigado	0	intj	297739	477.207
244	mudar	0	verb	293430	470.300
245	comer	0	verb	290988	466.386
246	ali	0	pron	289732	464.373
247	esquecer	0	verb	285242	457.177
248	preocupar	0	verb	283475	454.345
249	aquilo	0	pron	282750	453.183
250	mandar	0	verb	280999	450.376
251	se passa	1	mwe	278310	446.067
252	descobrir	0	verb	276472	443.121
253	ele está	1	mwe	276125	442.565
254	tratar	0	verb	271919	435.823
255	segundo	0	prep	270699	433.868
256	caso	0	conj	266879	427.745
257	mau	0	unk	265341	425.280
258	manter	0	verb	265017	424.761
259	cuidar	0	verb	264803	424.418
260	si	0	pron	264481	423.902
261	cabeça	0	noun	264479	423.899
262	semana	0	adj	263769	422.761
263	raio	0	noun	263040	421.592
264	momento	0	noun	262812	421.227
265	correr	0	verb	262529	420.773
266	trazer	0	verb	260482	417.492
267	onde está	1	mwe	260467	417.468
268	forma	0	noun	259878	416.524
269	entender	0	verb	258363	414.096
270	tal	0	pron	257224	412.271
271	atrás	0	adv	257180	412.200
272	cidade	0	noun	256197	410.625
273	pequeno	0	noun	255464	409.450
274	olho	0	noun	255241	409.092
275	óptimo	0	noun	254264	407.526
276	gosto	0	noun	254117	407.291
277	tomar	0	verb	254097	407.259
278	importar	0	verb	252154	404.145
279	porta	0	noun	251716	403.443
280	mentir	0	verb	251704	403.423
281	adorar	0	verb	250725	401.854
282	mostrar	0	verb	249967	400.639
283	abrir	0	verb	248800	398.769
284	história	0	adj	247910	397.342
285	dormir	0	verb	247170	396.156
286	entre	0	prep	244327	391.600
287	amor	0	unk	243341	390.019
288	seguir	0	verb	243315	389.978
289	arranjar	0	verb	240476	385.427
290	frente	0	adj	238285	381.916
291	desde	0	prep	235542	377.519
292	gente	0	adj	234645	376.082
293	ok	0	intj	234153	375.293
294	feito	0	noun	233316	373.952
295	pagar	0	verb	230032	368.688
296	tarde	0	adv	228669	366.504
297	vivo	0	noun	228276	365.874
298	os meus	1	mwe	228162	365.691
299	criança	0	noun	225532	361.476
300	menino	0	adj	225453	361.349
301	morte	0	unk	223423	358.095
302	miúdo	0	noun	222291	356.281
303	maneira	0	noun	221921	355.688
304	vá lá	1	mwe	220681	353.701
305	ganhar	0	verb	220663	353.672
306	feliz	0	unk	220282	353.061
307	buscar	0	verb	220247	353.005
308	próximo	0	noun	219601	351.970
309	cima	0	noun	218878	350.811
310	velho	0	noun	217303	348.286
311	junto	0	noun	216850	347.560
312	durante	0	prep	215457	345.328
313	quase	0	adv	214531	343.844
314	caminho	0	adj	214262	343.412
315	amanhã	0	adv	211690	339.290
316	contra	0	prep	210904	338.030
317	medo	0	noun	210784	337.838
318	dr	0	unk	208608	334.350
319	as pessoas	1	mwe	207516	332.600
320	próprio	0	pron	205501	329.371
321	agente	0	adj	204813	328.268
322	significar	0	verb	204638	327.987
323	comprar	0	verb	204350	327.526
324	lutar	0	verb	203118	325.551
325	enquanto	0	conj	202697	324.876
326	pode ser	1	mwe	202265	324.184
327	meu pai	1	mwe	202239	324.142
328	mês	0	adj	199300	319.432
329	pessoal	0	adj	198224	317.707
330	eis	0	unk	197544	316.617
331	meio	0	num	197402	316.390
332	receber	0	verb	197308	316.239
333	lamento	0	noun	195779	313.788
334	escolher	0	verb	195547	313.417
335	quarto	0	num	195124	312.739
336	importante	0	unk	193427	310.019
337	cada	0	noun	190451	305.249
338	sorte	0	unk	190447	305.242
339	palavra	0	noun	190329	305.053
340	tornar	0	verb	190317	305.034
341	jogo	0	noun	190315	305.031
342	causa	0	noun	189944	304.436
343	as coisas	1	mwe	189753	304.130
344	salvar	0	verb	189216	303.269
345	fugir	0	verb	188776	302.564
346	visto	0	prep	187272	300.154
347	amar	0	verb	187138	299.939
348	difícil	0	unk	185378	297.118
349	beber	0	verb	184915	296.376
350	estranho	0	noun	183036	293.364
351	corpo	0	noun	182130	291.912
352	direito	0	noun	180316	289.005
353	sangue	0	unk	179792	288.165
354	água	0	noun	179556	287.787
355	existir	0	verb	179309	287.391
356	lindo	0	noun	179105	287.064
357	adeus	0	intj	178649	286.333
358	guerra	0	noun	175718	281.635
359	força	0	noun	175398	281.122
360	número	0	noun	173806	278.571
361	rápido	0	noun	173740	278.465
362	plano	0	adj	173478	278.045
363	maior	0	unk	173113	277.460
364	manhã	0	unk	173102	277.442
365	seguro	0	noun	171919	275.546
366	bonito	0	noun	171718	275.224
367	terra	0	noun	171337	274.614
368	roubar	0	verb	171131	274.283
369	perto	0	adv	170228	272.836
370	confiar	0	verb	168852	270.631
371	errado	0	noun	164641	263.881
372	preparar	0	verb	163750	262.453
373	altura	0	noun	163651	262.295
374	equipa	0	noun	163402	261.896
375	segurança	0	noun	163291	261.718
376	cinco	0	num	163270	261.684
377	calma	0	noun	162552	260.533
378	outra vez	1	mwe	162329	260.176
379	baixo	0	noun	162257	260.060
380	aparecer	0	verb	162223	260.006
381	dólar	0	verb	161376	258.648
382	idiota	0	noun	161211	258.384
383	cair	0	verb	160414	257.107
384	chefe	0	unk	159261	255.259
385	quer dizer	1	mwe	158012	253.257
386	funcionar	0	verb	157283	252.088
387	médico	0	adj	157180	251.923
388	fim	0	unk	157175	251.915
389	mexer	0	verb	157154	251.882
390	desaparecer	0	verb	157059	251.729
391	conversar	0	verb	156372	250.628
392	colocar	0	verb	156061	250.130
393	coração	0	noun	155557	249.322
394	brincar	0	verb	155101	248.591
395	escrever	0	verb	154655	247.876
396	meter	0	verb	154442	247.535
397	prometer	0	verb	154133	247.040
398	diferente	0	adj	152583	244.555
399	capitão	0	noun	152453	244.347
400	amo	0	noun	150033	240.468
401	calar	0	verb	149640	239.838
402	pé	0	unk	149028	238.857
403	vamos lá	1	mwe	148164	237.473
404	casar	0	verb	147644	236.639
405	livro	0	noun	147071	235.721
406	festa	0	noun	146904	235.453
407	enviar	0	verb	146197	234.320
408	escola	0	noun	145919	233.874
409	quatro	0	num	144756	232.010
410	suficiente	0	adj	144732	231.972
411	minha mãe	1	mwe	144143	231.028
412	sai	0	unk	143827	230.521
413	logo	0	conj	142350	228.154
414	presidente	0	adj	142326	228.116
415	ontem	0	adv	142295	228.066
416	provar	0	verb	142131	227.803
417	acordo	0	noun	142040	227.657
418	divertir	0	verb	141860	227.369
419	negócio	0	noun	141143	226.220
420	marido	0	noun	140905	225.838
421	possível	0	adj	140689	225.492
422	bater	0	verb	140644	225.420
423	vai ser	1	mwe	140619	225.380
424	na verdade	1	mwe	140306	224.878
425	proteger	0	verb	140138	224.609
426	ordem	0	unk	139140	223.009
427	bebé	0	unk	139005	222.793
428	decidir	0	verb	138478	221.948
429	pegar	0	verb	138185	221.479
430	vender	0	verb	137839	220.924
431	realmente	0	adv	137473	220.337
432	imaginar	0	verb	135840	217.720
433	cão	0	noun	135101	216.536
434	humano	0	adj	134873	216.170
435	esta noite	1	mwe	134743	215.962
436	jogar	0	verb	134211	215.109
437	pena	0	noun	134122	214.967
438	mil	0	num	133896	214.604
439	guardar	0	verb	133867	214.558
440	depressa	0	adv	133781	214.420
441	acordar	0	verb	133691	214.276
442	compreender	0	verb	132943	213.077
443	à noite	1	mwe	132797	212.843
444	prazer	0	verb	132303	212.051
445	alto	0	noun	132222	211.921
446	afastar	0	verb	131954	211.492
447	rei	0	unk	131509	210.779
448	interessar	0	verb	131052	210.046
449	john	0	unk	130592	209.309
450	fácil	0	unk	130381	208.971
451	virar	0	verb	129847	208.115
452	aprender	0	verb	129837	208.099
453	servir	0	verb	129624	207.757
454	demasiado	0	adv	129239	207.140
455	telefone	0	unk	129151	206.999
456	verdadeiro	0	noun	128645	206.188
457	forte	0	unk	128524	205.994
458	tu és	1	mwe	128361	205.733
459	pais	0	adj	127842	204.901
460	minha vida	1	mwe	127698	204.670
461	responder	0	verb	127434	204.247
462	longe	0	adv	127409	204.207
463	atirar	0	verb	126849	203.310
464	levantar	0	verb	126302	202.433
465	belo	0	noun	126250	202.350
466	tocar	0	verb	125956	201.878
467	local	0	adj	125440	201.051
468	fechar	0	verb	125130	200.554
469	louco	0	noun	125013	200.367
470	jantar	0	verb	124820	200.058
471	terminar	0	verb	124654	199.792
472	trás	0	prep	124629	199.751
473	escutar	0	verb	124453	199.469
474	criar	0	verb	124248	199.141
475	penso	0	noun	124144	198.974
476	aceitar	0	verb	123964	198.686
477	muito tempo	1	mwe	123657	198.194
478	milhão	0	num	123612	198.121
479	largar	0	verb	122825	196.860
480	porra	0	noun	122752	196.743
481	ponto	0	noun	122626	196.541
482	rua	0	noun	122330	196.067
483	ler	0	verb	121942	195.445
484	teu pai	1	mwe	121899	195.376
485	filme	0	unk	121527	194.780
486	odiar	0	verb	121462	194.675
487	exactamente	0	adv	120806	193.624
488	explicar	0	verb	120770	193.566
489	sinal	0	adj	120613	193.315
490	especial	0	adj	120557	193.225
491	sítio	0	noun	120494	193.124
492	esconder	0	verb	120253	192.738
493	sala	0	noun	119997	192.327
494	qualquer coisa	1	mwe	119838	192.073
495	paz	0	unk	119538	191.592
496	culpa	0	noun	119251	191.132
497	bom dia	1	mwe	118507	189.939
498	estivar	0	verb	117747	188.721
499	informação	0	noun	117535	188.381
500	fazer isto	1	mwe	117116	187.710
501	graça	0	noun	116898	187.360
502	além	0	adv	116044	185.992
503	seis	0	num	115626	185.322
504	aguentar	0	verb	115412	184.979
505	notícia	0	noun	114775	183.958
506	falta	0	noun	114709	183.852
507	jovem	0	unk	114530	183.565
508	perfeito	0	noun	114099	182.874
509	disparar	0	verb	113527	181.958
510	tio	0	noun	113398	181.751
511	destruir	0	verb	113249	181.512
512	país	0	unk	112874	180.911
513	casamento	0	noun	112865	180.896
514	melhorar	0	verb	112752	180.715
515	estúpido	0	noun	112245	179.903
516	cama	0	noun	112027	179.553
517	deve ser	1	mwe	111568	178.818
518	cortar	0	verb	111382	178.520
519	boa noite	1	mwe	111195	178.220
520	resto	0	noun	110889	177.729
521	pelo menos	1	mwe	110373	176.902
522	oportunidade	0	noun	110338	176.846
523	licença	0	noun	109898	176.141
524	quero dizer	1	mwe	109892	176.131
525	bocado	0	noun	108826	174.423
526	sequer	0	adv	108647	174.136
527	assassino	0	adj	108530	173.948
528	magoar	0	verb	108373	173.697
529	comida	0	noun	108079	173.226
530	atenção	0	noun	107992	173.086
531	branco	0	noun	107893	172.928
532	diabo	0	noun	107436	172.195
533	bola	0	noun	107386	172.115
534	bastante	0	adv	107295	171.969
535	vestir	0	verb	106405	170.543
536	tua mãe	1	mwe	106380	170.503
537	capaz	0	unk	106313	170.395
538	mensagem	0	noun	106212	170.233
539	fogo	0	noun	106121	170.087
540	prisão	0	noun	105391	168.917
541	entregar	0	verb	105244	168.682
542	ah	0	intj	105205	168.619
543	agradecer	0	verb	105024	168.329
544	cheio	0	noun	104897	168.126
545	sistema	0	noun	104398	167.326
546	pior	0	adv	104333	167.222
547	demais	0	adj	104112	166.867
548	sonho	0	noun	103952	166.611
549	ar	0	unk	103871	166.481
550	quanto tempo	1	mwe	103543	165.955
551	portanto	0	conj	103246	165.479
552	céu	0	unk	103168	165.354
553	hospital	0	adj	102744	164.675
554	resolver	0	verb	102112	163.662
555	certa	0	noun	101552	162.764
556	relação	0	noun	101518	162.710
557	crer	0	verb	101351	162.442
558	rir	0	verb	101180	162.168
559	luz	0	unk	101121	162.074
560	livre	0	unk	100937	161.779
561	crime	0	unk	100880	161.687
562	preferir	0	verb	100747	161.474
563	provavelmente	0	adv	100604	161.245
564	à espera	1	mwe	100241	160.663
565	ambos	0	unk	100022	160.312
566	assunto	0	noun	99321	159.189
567	avô	0	unk	99196	158.988
568	dançar	0	verb	98979	158.640
569	toma	0	noun	98681	158.163
570	carta	0	noun	98592	158.020
571	encontro	0	noun	98590	158.017
572	preso	0	noun	98575	157.993
573	chave	0	unk	98381	157.682
574	facto	0	noun	98358	157.645
575	resposta	0	noun	98336	157.610
576	questão	0	noun	97334	156.004
577	roupa	0	noun	97284	155.924
578	sam	0	unk	97165	155.733
579	droga	0	noun	97156	155.719
580	serviço	0	noun	97090	155.613
581	situação	0	noun	96603	154.832
582	subir	0	verb	96600	154.827
583	fantástico	0	adj	96595	154.819
584	atacar	0	verb	95956	153.795
585	apresentar	0	verb	95953	153.790
586	mr	0	unk	95932	153.757
587	enganar	0	verb	95407	152.915
588	dê	0	unk	94660	151.718
589	boca	0	noun	93980	150.628
590	ataque	0	unk	93878	150.465
591	à procura	1	mwe	93815	150.364
592	deve	0	unk	93468	149.808
593	erro	0	noun	93048	149.134
594	café	0	unk	92934	148.952
595	música	0	adj	92876	148.859
596	avião	0	noun	92699	148.575
597	ensinar	0	verb	91853	147.219
598	avisar	0	verb	91512	146.673
599	verificar	0	verb	90961	145.789
600	esteve	0	unk	90863	145.632
601	controlo	0	noun	90703	145.376
602	esposo	0	adj	90687	145.350
603	advogado	0	noun	90476	145.012
604	dez	0	num	90398	144.887
605	demorar	0	verb	89880	144.057
606	americano	0	adj	89823	143.965
607	real	0	adj	89814	143.951
608	és tu	1	mwe	89726	143.810
609	viagem	0	noun	89645	143.680
610	futuro	0	noun	89623	143.645
611	hipótese	0	unk	89259	143.062
612	limpar	0	verb	89238	143.028
613	tiro	0	noun	89226	143.009
614	negro	0	noun	89055	142.735
615	olhe	0	unk	88821	142.360
616	trouxe	0	unk	88795	142.318
617	te preocupes	1	mwe	88754	142.252
618	bem-vindo	0	noun	88674	142.124
619	às vezes	1	mwe	88551	141.927
620	vítima	0	noun	88548	141.922
621	juntar	0	verb	88548	141.922
622	nisto	0	pron	88517	141.872
623	grupo	0	noun	88397	141.680
624	normal	0	adj	88388	141.666
625	segredo	0	noun	88386	141.662
626	permitir	0	verb	88080	141.172
627	antigo	0	noun	87939	140.946
628	sob	0	prep	87654	140.489
629	campo	0	noun	87439	140.144
630	merecer	0	verb	87336	139.979
631	sexo	0	noun	87132	139.652
632	lixar	0	verb	86971	139.394
633	chamado	0	noun	86509	138.654
634	pergunta	0	noun	86327	138.362
635	desligar	0	verb	85842	137.585
636	nem sequer	1	mwe	85812	137.537
637	cabelo	0	noun	85428	136.921
638	dor	0	unk	85407	136.888
639	animal	0	adj	85142	136.463
640	cedo	0	adv	84679	135.721
641	maldito	0	noun	84309	135.128
642	doente	0	adj	84286	135.091
643	gajo	0	noun	84285	135.089
644	desistir	0	verb	84154	134.879
645	michael	0	unk	84145	134.865
646	missão	0	noun	84134	134.847
647	caixa	0	noun	84123	134.830
648	resultar	0	verb	84023	134.669
649	costumar	0	verb	83091	133.176
650	chão	0	noun	82943	132.938
651	deitar	0	verb	82758	132.642
652	final	0	adj	82733	132.602
653	nave	0	unk	82686	132.527
654	vontade	0	unk	82307	131.919
655	falhar	0	verb	82174	131.706
656	concordar	0	verb	82108	131.600
657	barco	0	noun	82099	131.586
658	banho	0	noun	82062	131.526
659	cavalo	0	noun	81756	131.036
660	nele	0	unk	81710	130.962
661	oferecer	0	verb	81661	130.884
662	baixar	0	verb	81642	130.853
663	longo	0	noun	81445	130.537
664	assustar	0	verb	81227	130.188
665	fixe	0	unk	81160	130.081
666	natal	0	adj	80759	129.438
667	lá fora	1	mwe	80638	129.244
668	emprego	0	noun	80446	128.936
669	finalmente	0	adv	80334	128.757
670	controlar	0	verb	80256	128.632
671	ter sido	1	mwe	80203	128.547
672	lista	0	noun	80188	128.523
673	respeito	0	noun	80136	128.439
674	julgar	0	verb	79750	127.821
675	soldado	0	noun	79607	127.592
676	breve	0	unk	79523	127.457
677	perigoso	0	adj	79445	127.332
678	regressar	0	verb	79271	127.053
679	mesa	0	adj	79206	126.949
680	papá	0	unk	79035	126.675
681	perna	0	noun	78835	126.354
682	sobreviver	0	verb	78788	126.279
683	telefonar	0	verb	78727	126.181
684	lei	0	unk	78664	126.080
685	foto	0	noun	78622	126.013
686	crescer	0	verb	78611	125.995
687	conduzir	0	verb	78578	125.942
688	tom	0	unk	78559	125.912
689	alguma vez	1	mwe	78117	125.203
690	escritório	0	noun	78059	125.111
691	inimigo	0	noun	77942	124.923
692	acalmar	0	verb	76530	122.660
693	convidar	0	verb	76387	122.431
694	acidente	0	adj	76379	122.418
695	cliente	0	adj	76376	122.413
696	aproximar	0	verb	76267	122.238
697	deve ter	1	mwe	75901	121.652
698	simples	0	unk	75879	121.616
699	jesus	0	unk	75873	121.607
700	exército	0	noun	75646	121.243
701	linha	0	adj	75643	121.238
702	novamente	0	adv	75024	120.246
703	desejar	0	verb	74857	119.978
704	voz	0	unk	74729	119.773
705	tira	0	noun	74710	119.743
706	braço	0	noun	74650	119.647
707	ai	0	unk	74626	119.608
708	decisão	0	noun	74537	119.466
709	passo	0	noun	74430	119.294
710	marcar	0	verb	74340	119.150
711	vale	0	unk	74294	119.076
712	papel	0	unk	73878	118.409
713	completamente	0	adv	73852	118.368
714	banco	0	noun	73800	118.284
715	bomba	0	noun	73783	118.257
716	charlie	0	unk	73529	117.850
717	máquina	0	adj	73402	117.646
718	esquerdo	0	noun	73244	117.393
719	modo	0	noun	73011	117.020
720	puta	0	noun	72885	116.818
721	cena	0	noun	72832	116.733
722	chorar	0	verb	72575	116.321
723	impedir	0	verb	72475	116.161
724	teste	0	unk	72461	116.138
725	fundo	0	noun	72290	115.864
726	posição	0	noun	71815	115.103
727	honrar	0	verb	71765	115.023
728	nascer	0	verb	71726	114.960
729	reunião	0	noun	71611	114.776
730	general	0	adj	71374	114.396
731	frio	0	noun	71302	114.281
732	programa	0	noun	71278	114.242
733	peter	0	verb	71225	114.157
734	incrível	0	adj	70837	113.535
735	sair daqui	1	mwe	70746	113.389
736	construir	0	verb	70717	113.343
737	agarrar	0	verb	70402	112.838
738	queres dizer	1	mwe	70330	112.723
739	contacto	0	noun	70295	112.667
740	loja	0	noun	70221	112.548
741	suspeito	0	noun	70216	112.540
742	mamã	0	unk	69988	112.175
743	libertar	0	verb	69973	112.151
744	doutor	0	unk	69858	111.966
745	espaço	0	noun	69825	111.913
746	namorar	0	verb	69786	111.851
747	hotel	0	unk	69405	111.240
748	juro	0	noun	69163	110.852
749	telemóvel	0	unk	69127	110.795
750	considerar	0	verb	69041	110.657
751	sete	0	num	68782	110.242
752	motivo	0	noun	68552	109.873
753	reparar	0	verb	68126	109.190
754	perdido	0	noun	68111	109.166
755	recuperar	0	verb	68104	109.155
756	fbi	0	unk	68046	109.062
757	piada	0	noun	68032	109.040
758	príncipe	0	unk	68004	108.995
759	prova	0	noun	67966	108.934
760	assim tão	1	mwe	67941	108.894
761	garantir	0	verb	67853	108.753
762	fotografia	0	noun	67777	108.631
763	público	0	adj	67745	108.580
764	empresa	0	adj	67608	108.360
765	miúdos	0	unk	67595	108.339
766	cantar	0	verb	67497	108.182
767	alma	0	noun	67431	108.076
768	namorado	0	noun	67121	107.579
769	david	0	unk	67101	107.547
770	joe	0	unk	66997	107.381
771	base	0	unk	66908	107.238
772	excelente	0	adj	66901	107.227
773	idade	0	noun	66859	107.160
774	última vez	1	mwe	66805	107.073
775	estrela	0	noun	66799	107.063
776	cabo	0	noun	66701	106.906
777	escapar	0	verb	66624	106.783
778	primeira vez	1	mwe	66430	106.472
779	sol	0	unk	66412	106.443
780	governo	0	noun	66339	106.326
781	prender	0	verb	66259	106.198
782	descer	0	verb	66083	105.916
783	vário	0	noun	66062	105.882
784	discutir	0	verb	65852	105.546
785	aberto	0	noun	65782	105.433
786	sofrer	0	verb	65654	105.228
787	devia ter	1	mwe	65592	105.129
788	após	0	prep	65524	105.020
789	respirar	0	verb	65464	104.924
790	cozinhar	0	verb	65386	104.799
791	maravilhoso	0	adj	65364	104.763
792	lidar	0	verb	65121	104.374
793	fome	0	unk	65064	104.283
794	estrada	0	noun	64993	104.169
795	energia	0	noun	64798	103.856
796	povo	0	noun	64754	103.786
797	alvo	0	noun	64709	103.714
798	visitar	0	verb	64699	103.698
799	imenso	0	noun	64565	103.483
800	câmara	0	noun	64465	103.322
801	era	0	noun	64177	102.861
802	companhia	0	noun	64119	102.768
803	voar	0	verb	64115	102.762
804	quente	0	adj	64006	102.587
805	simplesmente	0	adv	63914	102.439
806	professor	0	unk	63756	102.186
807	saltar	0	verb	63739	102.159
808	código	0	noun	63695	102.088
809	operação	0	noun	63672	102.051
810	comandante	0	unk	63599	101.934
811	daí	0	unk	63571	101.890
812	the	0	unk	63534	101.830
813	metro	0	noun	63386	101.593
814	dúvida	0	noun	63383	101.588
815	presente	0	adj	63197	101.290
816	eles estão	1	mwe	63088	101.115
817	horrível	0	adj	63076	101.096
818	norte	0	unk	62875	100.774
819	impossível	0	adj	62856	100.744
820	culpar	0	verb	62838	100.715
821	interessante	0	unk	62821	100.688
822	foda	0	noun	62719	100.524
823	ameaçar	0	verb	62540	100.237
824	homicídio	0	noun	62339	99.915
825	agir	0	verb	62319	99.883
826	centro	0	noun	62174	99.651
827	pobre	0	unk	62070	99.484
828	parabém	0	unk	62060	99.468
829	quero saber	1	mwe	62046	99.445
830	bala	0	noun	62001	99.373
831	bebido	0	noun	61978	99.336
832	despachar	0	verb	61908	99.224
833	entendido	0	noun	61840	99.115
834	bar	0	unk	61424	98.448
835	mestre	0	unk	61264	98.192
836	aula	0	noun	61232	98.141
837	gritar	0	verb	61181	98.059
838	rico	0	adj	61114	97.952
839	naquela	0	pron	61030	97.817
840	esperança	0	noun	60869	97.559
841	metade	0	num	60730	97.336
842	janela	0	noun	60608	97.141
843	neste momento	1	mwe	60475	96.927
844	abandonar	0	verb	60469	96.918
845	destino	0	adj	60438	96.868
846	salvo	0	prep	60271	96.600
847	mala	0	noun	60196	96.480
848	através	0	prep	60137	96.386
849	despedir	0	verb	60120	96.358
850	igual	0	adj	60116	96.352
851	perigo	0	noun	60053	96.251
852	conselho	0	noun	59735	95.741
853	desta vez	1	mwe	59679	95.652
854	ora	0	adv	59656	95.615
855	acerca	0	noun	59572	95.480
856	risco	0	noun	59529	95.411
857	surpreso	0	noun	59502	95.368
858	custar	0	verb	59493	95.354
859	monte	0	unk	59484	95.339
860	cometer	0	verb	59477	95.328
861	aposto	0	noun	59274	95.003
862	experiência	0	noun	59124	94.762
863	tradução	0	noun	58884	94.377
864	combater	0	verb	58776	94.204
865	dedo	0	noun	58742	94.150
866	saído	0	noun	58667	94.030
867	planeta	0	noun	58631	93.972
868	atingir	0	verb	58592	93.909
869	evitar	0	verb	58543	93.831
870	george	0	unk	58492	93.749
871	simpático	0	adj	58467	93.709
872	assinar	0	verb	58464	93.704
873	apartamento	0	noun	58415	93.626
874	james	0	unk	58374	93.560
875	imediatamente	0	adv	58245	93.353
876	costas	0	unk	58109	93.135
877	avançar	0	verb	58018	92.989
878	atender	0	verb	57765	92.584
879	transformar	0	verb	57745	92.552
880	fingir	0	verb	57656	92.409
881	árvore	0	unk	57456	92.089
882	dado	0	noun	57405	92.007
883	oito	0	num	57317	91.866
884	engraçar	0	verb	57266	91.784
885	inferno	0	noun	57265	91.783
886	contente	0	adj	57204	91.685
887	computador	0	noun	57061	91.456
888	planear	0	verb	56941	91.263
889	atrasar	0	verb	56928	91.242
890	nível	0	adj	56920	91.230
891	vidas	0	unk	56855	91.125
892	santo	0	noun	56780	91.005
893	espécie	0	unk	56730	90.925
894	vós	0	pron	56709	90.891
895	bastar	0	verb	56682	90.848
896	área	0	noun	56518	90.585
897	admitir	0	verb	56448	90.473
898	estragar	0	verb	56418	90.425
899	tenente	0	adj	56342	90.303
900	padre	0	unk	56126	89.957
901	inteligente	0	adj	56082	89.886
902	pertencer	0	verb	56019	89.785
903	desejo	0	noun	55792	89.422
904	incomodar	0	verb	55718	89.303
905	descansar	0	verb	55665	89.218
906	perdoar	0	verb	55640	89.178
907	vencer	0	verb	55405	88.801
908	rainha	0	adj	55383	88.766
909	imagem	0	noun	55353	88.718
910	sul	0	unk	55266	88.579
911	dos meus	1	mwe	55242	88.540
912	cerveja	0	noun	55170	88.425
913	pista	0	noun	55023	88.189
914	oficial	0	adj	54985	88.128
915	outro lado	1	mwe	54899	87.990
916	coronel	0	unk	54839	87.894
917	retirar	0	verb	54798	87.829
918	este tipo	1	mwe	54782	87.803
919	debaixo	0	noun	54750	87.752
920	doido	0	noun	54725	87.712
921	regra	0	noun	54638	87.572
922	passado	0	noun	54563	87.452
923	ilha	0	noun	54475	87.311
924	parede	0	unk	54455	87.279
925	ótimo	0	noun	54415	87.215
926	cabrão	0	noun	54262	86.969
927	aonde	0	pron	54239	86.933
928	secreto	0	noun	54138	86.771
929	cerca	0	noun	54115	86.734
930	reconhecer	0	verb	54037	86.609
931	cérebro	0	noun	53987	86.529
932	falar contigo	1	mwe	53978	86.514
933	ocupar	0	verb	53944	86.460
934	preto	0	noun	53941	86.455
935	supor	0	unk	53917	86.416
936	cheirar	0	verb	53889	86.372
937	repetir	0	verb	53616	85.934
938	ben	0	unk	53610	85.924
939	cartão	0	noun	53494	85.739
940	paciente	0	adj	53488	85.729
941	ouro	0	noun	53444	85.658
942	pedra	0	noun	53438	85.649
943	temer	0	verb	53395	85.580
944	triste	0	unk	53374	85.546
945	herói	0	unk	53337	85.487
946	tenta	0	noun	53310	85.444
947	necessário	0	noun	53232	85.319
948	naquele	0	pron	53209	85.282
949	abaixo	0	adv	53176	85.229
950	conhecido	0	noun	53169	85.218
951	saco	0	noun	53100	85.107
952	detective	0	unk	53039	85.009
953	arriscar	0	verb	52922	84.822
954	valer	0	verb	52785	84.602
955	sugerir	0	verb	52748	84.543
956	monstro	0	noun	52704	84.472
957	comboio	0	noun	52618	84.334
958	diferença	0	noun	52509	84.160
959	falar sobre	1	mwe	52440	84.049
960	boa sorte	1	mwe	52409	84.000
961	devolver	0	verb	52369	83.935
962	leve	0	unk	52350	83.905
963	tribunal	0	adj	52341	83.891
964	parceiro	0	noun	52326	83.866
965	carne	0	unk	52323	83.862
966	suposto	0	noun	52309	83.839
967	queimar	0	verb	52287	83.804
968	convencer	0	verb	52253	83.749
969	relatório	0	noun	52227	83.708
970	tê	0	unk	51994	83.334
971	azul	0	unk	51962	83.283
972	igreja	0	noun	51961	83.281
973	puxar	0	verb	51811	83.041
974	falo	0	noun	51785	82.999
975	liberdade	0	noun	51669	82.813
976	terrível	0	adj	51616	82.729
977	beijar	0	verb	51350	82.302
978	pá	0	unk	51348	82.299
979	colega	0	noun	51159	81.996
980	cabra	0	noun	51093	81.890
981	faz mal	1	mwe	51041	81.807
982	tens razão	1	mwe	51041	81.807
983	fato	0	noun	50758	81.353
984	iorque	0	unk	50635	81.156
985	responsável	0	adj	50628	81.145
986	copo	0	noun	50554	81.026
987	maluco	0	noun	50543	81.009
988	volte	0	unk	50538	81.001
989	acaso	0	noun	50512	80.959
990	alex	0	unk	50501	80.941
991	confirmar	0	verb	50419	80.810
992	mar	0	unk	50401	80.781
993	aniversário	0	noun	50388	80.760
994	posto	0	noun	50380	80.747
995	caçar	0	verb	50245	80.531
996	enorme	0	unk	50244	80.530
997	viajar	0	verb	50135	80.355
998	terceiro	0	num	50133	80.352
999	livrar	0	verb	50126	80.340
1000	principal	0	adj	50096	80.292
1001	nova iorque	1	mwe	50005	80.146
1002	gozar	0	verb	49992	80.126
1003	seguinte	0	unk	49799	79.816
1004	nao	0	noun	49795	79.810
1005	causar	0	verb	49768	79.767
1006	clube	0	unk	49758	79.751
1007	carregar	0	verb	49751	79.739
1008	maioria	0	noun	49657	79.589
1009	socorro	0	noun	49637	79.557
1010	algum tempo	1	mwe	49630	79.545
1011	recusar	0	verb	49603	79.502
1012	espírito	0	noun	49574	79.456
1013	comando	0	noun	49532	79.388
1014	contrário	0	noun	49431	79.226
1015	unidade	0	noun	49388	79.158
1016	estudar	0	verb	49270	78.968
1017	inocente	0	adj	49238	78.917
1018	apostar	0	verb	49030	78.584
1019	cumprir	0	verb	48981	78.505
1020	buraco	0	noun	48920	78.407
1021	investigar	0	verb	48911	78.393
1022	doce	0	unk	48575	77.854
1023	morar	0	verb	48520	77.766
1024	max	0	unk	48434	77.628
1025	preço	0	noun	48429	77.620
1026	contratar	0	verb	48368	77.523
1027	percebe	0	unk	48347	77.489
1028	foder	0	verb	48319	77.444
1029	zona	0	noun	48159	77.188
1030	investigação	0	noun	48026	76.975
1031	dente	0	adj	48022	76.968
1032	enfrentar	0	verb	48018	76.962
1033	sargento	0	noun	47954	76.859
1034	ir embora	1	mwe	47881	76.742
1035	curar	0	verb	47868	76.721
1036	nervoso	0	adj	47836	76.670
1037	loucura	0	noun	47731	76.502
1038	peixe	0	unk	47631	76.341
1039	conta	0	noun	47595	76.284
1040	entrado	0	noun	47585	76.268
1041	propósito	0	noun	47583	76.265
1042	paul	0	unk	47565	76.236
1043	américa	0	adj	47563	76.232
1044	calhar	0	verb	47317	75.838
1045	irar	0	verb	47283	75.784
1046	deve estar	1	mwe	47283	75.784
1047	acertar	0	verb	47157	75.582
1048	faltar	0	verb	47144	75.561
1049	registo	0	noun	46946	75.244
1050	fraco	0	noun	46846	75.083
1051	membro	0	noun	46838	75.070
1052	defesa	0	adj	46684	74.824
1053	saúde	0	unk	46644	74.760
1054	vermelho	0	noun	46603	74.694
1055	dono	0	noun	46598	74.686
1056	talvez seja	1	mwe	46523	74.566
1057	adivinhar	0	verb	46520	74.561
1058	explodir	0	verb	46475	74.489
1059	edifício	0	noun	46414	74.391
1060	sapato	0	noun	46219	74.078
1061	trocar	0	verb	46144	73.958
1062	russo	0	noun	46090	73.872
1063	chatear	0	verb	46083	73.860
1064	acompanhar	0	verb	46079	73.854
1065	navio	0	noun	46066	73.833
1066	anda cá	1	mwe	46048	73.804
1067	atravessar	0	verb	46025	73.767
1068	máximo	0	noun	45877	73.530
1069	durar	0	verb	45855	73.495
1070	referir	0	verb	45753	73.331
1071	toque	0	unk	45720	73.279
1072	dirigir	0	verb	45700	73.247
1073	jornal	0	adj	45698	73.243
1074	duro	0	noun	45644	73.157
1075	acima	0	adv	45639	73.149
1076	pele	0	unk	45578	73.051
1077	ligação	0	noun	45573	73.043
1078	bill	0	unk	45398	72.762
1079	bilhete	0	unk	45331	72.655
1080	tender	0	verb	45313	72.626
1081	além disso	1	mwe	45258	72.538
1082	acesso	0	noun	45068	72.234
1083	político	0	adj	44978	72.089
1084	tragar	0	verb	44940	72.028
1085	estação	0	noun	44866	71.910
1086	opinião	0	noun	44786	71.782
1087	apaixonar	0	verb	44777	71.767
1088	escondido	0	noun	44774	71.762
1089	gato	0	noun	44744	71.714
1090	líder	0	verb	44680	71.612
1091	saudade	0	noun	44671	71.597
1092	batalha	0	noun	44581	71.453
1093	cobrir	0	verb	44478	71.288
1094	termo	0	noun	44439	71.225
1095	lançar	0	verb	44416	71.189
1096	rabo	0	noun	44406	71.173
1097	laboratório	0	noun	44399	71.161
1098	afinal	0	adj	44359	71.097
1099	sarah	0	unk	44351	71.084
1100	notar	0	verb	44202	70.846
1101	realidade	0	noun	44187	70.822
1102	espada	0	noun	44177	70.806
1103	experimentar	0	verb	44147	70.757
1104	restar	0	verb	44139	70.745
1105	vídeo	0	noun	44133	70.735
1106	poderoso	0	adj	44078	70.647
1107	peço desculpa	1	mwe	44058	70.615
1108	militar	0	verb	44017	70.549
1109	majestade	0	unk	43991	70.507
1110	assumir	0	verb	43925	70.402
1111	partilhar	0	verb	43911	70.379
1112	fumar	0	verb	43886	70.339
1113	direcção	0	noun	43880	70.329
1114	justo	0	noun	43878	70.326
1115	vem cá	1	mwe	43855	70.289
1116	cavalheiro	0	noun	43845	70.273
1117	defender	0	verb	43835	70.257
1118	vinho	0	adj	43674	69.999
1119	bob	0	unk	43555	69.809
1120	miss	0	unk	43413	69.581
1121	carrinha	0	adj	43405	69.568
1122	apesar	0	verb	43376	69.522
1123	trato	0	noun	43332	69.451
1124	jim	0	unk	43300	69.400
1125	observar	0	verb	43296	69.393
1126	senão	0	conj	43225	69.280
1127	porcaria	0	noun	43220	69.272
1128	obter	0	verb	43219	69.270
1129	fantasma	0	noun	43141	69.145
1130	lavar	0	verb	43137	69.139
1131	separar	0	verb	43117	69.107
1132	comum	0	unk	43103	69.084
1133	flor	0	unk	42998	68.916
1134	montanha	0	noun	42872	68.714
1135	exemplo	0	noun	42864	68.701
1136	televisão	0	noun	42839	68.661
1137	rádio	0	noun	42826	68.640
1138	informar	0	verb	42802	68.602
1139	sentimento	0	noun	42720	68.470
1140	jeito	0	noun	42687	68.417
1141	parvo	0	noun	42663	68.379
1142	limpo	0	noun	42611	68.296
1143	valor	0	unk	42569	68.228
1144	depender	0	verb	42371	67.911
1145	devagar	0	adv	42349	67.876
1146	arte	0	unk	42254	67.723
1147	totalmente	0	adv	42234	67.691
1148	departamento	0	noun	42202	67.640
1149	doença	0	noun	42105	67.485
1150	porco	0	noun	41961	67.254
1151	porreiro	0	noun	41937	67.215
1152	movimento	0	noun	41937	67.215
1153	escuro	0	noun	41885	67.132
1154	trair	0	verb	41852	67.079
1155	opção	0	noun	41798	66.993
1156	esperto	0	noun	41745	66.908
1157	emergência	0	noun	41635	66.731
1158	toca	0	noun	41582	66.646
1159	concentrar	0	verb	41571	66.629
1160	faca	0	noun	41506	66.525
1161	impressão	0	noun	41443	66.424
1162	parecido	0	noun	41437	66.414
1163	segurar	0	verb	41319	66.225
1164	parir	0	verb	41296	66.188
1165	mudança	0	noun	41186	66.012
1166	xerife	0	unk	41163	65.975
1167	francês	0	adj	41155	65.962
1168	almoço	0	noun	41117	65.901
1169	apagar	0	verb	41108	65.887
1170	cada vez	1	mwe	41095	65.866
1171	nela	0	noun	41083	65.847
1172	lixo	0	noun	40909	65.568
1173	início	0	noun	40853	65.478
1174	sonhar	0	verb	40841	65.459
1175	aumentar	0	verb	40766	65.338
1176	assassinar	0	verb	40713	65.254
1177	apontar	0	verb	40683	65.205
1178	fonte	0	unk	40681	65.202
1179	restaurante	0	unk	40679	65.199
1180	contactar	0	verb	40638	65.133
1181	caramba	0	intj	40591	65.058
1182	silêncio	0	noun	40586	65.050
1183	alemão	0	noun	40520	64.944
1184	testemunhar	0	verb	40518	64.941
1185	pago	0	noun	40496	64.906
1186	som	0	unk	40487	64.891
1187	prestar	0	verb	40468	64.861
1188	chama	0	noun	40432	64.803
1189	km	0	unk	40396	64.745
1190	inteiro	0	noun	40305	64.600
1191	criminoso	0	adj	40302	64.595
1192	perseguir	0	verb	40216	64.457
1193	cansar	0	verb	40172	64.386
1194	nove	0	num	40163	64.372
1195	memória	0	adj	40141	64.337
1196	brilhante	0	unk	40109	64.285
1197	desaparecido	0	noun	40026	64.152
1198	voo	0	noun	39986	64.088
1199	identificar	0	verb	39951	64.032
1200	anel	0	unk	39923	63.987
1201	confiança	0	noun	39886	63.928
1202	envolvido	0	noun	39839	63.853
1203	cheiro	0	noun	39812	63.809
1204	pedaço	0	noun	39809	63.805
1205	apoio	0	noun	39681	63.599
1206	orgulhoso	0	adj	39670	63.582
1207	sacana	0	adj	39657	63.561
1208	troca	0	noun	39644	63.540
1209	unido	0	noun	39621	63.503
1210	juiz	0	unk	39595	63.462
1211	ferir	0	verb	39583	63.442
1212	justiça	0	noun	39523	63.346
1213	andas	0	unk	39464	63.252
1214	pressão	0	noun	39447	63.224
1215	chá	0	unk	39432	63.200
1216	incluir	0	verb	39399	63.147
1217	repente	0	adj	39384	63.123
1218	caro	0	noun	39352	63.072
1219	par	0	unk	39307	63.000
1220	ridículo	0	noun	39229	62.875
1221	detestar	0	verb	39124	62.707
1222	fala	0	noun	39122	62.704
1223	bolo	0	noun	39105	62.676
1224	colar	0	verb	39094	62.659
1225	beijo	0	noun	39077	62.631
1226	processo	0	noun	39048	62.585
1227	gelo	0	noun	38965	62.452
1228	outra pessoa	1	mwe	38798	62.184
1229	língua	0	noun	38795	62.179
1230	magia	0	noun	38783	62.160
1231	série	0	unk	38767	62.135
1232	prestes	0	unk	38649	61.945
1233	interesse	0	unk	38629	61.913
1234	rezar	0	verb	38629	61.913
1235	aproveitar	0	verb	38597	61.862
1236	parque	0	unk	38565	61.811
1237	boa ideia	1	mwe	38502	61.710
1238	visita	0	noun	38420	61.578
1239	caralho	0	noun	38404	61.553
1240	visão	0	noun	38316	61.412
1241	preocupado	0	noun	38274	61.344
1242	autocarro	0	noun	38237	61.285
1243	acção	0	noun	38233	61.279
1244	combinar	0	verb	38199	61.224
1245	canção	0	noun	38194	61.216
1246	gordo	0	noun	38157	61.157
1247	universidade	0	noun	38152	61.149
1248	osso	0	noun	38150	61.146
1249	companheiro	0	noun	38142	61.133
1250	coragem	0	noun	38138	61.126
1251	torna	0	noun	38026	60.947
1252	apoiar	0	verb	38026	60.947
1253	corrido	0	noun	38003	60.910
1254	casaco	0	noun	37923	60.782
1255	prisioneiro	0	noun	37813	60.605
1256	cadeira	0	noun	37792	60.572
1257	profissional	0	adj	37786	60.562
1258	inglês	0	adj	37742	60.492
1259	envolver	0	verb	37503	60.109
1260	armar	0	verb	37468	60.053
1261	nova	0	noun	37444	60.014
1262	guiar	0	verb	37432	59.995
1263	mover	0	verb	37419	59.974
1264	calças	0	unk	37406	59.953
1265	londres	0	unk	37306	59.793
1266	acusar	0	verb	37287	59.762
1267	duvidar	0	verb	37159	59.557
1268	treinar	0	verb	37098	59.460
1269	lua	0	noun	37090	59.447
1270	disposto	0	noun	37050	59.383
1271	tamanho	0	noun	37032	59.354
1272	devido	0	noun	36990	59.286
1273	quebrar	0	verb	36957	59.234
1274	alimentar	0	verb	36952	59.226
1275	escrito	0	noun	36951	59.224
1276	localizar	0	verb	36932	59.193
1277	floresta	0	noun	36922	59.177
1278	inventar	0	verb	36887	59.121
1279	ponte	0	unk	36781	58.951
1280	cheguei	0	unk	36756	58.911
1281	infelizmente	0	adv	36638	58.722
1282	efeito	0	noun	36624	58.700
1283	fé	0	unk	36521	58.535
1284	pescoço	0	noun	36434	58.395
1285	poupar	0	verb	36416	58.366
1286	secretário	0	noun	36356	58.270
1287	quieto	0	noun	36318	58.209
1288	ovo	0	noun	36277	58.144
1289	arrancar	0	verb	36128	57.905
1290	espectáculo	0	noun	36030	57.748
1291	soltar	0	verb	36029	57.746
1292	camião	0	noun	36011	57.717
1293	condição	0	noun	35926	57.581
1294	quão	0	noun	35913	57.560
1295	anjo	0	noun	35911	57.557
1296	milhar	0	verb	35889	57.522
1297	deter	0	verb	35873	57.496
1298	apertar	0	verb	35775	57.339
1299	relógio	0	noun	35736	57.277
1300	famoso	0	adj	35646	57.132
1301	meus pais	1	mwe	35543	56.967
1302	pesquisar	0	verb	35523	56.935
1303	nariz	0	unk	35505	56.906
1304	vergonha	0	noun	35466	56.844
1305	perdão	0	noun	35448	56.815
1306	grávido	0	noun	35435	56.794
1307	vampiro	0	noun	35418	56.767
1308	enterrar	0	verb	35308	56.591
1309	ladrão	0	noun	35297	56.573
1310	comedir	0	verb	35247	56.493
1311	duas vezes	1	mwe	35225	56.458
1312	malta	0	noun	35183	56.390
1313	gabinete	0	unk	35181	56.387
1314	tido	0	noun	35172	56.373
1315	férias	0	unk	35149	56.336
1316	central	0	adj	35111	56.275
1317	gastar	0	verb	35072	56.212
1318	reunir	0	verb	35025	56.137
1319	distância	0	noun	35016	56.123
1320	certificar	0	verb	34927	55.980
1321	sucesso	0	noun	34819	55.807
1322	velocidade	0	noun	34801	55.778
1323	relaxar	0	verb	34791	55.762
1324	exame	0	unk	34759	55.711
1325	noivar	0	verb	34670	55.568
1326	cor	0	unk	34664	55.558
1327	piorar	0	verb	34627	55.499
1328	barulho	0	noun	34589	55.438
1329	cristo	0	noun	34510	55.312
1330	vais ficar	1	mwe	34439	55.198
1331	via	0	noun	34420	55.167
1332	vigiar	0	verb	34326	55.017
1333	corte	0	unk	34291	54.961
1334	óbvio	0	noun	34283	54.948
1335	limite	0	unk	34251	54.896
1336	rede	0	unk	34221	54.848
1337	natureza	0	noun	34050	54.574
1338	má	0	unk	34000	54.494
1339	excepto	0	noun	33967	54.441
1340	bruxar	0	verb	33957	54.425
1341	familiar	0	verb	33917	54.361
1342	richard	0	unk	33871	54.287
1343	praia	0	noun	33848	54.251
1344	dois anos	1	mwe	33805	54.182
1345	teoria	0	noun	33744	54.084
1346	mapa	0	noun	33743	54.082
1347	li	0	unk	33741	54.079
1348	faz sentido	1	mwe	33738	54.074
1349	steve	0	unk	33722	54.049
1350	montar	0	verb	33662	53.952
1351	carreira	0	noun	33654	53.940
1352	patrão	0	noun	33589	53.835
1353	rato	0	noun	33583	53.826
1354	torre	0	unk	33476	53.654
1355	julgamento	0	noun	33439	53.595
1356	revelar	0	verb	33432	53.584
1357	grave	0	unk	33393	53.521
1358	preparado	0	noun	33382	53.504
1359	claire	0	unk	33377	53.496
1360	meus amigos	1	mwe	33376	53.494
1361	propriedade	0	noun	33366	53.478
1362	macaco	0	noun	33360	53.468
1363	mentiroso	0	adj	33232	53.263
1364	cu	0	unk	33231	53.262
1365	correcto	0	noun	33203	53.217
1366	certamente	0	adv	33113	53.072
1367	banda	0	noun	33109	53.066
1368	sorrir	0	verb	33088	53.032
1369	chris	0	unk	33037	52.951
1370	normalmente	0	adv	33027	52.935
1371	segar	0	verb	32978	52.856
1372	perda	0	noun	32971	52.845
1373	faculdade	0	noun	32966	52.837
1374	fossar	0	verb	32946	52.805
1375	receio	0	noun	32942	52.798
1376	às h	1	mwe	32940	52.795
1377	aviso	0	noun	32927	52.774
1378	estado	0	noun	32887	52.710
1379	truque	0	unk	32860	52.667
1380	material	0	adj	32758	52.503
1381	director	0	unk	32750	52.491
1382	confusão	0	noun	32717	52.438
1383	iniciar	0	verb	32620	52.282
1384	garrafa	0	noun	32602	52.253
1385	representar	0	verb	32588	52.231
1386	complicar	0	verb	32559	52.185
1387	dois dias	1	mwe	32547	52.165
1388	rosto	0	noun	32447	52.005
1389	especialmente	0	adv	32391	51.915
1390	zangar	0	verb	32367	51.877
1391	robert	0	unk	32333	51.822
1392	vento	0	noun	32312	51.789
1393	interior	0	unk	32273	51.726
1394	mato	0	noun	32162	51.548
1395	soar	0	verb	32148	51.526
1396	nacional	0	adj	32126	51.491
1397	policiar	0	verb	32107	51.460
1398	jane	0	unk	32101	51.450
1399	mo	0	unk	32101	51.450
1400	chinês	0	adj	32081	51.418
1401	alertar	0	verb	32070	51.401
1402	demónio	0	noun	32060	51.385
1403	criatura	0	noun	32046	51.362
1404	esquisito	0	noun	32042	51.356
1405	derrotar	0	verb	32022	51.324
1406	escada	0	noun	31936	51.186
1407	eddie	0	unk	31888	51.109
1408	acusação	0	noun	31829	51.015
1409	fechado	0	noun	31824	51.007
1410	ponha	0	noun	31796	50.962
1411	pensamento	0	noun	31670	50.760
1412	chapéu	0	unk	31656	50.737
1413	peso	0	noun	31623	50.684
1414	brian	0	unk	31614	50.670
1415	piloto	0	noun	31558	50.580
1416	sexual	0	adj	31525	50.527
1417	agradável	0	adj	31480	50.455
1418	ferido	0	noun	31470	50.439
1419	peito	0	noun	31459	50.422
1420	caminhar	0	verb	31359	50.261
1421	feio	0	noun	31344	50.237
1422	reino	0	adj	31272	50.122
1423	federal	0	adj	31253	50.091
1424	terrorista	0	noun	31253	50.091
1425	motor	0	unk	31249	50.085
1426	total	0	adj	31206	50.016
1427	autoridade	0	noun	31205	50.014
1428	daniel	0	unk	31194	49.997
1429	revistar	0	verb	31158	49.939
1430	corredor	0	noun	31154	49.933
1431	bêbado	0	noun	31153	49.931
1432	pássaro	0	noun	31087	49.825
1433	fuga	0	noun	31055	49.774
1434	treta	0	noun	31037	49.745
1435	solto	0	noun	31026	49.728
1436	ouvido	0	noun	30991	49.671
1437	treino	0	adj	30986	49.663
1438	mínimo	0	noun	30984	49.660
1439	entanto	0	noun	30815	49.389
1440	natural	0	adj	30811	49.383
1441	intenção	0	noun	30791	49.351
1442	ignorar	0	verb	30787	49.344
1443	enfermeiro	0	noun	30786	49.343
1444	estilo	0	noun	30775	49.325
1445	tv	0	unk	30765	49.309
1446	sê	0	unk	30731	49.255
1447	falso	0	noun	30660	49.141
1448	ficheiro	0	noun	30659	49.139
1449	cadeia	0	noun	30645	49.117
1450	papar	0	verb	30623	49.082
1451	beleza	0	noun	30598	49.042
1452	partido	0	noun	30544	48.955
1453	pretender	0	verb	30465	48.828
1454	maria	0	noun	30409	48.739
1455	mil dólares	1	mwe	30283	48.537
1456	indicar	0	verb	30266	48.509
1457	provocar	0	verb	30261	48.501
1458	assustador	0	noun	30242	48.471
1459	luzir	0	verb	30241	48.469
1460	orgulho	0	noun	30194	48.394
1461	primo	0	noun	30167	48.351
1462	judeu	0	unk	30059	48.178
1463	ocupado	0	noun	30049	48.162
1464	aeroporto	0	noun	30020	48.115
1465	negar	0	verb	30007	48.094
1466	página	0	adj	29953	48.008
1467	táxi	0	unk	29949	48.001
1468	século	0	noun	29938	47.984
1469	reservar	0	verb	29868	47.871
1470	presar	0	verb	29826	47.804
1471	conhecimento	0	noun	29804	47.769
1472	vitória	0	adj	29754	47.689
1473	bordo	0	noun	29747	47.678
1474	obviamente	0	adv	29734	47.657
1475	encher	0	verb	29702	47.605
1476	inteirar	0	verb	29694	47.593
1477	contrato	0	noun	29657	47.533
1478	oeste	0	unk	29637	47.501
1479	passe	0	unk	29631	47.492
1480	completar	0	verb	29616	47.468
1481	género	0	noun	29580	47.410
1482	eua	0	noun	29555	47.370
1483	lee	0	unk	29529	47.328
1484	urso	0	noun	29508	47.294
1485	maldição	0	noun	29500	47.282
1486	eric	0	unk	29487	47.261
1487	assegurar	0	verb	29483	47.254
1488	queixar	0	verb	29470	47.234
1489	instante	0	unk	29457	47.213
1490	solução	0	noun	29426	47.163
1491	nojento	0	noun	29352	47.044
1492	admirar	0	verb	29339	47.024
1493	scott	0	unk	29314	46.984
1494	casado	0	noun	29311	46.979
1495	major	0	unk	29303	46.966
1496	puro	0	noun	29296	46.955
1497	safar	0	verb	29276	46.923
1498	rapidamente	0	adv	29271	46.915
1499	empurrar	0	verb	29270	46.913
1500	favorito	0	noun	29265	46.905
1501	necessidade	0	noun	29245	46.873
1502	cia	0	noun	29239	46.863
1503	testemunha	0	noun	29221	46.835
1504	útil	0	unk	29216	46.826
1505	sombra	0	noun	29195	46.793
1506	ofertar	0	verb	29170	46.753
1507	vinte	0	num	29120	46.673
1508	mencionar	0	verb	29108	46.653
1509	liso	0	noun	29047	46.556
1510	uso	0	noun	29045	46.552
1511	senador	0	noun	29007	46.492
1512	ciência	0	noun	28982	46.451
1513	adulto	0	noun	28978	46.445
1514	vizinho	0	adj	28962	46.419
1515	tempestade	0	unk	28948	46.397
1516	vingança	0	noun	28913	46.341
1517	rachel	0	unk	28885	46.296
1518	guarda	0	noun	28849	46.238
1519	mágico	0	adj	28825	46.200
1520	algures	0	unk	28781	46.129
1521	lobo	0	noun	28778	46.124
1522	exacto	0	noun	28759	46.094
1523	datar	0	verb	28753	46.084
1524	assassinato	0	noun	28747	46.075
1525	calor	0	unk	28733	46.052
1526	assalto	0	noun	28695	45.991
1527	classe	0	unk	28643	45.908
1528	gás	0	unk	28642	45.907
1529	baile	0	unk	28570	45.791
1530	corda	0	noun	28565	45.783
1531	documento	0	noun	28538	45.740
1532	princípio	0	noun	28505	45.687
1533	bolso	0	noun	28504	45.685
1534	leste	0	unk	28467	45.626
1535	espalhar	0	verb	28467	45.626
1536	empregado	0	noun	28466	45.624
1537	explosão	0	noun	28461	45.616
1538	credo	0	noun	28458	45.612
1539	índio	0	noun	28426	45.560
1540	ordenar	0	verb	28399	45.517
1541	roma	0	noun	28364	45.461
1542	confuso	0	noun	28299	45.357
1543	época	0	noun	28289	45.341
1544	permanecer	0	verb	28230	45.246
1545	enfiar	0	verb	28201	45.200
1546	selvagem	0	noun	28148	45.115
1547	artigo	0	noun	28100	45.038
1548	digital	0	adj	28088	45.019
1549	dividir	0	verb	28086	45.015
1550	assistente	0	adj	28038	44.938
1551	tecnologia	0	noun	28028	44.922
1552	merdas	0	unk	28012	44.897
1553	prémio	0	noun	27967	44.825
1554	cofre	0	unk	27961	44.815
1555	superior	0	unk	27958	44.810
1556	emprestar	0	verb	27949	44.796
1557	jason	0	unk	27941	44.783
1558	professorar	0	verb	27905	44.725
1559	vendar	0	verb	27884	44.692
1560	lar	0	unk	27880	44.685
1561	dói	0	unk	27857	44.648
1562	sensação	0	noun	27852	44.640
1563	original	0	adj	27844	44.627
1564	duas semanas	1	mwe	27829	44.603
1565	universo	0	noun	27818	44.586
1566	pessoalmente	0	adv	27786	44.535
1567	recolher	0	verb	27776	44.519
1568	camisa	0	noun	27774	44.515
1569	mercar	0	verb	27764	44.499
1570	entrevistar	0	verb	27745	44.469
1571	atrever	0	verb	27727	44.440
1572	boleia	0	noun	27722	44.432
1573	golpe	0	unk	27704	44.403
1574	martin	0	unk	27697	44.392
1575	cancelar	0	verb	27682	44.368
1576	escravo	0	noun	27634	44.291
1577	sir	0	unk	27596	44.230
1578	nu	0	unk	27571	44.190
1579	matt	0	unk	27564	44.179
1580	cigarro	0	noun	27542	44.143
1581	sarilho	0	noun	27521	44.110
1582	gravar	0	verb	27508	44.089
1583	leite	0	unk	27507	44.087
1584	capacidade	0	noun	27482	44.047
1585	absolutamente	0	adv	27479	44.042
1586	social	0	adj	27464	44.018
1587	aéreo	0	noun	27453	44.001
1588	forçar	0	verb	27433	43.969
1589	rebentar	0	verb	27428	43.961
1590	pesadelo	0	noun	27375	43.876
1591	equipamento	0	noun	27307	43.767
1592	apreciar	0	verb	27228	43.640
1593	insistir	0	verb	27212	43.615
1594	adir	0	verb	27191	43.581
1595	possibilidade	0	noun	27168	43.544
1596	modelo	0	noun	27132	43.486
1597	conto	0	noun	27132	43.486
1598	inglaterra	0	noun	27130	43.483
1599	atrasado	0	noun	27100	43.435
1600	quintar	0	verb	27094	43.425
1601	aldeia	0	noun	27086	43.413
1602	crédito	0	noun	27046	43.348
1603	aspecto	0	noun	26983	43.248
1604	objectivo	0	noun	26958	43.207
1605	civil	0	unk	26941	43.180
1606	capturar	0	verb	26911	43.132
1607	caraça	0	noun	26876	43.076
1608	portão	0	noun	26857	43.046
1609	ocorrer	0	verb	26808	42.967
1610	farto	0	noun	26756	42.884
1611	giro	0	noun	26751	42.876
1612	fronteira	0	noun	26748	42.871
1613	cobrar	0	verb	26725	42.834
1614	lago	0	noun	26724	42.832
1615	tretas	0	unk	26682	42.765
1616	jurar	0	verb	26677	42.757
1617	morder	0	verb	26675	42.754
1618	jogador	0	noun	26668	42.743
1619	imprensar	0	verb	26655	42.722
1620	quadro	0	noun	26606	42.643
1621	futebol	0	unk	26583	42.606
1622	interromper	0	verb	26579	42.600
1623	exatamente	0	adv	26577	42.597
1624	atrair	0	verb	26574	42.592
1625	caçador	0	noun	26541	42.539
1626	físico	0	adj	26527	42.517
1627	ultrapassar	0	verb	26509	42.488
1628	lição	0	noun	26499	42.472
1629	thomas	0	unk	26494	42.464
1630	detalhe	0	unk	26461	42.411
1631	projecto	0	noun	26458	42.406
1632	pintar	0	verb	26447	42.388
1633	comunicação	0	noun	26429	42.360
1634	dragão	0	noun	26428	42.358
1635	cavaleiro	0	noun	26427	42.356
1636	respeitar	0	verb	26413	42.334
1637	vazio	0	noun	26408	42.326
1638	menor	0	unk	26401	42.315
1639	génio	0	noun	26394	42.303
1640	dan	0	unk	26389	42.295
1641	onda	0	noun	26388	42.294
1642	lado nenhum	1	mwe	26328	42.198
1643	protecção	0	noun	26327	42.196
1644	bairro	0	noun	26307	42.164
1645	sarar	0	verb	26290	42.137
1646	jardim	0	unk	26278	42.118
1647	helicóptero	0	noun	26270	42.105
1648	cinema	0	noun	26263	42.094
1649	estudo	0	adj	26240	42.057
1650	faço ideia	1	mwe	26239	42.055
1651	filmar	0	verb	26218	42.021
1652	arder	0	verb	26211	42.010
1653	estados unidos	1	mwe	26172	41.948
1654	negociar	0	verb	26166	41.938
1655	anna	0	noun	26163	41.933
1656	prédio	0	noun	26128	41.877
1657	promessa	0	noun	26104	41.839
1658	fã	0	unk	26090	41.816
1659	mrs	0	unk	26058	41.765
1660	próprios	0	pron	26009	41.686
1661	campeão	0	noun	26000	41.672
1662	agradar	0	verb	25999	41.670
1663	morado	0	noun	25991	41.658
1664	dave	0	unk	25966	41.617
1665	algum problema	1	mwe	25920	41.544
1666	carl	0	unk	25892	41.499
1667	substituir	0	verb	25854	41.438
1668	raiva	0	noun	25852	41.435
1669	ás	0	unk	25810	41.367
1670	casal	0	adj	25798	41.348
1671	chocolate	0	unk	25791	41.337
1672	joelho	0	noun	25780	41.319
1673	discurso	0	noun	25758	41.284
1674	assistir	0	verb	25744	41.262
1675	formar	0	verb	25740	41.255
1676	ted	0	unk	25736	41.249
1677	recordar	0	verb	25726	41.233
1678	imbecil	0	unk	25725	41.231
1679	responsabilidade	0	noun	25723	41.228
1680	talento	0	noun	25681	41.161
1681	implorar	0	verb	25655	41.119
1682	guerreiro	0	noun	25593	41.020
1683	seco	0	noun	25587	41.010
1684	organizar	0	verb	25577	40.994
1685	treinador	0	noun	25548	40.948
1686	cinco minutos	1	mwe	25541	40.936
1687	costa	0	noun	25504	40.877
1688	frança	0	noun	25504	40.877
1689	gigante	0	unk	25502	40.874
1690	voto	0	noun	25488	40.851
1691	presença	0	noun	25477	40.834
1692	surgir	0	verb	25447	40.786
1693	ilegal	0	adj	25417	40.738
1694	rosa	0	adj	25366	40.656
1695	cirurgia	0	noun	25362	40.649
1696	acontecido	0	noun	25327	40.593
1697	centena	0	noun	25292	40.537
1698	autorização	0	noun	25280	40.518
1699	tratamento	0	noun	25278	40.515
1700	cheque	0	unk	25252	40.473
1701	cópia	0	noun	25251	40.472
1702	curtir	0	verb	25229	40.436
1703	brincadeira	0	noun	25228	40.435
1704	inútil	0	unk	25207	40.401
1705	tomate	0	unk	25189	40.372
1706	resistir	0	verb	25187	40.369
1707	eliminar	0	verb	25173	40.346
1708	diante	0	unk	25169	40.340
1709	tolo	0	noun	25126	40.271
1710	vírus	0	unk	25105	40.238
1711	mate	0	unk	25097	40.225
1712	câmaras	0	unk	25038	40.130
1713	máscara	0	noun	25014	40.092
1714	carga	0	noun	25013	40.090
1715	bravo	0	intj	24984	40.044
1716	apetecer	0	verb	24980	40.037
1717	dean	0	unk	24976	40.031
1718	pete	0	unk	24955	39.997
1719	analisar	0	verb	24905	39.917
1720	corajoso	0	adj	24872	39.864
1721	honesto	0	noun	24861	39.846
1722	suportar	0	verb	24861	39.846
1723	corrente	0	adj	24824	39.787
1724	pesar	0	verb	24795	39.741
1725	cancro	0	noun	24776	39.710
1726	erva	0	noun	24766	39.694
1727	aparentemente	0	adv	24762	39.688
1728	confessar	0	verb	24731	39.638
1729	convidado	0	noun	24709	39.603
1730	to	0	unk	24697	39.584
1731	cadáver	0	verb	24675	39.548
1732	pequeno-almoço	0	noun	24670	39.540
1733	internet	0	unk	24662	39.527
1734	nação	0	noun	24617	39.455
1735	neve	0	unk	24610	39.444
1736	nota	0	noun	24573	39.385
1737	anteriormente	0	adv	24525	39.308
1738	email	0	unk	24515	39.292
1739	completo	0	noun	24498	39.265
1740	disco	0	noun	24484	39.242
1741	fresco	0	noun	24470	39.220
1742	padrão	0	noun	24458	39.201
1743	técnico	0	adj	24441	39.173
1744	pressa	0	noun	24436	39.165
1745	sai daqui	1	mwe	24377	39.071
1746	uh	0	unk	24365	39.051
1747	terreno	0	noun	24362	39.047
1748	canto	0	noun	24355	39.035
1749	canal	0	adj	24333	39.000
1750	agência	0	noun	24332	38.999
1751	recuar	0	verb	24313	38.968
1752	cansado	0	noun	24303	38.952
1753	resultado	0	noun	24300	38.947
1754	chamada	0	noun	24300	38.947
1755	super	0	verb	24292	38.934
1756	castelo	0	noun	24272	38.902
1757	sangrar	0	verb	24249	38.866
1758	dívida	0	noun	24232	38.838
1759	exigir	0	verb	24226	38.829
1760	milagre	0	unk	24201	38.789
1761	simon	0	unk	24187	38.766
1762	cela	0	noun	24167	38.734
1763	doer	0	verb	24125	38.667
1764	aguardar	0	verb	24117	38.654
1765	puto	0	noun	24098	38.624
1766	veículo	0	noun	24022	38.502
1767	perfeitamente	0	adv	23984	38.441
1768	arrumar	0	verb	23973	38.423
1769	prostituto	0	noun	23961	38.404
1770	sincero	0	noun	23935	38.362
1771	armadilhar	0	verb	23911	38.324
1772	jamais	0	adv	23908	38.319
1773	emma	0	noun	23898	38.303
1774	sábado	0	noun	23858	38.239
1775	chuva	0	noun	23843	38.215
1776	passagem	0	noun	23831	38.196
1777	localização	0	noun	23804	38.152
1778	moeda	0	noun	23803	38.151
1779	condenar	0	verb	23790	38.130
1780	comunicar	0	verb	23760	38.082
1781	irritar	0	verb	23759	38.080
1782	ansioso	0	adj	23739	38.048
1783	garoto	0	noun	23737	38.045
1784	funeral	0	adj	23730	38.034
1785	última	0	noun	23724	38.024
1786	aperceber	0	verb	23698	37.982
1787	produto	0	noun	23688	37.966
1788	garotar	0	verb	23677	37.949
1789	calmo	0	noun	23650	37.905
1790	vira	0	noun	23637	37.885
1791	roubo	0	noun	23630	37.873
1792	botão	0	noun	23624	37.864
1793	domingo	0	noun	23541	37.731
1794	curto	0	noun	23530	37.713
1795	zero	0	num	23501	37.667
1796	declarar	0	verb	23454	37.591
1797	arruinar	0	verb	23403	37.510
1798	adn	0	unk	23401	37.506
1799	túnel	0	unk	23379	37.471
1800	artista	0	noun	23373	37.462
1801	chato	0	noun	23366	37.450
1802	duplo	0	num	23352	37.428
1803	carter	0	verb	23349	37.423
1804	alterar	0	verb	23324	37.383
1805	sócio	0	noun	23301	37.346
1806	pela primeira	1	mwe	23298	37.341
1807	aluno	0	noun	23281	37.314
1808	phil	0	unk	23278	37.309
1809	invadir	0	verb	23278	37.309
1810	testar	0	verb	23259	37.279
1811	participar	0	verb	23256	37.274
1812	dano	0	adj	23249	37.263
1813	atirador	0	noun	23249	37.263
1814	arthur	0	unk	23206	37.194
1815	incêndio	0	noun	23194	37.175
1816	tomar conta	1	mwe	23166	37.130
1817	sentado	0	noun	23143	37.093
1818	possuir	0	verb	23142	37.091
1819	prato	0	noun	23136	37.082
1820	angeles	0	unk	23130	37.072
1821	passeio	0	noun	23121	37.058
1822	cidadão	0	noun	23097	37.019
1823	surpreender	0	verb	23090	37.008
1824	desconhecido	0	noun	23070	36.976
1825	muitas vezes	1	mwe	23069	36.974
1826	malucar	0	verb	23055	36.952
1827	ultimamente	0	adv	23046	36.937
1828	amante	0	unk	23045	36.936
1829	aterrar	0	verb	23037	36.923
1830	esquadrar	0	verb	23013	36.885
1831	sociedade	0	noun	23007	36.875
1832	espião	0	noun	22942	36.771
1833	chicago	0	noun	22931	36.753
1834	comportamento	0	noun	22916	36.729
1835	violar	0	verb	22903	36.708
1836	nuclear	0	verb	22898	36.700
1837	sean	0	unk	22893	36.692
1838	evento	0	noun	22852	36.626
1839	fábrica	0	adj	22848	36.620
1840	liceu	0	unk	22843	36.612
1841	saí	0	unk	22841	36.609
1842	ano passado	1	mwe	22841	36.609
1843	divisão	0	noun	22836	36.601
1844	traidor	0	noun	22834	36.598
1845	curioso	0	adj	22831	36.593
1846	cientista	0	noun	22820	36.575
1847	preocupação	0	noun	22810	36.559
1848	nadar	0	verb	22803	36.548
1849	extra	0	noun	22797	36.538
1850	carteiro	0	noun	22776	36.505
1851	los angeles	1	mwe	22754	36.469
1852	arquivo	0	noun	22730	36.431
1853	pão	0	noun	22696	36.376
1854	diamante	0	unk	22691	36.368
1855	identidade	0	noun	22663	36.324
1856	méxico	0	adj	22654	36.309
1857	fio	0	noun	22621	36.256
1858	lorde	0	unk	22590	36.207
1859	correio	0	noun	22584	36.197
1860	seis meses	1	mwe	22567	36.170
1861	utilizar	0	verb	22565	36.166
1862	telefonema	0	noun	22552	36.146
1863	esforço	0	noun	22522	36.098
1864	girar	0	verb	22505	36.070
1865	privar	0	verb	22504	36.069
1866	impressionante	0	unk	22492	36.049
1867	maior parte	1	mwe	22489	36.045
1868	alice	0	noun	22471	36.016
1869	anterior	0	unk	22434	35.957
1870	duas horas	1	mwe	22404	35.908
1871	tentativo	0	noun	22398	35.899
1872	dom	0	unk	22398	35.899
1873	ed	0	unk	22383	35.875
1874	vigilância	0	noun	22369	35.852
1875	coelho	0	noun	22369	35.852
1876	grau	0	unk	22352	35.825
1877	refém	0	unk	22346	35.815
1878	vomitar	0	verb	22342	35.809
1879	pânico	0	adj	22327	35.785
1880	jones	0	unk	22306	35.751
1881	palhaço	0	noun	22259	35.676
1882	burro	0	noun	22258	35.674
1883	barbar	0	verb	22245	35.654
1884	raptar	0	verb	22221	35.615
1885	vencedor	0	noun	22212	35.601
1886	semana passada	1	mwe	22186	35.559
1887	morgan	0	unk	22143	35.490
1888	ponta	0	noun	22108	35.434
1889	satisfeito	0	noun	22108	35.434
1890	directamente	0	adv	22104	35.428
1891	diário	0	noun	22095	35.413
1892	quilómetro	0	noun	22061	35.359
1893	metido	0	noun	22056	35.351
1894	alternativo	0	noun	22040	35.325
1895	mundial	0	adj	22029	35.307
1896	red	0	unk	22025	35.301
1897	tesouro	0	noun	21987	35.240
1898	mentira	0	noun	21978	35.226
1899	ombro	0	noun	21973	35.218
1900	telhar	0	verb	21949	35.179
1901	abençoar	0	verb	21899	35.099
1902	novidade	0	noun	21873	35.057
1903	peça	0	noun	21855	35.029
1904	pescar	0	verb	21845	35.012
1905	compra	0	noun	21842	35.008
1906	cem	0	num	21835	34.996
1907	velhote	0	unk	21817	34.968
1908	topo	0	noun	21811	34.958
1909	médio	0	noun	21792	34.928
1910	batata	0	noun	21777	34.903
1911	tropa	0	noun	21764	34.883
1912	alcançar	0	verb	21762	34.879
1913	aceito	0	noun	21756	34.870
1914	bebida	0	noun	21751	34.862
1915	violência	0	noun	21741	34.846
1916	arrepender	0	verb	21739	34.843
1917	meus filhos	1	mwe	21734	34.835
1918	teus amigos	1	mwe	21729	34.827
1919	discussão	0	noun	21722	34.815
1920	deserto	0	noun	21708	34.793
1921	al	0	adj	21703	34.785
1922	recurso	0	noun	21683	34.753
1923	gelar	0	verb	21678	34.745
1924	tenha sido	1	mwe	21669	34.730
1925	cardíaco	0	noun	21660	34.716
1926	alarme	0	unk	21622	34.655
1927	vantagem	0	noun	21617	34.647
1928	criado	0	noun	21615	34.644
1929	consciência	0	noun	21612	34.639
1930	tento	0	noun	21588	34.601
1931	califórnia	0	noun	21586	34.597
1932	descrever	0	verb	21582	34.591
1933	curso	0	noun	21575	34.580
1934	três dias	1	mwe	21573	34.577
1935	mortal	0	adj	21564	34.562
1936	regrar	0	verb	21555	34.548
1937	bolsar	0	verb	21533	34.512
1938	deixa	0	noun	21530	34.508
1939	armário	0	noun	21507	34.471
1940	emoção	0	noun	21503	34.464
1941	identificação	0	noun	21483	34.432
1942	fase	0	unk	21475	34.419
1943	diversão	0	noun	21463	34.400
1944	humanidade	0	noun	21460	34.395
1945	piscina	0	adj	21430	34.347
1946	espelho	0	noun	21426	34.341
1947	fartar	0	verb	21376	34.261
1948	episódio	0	noun	21366	34.245
1949	revisão	0	noun	21358	34.232
1950	don	0	unk	21349	34.218
1951	elevador	0	noun	21340	34.203
1952	desperdiçar	0	verb	21325	34.179
1953	transferir	0	verb	21265	34.083
1954	particular	0	verb	21252	34.062
1955	felicidade	0	noun	21245	34.051
1956	misturar	0	verb	21244	34.049
1957	van	0	unk	21242	34.046
1958	medicamento	0	noun	21236	34.036
1959	prendar	0	verb	21229	34.025
1960	falsa	0	noun	21224	34.017
1961	escolhido	0	noun	21196	33.972
1962	vai-te foder	1	mwe	21191	33.964
1963	filar	0	verb	21155	33.907
1964	perante	0	prep	21131	33.868
1965	análise	0	unk	21118	33.847
1966	cale	0	unk	21094	33.809
1967	queijo	0	noun	21083	33.791
1968	bando	0	noun	21077	33.782
1969	ferro	0	noun	21070	33.770
1970	tramar	0	verb	21041	33.724
1971	suficientemente	0	adv	21017	33.685
1972	solteiro	0	noun	21007	33.669
1973	disparate	0	unk	20956	33.588
1974	louis	0	unk	20937	33.557
1975	confortável	0	adj	20921	33.532
1976	zangado	0	noun	20870	33.450
1977	cujo	0	pron	20870	33.450
1978	maggie	0	unk	20865	33.442
1979	directo	0	noun	20816	33.363
1980	estudante	0	unk	20801	33.339
1981	ligado	0	noun	20788	33.318
1982	proposto	0	noun	20785	33.314
1983	desgraçar	0	verb	20778	33.302
1984	susan	0	unk	20771	33.291
1985	traseiro	0	noun	20749	33.256
1986	choque	0	unk	20742	33.245
1987	vai-te embora	1	mwe	20728	33.222
1988	for	0	unk	20698	33.174
1989	annie	0	unk	20658	33.110
1990	vidro	0	noun	20606	33.027
1991	ma	0	unk	20594	33.007
1992	arrastar	0	verb	20576	32.979
1993	assustado	0	noun	20545	32.929
1994	tripulação	0	noun	20544	32.927
1995	solo	0	noun	20513	32.878
1996	geral	0	adj	20510	32.873
1997	sorriso	0	noun	20507	32.868
1998	vegas	0	unk	20498	32.854
1999	ambulância	0	noun	20469	32.807
2000	recompensar	0	verb	20448	32.773
2001	acampamento	0	noun	20415	32.721
2002	sobrinho	0	adj	20386	32.674
2003	importância	0	noun	20324	32.575
2004	governador	0	noun	20296	32.530
2005	transporte	0	unk	20287	32.515
2006	trancar	0	verb	20283	32.509
2007	regresso	0	noun	20262	32.475
2008	óculos	0	unk	20229	32.422
2009	aborrecido	0	noun	20229	32.422
2010	galinha	0	adj	20206	32.386
2011	chance	0	unk	20180	32.344
2012	entretanto	0	conj	20178	32.341
2013	adorável	0	adj	20169	32.326
2014	praticar	0	verb	20168	32.325
2015	realizar	0	verb	20159	32.310
2016	votar	0	verb	20146	32.289
2017	engraçado	0	noun	20129	32.262
2018	definitivamente	0	adv	20098	32.212
2019	interrogar	0	verb	20094	32.206
2020	explicação	0	noun	20084	32.190
2021	victor	0	unk	20083	32.188
2022	comunidade	0	noun	20047	32.131
2023	surpreendido	0	noun	20042	32.123
2024	romântico	0	adj	20040	32.119
2025	conquistar	0	verb	20029	32.102
2026	esquecido	0	noun	20027	32.099
2027	necessitar	0	verb	19997	32.051
2028	satélite	0	unk	19996	32.049
2029	turno	0	noun	19989	32.038
2030	suicídio	0	noun	19979	32.022
2031	cego	0	noun	19965	31.999
2032	recentemente	0	adv	19934	31.950
2033	passa contigo	1	mwe	19910	31.911
2034	desafio	0	noun	19855	31.823
2035	uns dias	1	mwe	19841	31.801
2036	habituar	0	verb	19840	31.799
2037	brigar	0	verb	19816	31.760
2038	armazém	0	unk	19808	31.748
2039	cruzar	0	verb	19790	31.719
2040	impressionar	0	verb	19787	31.714
2041	tarde demais	1	mwe	19779	31.701
2042	pilar	0	verb	19764	31.677
2043	garganta	0	noun	19757	31.666
2044	acções	0	noun	19748	31.651
2045	big	0	unk	19745	31.647
2046	deve haver	1	mwe	19719	31.605
2047	adormecer	0	verb	19696	31.568
2048	imperador	0	noun	19692	31.562
2049	vermelha	0	noun	19690	31.559
2050	almoçar	0	verb	19668	31.523
2051	raro	0	noun	19666	31.520
2052	processar	0	verb	19619	31.445
2053	gravação	0	noun	19598	31.411
2054	disponível	0	adj	19596	31.408
2055	bloquear	0	verb	19591	31.400
2056	marca	0	noun	19568	31.363
2057	cachorro	0	noun	19567	31.361
2058	derrubar	0	verb	19562	31.353
2059	reformar	0	verb	19537	31.313
2060	dispositivo	0	noun	19529	31.300
2061	dificuldade	0	noun	19520	31.286
2062	negativo	0	noun	19481	31.224
2063	declaração	0	noun	19455	31.182
2064	sujar	0	verb	19449	31.172
2065	cave	0	unk	19428	31.139
2066	alan	0	unk	19413	31.115
2067	fim-de-semana	0	adj	19392	31.081
2068	expulsar	0	verb	19352	31.017
2069	pagamento	0	noun	19324	30.972
2070	europa	0	noun	19318	30.962
2071	fumo	0	noun	19313	30.954
2072	armado	0	noun	19300	30.933
2073	grace	0	unk	19262	30.873
2074	sinceramente	0	adv	19257	30.865
2075	desenhar	0	verb	19250	30.853
2076	claramente	0	adv	19238	30.834
2077	interessado	0	noun	19231	30.823
2078	amizade	0	unk	19218	30.802
2079	brinquedo	0	noun	19218	30.802
2080	pistola	0	noun	19215	30.797
2081	teus pais	1	mwe	19213	30.794
2082	quedar	0	verb	19200	30.773
2083	palco	0	noun	19191	30.759
2084	saudável	0	adj	19187	30.752
2085	pressionar	0	verb	19177	30.736
2086	noivo	0	noun	19173	30.730
2087	salto	0	noun	19165	30.717
2088	muita gente	1	mwe	19160	30.709
2089	reagir	0	verb	19148	30.690
2090	químico	0	adj	19136	30.671
2091	britânico	0	adj	19111	30.631
2092	oliver	0	verb	19103	30.618
2093	tanque	0	unk	19100	30.613
2094	levante	0	unk	19100	30.613
2095	lamentar	0	verb	19077	30.576
2096	furioso	0	adj	19075	30.573
2097	noutro	0	noun	19032	30.504
2098	jesse	0	unk	19029	30.499
2099	porto	0	noun	19022	30.488
2100	solitário	0	noun	19021	30.486
2101	oceano	0	adj	19017	30.480
2102	crise	0	unk	19010	30.469
2103	dominar	0	verb	19010	30.469
2104	qualidade	0	noun	18998	30.449
2105	cinto	0	noun	18989	30.435
2106	anúncio	0	noun	18984	30.427
2107	examinar	0	verb	18975	30.413
2108	provável	0	adj	18959	30.387
2109	pó	0	unk	18943	30.361
2110	ena	0	noun	18932	30.344
2111	campanha	0	noun	18925	30.332
2112	suspeitar	0	verb	18880	30.260
2113	rasto	0	noun	18854	30.219
2114	extraordinário	0	noun	18824	30.171
2115	calcular	0	verb	18807	30.143
2116	apaixonado	0	noun	18805	30.140
2117	robin	0	unk	18793	30.121
2118	vestido	0	noun	18778	30.097
2119	espantoso	0	adj	18777	30.095
2120	permissão	0	noun	18771	30.086
2121	uau	0	intj	18766	30.078
2122	feitiço	0	noun	18754	30.058
2123	mistério	0	noun	18753	30.057
2124	gentil	0	unk	18735	30.028
2125	vou-me embora	1	mwe	18731	30.021
2126	versão	0	noun	18716	29.997
2127	street	0	unk	18704	29.978
2128	cruel	0	unk	18697	29.967
2129	veneno	0	noun	18681	29.941
2130	josh	0	unk	18668	29.920
2131	refeição	0	noun	18661	29.909
2132	consequência	0	noun	18641	29.877
2133	encomendar	0	verb	18626	29.853
2134	legenda	0	noun	18591	29.797
2135	sofá	0	unk	18588	29.792
2136	atraso	0	noun	18571	29.765
2137	basicamente	0	adv	18570	29.763
2138	nobre	0	unk	18556	29.741
2139	comparar	0	verb	18547	29.727
2140	lenda	0	noun	18524	29.690
2141	sessão	0	noun	18522	29.686
2142	conter	0	verb	18514	29.674
2143	coincidência	0	noun	18490	29.635
2144	nas mãos	1	mwe	18468	29.600
2145	chloe	0	unk	18445	29.563
2146	álcool	0	unk	18440	29.555
2147	escuridão	0	noun	18391	29.477
2148	texas	0	unk	18383	29.464
2149	desenho	0	noun	18338	29.392
2150	inverno	0	noun	18336	29.388
2151	usado	0	noun	18324	29.369
2152	encontrado	0	noun	18314	29.353
2153	rose	0	unk	18310	29.347
2154	italiano	0	adj	18299	29.329
2155	acender	0	verb	18189	29.153
2156	celebrar	0	verb	18183	29.143
2157	território	0	noun	18181	29.140
2158	denunciar	0	verb	18178	29.135
2159	habilidade	0	noun	18152	29.093
2160	marcus	0	unk	18142	29.077
2161	aprovar	0	verb	18139	29.073
2162	presumo	0	noun	18115	29.034
2163	facilmente	0	adv	18106	29.020
2164	geração	0	noun	18089	28.992
2165	alar	0	verb	18085	28.986
2166	encantador	0	noun	18073	28.967
2167	questionar	0	verb	18070	28.962
2168	exercício	0	noun	18069	28.960
2169	garagem	0	noun	18065	28.954
2170	delicioso	0	adj	18054	28.936
2171	areia	0	noun	18039	28.912
2172	quantidade	0	noun	18037	28.909
2173	humor	0	unk	18036	28.908
2174	clínico	0	adj	18031	28.900
2175	título	0	noun	18022	28.885
2176	st	0	unk	18013	28.871
2177	alegria	0	noun	17997	28.845
2178	presentes	0	adj	17993	28.839
2179	mama	0	noun	17973	28.807
2180	especialista	0	noun	17973	28.807
2181	obrar	0	verb	17968	28.799
2182	voce	0	unk	17961	28.787
2183	alugar	0	verb	17956	28.779
2184	recente	0	adj	17949	28.768
2185	vai-te lixar	1	mwe	17942	28.757
2186	junta	0	noun	17940	28.754
2187	sujo	0	noun	17932	28.741
2188	jornalista	0	noun	17928	28.734
2189	leo	0	noun	17927	28.733
2190	determinar	0	verb	17910	28.706
2191	pulso	0	noun	17907	28.701
2192	círculo	0	noun	17898	28.686
2193	sofrimento	0	noun	17892	28.677
2194	traseira	0	noun	17871	28.643
2195	china	0	adj	17871	28.643
2196	imediato	0	noun	17852	28.613
2197	mental	0	adj	17842	28.597
2198	raça	0	noun	17812	28.549
2199	estrangeiro	0	noun	17808	28.542
2200	boas notícias	1	mwe	17807	28.541
2201	entregue	0	unk	17804	28.536
2202	ganho	0	noun	17772	28.484
2203	executar	0	verb	17771	28.483
2204	estômago	0	noun	17769	28.480
2205	esforçar	0	verb	17762	28.468
2206	smith	0	unk	17753	28.454
2207	orelha	0	noun	17750	28.449
2208	atitude	0	noun	17745	28.441
2209	superar	0	verb	17735	28.425
2210	sexto	0	num	17733	28.422
2211	aceite	0	unk	17713	28.390
2212	exterior	0	unk	17704	28.375
2213	paciência	0	noun	17693	28.358
2214	madeirar	0	verb	17688	28.350
2215	mijar	0	verb	17687	28.348
2216	policial	0	adj	17670	28.321
2217	ministro	0	noun	17668	28.318
2218	publicar	0	verb	17652	28.292
2219	circunstância	0	noun	17649	28.287
2220	of	0	unk	17644	28.279
2221	abrigo	0	noun	17633	28.262
2222	organização	0	noun	17586	28.186
2223	gasolina	0	adj	17581	28.178
2224	teatro	0	noun	17581	28.178
2225	pacote	0	unk	17578	28.173
2226	bruce	0	unk	17577	28.172
2227	and	0	unk	17576	28.170
2228	registar	0	verb	17576	28.170
2229	operar	0	verb	17574	28.167
2230	neto	0	noun	17573	28.165
2231	alvejar	0	verb	17558	28.141
2232	carlos	0	unk	17543	28.117
2233	alcance	0	unk	17537	28.108
2234	legendagem	0	noun	17529	28.095
2235	memórias	0	unk	17528	28.093
2236	afogar	0	verb	17524	28.087
2237	período	0	noun	17521	28.082
2238	abraçar	0	verb	17502	28.052
2239	consultar	0	verb	17500	28.048
2240	traficante	0	unk	17494	28.039
2241	firme	0	unk	17492	28.036
2242	arranjo	0	noun	17473	28.005
2243	recebido	0	noun	17465	27.992
2244	biblioteca	0	noun	17445	27.960
2245	empregar	0	verb	17440	27.952
2246	dedicar	0	verb	17413	27.909
2247	elizabeth	0	unk	17400	27.888
2248	míssil	0	unk	17398	27.885
2249	leão	0	noun	17376	27.850
2250	madame	0	unk	17375	27.848
2251	audiência	0	noun	17371	27.842
2252	unir	0	verb	17352	27.811
2253	secundário	0	noun	17347	27.803
2254	explosivo	0	noun	17320	27.760
2255	dama	0	noun	17312	27.747
2256	bateria	0	noun	17272	27.683
2257	amanda	0	noun	17252	27.651
2258	privado	0	noun	17236	27.625
2259	rodar	0	verb	17235	27.624
2260	bandido	0	noun	17235	27.624
2261	portar	0	verb	17219	27.598
2262	desviar	0	verb	17205	27.576
2263	fortuna	0	noun	17197	27.563
2264	lois	0	unk	17196	27.561
2265	instrução	0	noun	17183	27.540
2266	caber	0	verb	17154	27.494
2267	bicicleta	0	noun	17152	27.491
2268	roger	0	verb	17139	27.470
2269	minar	0	verb	17137	27.467
2270	escritor	0	unk	17130	27.455
2271	sacrifício	0	noun	17128	27.452
2272	pus	0	unk	17127	27.451
2273	fitar	0	verb	17115	27.431
2274	transmitir	0	verb	17110	27.423
2275	chegado	0	noun	17108	27.420
2276	passageiro	0	noun	17107	27.419
2277	jesus cristo	1	mwe	17107	27.419
2278	miami	0	unk	17093	27.396
2279	jeff	0	unk	17084	27.382
2280	comportar	0	verb	17083	27.380
2281	virgem	0	unk	17079	27.374
2282	incidente	0	adj	17059	27.342
2283	adolescente	0	adj	17059	27.342
2284	rebelde	0	unk	17043	27.316
2285	distrair	0	verb	17032	27.298
2286	inteligência	0	noun	17031	27.297
2287	motorista	0	noun	17022	27.282
2288	vingar	0	verb	17007	27.258
2289	trabalhador	0	noun	16998	27.244
2290	costume	0	unk	16993	27.236
2291	pirata	0	noun	16989	27.229
2292	quantas vezes	1	mwe	16989	27.229
2293	exagerar	0	verb	16978	27.212
2294	aliança	0	noun	16968	27.196
2295	produzir	0	verb	16960	27.183
2296	limpeza	0	noun	16958	27.180
2297	autorizar	0	verb	16946	27.161
2298	despedido	0	noun	16921	27.120
2299	internacional	0	adj	16921	27.120
2300	ripada	0	noun	16917	27.114
2301	ethan	0	unk	16916	27.112
2302	seguido	0	noun	16916	27.112
2303	cassete	0	unk	16914	27.109
2304	pizza	0	noun	16912	27.106
2305	romano	0	adj	16891	27.072
2306	enlouquecer	0	verb	16880	27.055
2307	percebido	0	noun	16846	27.000
2308	besta	0	noun	16840	26.991
2309	liderar	0	verb	16837	26.986
2310	combustível	0	adj	16835	26.983
2311	secção	0	noun	16835	26.983
2312	cagar	0	verb	16831	26.976
2313	lamento imenso	1	mwe	16828	26.971
2314	convite	0	unk	16826	26.968
2315	reduzir	0	verb	16820	26.959
2316	sujeito	0	noun	16816	26.952
2317	lábio	0	noun	16806	26.936
2318	profundo	0	noun	16802	26.930
2319	prosseguir	0	verb	16794	26.917
2320	aquecer	0	verb	16769	26.877
2321	envergonhar	0	verb	16768	26.875
2322	museu	0	unk	16764	26.869
2323	escudo	0	adj	16758	26.859
2324	plantar	0	verb	16725	26.806
2325	marchar	0	verb	16714	26.789
2326	pt-subs	0	unk	16700	26.766
2327	jogado	0	noun	16693	26.755
2328	brilhar	0	verb	16691	26.752
2329	ponham	0	unk	16690	26.750
2330	marinhar	0	verb	16681	26.736
2331	inacreditável	0	adj	16681	26.736
2332	patrulhar	0	verb	16681	26.736
2333	precioso	0	adj	16676	26.728
2334	marshall	0	unk	16666	26.712
2335	maravilhar	0	verb	16660	26.702
2336	propor	0	unk	16643	26.675
2337	praticamente	0	adv	16639	26.668
2338	recado	0	noun	16627	26.649
2339	abaixar	0	verb	16618	26.635
2340	resolvido	0	noun	16611	26.624
2341	desenvolver	0	verb	16606	26.616
2342	lançamento	0	noun	16605	26.614
2343	pousar	0	verb	16598	26.603
2344	maricas	0	unk	16584	26.580
2345	pau	0	unk	16562	26.545
2346	basear	0	verb	16560	26.542
2347	tarefa	0	noun	16556	26.535
2348	medir	0	verb	16553	26.531
2349	engolir	0	verb	16551	26.527
2350	damos	0	unk	16546	26.519
2351	meia hora	1	mwe	16546	26.519
2352	quilo	0	noun	16528	26.491
2353	moda	0	noun	16526	26.487
2354	acelerar	0	verb	16518	26.475
2355	comprimido	0	noun	16514	26.468
2356	metal	0	adj	16504	26.452
2357	anunciar	0	verb	16502	26.449
2358	ambiente	0	adj	16489	26.428
2359	espacial	0	adj	16474	26.404
2360	símbolo	0	noun	16459	26.380
2361	comercial	0	adj	16415	26.309
2362	esmagar	0	verb	16395	26.277
2363	eh	0	intj	16387	26.265
2364	áfrica	0	adj	16372	26.241
2365	protegido	0	noun	16371	26.239
2366	nossas vidas	1	mwe	16352	26.208
2367	sobrevivente	0	adj	16349	26.204
2368	funcionário	0	noun	16323	26.162
2369	elena	0	noun	16314	26.148
2370	apressar	0	verb	16303	26.130
2371	comissão	0	noun	16295	26.117
2372	demitir	0	verb	16273	26.082
2373	recomendar	0	verb	16242	26.032
2374	sono	0	noun	16237	26.024
2375	reputação	0	noun	16204	25.971
2376	desastre	0	unk	16199	25.963
2377	produção	0	noun	16178	25.930
2378	boneca	0	noun	16170	25.917
2379	mos	0	unk	16168	25.914
2380	palácio	0	noun	16162	25.904
2381	passear	0	verb	16162	25.904
2382	san	0	unk	16156	25.894
2383	instinto	0	noun	16151	25.886
2384	vaziar	0	verb	16149	25.883
2385	mando	0	noun	16148	25.882
2386	tim	0	unk	16145	25.877
2387	corar	0	verb	16139	25.867
2388	inglesar	0	verb	16135	25.861
2389	transportar	0	verb	16135	25.861
2390	engano	0	adj	16112	25.824
2391	compromisso	0	noun	16092	25.792
2392	conferência	0	noun	16086	25.782
2393	perturbar	0	verb	16084	25.779
2394	somente	0	adv	16076	25.766
2395	grato	0	noun	16046	25.718
2396	srta	0	noun	16031	25.694
2397	tonto	0	noun	16028	25.689
2398	compensar	0	verb	15974	25.603
2399	linhas	0	unk	15971	25.598
2400	paragem	0	noun	15966	25.590
2401	apanhado	0	noun	15951	25.566
2402	ferramenta	0	noun	15926	25.526
2403	bêbedo	0	noun	15922	25.519
2404	francisco	0	noun	15917	25.511
2405	divórcio	0	noun	15907	25.495
2406	medido	0	noun	15897	25.479
2407	depósito	0	noun	15875	25.444
2408	sitiar	0	verb	15874	25.442
2409	house	0	unk	15872	25.439
2410	noutra	0	noun	15863	25.425
2411	cobertura	0	noun	15863	25.425
2412	tubarão	0	noun	15860	25.420
2413	danar	0	verb	15853	25.409
2414	educação	0	noun	15838	25.385
2415	assassínio	0	noun	15835	25.380
2416	estúdio	0	noun	15834	25.378
2417	popular	0	verb	15821	25.357
2418	internar	0	verb	15813	25.345
2419	proibir	0	verb	15776	25.285
2420	paixão	0	noun	15758	25.256
2421	progresso	0	noun	15754	25.250
2422	instalação	0	noun	15745	25.236
2423	imposto	0	noun	15741	25.229
2424	julie	0	unk	15737	25.223
2425	fundos	0	unk	15718	25.192
2426	sopa	0	noun	15718	25.192
2427	tatuagem	0	noun	15717	25.191
2428	tubo	0	noun	15709	25.178
2429	frequência	0	noun	15708	25.176
2430	temperatura	0	noun	15705	25.171
2431	stan	0	unk	15704	25.170
2432	glória	0	adj	15702	25.167
2433	tinto	0	noun	15701	25.165
2434	frase	0	unk	15700	25.163
2435	protocolo	0	noun	15696	25.157
2436	demonstrar	0	verb	15692	25.151
2437	superfície	0	unk	15681	25.133
2438	mel	0	unk	15679	25.130
2439	personagem	0	noun	15679	25.130
2440	cretino	0	adj	15675	25.123
2441	vaca	0	noun	15673	25.120
2442	julia	0	noun	15671	25.117
2443	doutorar	0	verb	15657	25.095
2444	animar	0	verb	15646	25.077
2445	júri	0	unk	15644	25.074
2446	função	0	noun	15636	25.061
2447	perdoe	0	unk	15610	25.019
2448	encerrar	0	verb	15610	25.019
2449	traduzir	0	verb	15594	24.994
2450	traição	0	noun	15581	24.973
2451	ciúme	0	unk	15560	24.939
2452	remédio	0	noun	15540	24.907
2453	célula	0	noun	15532	24.894
2454	grito	0	noun	15532	24.894
2455	cobarde	0	unk	15528	24.888
2456	cargo	0	noun	15519	24.873
2457	chateado	0	noun	15518	24.872
2458	infeliz	0	unk	15512	24.862
2459	acto	0	noun	15510	24.859
2460	estacionamento	0	noun	15508	24.856
2461	violação	0	noun	15491	24.828
2462	estabelecer	0	verb	15490	24.827
2463	frota	0	noun	15458	24.776
2464	pecar	0	verb	15439	24.745
2465	escalar	0	verb	15431	24.732
2466	drogado	0	noun	15420	24.715
2467	origem	0	unk	15408	24.695
2468	obedecer	0	verb	15406	24.692
2469	barriga	0	noun	15398	24.679
2470	encostar	0	verb	15396	24.676
2471	meia-noite	0	unk	15375	24.643
2472	rever	0	verb	15373	24.639
2473	rocha	0	noun	15373	24.639
2474	cooper	0	verb	15354	24.609
2475	uniforme	0	unk	15353	24.607
2476	lealdade	0	noun	15348	24.599
2477	render	0	verb	15336	24.580
2478	leonard	0	unk	15332	24.574
2479	vincent	0	unk	15319	24.553
2480	convencido	0	noun	15304	24.529
2481	método	0	noun	15303	24.527
2482	paraíso	0	noun	15302	24.526
2483	dispensar	0	verb	15298	24.519
2484	ferimento	0	noun	15292	24.510
2485	império	0	noun	15284	24.497
2486	miller	0	verb	15271	24.476
2487	afirmar	0	verb	15270	24.474
2488	resistência	0	noun	15266	24.468
2489	plástico	0	adj	15264	24.465
2490	pausar	0	verb	15250	24.442
2491	rotar	0	verb	15241	24.428
2492	extremamente	0	adv	15228	24.407
2493	quarteirão	0	noun	15216	24.388
2494	champanhe	0	unk	15198	24.359
2495	torturar	0	verb	15180	24.330
2496	leva	0	noun	15161	24.300
2497	tencionar	0	verb	15145	24.274
2498	resgate	0	unk	15121	24.235
2499	robô	0	unk	15117	24.229
2500	primar	0	verb	15112	24.221
2501	ódio	0	noun	15110	24.218
2502	ross	0	unk	15106	24.211
2503	marco	0	noun	15096	24.195
2504	esquinar	0	verb	15086	24.179
2505	pendurar	0	verb	15084	24.176
2506	nuvem	0	unk	15083	24.175
2507	instalar	0	verb	15075	24.162
2508	cal	0	adj	15074	24.160
2509	sal	0	adj	15065	24.146
2510	sacrificar	0	verb	15063	24.143
2511	açúcar	0	verb	15048	24.118
2512	castigo	0	noun	15040	24.106
2513	absoluto	0	noun	15036	24.099
2514	adiantar	0	verb	15027	24.085
2515	matemático	0	adj	15022	24.077
2516	suar	0	verb	15022	24.077
2517	estacionar	0	verb	15022	24.077
2518	lincoln	0	unk	15020	24.074
2519	lágrima	0	noun	15018	24.070
2520	medicinar	0	verb	15016	24.067
2521	consertar	0	verb	14991	24.027
2522	misterioso	0	adj	14991	24.027
2523	gordon	0	unk	14962	23.981
2524	amarrar	0	verb	14959	23.976
2525	rumor	0	unk	14952	23.965
2526	destruição	0	noun	14943	23.950
2527	fred	0	unk	14941	23.947
2528	pato	0	noun	14941	23.947
2529	sobretudo	0	adj	14926	23.923
2530	nestas	0	unk	14923	23.918
2531	chover	0	verb	14922	23.917
2532	laura	0	noun	14917	23.909
2533	pisar	0	verb	14909	23.896
2534	patético	0	adj	14906	23.891
2535	desfazer	0	verb	14902	23.884
2536	bloco	0	noun	14901	23.883
2537	pormenor	0	unk	14891	23.867
2538	greg	0	unk	14886	23.859
2539	jessica	0	adj	14881	23.851
2540	ritmo	0	noun	14878	23.846
2541	confundir	0	verb	14874	23.840
2542	doc	0	unk	14870	23.833
2543	frango	0	noun	14864	23.824
2544	elemento	0	noun	14845	23.793
2545	zoar	0	verb	14843	23.790
2546	dúzia	0	noun	14842	23.788
2547	multidão	0	noun	14839	23.783
2548	procedimento	0	noun	14837	23.780
2549	condutor	0	unk	14810	23.737
2550	doug	0	unk	14800	23.721
2551	específico	0	adj	14779	23.687
2552	ideal	0	adj	14768	23.670
2553	reforços	0	unk	14760	23.657
2554	aventurar	0	verb	14760	23.657
2555	cerebral	0	adj	14756	23.650
2556	potencial	0	adj	14733	23.614
2557	culpado	0	noun	14720	23.593
2558	sensível	0	adj	14711	23.578
2559	alemanha	0	noun	14695	23.553
2560	afundar	0	verb	14683	23.533
2561	nestes	0	unk	14674	23.519
2562	el	0	unk	14670	23.513
2563	libra	0	noun	14666	23.506
2564	rendar	0	verb	14665	23.505
2565	desmaiar	0	verb	14660	23.497
2566	ramo	0	noun	14659	23.495
2567	aliás	0	unk	14658	23.493
2568	bota	0	noun	14651	23.482
2569	molho	0	noun	14602	23.404
2570	roubado	0	noun	14599	23.399
2571	desafiar	0	verb	14593	23.389
2572	assaltar	0	verb	14567	23.348
2573	hitler	0	verb	14558	23.333
2574	chupar	0	verb	14553	23.325
2575	hei-de	0	unk	14550	23.320
2576	olivia	0	noun	14548	23.317
2577	impressões digitais	1	mwe	14544	23.311
2578	anormal	0	adj	14540	23.304
2579	valioso	0	adj	14535	23.296
2580	lucro	0	noun	14534	23.295
2581	pulmão	0	noun	14533	23.293
2582	espectacular	0	verb	14520	23.272
2583	feiticeiro	0	noun	14516	23.266
2584	inspirar	0	verb	14507	23.251
2585	parto	0	noun	14505	23.248
2586	moral	0	adj	14503	23.245
2587	carrie	0	unk	14491	23.226
2588	conjunto	0	noun	14489	23.223
2589	gaja	0	noun	14483	23.213
2590	aplicar	0	verb	14481	23.210
2591	abraço	0	noun	14467	23.187
2592	vila	0	noun	14465	23.184
2593	ave	0	unk	14463	23.181
2594	fico feliz	1	mwe	14462	23.179
2595	argumento	0	noun	14455	23.168
2596	detido	0	noun	14447	23.155
2597	cueca	0	noun	14441	23.146
2598	coroar	0	verb	14433	23.133
2599	trinta	0	num	14432	23.131
2600	romance	0	unk	14429	23.126
2601	vindo	0	noun	14426	23.122
2602	camisola	0	noun	14424	23.118
2603	sumo	0	noun	14421	23.114
2604	camarada	0	noun	14411	23.097
2605	financeiro	0	noun	14410	23.096
2606	parado	0	noun	14403	23.085
2607	atraente	0	adj	14402	23.083
2608	decente	0	adj	14400	23.080
2609	clássico	0	adj	14385	23.056
2610	igualmente	0	adv	14382	23.051
2611	destruído	0	noun	14375	23.040
2612	milha	0	noun	14368	23.029
2613	asa	0	noun	14343	22.989
2614	alinhar	0	verb	14328	22.964
2615	extraterrestre	0	unk	14323	22.956
2616	juízo	0	noun	14320	22.952
2617	folgar	0	verb	14304	22.926
2618	explorar	0	verb	14280	22.888
2619	demo	0	noun	14272	22.875
2620	disfarce	0	unk	14270	22.872
2621	templo	0	noun	14237	22.819
2622	desporto	0	noun	14232	22.811
2623	expressão	0	noun	14222	22.795
2624	suicidar	0	verb	14216	22.785
2625	urgente	0	adj	14208	22.772
2626	enganado	0	noun	14199	22.758
2627	tremer	0	verb	14173	22.716
2628	johnson	0	unk	14170	22.711
2629	transmissão	0	noun	14154	22.686
2630	boston	0	unk	14148	22.676
2631	amostrar	0	verb	14143	22.668
2632	helen	0	unk	14138	22.660
2633	trânsito	0	noun	14138	22.660
2634	dose	0	unk	14133	22.652
2635	generoso	0	adj	14132	22.650
2636	concerto	0	noun	14130	22.647
2637	trazido	0	noun	14117	22.626
2638	feminino	0	adj	14098	22.596
2639	gerente	0	adj	14090	22.583
2640	aparelho	0	noun	14074	22.557
2641	tecido	0	noun	14052	22.522
2642	prioridade	0	noun	14029	22.485
2643	bond	0	unk	14014	22.461
2644	calado	0	noun	14001	22.440
2645	prever	0	verb	13973	22.395
2646	remover	0	verb	13941	22.344
2647	franco	0	noun	13936	22.336
2648	magnífico	0	adj	13935	22.335
2649	excitar	0	verb	13926	22.320
2650	bastardo	0	noun	13917	22.306
2651	enfim	0	unk	13914	22.301
2652	jamie	0	unk	13913	22.299
2653	prazo	0	noun	13903	22.283
2654	preencher	0	verb	13897	22.274
2655	eleição	0	noun	13884	22.253
2656	meritíssimo	0	noun	13872	22.234
2657	divertido	0	noun	13871	22.232
2658	limitar	0	verb	13871	22.232
2659	vince	0	unk	13866	22.224
2660	esclarecer	0	verb	13865	22.222
2661	lucas	0	unk	13858	22.211
2662	horário	0	noun	13848	22.195
2663	passaporte	0	unk	13848	22.195
2664	doze	0	num	13835	22.174
2665	beth	0	unk	13824	22.157
2666	espanhol	0	unk	13823	22.155
2667	nathan	0	unk	13817	22.145
2668	fornecer	0	verb	13813	22.139
2669	sexta-feira	0	noun	13805	22.126
2670	heroína	0	noun	13788	22.099
2671	uns tempos	1	mwe	13742	22.025
2672	sincronia	0	noun	13736	22.016
2673	ceder	0	verb	13733	22.011
2674	lho	0	noun	13720	21.990
2675	febre	0	unk	13716	21.984
2676	cabana	0	adj	13709	21.972
2677	caos	0	unk	13704	21.964
2678	corrigir	0	verb	13704	21.964
2679	complicado	0	noun	13689	21.940
2680	crítico	0	adj	13688	21.939
2681	moderno	0	noun	13683	21.931
2682	face	0	unk	13675	21.918
2683	abater	0	verb	13657	21.889
2684	terapia	0	noun	13655	21.886
2685	positivo	0	noun	13645	21.870
2686	lato	0	noun	13633	21.851
2687	pastar	0	verb	13626	21.839
2688	fabuloso	0	adj	13625	21.838
2689	tradição	0	noun	13599	21.796
2690	brinde	0	unk	13596	21.791
2691	aceder	0	verb	13596	21.791
2692	estes tipos	1	mwe	13596	21.791
2693	salão	0	noun	13576	21.759
2694	construção	0	noun	13540	21.701
2695	prata	0	noun	13524	21.676
2696	hábito	0	noun	13510	21.653
2697	caverna	0	noun	13503	21.642
2698	cento	0	num	13501	21.639
2699	tigre	0	unk	13488	21.618
2700	carol	0	unk	13480	21.605
2701	leitura	0	noun	13471	21.591
2702	feita	0	noun	13467	21.584
2703	azar	0	verb	13459	21.572
2704	lógico	0	adj	13453	21.562
2705	cruz	0	unk	13450	21.557
2706	caneta	0	noun	13448	21.554
2707	cumprimento	0	noun	13440	21.541
2708	pequenino	0	adj	13434	21.532
2709	eva	0	noun	13429	21.524
2710	charlotte	0	unk	13409	21.492
2711	capar	0	verb	13403	21.482
2712	vossa majestade	1	mwe	13390	21.461
2713	dobrar	0	verb	13388	21.458
2714	cultura	0	noun	13373	21.434
2715	concurso	0	noun	13366	21.423
2716	reacção	0	noun	13363	21.418
2717	perito	0	noun	13362	21.416
2718	portal	0	adj	13358	21.410
2719	equipar	0	verb	13353	21.402
2720	troco	0	noun	13344	21.387
2721	passa	0	noun	13342	21.384
2722	bombeiro	0	noun	13342	21.384
2723	saudades tuas	1	mwe	13340	21.381
2724	rússia	0	noun	13335	21.373
2725	mexicano	0	adj	13330	21.365
2726	enforcar	0	verb	13320	21.349
2727	custo	0	noun	13317	21.344
2728	região	0	noun	13312	21.336
2729	bíblia	0	noun	13294	21.307
2730	sabor	0	unk	13292	21.304
2731	hannah	0	unk	13265	21.261
2732	pneu	0	unk	13264	21.259
2733	arrasar	0	verb	13252	21.240
2734	única maneira	1	mwe	13246	21.230
2735	barato	0	noun	13235	21.213
2736	gatilho	0	noun	13231	21.206
2737	violento	0	noun	13224	21.195
2738	adaptação	0	noun	13220	21.189
2739	rebecca	0	noun	13216	21.182
2740	perfil	0	unk	13205	21.165
2741	teria sido	1	mwe	13197	21.152
2742	tragédia	0	noun	13185	21.133
2743	inspector	0	unk	13179	21.123
2744	congelar	0	verb	13175	21.116
2745	fantasiar	0	verb	13165	21.100
2746	invejar	0	verb	13151	21.078
2747	nessa altura	1	mwe	13134	21.051
2748	assinatura	0	noun	13133	21.049
2749	dexter	0	verb	13121	21.030
2750	interferir	0	verb	13120	21.028
2751	ponho	0	noun	13117	21.024
2752	interno	0	noun	13109	21.011
2753	cerimónia	0	noun	13097	20.991
2754	ofender	0	verb	13097	20.991
2755	ensaio	0	noun	13093	20.985
2756	donna	0	noun	13081	20.966
2757	tiroteio	0	noun	13081	20.966
2758	ian	0	unk	13072	20.951
2759	anne	0	unk	13059	20.931
2760	salário	0	noun	13058	20.929
2761	pénis	0	unk	13057	20.927
2762	aaron	0	unk	13054	20.923
2763	separado	0	noun	13039	20.899
2764	científico	0	adj	13039	20.899
2765	selva	0	noun	13029	20.882
2766	dez minutos	1	mwe	13027	20.879
2767	césar	0	verb	13024	20.874
2768	leal	0	adj	13019	20.866
2769	felizmente	0	adv	13013	20.857
2770	ron	0	unk	13013	20.857
2771	indivíduo	0	noun	13006	20.846
2772	posse	0	unk	13004	20.842
2773	pontapé	0	unk	13001	20.838
2774	nate	0	unk	12995	20.828
2775	infância	0	noun	12994	20.826
2776	oficialmente	0	adv	12984	20.810
2777	las vegas	1	mwe	12978	20.801
2778	connor	0	unk	12956	20.765
2779	transferência	0	noun	12954	20.762
2780	alteza	0	noun	12953	20.761
2781	preferido	0	noun	12945	20.748
2782	intervalo	0	noun	12932	20.727
2783	beco	0	noun	12927	20.719
2784	poço	0	noun	12927	20.719
2785	jordan	0	unk	12914	20.698
2786	egoísta	0	noun	12908	20.689
2787	sobrar	0	verb	12908	20.689
2788	feliz natal	1	mwe	12902	20.679
2789	uns minutos	1	mwe	12901	20.677
2790	estai	0	unk	12897	20.671
2791	bosque	0	unk	12894	20.666
2792	muro	0	noun	12889	20.658
2793	ação	0	noun	12876	20.637
2794	casino	0	adj	12871	20.629
2795	munições	0	noun	12859	20.610
2796	sheldon	0	unk	12846	20.589
2797	avariar	0	verb	12844	20.586
2798	acordado	0	noun	12819	20.546
2799	trono	0	noun	12817	20.543
2800	cêntimo	0	noun	12817	20.543
2801	palerma	0	noun	12807	20.527
2802	batido	0	noun	12804	20.522
2803	capital	0	adj	12787	20.495
2804	endereço	0	noun	12781	20.485
2805	tensão	0	noun	12769	20.466
2806	divorciar	0	verb	12765	20.459
2807	infiltrar	0	verb	12764	20.458
2808	encarar	0	verb	12760	20.451
2809	espiar	0	verb	12753	20.440
2810	sincronizado	0	noun	12740	20.419
2811	altamente	0	adv	12737	20.414
2812	união	0	noun	12736	20.413
2813	ocasião	0	noun	12730	20.403
2814	despir	0	verb	12720	20.387
2815	ha	0	unk	12704	20.362
2816	interpretar	0	verb	12700	20.355
2817	dês	0	adj	12699	20.354
2818	existência	0	noun	12698	20.352
2819	voluntário	0	noun	12691	20.341
2820	embaixador	0	noun	12686	20.333
2821	óleo	0	noun	12682	20.326
2822	básico	0	adj	12679	20.322
2823	toalha	0	noun	12671	20.309
2824	oxigénio	0	noun	12664	20.297
2825	assassinado	0	noun	12654	20.281
2826	placa	0	noun	12647	20.270
2827	vendido	0	noun	12647	20.270
2828	vendedor	0	noun	12640	20.259
2829	pintura	0	noun	12638	20.256
2830	tranquilo	0	noun	12636	20.253
2831	mason	0	unk	12627	20.238
2832	turma	0	noun	12622	20.230
2833	parente	0	adj	12622	20.230
2834	ninar	0	verb	12621	20.229
2835	abrandar	0	verb	12621	20.229
2836	invasão	0	noun	12618	20.224
2837	miserável	0	adj	12618	20.224
2838	grego	0	noun	12618	20.224
2839	nomear	0	verb	12601	20.196
2840	recordação	0	noun	12600	20.195
2841	confissão	0	noun	12592	20.182
2842	literalmente	0	adv	12562	20.134
2843	cabina	0	adj	12555	20.123
2844	custódio	0	noun	12554	20.121
2845	amoroso	0	adj	12554	20.121
2846	primaverar	0	verb	12550	20.115
2847	jacob	0	unk	12550	20.115
2848	roda	0	noun	12547	20.110
2849	dali	0	unk	12544	20.105
2850	aconselhar	0	verb	12544	20.105
2851	definir	0	verb	12540	20.099
2852	cano	0	adj	12512	20.054
2853	aparência	0	noun	12510	20.051
2854	contudo	0	conj	12486	20.012
2855	principalmente	0	adv	12481	20.004
2856	descontrair	0	verb	12475	19.995
2857	lutador	0	noun	12470	19.987
2858	fraqueza	0	noun	12468	19.983
2859	detrás	0	unk	12463	19.975
2860	isolar	0	verb	12462	19.974
2861	descoberto	0	noun	12456	19.964
2862	castigar	0	verb	12456	19.964
2863	apanho	0	noun	12448	19.951
2864	encaixar	0	verb	12434	19.929
2865	conclusão	0	noun	12431	19.924
2866	prático	0	adj	12428	19.919
2867	pesado	0	noun	12423	19.911
2868	estratégia	0	noun	12421	19.908
2869	conde	0	unk	12404	19.881
2870	miles	0	unk	12402	19.878
2871	comissário	0	noun	12402	19.878
2872	coluna	0	noun	12401	19.876
2873	solar	0	verb	12398	19.871
2874	maçã	0	unk	12385	19.850
2875	temporada	0	noun	12384	19.849
2876	jess	0	unk	12383	19.847
2877	imaginação	0	noun	12372	19.829
2878	figurar	0	verb	12362	19.813
2879	agendar	0	verb	12360	19.810
2880	urgência	0	noun	12357	19.805
2881	candidato	0	noun	12352	19.797
2882	precisamente	0	adv	12345	19.786
2883	quinn	0	unk	12337	19.773
2884	histórico	0	adj	12328	19.759
2885	diminuir	0	verb	12324	19.753
2886	perímetro	0	noun	12323	19.751
2887	lance	0	unk	12323	19.751
2888	rips	0	unk	12310	19.730
2889	impacto	0	noun	12300	19.714
2890	investir	0	verb	12299	19.712
2891	envenenar	0	verb	12299	19.712
2892	esquema	0	noun	12287	19.693
2893	recrutar	0	verb	12283	19.687
2894	reclamar	0	verb	12282	19.685
2895	mirar	0	verb	12265	19.658
2896	chip	0	unk	12260	19.650
2897	taco	0	noun	12255	19.642
2898	lou	0	unk	12227	19.597
2899	competição	0	noun	12227	19.597
2900	cristão	0	noun	12226	19.595
2901	uísque	0	unk	12225	19.594
2902	desiludir	0	verb	12222	19.589
2903	estupidez	0	unk	12218	19.583
2904	cirurgião	0	noun	12217	19.581
2905	cegar	0	verb	12209	19.568
2906	pt-subs rips	1	mwe	12202	19.557
2907	porém	0	conj	12190	19.538
2908	nascido	0	noun	12178	19.519
2909	homer	0	verb	12174	19.512
2910	amarelo	0	noun	12173	19.511
2911	expor	0	unk	12172	19.509
2912	pregar	0	verb	12171	19.507
2913	tarte	0	unk	12169	19.504
2914	rejeitar	0	verb	12166	19.499
2915	hum	0	intj	12158	19.486
2916	bestial	0	adj	12158	19.486
2917	recomeçar	0	verb	12144	19.464
2918	confidencial	0	adj	12128	19.438
2919	duche	0	unk	12122	19.429
2920	requerer	0	verb	12117	19.421
2921	noção	0	noun	12116	19.419
2922	fraude	0	unk	12114	19.416
2923	mac	0	unk	12109	19.408
2924	comentário	0	noun	12096	19.387
2925	indústria	0	noun	12094	19.384
2926	sortudo	0	adj	12069	19.344
2927	invisível	0	adj	12041	19.299
2928	golfe	0	unk	12039	19.296
2929	anão	0	noun	12033	19.286
2930	disparo	0	noun	12032	19.285
2931	logan	0	unk	12022	19.268
2932	probabilidade	0	noun	12020	19.265
2933	guardião	0	noun	12018	19.262
2934	moço	0	noun	12003	19.238
2935	atento	0	noun	11998	19.230
2936	receitar	0	verb	11996	19.227
2937	irlandês	0	adj	11993	19.222
2938	ofensa	0	noun	11987	19.212
2939	sino	0	adj	11970	19.185
2940	sintoma	0	noun	11969	19.184
2941	vigia	0	noun	11963	19.174
2942	formação	0	noun	11952	19.156
2943	espingarda	0	noun	11950	19.153
2944	há-de	0	unk	11925	19.113
2945	absurdo	0	noun	11924	19.111
2946	manipular	0	verb	11918	19.102
2947	motel	0	unk	11915	19.097
2948	influência	0	noun	11915	19.097
2949	espera	0	noun	11898	19.070
2950	tomo	0	noun	11893	19.062
2951	conselheiro	0	noun	11887	19.052
2952	harold	0	unk	11883	19.046
2953	bauer	0	verb	11873	19.030
2954	erguer	0	verb	11869	19.023
2955	consumir	0	verb	11867	19.020
2956	psiquiatro	0	noun	11860	19.009
2957	frigorífico	0	adj	11858	19.006
2958	tecnicamente	0	adv	11849	18.991
2959	aliviar	0	verb	11848	18.990
2960	planta	0	noun	11845	18.985
2961	repúblico	0	adj	11838	18.974
2962	fruta	0	noun	11826	18.954
2963	aranha	0	noun	11822	18.948
2964	raios partam	1	mwe	11816	18.938
2965	davis	0	unk	11812	18.932
2966	gerar	0	verb	11806	18.922
2967	catherine	0	unk	11802	18.916
2968	fugitivo	0	noun	11800	18.913
2969	grant	0	unk	11796	18.906
2970	nazi	0	unk	11796	18.906
2971	tapete	0	unk	11795	18.905
2972	sagrar	0	verb	11784	18.887
2973	conspiração	0	noun	11756	18.842
2974	enviado	0	noun	11748	18.829
2975	revolução	0	noun	11738	18.813
2976	barata	0	noun	11727	18.796
2977	administração	0	noun	11724	18.791
2978	lama	0	noun	11721	18.786
2979	aposta	0	noun	11710	18.768
2980	genial	0	adj	11706	18.762
2981	bife	0	unk	11700	18.752
2982	combinação	0	noun	11699	18.751
2983	estável	0	adj	11697	18.748
2984	relacionar	0	verb	11697	18.748
2985	década	0	noun	11689	18.735
2986	governar	0	verb	11682	18.724
2987	sacar	0	verb	11675	18.712
2988	bandeirar	0	verb	11671	18.706
2989	religião	0	noun	11671	18.706
2990	relacionamento	0	noun	11669	18.703
2991	detetive	0	unk	11666	18.698
2992	propriamente	0	adv	11664	18.695
2993	submarino	0	adj	11663	18.693
2994	comandar	0	verb	11651	18.674
2995	abelha	0	noun	11649	18.671
2996	personalidade	0	noun	11647	18.667
2997	inconsciente	0	adj	11640	18.656
2998	earl	0	unk	11638	18.653
2999	piso	0	noun	11635	18.648
3000	setembro	0	noun	11630	18.640
3001	competir	0	verb	11630	18.640
3002	acontecimento	0	noun	11622	18.627
3003	manteiga	0	noun	11607	18.603
3004	visual	0	adj	11605	18.600
3005	insultar	0	verb	11603	18.597
3006	asneiro	0	noun	11601	18.594
3007	esperta	0	noun	11600	18.592
3008	linguagem	0	noun	11600	18.592
3009	nascimento	0	noun	11598	18.589
3010	trato disto	1	mwe	11596	18.586
3011	bilião	0	num	11595	18.584
3012	luxo	0	noun	11592	18.579
3013	vago	0	noun	11592	18.579
3014	nojo	0	noun	11590	18.576
3015	possivelmente	0	adv	11584	18.566
3016	interrogatório	0	noun	11573	18.549
3017	jedi	0	unk	11569	18.542
3018	habitual	0	adj	11554	18.518
3019	laranja	0	noun	11553	18.517
3020	religioso	0	adj	11553	18.517
3021	norman	0	unk	11550	18.512
3022	bonnie	0	unk	11545	18.504
3023	agradecido	0	noun	11539	18.494
3024	rumo	0	noun	11530	18.480
3025	exposição	0	noun	11524	18.470
3026	michelle	0	unk	11520	18.464
3027	cavar	0	verb	11520	18.464
3028	amável	0	adj	11514	18.454
3029	huh	0	unk	11513	18.453
3030	caroline	0	unk	11495	18.424
3031	concluir	0	verb	11478	18.397
3032	pecado	0	noun	11477	18.395
3033	canhão	0	noun	11472	18.387
3034	ritual	0	adj	11465	18.376
3035	cocaína	0	noun	11461	18.369
3036	depoimento	0	noun	11438	18.332
3037	detenção	0	noun	11438	18.332
3038	condicional	0	adj	11435	18.328
3039	caridade	0	noun	11426	18.313
3040	lesão	0	noun	11426	18.313
3041	mochila	0	noun	11422	18.307
3042	japonesar	0	verb	11409	18.286
3043	apresentação	0	noun	11401	18.273
3044	hã	0	unk	11397	18.267
3045	alienígena	0	noun	11389	18.254
3046	complexo	0	noun	11384	18.246
3047	radiação	0	noun	11381	18.241
3048	gerir	0	verb	11379	18.238
3049	olhadela	0	noun	11377	18.235
3050	cemitério	0	noun	11376	18.233
3051	reconhecimento	0	noun	11368	18.220
3052	colina	0	adj	11365	18.215
3053	órgão	0	noun	11364	18.214
3054	actividade	0	noun	11358	18.204
3055	evacuar	0	verb	11342	18.179
3056	fascinante	0	unk	11339	18.174
3057	distante	0	unk	11338	18.172
3058	doloroso	0	adj	11338	18.172
3059	vice-presidente	0	adj	11336	18.169
3060	basebol	0	unk	11331	18.161
3061	colher	0	verb	11330	18.159
3062	sector	0	unk	11327	18.155
3063	vital	0	adj	11327	18.155
3064	angela	0	noun	11324	18.150
3065	exposto	0	noun	11319	18.142
3066	jóias	0	unk	11310	18.127
3067	respiração	0	noun	11306	18.121
3068	direção	0	noun	11294	18.102
3069	bart	0	unk	11282	18.082
3070	pacífico	0	adj	11275	18.071
3071	cenário	0	noun	11267	18.058
3072	lembrança	0	noun	11261	18.049
3073	caixão	0	noun	11255	18.039
3074	almirante	0	unk	11249	18.030
3075	rapto	0	noun	11248	18.028
3076	terror	0	unk	11247	18.026
3077	biscoito	0	noun	11245	18.023
3078	japão	0	noun	11241	18.017
3079	empréstimo	0	noun	11211	17.969
3080	academia	0	noun	11208	17.964
3081	tribo	0	noun	11200	17.951
3082	delicado	0	noun	11184	17.925
3083	conceder	0	verb	11182	17.922
3084	curvar	0	verb	11178	17.916
3085	audição	0	noun	11161	17.889
3086	feirar	0	verb	11152	17.874
3087	kg	0	unk	11135	17.847
3088	ginásio	0	noun	11131	17.840
3089	petróleo	0	noun	11124	17.829
3090	dale	0	unk	11111	17.808
3091	conflito	0	noun	11111	17.808
3092	booth	0	unk	11108	17.804
3093	recorde	0	unk	11108	17.804
3094	marie	0	unk	11105	17.799
3095	manual	0	adj	11102	17.794
3096	lâmina	0	adj	11102	17.794
3097	gravidade	0	noun	11101	17.792
3098	elevar	0	verb	11097	17.786
3099	sobrevivência	0	noun	11087	17.770
3100	firmar	0	verb	11076	17.752
3101	viúvo	0	noun	11076	17.752
3102	avaliar	0	verb	11071	17.744
3103	típico	0	adj	11048	17.707
3104	gota	0	noun	11044	17.701
3105	berlim	0	unk	11040	17.695
3106	coordenada	0	noun	11039	17.693
3107	população	0	noun	11039	17.693
3108	psicopata	0	noun	11039	17.693
3109	palpite	0	unk	11038	17.691
3110	excitante	0	unk	11036	17.688
3111	excelência	0	noun	11009	17.645
3112	damon	0	unk	11007	17.642
3113	contagem	0	noun	10998	17.627
3114	geralmente	0	adv	10997	17.626
3115	site	0	unk	10984	17.605
3116	músculo	0	noun	10983	17.603
3117	sensual	0	adj	10980	17.598
3118	pirar	0	verb	10977	17.594
3119	albert	0	unk	10974	17.589
3120	gravata	0	noun	10957	17.562
3121	infantil	0	unk	10948	17.547
3122	aço	0	noun	10941	17.536
3123	stephen	0	unk	10937	17.529
3124	inicial	0	adj	10931	17.520
3125	descanso	0	noun	10929	17.517
3126	oração	0	noun	10925	17.510
3127	elegante	0	unk	10916	17.496
3128	folhar	0	verb	10910	17.486
3129	desagradável	0	adj	10902	17.473
3130	brad	0	unk	10890	17.454
3131	conversa	0	noun	10876	17.432
3132	hemorragia	0	noun	10844	17.380
3133	procurador	0	noun	10842	17.377
3134	padrinho	0	adj	10841	17.376
3135	crânio	0	noun	10833	17.363
3136	crescido	0	noun	10831	17.360
3137	engenheiro	0	noun	10828	17.355
3138	piano	0	adj	10820	17.342
3139	túmulo	0	noun	10818	17.339
3140	esquadrão	0	noun	10814	17.332
3141	ajuda	0	adj	10813	17.331
3142	sai daí	1	mwe	10812	17.329
3143	malvado	0	noun	10810	17.326
3144	esconderijo	0	noun	10809	17.324
3145	aborrecer	0	verb	10807	17.321
3146	steven	0	unk	10806	17.320
3147	molhar	0	verb	10799	17.308
3148	fiel	0	unk	10791	17.295
3149	lutar contra	1	mwe	10762	17.249
3150	teus olhos	1	mwe	10761	17.247
3151	abanar	0	verb	10759	17.244
3152	taça	0	noun	10754	17.236
3153	legítimo	0	noun	10748	17.227
3154	sensor	0	unk	10746	17.223
3155	matéria	0	noun	10743	17.219
3156	verme	0	unk	10740	17.214
3157	alô	0	unk	10738	17.211
3158	honestamente	0	adv	10734	17.204
3159	circo	0	noun	10727	17.193
3160	cumprimentar	0	verb	10724	17.188
3161	mulder	0	verb	10718	17.178
3162	laço	0	noun	10718	17.178
3163	treva	0	noun	10716	17.175
3164	emocional	0	adj	10707	17.161
3165	dessa maneira	1	mwe	10695	17.142
3166	razoável	0	adj	10693	17.138
3167	malcolm	0	unk	10690	17.134
3168	minhas mãos	1	mwe	10681	17.119
3169	castle	0	unk	10668	17.098
3170	ferida	0	noun	10662	17.089
3171	descarregar	0	verb	10662	17.089
3172	constar	0	verb	10658	17.082
3173	fígado	0	noun	10649	17.068
3174	telefónico	0	adj	10648	17.066
3175	despertar	0	verb	10645	17.061
3176	festejar	0	verb	10638	17.050
3177	ned	0	unk	10629	17.036
3178	velar	0	verb	10626	17.031
3179	mergulhar	0	verb	10618	17.018
3180	fuzileiro	0	noun	10613	17.010
3181	redor	0	noun	10605	16.997
3182	embaixada	0	noun	10605	16.997
3183	emitir	0	verb	10589	16.972
3184	joseph	0	unk	10587	16.969
3185	verdadeiramente	0	adv	10582	16.960
3186	luto	0	noun	10581	16.959
3187	luvas	0	unk	10580	16.957
3188	shane	0	unk	10579	16.956
3189	estruturar	0	verb	10579	16.956
3190	sábio	0	noun	10573	16.946
3191	ihe	0	unk	10570	16.941
3192	congresso	0	noun	10570	16.941
3193	instrumento	0	noun	10566	16.935
3194	ellen	0	unk	10559	16.924
3195	capítulo	0	noun	10558	16.922
3196	biológico	0	adj	10557	16.920
3197	cristal	0	adj	10554	16.916
3198	desesperado	0	noun	10554	16.916
3199	jean	0	unk	10548	16.906
3200	justin	0	unk	10538	16.890
3201	travis	0	unk	10535	16.885
3202	alimento	0	noun	10527	16.872
3203	julho	0	noun	10525	16.869
3204	pastor	0	unk	10515	16.853
3205	atropelar	0	verb	10513	16.850
3206	aumento	0	noun	10511	16.847
3207	investimento	0	noun	10510	16.845
3208	oposto	0	noun	10504	16.835
3209	criminal	0	adj	10499	16.827
3210	desapontar	0	verb	10490	16.813
3211	adiar	0	verb	10481	16.799
3212	quarta	0	noun	10479	16.795
3213	debater	0	verb	10474	16.787
3214	amanhecer	0	verb	10469	16.779
3215	distrito	0	noun	10467	16.776
3216	amostra	0	noun	10439	16.731
3217	feliz aniversário	1	mwe	10429	16.715
3218	cozinheiro	0	noun	10412	16.688
3219	jennifer	0	verb	10406	16.678
3220	russell	0	unk	10406	16.678
3221	rotina	0	adj	10404	16.675
3222	gene	0	unk	10403	16.674
3223	colónia	0	noun	10395	16.661
3224	banheira	0	noun	10391	16.654
3225	privacidade	0	noun	10389	16.651
3226	intenso	0	noun	10389	16.651
3227	unhar	0	verb	10387	16.648
3228	tchau	0	intj	10386	16.646
3229	lex	0	unk	10376	16.630
3230	mamãe	0	unk	10373	16.626
3231	doar	0	verb	10370	16.621
3232	más notícias	1	mwe	10356	16.598
3233	dobro	0	noun	10354	16.595
3234	alfa	0	noun	10340	16.573
3235	educar	0	verb	10336	16.566
3236	itália	0	noun	10327	16.552
3237	hill	0	unk	10325	16.549
3238	misericórdia	0	noun	10310	16.525
3239	mota	0	noun	10309	16.523
3240	travar	0	verb	10301	16.510
3241	radar	0	verb	10300	16.509
3242	ambos sabemos	1	mwe	10297	16.504
3243	percorrer	0	verb	10291	16.494
3244	genético	0	adj	10280	16.476
3245	relvar	0	verb	10279	16.475
3246	mamar	0	verb	10279	16.475
3247	castanho	0	noun	10271	16.462
3248	escolha	0	noun	10265	16.452
3249	saia	0	noun	10259	16.443
3250	dennis	0	unk	10258	16.441
3251	mitch	0	unk	10245	16.420
3252	íntimo	0	noun	10243	16.417
3253	cuidado	0	noun	10242	16.416
3254	maio	0	noun	10242	16.416
3255	abusar	0	verb	10238	16.409
3256	gémeo	0	noun	10231	16.398
3257	cuspir	0	verb	10228	16.393
3258	temporário	0	noun	10226	16.390
3259	bolacha	0	noun	10224	16.387
3260	sophie	0	unk	10223	16.385
3261	francis	0	unk	10223	16.385
3262	condução	0	noun	10223	16.385
3263	juramento	0	noun	10222	16.384
3264	hein	0	unk	10219	16.379
3265	elefante	0	unk	10209	16.363
3266	indiano	0	adj	10207	16.359
3267	resgatar	0	verb	10202	16.351
3268	margem	0	unk	10201	16.350
3269	noticiar	0	verb	10200	16.348
3270	beirar	0	verb	10177	16.311
3271	economia	0	noun	10169	16.299
3272	actor	0	unk	10164	16.291
3273	naquilo	0	pron	10158	16.281
3274	mecânico	0	adj	10158	16.281
3275	recear	0	verb	10149	16.266
3276	reverendo	0	noun	10148	16.265
3277	novato	0	noun	10148	16.265
3278	curiosidade	0	noun	10144	16.258
3279	informador	0	noun	10139	16.250
3280	atacado	0	noun	10137	16.247
3281	horror	0	unk	10130	16.236
3282	cinza	0	noun	10114	16.210
3283	salada	0	noun	10109	16.202
3284	próxima semana	1	mwe	10107	16.199
3285	comprometer	0	verb	10095	16.180
3286	letra	0	noun	10092	16.175
3287	green	0	unk	10091	16.174
3288	semente	0	adv	10088	16.169
3289	distintivo	0	noun	10081	16.158
3290	jonathan	0	unk	10075	16.148
3291	ângulo	0	noun	10075	16.148
3292	pressentimento	0	noun	10069	16.138
3293	sagrado	0	noun	10068	16.137
3294	herdeiro	0	noun	10064	16.130
3295	acorde	0	unk	10059	16.122
3296	secar	0	verb	10058	16.121
3297	procura	0	noun	10052	16.111
3298	profissão	0	noun	10042	16.095
3299	martha	0	noun	10039	16.090
3300	supremo	0	noun	10034	16.082
3301	ex	0	unk	10032	16.079
3302	sugestão	0	noun	10030	16.076
3303	leves	0	unk	10022	16.063
3304	adaptar	0	verb	10022	16.063
3305	suas mãos	1	mwe	10022	16.063
3306	obrigação	0	noun	10020	16.060
3307	católico	0	adj	10020	16.060
3308	execução	0	noun	10016	16.053
3309	ilusão	0	noun	10011	16.045
3310	stress	0	unk	10004	16.034
3311	esgotar	0	verb	10003	16.032
3312	meios	0	unk	9999	16.026
3313	poema	0	noun	9996	16.021
3314	recepção	0	noun	9995	16.020
3315	gabar	0	verb	9991	16.013
3316	tumor	0	unk	9990	16.012
3317	justa	0	noun	9989	16.010
3318	monsieur	0	unk	9988	16.008
3319	suave	0	unk	9988	16.008
3320	senado	0	noun	9986	16.005
3321	in	0	unk	9982	15.999
3322	publicidade	0	noun	9982	15.999
3323	todd	0	unk	9979	15.994
3324	fofo	0	noun	9978	15.992
3325	ligações	0	noun	9975	15.988
3326	leu	0	unk	9974	15.986
3327	soviético	0	adj	9974	15.986
3328	descrição	0	noun	9973	15.984
3329	esfregar	0	verb	9972	15.983
3330	masculino	0	adj	9970	15.980
3331	aliado	0	noun	9966	15.973
3332	quinze	0	num	9963	15.968
3333	conduta	0	noun	9958	15.960
3334	lamber	0	verb	9953	15.952
3335	frasco	0	noun	9951	15.949
3336	vestígio	0	noun	9950	15.948
3337	êxito	0	noun	9928	15.912
3338	global	0	adj	9919	15.898
3339	ronnie	0	unk	9917	15.895
3340	campeonato	0	noun	9913	15.888
3341	boneco	0	noun	9913	15.888
3342	lento	0	noun	9904	15.874
3343	agressivo	0	noun	9898	15.864
3344	margaret	0	unk	9875	15.827
3345	àquele	0	unk	9872	15.823
3346	produtor	0	unk	9869	15.818
3347	ámen	0	unk	9863	15.808
3348	ninho	0	adj	9863	15.808
3349	garra	0	noun	9856	15.797
3350	espanha	0	noun	9855	15.795
3351	líquido	0	noun	9854	15.794
3352	tara	0	noun	9850	15.787
3353	focar	0	verb	9842	15.774
3354	punho	0	noun	9839	15.770
3355	peru	0	unk	9838	15.768
3356	diana	0	adj	9834	15.762
3357	meta	0	noun	9819	15.738
3358	executivo	0	noun	9817	15.734
3359	olhado	0	noun	9812	15.726
3360	letras	0	unk	9808	15.720
3361	folha	0	noun	9808	15.720
3362	mosca	0	noun	9804	15.714
3363	restante	0	unk	9802	15.710
3364	francamente	0	adv	9796	15.701
3365	murro	0	noun	9782	15.678
3366	sentença	0	noun	9771	15.661
3367	diego	0	noun	9770	15.659
3368	circuito	0	noun	9758	15.640
3369	naturalmente	0	adv	9751	15.629
3370	mina	0	adj	9749	15.625
3371	gelado	0	noun	9737	15.606
3372	ministério	0	noun	9734	15.601
3373	stefan	0	unk	9729	15.593
3374	segunda-feira	0	noun	9720	15.579
3375	ameaça	0	noun	9717	15.574
3376	prejudicar	0	verb	9714	15.569
3377	substituto	0	noun	9713	15.568
3378	matrícula	0	noun	9712	15.566
3379	encobrir	0	verb	9710	15.563
3380	espreitar	0	verb	9708	15.560
3381	h h	1	mwe	9708	15.560
3382	medida	0	noun	9700	15.547
3383	semelhante	0	unk	9694	15.537
3384	ousar	0	verb	9674	15.505
3385	lord	0	unk	9670	15.499
3386	inferior	0	unk	9669	15.497
3387	levado	0	noun	9665	15.491
3388	seth	0	unk	9663	15.488
3389	miar	0	verb	9663	15.488
3390	tristeza	0	noun	9662	15.486
3391	sande	0	unk	9658	15.480
3392	espancar	0	verb	9656	15.476
3393	papelada	0	noun	9649	15.465
3394	cameron	0	unk	9644	15.457
3395	objecto	0	noun	9641	15.452
3396	infecção	0	noun	9629	15.433
3397	actual	0	adj	9627	15.430
3398	sequência	0	noun	9624	15.425
3399	impulso	0	noun	9621	15.420
3400	elogio	0	noun	9612	15.406
3401	eternidade	0	noun	9609	15.401
3402	lana	0	adj	9604	15.393
3403	magro	0	noun	9595	15.379
3404	quietar	0	verb	9592	15.374
3405	gabriel	0	unk	9591	15.372
3406	iraque	0	unk	9587	15.366
3407	ana	0	adj	9577	15.350
3408	comprometido	0	noun	9574	15.345
3409	duque	0	unk	9570	15.338
3410	manchar	0	verb	9570	15.338
3411	autoestrada	0	noun	9565	15.330
3412	abertura	0	noun	9564	15.329
3413	desfrutar	0	verb	9560	15.322
3414	ditar	0	verb	9557	15.318
3415	flash	0	unk	9555	15.314
3416	ajoelhar	0	verb	9555	15.314
3417	avaliação	0	noun	9532	15.278
3418	terço	0	noun	9529	15.273
3419	gado	0	noun	9519	15.257
3420	encarregar	0	verb	9519	15.257
3421	corretar	0	verb	9518	15.255
3422	es	0	unk	9513	15.247
3423	nervo	0	noun	9505	15.234
3424	espetar	0	verb	9497	15.221
3425	megan	0	unk	9491	15.212
3426	sereno	0	noun	9467	15.173
3427	condenado	0	noun	9466	15.172
3428	corresponder	0	verb	9464	15.169
3429	adiante	0	adv	9461	15.164
3430	holmes	0	unk	9459	15.161
3431	macho	0	noun	9450	15.146
3432	babar	0	verb	9448	15.143
3433	evan	0	unk	9433	15.119
3434	perseguição	0	noun	9426	15.108
3435	errar	0	verb	9422	15.101
3436	mna	0	noun	9420	15.098
3437	ruim	0	unk	9415	15.090
3438	segure	0	unk	9413	15.087
3439	bishop	0	unk	9412	15.085
3440	meio-dia	0	noun	9407	15.077
3441	abatido	0	noun	9405	15.074
3442	baleia	0	noun	9394	15.056
3443	envelhecer	0	verb	9392	15.053
3444	plataforma	0	noun	9389	15.048
3445	colaborar	0	verb	9378	15.031
3446	criação	0	noun	9377	15.029
3447	manhattan	0	unk	9363	15.007
3448	tortura	0	noun	9354	14.992
3449	disposição	0	noun	9342	14.973
3450	dica	0	adj	9342	14.973
3451	incendiar	0	verb	9337	14.965
3452	agressão	0	noun	9333	14.959
3453	nicole	0	unk	9321	14.939
3454	rasgar	0	verb	9318	14.935
3455	diretor	0	unk	9316	14.931
3456	repórter	0	verb	9312	14.925
3457	lanterna	0	noun	9311	14.923
3458	hóspede	0	unk	9311	14.923
3459	implicar	0	verb	9310	14.922
3460	galáxia	0	noun	9302	14.909
3461	encantar	0	verb	9296	14.899
3462	capacete	0	unk	9285	14.882
3463	victoria	0	noun	9280	14.874
3464	fechadura	0	noun	9274	14.864
3465	surdo	0	noun	9268	14.854
3466	atar	0	verb	9263	14.846
3467	salvador	0	noun	9262	14.845
3468	suspenso	0	noun	9260	14.842
3469	little	0	unk	9254	14.832
3470	anónimo	0	noun	9247	14.821
3471	sólido	0	noun	9245	14.818
3472	falecido	0	noun	9244	14.816
3473	pego	0	noun	9237	14.805
3474	cúmplice	0	noun	9226	14.787
3475	grátis	0	unk	9217	14.773
3476	apuro	0	noun	9217	14.773
3477	fichar	0	verb	9215	14.770
3478	miolo	0	noun	9214	14.768
3479	fico contente	1	mwe	9213	14.766
3480	satisfazer	0	verb	9209	14.760
3481	vulnerável	0	adj	9203	14.750
3482	investigador	0	noun	9197	14.741
3483	so	0	unk	9195	14.737
3484	lentamente	0	adv	9195	14.737
3485	boas-vindas	0	unk	9191	14.731
3486	escoltar	0	verb	9190	14.729
3487	familia	0	noun	9174	14.704
3488	drama	0	noun	9170	14.697
3489	desesperar	0	verb	9170	14.697
3490	comprido	0	noun	9169	14.696
3491	jill	0	unk	9161	14.683
3492	levem-no	0	noun	9155	14.673
3493	tuas mãos	1	mwe	9152	14.669
3494	estátua	0	noun	9151	14.667
3495	pilotar	0	verb	9151	14.667
3496	águia	0	noun	9150	14.665
3497	adversário	0	noun	9149	14.664
3498	praga	0	noun	9148	14.662
3499	referência	0	noun	9142	14.653
3500	discreto	0	noun	9138	14.646
3501	palmer	0	verb	9136	14.643
3502	electricidade	0	noun	9133	14.638
3503	torto	0	noun	9132	14.636
3504	potter	0	verb	9128	14.630
3505	velhos tempos	1	mwe	9125	14.625
3506	elliot	0	unk	9119	14.616
3507	piedade	0	noun	9115	14.609
3508	gerador	0	noun	9115	14.609
3509	marte	0	unk	9112	14.604
3510	medalhar	0	verb	9110	14.601
3511	fada	0	noun	9109	14.600
3512	permanente	0	adj	9105	14.593
3513	sobremesa	0	adj	9103	14.590
3514	banana	0	adj	9100	14.585
3515	raiz	0	unk	9092	14.572
3516	eventualmente	0	adv	9088	14.566
3517	chocar	0	verb	9085	14.561
3518	testamento	0	noun	9082	14.556
3519	amador	0	noun	9080	14.553
3520	ford	0	unk	9077	14.548
3521	derreter	0	verb	9077	14.548
3522	lixado	0	noun	9068	14.534
3523	adquirir	0	verb	9067	14.532
3524	outubro	0	noun	9063	14.526
3525	corrida	0	noun	9063	14.526
3526	harris	0	unk	9057	14.516
3527	sucedido	0	noun	9055	14.513
3528	negociação	0	noun	9051	14.507
3529	lido	0	noun	9049	14.503
3530	pastilha	0	noun	9040	14.489
3531	àquela	0	noun	9039	14.487
3532	tímido	0	noun	9034	14.479
3533	autêntico	0	adj	9031	14.475
3534	turner	0	verb	9027	14.468
3535	ta	0	unk	9026	14.467
3536	expulso	0	noun	9021	14.459
3537	musical	0	adj	9020	14.457
3538	tinir	0	verb	9017	14.452
3539	facilitar	0	verb	9002	14.428
3540	disfarçar	0	verb	8996	14.419
3541	independente	0	adj	8995	14.417
3542	candidatar	0	verb	8994	14.415
3543	collins	0	unk	8993	14.414
3544	acrescentar	0	verb	8991	14.410
3545	agitar	0	verb	8985	14.401
3546	are	0	unk	8979	14.391
3547	entusiasmar	0	verb	8977	14.388
3548	cooperar	0	verb	8973	14.382
3549	profundamente	0	adv	8969	14.375
3550	benefício	0	noun	8963	14.366
3551	aberração	0	noun	8959	14.359
3552	protesto	0	noun	8958	14.358
3553	despesa	0	adj	8953	14.350
3554	gancho	0	noun	8953	14.350
3555	colecção	0	noun	8948	14.342
3556	portátil	0	unk	8948	14.342
3557	martelo	0	noun	8944	14.335
3558	enrolar	0	verb	8940	14.329
3559	sid	0	unk	8938	14.326
3560	pedrado	0	noun	8938	14.326
3561	chase	0	unk	8937	14.324
3562	digno	0	noun	8935	14.321
3563	incapaz	0	unk	8934	14.319
3564	oxalá	0	intj	8932	14.316
3565	embaraçoso	0	adj	8932	14.316
3566	álbum	0	unk	8932	14.316
3567	mitchell	0	unk	8931	14.314
3568	blair	0	verb	8930	14.313
3569	florido	0	noun	8927	14.308
3570	moscovo	0	noun	8925	14.305
3571	ajustar	0	verb	8925	14.305
3572	creme	0	unk	8918	14.293
3573	civilização	0	noun	8918	14.293
3574	gus	0	unk	8915	14.289
3575	esfaquear	0	verb	8914	14.287
3576	griffin	0	unk	8912	14.284
3577	man	0	unk	8906	14.274
3578	condado	0	noun	8906	14.274
3579	bagagem	0	noun	8903	14.269
3580	testemunho	0	noun	8894	14.255
3581	marinheiro	0	noun	8883	14.237
3582	comunista	0	noun	8881	14.234
3583	autor	0	unk	8878	14.229
3584	lésbico	0	adj	8876	14.226
3585	angel	0	unk	8875	14.225
3586	marcado	0	noun	8872	14.220
3587	lane	0	unk	8868	14.213
3588	ellie	0	unk	8868	14.213
3589	retirado	0	noun	8868	14.213
3590	cinquenta	0	num	8860	14.201
3591	hesitar	0	verb	8848	14.181
3592	navegar	0	verb	8839	14.167
3593	anotar	0	verb	8833	14.157
3594	miguel	0	unk	8832	14.156
3595	residência	0	noun	8831	14.154
3596	cercar	0	verb	8829	14.151
3597	sincronização	0	noun	8826	14.146
3598	desaparecimento	0	noun	8820	14.136
3599	servidor	0	noun	8818	14.133
3600	lobisomem	0	unk	8813	14.125
3601	algumas perguntas	1	mwe	8808	14.117
3602	sanduíche	0	unk	8800	14.104
3603	ocidental	0	adj	8798	14.101
3604	sensato	0	noun	8798	14.101
3605	comité	0	unk	8795	14.096
3606	barão	0	noun	8794	14.095
3607	corrupto	0	noun	8789	14.087
3608	balão	0	noun	8786	14.082
3609	neil	0	unk	8780	14.072
3610	proprietário	0	noun	8780	14.072
3611	tardar	0	verb	8774	14.063
3612	liz	0	unk	8768	14.053
3613	eli	0	unk	8766	14.050
3614	norma	0	noun	8766	14.050
3615	divino	0	adj	8759	14.039
3616	abril	0	unk	8757	14.035
3617	cantor	0	unk	8752	14.027
3618	essencial	0	adj	8750	14.024
3619	desenvolvimento	0	noun	8746	14.018
3620	cápsula	0	noun	8737	14.003
3621	recordo	0	noun	8733	13.997
3622	senhorio	0	noun	8730	13.992
3623	ja	0	unk	8729	13.991
3624	fogueira	0	noun	8728	13.989
3625	bênção	0	noun	8720	13.976
3626	luta	0	noun	8719	13.975
3627	juntamente	0	adv	8714	13.967
3628	brutal	0	adj	8712	13.963
3629	constante	0	unk	8709	13.959
3630	carson	0	unk	8707	13.955
3631	viciar	0	verb	8707	13.955
3632	aguar	0	verb	8701	13.946
3633	privilégio	0	noun	8700	13.944
3634	sabedoria	0	noun	8694	13.934
3635	simpson	0	unk	8688	13.925
3636	cinzento	0	noun	8686	13.922
3637	operacional	0	adj	8684	13.918
3638	fadar	0	verb	8681	13.914
3639	enterrado	0	noun	8681	13.914
3640	disciplinar	0	verb	8679	13.910
3641	visitante	0	unk	8673	13.901
3642	autópsia	0	noun	8671	13.898
3643	criador	0	noun	8669	13.894
3644	bate	0	unk	8668	13.893
3645	boato	0	noun	8668	13.893
3646	fê	0	unk	8667	13.891
3647	colete	0	unk	8664	13.886
3648	ovelha	0	noun	8663	13.885
3649	rodear	0	verb	8660	13.880
3650	riqueza	0	noun	8658	13.877
3651	gatinhar	0	verb	8654	13.870
3652	massagem	0	noun	8649	13.862
3653	online	0	unk	8640	13.848
3654	flutuar	0	verb	8639	13.846
3655	circular	0	verb	8637	13.843
3656	derramar	0	verb	8636	13.842
3657	neal	0	adj	8634	13.838
3658	trancado	0	noun	8628	13.829
3659	island	0	unk	8627	13.827
3660	promoção	0	noun	8625	13.824
3661	apelido	0	noun	8615	13.808
3662	ácido	0	noun	8610	13.800
3663	homossexual	0	adj	8610	13.800
3664	algema	0	noun	8609	13.798
3665	ecrã	0	unk	8607	13.795
3666	meg	0	unk	8605	13.792
3667	christine	0	unk	8604	13.790
3668	expressar	0	verb	8604	13.790
3669	houston	0	unk	8601	13.785
3670	allen	0	unk	8601	13.785
3671	jaula	0	noun	8598	13.781
3672	noah	0	unk	8592	13.771
3673	alegre	0	unk	8590	13.768
3674	ultimar	0	verb	8590	13.768
3675	rita	0	noun	8584	13.758
3676	sóbrio	0	noun	8581	13.753
3677	gesto	0	noun	8579	13.750
3678	lençol	0	unk	8578	13.749
3679	gloriar	0	verb	8577	13.747
3680	justificar	0	verb	8574	13.742
3681	natalie	0	unk	8573	13.741
3682	bancário	0	noun	8568	13.733
3683	agente especial	1	mwe	8567	13.731
3684	representante	0	unk	8564	13.726
3685	comemorar	0	verb	8557	13.715
3686	alegar	0	verb	8546	13.697
3687	silencioso	0	adj	8545	13.696
3688	humilhar	0	verb	8545	13.696
3689	paige	0	unk	8543	13.692
3690	tapar	0	verb	8541	13.689
3691	teimoso	0	adj	8537	13.683
3692	gina	0	adj	8533	13.676
3693	tonelada	0	noun	8524	13.662
3694	sebastian	0	unk	8523	13.660
3695	feijão	0	noun	8523	13.660
3696	nelson	0	unk	8519	13.654
3697	heather	0	verb	8515	13.648
3698	verde	0	unk	8515	13.648
3699	arcar	0	verb	8511	13.641
3700	afastado	0	noun	8501	13.625
3701	recuperação	0	noun	8495	13.616
3702	atentar	0	verb	8495	13.616
3703	avanço	0	noun	8492	13.611
3704	evidência	0	noun	8490	13.608
3705	pam	0	unk	8485	13.599
3706	álibi	0	unk	8477	13.587
3707	juventude	0	noun	8475	13.583
3708	alteração	0	noun	8462	13.563
3709	desconfiar	0	verb	8460	13.559
3710	arrogante	0	unk	8456	13.553
3711	carruagem	0	noun	8455	13.551
3712	baixa	0	noun	8450	13.543
3713	monica	0	adj	8449	13.542
3714	tarar	0	verb	8449	13.542
3715	spencer	0	verb	8447	13.539
3716	pedro	0	noun	8443	13.532
3717	julian	0	unk	8436	13.521
3718	onze	0	num	8431	13.513
3719	cauda	0	adj	8428	13.508
3720	salsicha	0	noun	8424	13.502
3721	valente	0	adj	8423	13.500
3722	barril	0	unk	8423	13.500
3723	vanessa	0	noun	8421	13.497
3724	trauma	0	noun	8421	13.497
3725	inesperado	0	noun	8421	13.497
3726	ténis	0	unk	8419	13.494
3727	engravidar	0	verb	8419	13.494
3728	converter	0	verb	8417	13.491
3729	espetáculo	0	noun	8408	13.476
3730	apropriar	0	verb	8407	13.474
3731	directa	0	noun	8403	13.468
3732	tecto	0	noun	8401	13.465
3733	junho	0	noun	8395	13.455
3734	ausência	0	noun	8392	13.450
3735	emocionante	0	unk	8392	13.450
3736	medicação	0	noun	8383	13.436
3737	árabe	0	unk	8373	13.420
3738	observação	0	noun	8370	13.415
3739	atrapalhar	0	verb	8370	13.415
3740	bruto	0	noun	8366	13.409
3741	nora	0	noun	8347	13.378
3742	galar	0	verb	8344	13.374
3743	centímetro	0	noun	8343	13.372
3744	podre	0	unk	8343	13.372
3745	cuidadoso	0	adj	8339	13.365
3746	embarcar	0	verb	8337	13.362
3747	máfia	0	noun	8326	13.345
3748	star	0	verb	8323	13.340
3749	automóvel	0	unk	8322	13.338
3750	mensageiro	0	noun	8320	13.335
3751	monroe	0	unk	8312	13.322
3752	pancada	0	noun	8312	13.322
3753	apetite	0	unk	8306	13.313
3754	covarde	0	unk	8306	13.313
3755	hal	0	adj	8305	13.311
3756	servo	0	noun	8304	13.309
3757	rob	0	unk	8293	13.292
3758	fox	0	unk	8289	13.285
3759	presumir	0	verb	8289	13.285
3760	serviços secretos	1	mwe	8278	13.268
3761	núcleo	0	noun	8274	13.261
3762	samantha	0	noun	8273	13.260
3763	enfermaria	0	noun	8270	13.255
3764	comido	0	noun	8269	13.253
3765	correcta	0	noun	8261	13.240
3766	aterragem	0	noun	8258	13.236
3767	tartaruga	0	noun	8258	13.236
3768	confiante	0	unk	8253	13.228
3769	veia	0	noun	8250	13.223
3770	honesta	0	noun	8248	13.220
3771	distribuir	0	verb	8247	13.218
3772	brennan	0	unk	8242	13.210
3773	manar	0	verb	8229	13.189
3774	objetivo	0	noun	8225	13.183
3775	mantido	0	noun	8224	13.181
3776	estender	0	verb	8223	13.180
3777	moto	0	noun	8221	13.176
3778	remoto	0	noun	8221	13.176
3779	canadá	0	unk	8220	13.175
3780	fiança	0	noun	8218	13.172
3781	reed	0	unk	8213	13.164
3782	ann	0	unk	8210	13.159
3783	perfume	0	unk	8202	13.146
3784	ataque cardíaco	1	mwe	8196	13.136
3785	espiritual	0	adj	8195	13.135
3786	amendoim	0	unk	8188	13.123
3787	chatice	0	noun	8185	13.119
3788	festival	0	adj	8182	13.114
3789	subestimar	0	verb	8180	13.111
3790	equilíbrio	0	noun	8173	13.099
3791	caravana	0	adj	8170	13.095
3792	bondade	0	noun	8168	13.091
3793	mansão	0	noun	8160	13.079
3794	caleb	0	unk	8148	13.059
3795	afeganistão	0	noun	8141	13.048
3796	gps	0	unk	8128	13.027
3797	clã	0	unk	8128	13.027
3798	harrison	0	unk	8127	13.026
3799	comprador	0	noun	8125	13.022
3800	cobertor	0	unk	8123	13.019
3801	benjamin	0	unk	8121	13.016
3802	liam	0	unk	8120	13.014
3803	realização	0	noun	8120	13.014
3804	aliar	0	verb	8118	13.011
3805	arco	0	noun	8116	13.008
3806	apodrecer	0	verb	8116	13.008
3807	harvard	0	unk	8112	13.002
3808	carregamento	0	noun	8109	12.997
3809	escorregar	0	verb	8104	12.989
3810	captar	0	verb	8103	12.987
3811	celeiro	0	noun	8101	12.984
3812	bingo	0	noun	8093	12.971
3813	reconstruir	0	verb	8091	12.968
3814	cam	0	unk	8082	12.954
3815	amado	0	noun	8081	12.952
3816	liderança	0	noun	8076	12.944
3817	abandonado	0	noun	8071	12.936
3818	milho	0	noun	8064	12.925
3819	microfone	0	unk	8063	12.923
3820	adequar	0	verb	8062	12.922
3821	seattle	0	unk	8055	12.910
3822	oficina	0	adj	8046	12.896
3823	poesia	0	noun	8045	12.894
3824	atmosfera	0	noun	8043	12.891
3825	torneio	0	noun	8041	12.888
3826	gibbs	0	unk	8035	12.878
3827	esgoto	0	noun	8031	12.872
3828	ciente	0	adj	8025	12.862
3829	resumir	0	verb	8024	12.861
3830	selo	0	noun	8021	12.856
3831	sapo	0	noun	8018	12.851
3832	incrivelmente	0	adv	8017	12.849
3833	ciclo	0	noun	8015	12.846
3834	gaveta	0	noun	8015	12.846
3835	dieta	0	noun	8014	12.845
3836	meredith	0	unk	8013	12.843
3837	vulgar	0	verb	8011	12.840
3838	forense	0	unk	8010	12.838
3839	convocar	0	verb	8010	12.838
3840	fardo	0	noun	8008	12.835
3841	pátio	0	noun	8007	12.833
3842	esvaziar	0	verb	8005	12.830
3843	vagina	0	adj	7999	12.821
3844	copiar	0	verb	7993	12.811
3845	colégio	0	noun	7984	12.797
3846	batman	0	unk	7978	12.787
3847	eternar	0	verb	7968	12.771
3848	stone	0	unk	7964	12.764
3849	concentração	0	noun	7954	12.748
3850	ensino	0	adj	7950	12.742
3851	trágico	0	adj	7950	12.742
3852	paga	0	noun	7945	12.734
3853	picar	0	verb	7944	12.732
3854	dinossauro	0	noun	7941	12.728
3855	granar	0	verb	7936	12.720
3856	taxa	0	noun	7935	12.718
3857	debbie	0	unk	7933	12.715
3858	hall	0	unk	7932	12.713
3859	oriente	0	adj	7925	12.702
3860	novembro	0	noun	7922	12.697
3861	agulhar	0	verb	7922	12.697
3862	segurança nacional	1	mwe	7921	12.696
3863	aleijar	0	verb	7918	12.691
3864	vista	0	noun	7917	12.689
3865	sentido	0	noun	7917	12.689
3866	spartacus	0	unk	7910	12.678
3867	pelotão	0	noun	7910	12.678
3868	bicho	0	noun	7909	12.676
3869	hector	0	unk	7907	12.673
3870	vivas	0	unk	7904	12.668
3871	fodido	0	noun	7904	12.668
3872	sugar	0	verb	7903	12.667
3873	seduzir	0	verb	7901	12.663
3874	pensa nisso	1	mwe	7897	12.657
3875	nicholas	0	unk	7896	12.655
3876	quinta-feira	0	noun	7895	12.654
3877	blue	0	unk	7894	12.652
3878	carregado	0	noun	7891	12.647
3879	turista	0	noun	7890	12.646
3880	rígido	0	noun	7889	12.644
3881	miranda	0	noun	7886	12.639
3882	piscar	0	verb	7885	12.638
3883	obra	0	noun	7883	12.635
3884	chávena	0	noun	7880	12.630
3885	conosco	0	pron	7879	12.628
3886	randall	0	unk	7879	12.628
3887	insectos	0	unk	7874	12.620
3888	opor	0	unk	7874	12.620
3889	acostumar	0	verb	7873	12.619
3890	reportar	0	verb	7872	12.617
3891	terça-feira	0	noun	7865	12.606
3892	instituição	0	noun	7862	12.601
3893	fecho	0	noun	7861	12.599
3894	anderson	0	unk	7858	12.595
3895	mandato	0	noun	7858	12.595
3896	injusto	0	noun	7854	12.588
3897	balançar	0	verb	7852	12.585
3898	finn	0	unk	7850	12.582
3899	times	0	unk	7850	12.582
3900	conceito	0	noun	7850	12.582
3901	nessas	0	unk	7849	12.580
3902	atingido	0	noun	7849	12.580
3903	isco	0	noun	7847	12.577
3904	hong	0	unk	7843	12.571
3905	desperdício	0	noun	7842	12.569
3906	órfão	0	noun	7841	12.567
3907	arrombar	0	verb	7839	12.564
3908	desarmar	0	verb	7832	12.553
3909	lha	0	noun	7832	12.553
3910	selar	0	verb	7824	12.540
3911	formidável	0	adj	7822	12.537
3912	soco	0	noun	7820	12.534
3913	borracho	0	noun	7820	12.534
3914	constantemente	0	adv	7816	12.527
3915	desconto	0	noun	7815	12.526
3916	ralph	0	unk	7807	12.513
3917	amigável	0	adj	7802	12.505
3918	sindicato	0	noun	7799	12.500
3919	falecer	0	verb	7798	12.498
3920	trevor	0	unk	7795	12.494
3921	defeito	0	noun	7793	12.490
3922	tolerar	0	verb	7790	12.486
3923	doca	0	noun	7776	12.463
3924	mercadoria	0	noun	7772	12.457
3925	colheita	0	noun	7762	12.441
3926	alison	0	unk	7761	12.439
3927	potência	0	noun	7757	12.433
3928	ari	0	unk	7755	12.429
3929	rondar	0	verb	7753	12.426
3930	finch	0	unk	7752	12.425
3931	fiona	0	noun	7748	12.418
3932	brasa	0	noun	7748	12.418
3933	rosie	0	unk	7747	12.417
3934	saul	0	unk	7746	12.415
3935	vizinhança	0	noun	7746	12.415
3936	decerto	0	adv	7743	12.410
3937	reese	0	unk	7740	12.405
3938	ajudante	0	unk	7738	12.402
3939	mordido	0	noun	7736	12.399
3940	filmagem	0	noun	7734	12.396
3941	pleno	0	noun	7732	12.393
3942	vadiar	0	verb	7730	12.389
3943	hope	0	unk	7724	12.380
3944	legar	0	verb	7722	12.377
3945	supervisor	0	unk	7720	12.373
3946	actos	0	unk	7713	12.362
3947	marge	0	unk	7703	12.346
3948	xadrez	0	unk	7699	12.340
3949	pablo	0	noun	7696	12.335
3950	us	0	unk	7695	12.333
3951	donald	0	unk	7691	12.327
3952	sotaque	0	unk	7690	12.325
3953	amaldiçoar	0	verb	7690	12.325
3954	sustentar	0	verb	7689	12.324
3955	terrestre	0	unk	7685	12.317
3956	contentor	0	unk	7684	12.316
3957	herdar	0	verb	7681	12.311
3958	excluir	0	verb	7679	12.308
3959	embebedar	0	verb	7679	12.308
3960	caiar	0	verb	7678	12.306
3961	objectos	0	unk	7674	12.300
3962	intervenção	0	noun	7674	12.300
3963	precaução	0	noun	7670	12.293
3964	cm	0	unk	7667	12.288
3965	panqueca	0	noun	7666	12.287
3966	dignidade	0	noun	7665	12.285
3967	fama	0	noun	7663	12.282
3968	painel	0	unk	7662	12.280
3969	estrago	0	noun	7662	12.280
3970	soprar	0	verb	7661	12.279
3971	automático	0	adj	7660	12.277
3972	doméstico	0	adj	7660	12.277
3973	vela	0	noun	7658	12.274
3974	abuso	0	noun	7643	12.250
3975	excepção	0	noun	7641	12.247
3976	quintal	0	adj	7639	12.244
3977	pensão	0	noun	7639	12.244
3978	vic	0	unk	7635	12.237
3979	retrato	0	noun	7629	12.228
3980	pro	0	noun	7615	12.205
3981	delta	0	noun	7615	12.205
3982	dentista	0	noun	7615	12.205
3983	deslocar	0	verb	7615	12.205
3984	distinguir	0	verb	7614	12.203
3985	alta	0	noun	7609	12.195
3986	ruth	0	unk	7609	12.195
3987	consciente	0	adj	7606	12.191
3988	programar	0	verb	7598	12.178
3989	bella	0	noun	7590	12.165
3990	estimar	0	verb	7590	12.165
3991	cheguem	0	unk	7588	12.162
3992	vietname	0	unk	7585	12.157
3993	revoltar	0	verb	7584	12.155
3994	lenço	0	noun	7583	12.154
3995	esticar	0	verb	7581	12.151
3996	armadura	0	noun	7576	12.143
3997	revista	0	noun	7575	12.141
3998	bo	0	unk	7574	12.139
3999	philip	0	unk	7565	12.125
4000	exibir	0	verb	7560	12.117
4001	associação	0	noun	7559	12.115
4002	reflexo	0	noun	7558	12.114
4003	bófia	0	noun	7556	12.111
4004	ralar	0	verb	7554	12.107
4005	imortal	0	adj	7547	12.096
4006	cálculo	0	noun	7547	12.096
4007	fundação	0	noun	7540	12.085
4008	diagnóstico	0	adj	7536	12.078
4009	divulgar	0	verb	7533	12.074
4010	primário	0	noun	7530	12.069
4011	agosto	0	noun	7528	12.066
4012	canalha	0	noun	7527	12.064
4013	touro	0	noun	7522	12.056
4014	importe	0	unk	7513	12.042
4015	balde	0	unk	7512	12.040
4016	ensaiar	0	verb	7510	12.037
4017	gémeos	0	unk	7508	12.034
4018	citar	0	verb	7508	12.034
4019	lester	0	verb	7505	12.029
4020	domínio	0	noun	7504	12.027
4021	psicológico	0	adj	7504	12.027
4022	conforto	0	noun	7501	12.022
4023	porrada	0	noun	7499	12.019
4024	machado	0	noun	7498	12.018
4025	terminal	0	adj	7494	12.011
4026	sermão	0	noun	7494	12.011
4027	compartilhar	0	verb	7492	12.008
4028	fracasso	0	noun	7487	12.000
4029	incriminar	0	verb	7486	11.998
4030	obcecar	0	verb	7485	11.997
4031	sufocar	0	verb	7483	11.994
4032	comentar	0	verb	7482	11.992
4033	actriz	0	unk	7476	11.982
4034	projeto	0	noun	7474	11.979
4035	compaixão	0	noun	7473	11.977
4036	praça	0	noun	7472	11.976
4037	von	0	unk	7469	11.971
4038	frágil	0	unk	7467	11.968
4039	susto	0	noun	7465	11.965
4040	mi	0	unk	7458	11.953
4041	envelope	0	unk	7458	11.953
4042	cicatriz	0	unk	7457	11.952
4043	romper	0	verb	7457	11.952
4044	seio	0	noun	7456	11.950
4045	havido	0	noun	7452	11.944
4046	extrair	0	verb	7446	11.934
4047	pombo	0	noun	7445	11.933
4048	fixar	0	verb	7444	11.931
4049	recorrer	0	verb	7442	11.928
4050	salve	0	unk	7441	11.926
4051	intacto	0	noun	7441	11.926
4052	fruto	0	noun	7430	11.909
4053	perspectiva	0	noun	7427	11.904
4054	dimensão	0	noun	7427	11.904
4055	gorjeta	0	noun	7426	11.902
4056	eléctrica	0	adj	7424	11.899
4057	iluminar	0	verb	7423	11.897
4058	inclinar	0	verb	7421	11.894
4059	quarentar	0	verb	7415	11.885
4060	phoebe	0	unk	7411	11.878
4061	batotar	0	verb	7409	11.875
4062	postal	0	adj	7407	11.872
4063	arroz	0	unk	7400	11.860
4064	frodo	0	noun	7396	11.854
4065	vilão	0	noun	7395	11.852
4066	senso	0	noun	7393	11.849
4067	costela	0	noun	7391	11.846
4068	serpente	0	adj	7374	11.819
4069	surpresas	0	unk	7372	11.816
4070	dançarino	0	adj	7370	11.812
4071	fino	0	adj	7369	11.811
4072	lavagem	0	noun	7367	11.808
4073	fralda	0	noun	7363	11.801
4074	queimado	0	noun	7362	11.800
4075	idoso	0	adj	7360	11.796
4076	craig	0	unk	7356	11.790
4077	morgue	0	unk	7355	11.788
4078	mito	0	noun	7353	11.785
4079	evacuação	0	noun	7349	11.779
4080	tornozelo	0	noun	7345	11.772
4081	pertence	0	unk	7344	11.771
4082	desconfortável	0	adj	7341	11.766
4083	doentio	0	noun	7341	11.766
4084	volante	0	unk	7339	11.763
4085	crença	0	noun	7338	11.761
4086	tess	0	unk	7331	11.750
4087	orçamento	0	noun	7319	11.731
4088	laser	0	verb	7318	11.729
4089	irritante	0	unk	7312	11.719
4090	coitado	0	noun	7312	11.719
4091	residente	0	adj	7311	11.718
4092	rude	0	unk	7304	11.707
4093	predador	0	noun	7303	11.705
4094	dares	0	unk	7300	11.700
4095	one	0	unk	7298	11.697
4096	escovar	0	verb	7297	11.695
4097	guitarra	0	noun	7295	11.692
4098	fatal	0	adj	7294	11.691
4099	suite	0	unk	7291	11.686
4100	christian	0	unk	7286	11.678
4101	largo	0	noun	7281	11.670
4102	adicionar	0	verb	7279	11.667
4103	multar	0	verb	7278	11.665
4104	saudação	0	noun	7276	11.662
4105	instável	0	adj	7272	11.655
4106	salvação	0	noun	7269	11.651
4107	hostil	0	unk	7267	11.647
4108	confrontar	0	verb	7262	11.639
4109	abordar	0	verb	7257	11.631
4110	maquilhagem	0	noun	7254	11.626
4111	esquilo	0	noun	7252	11.623
4112	assentar	0	verb	7251	11.622
4113	pornografia	0	noun	7250	11.620
4114	activo	0	noun	7246	11.614
4115	teres vindo	1	mwe	7243	11.609
4116	penetrar	0	verb	7241	11.606
4117	acampar	0	verb	7236	11.598
4118	nesses	0	unk	7235	11.596
4119	rex	0	unk	7234	11.594
4120	emboscado	0	noun	7234	11.594
4121	pântano	0	adj	7234	11.594
4122	bigode	0	unk	7228	11.585
4123	móvel	0	unk	7225	11.580
4124	solicitar	0	verb	7221	11.574
4125	profundar	0	verb	7211	11.558
4126	angie	0	unk	7210	11.556
4127	múltiplo	0	noun	7210	11.556
4128	bico	0	adj	7209	11.554
4129	cartaz	0	unk	7205	11.548
4130	joão	0	noun	7197	11.535
4131	rancho	0	noun	7183	11.513
4132	careca	0	noun	7177	11.503
4133	promotor	0	unk	7175	11.500
4134	imobiliário	0	noun	7173	11.497
4135	bloqueio	0	noun	7172	11.495
4136	criativo	0	noun	7168	11.489
4137	punir	0	verb	7165	11.484
4138	avenida	0	noun	7162	11.479
4139	afetar	0	verb	7161	11.477
4140	despejar	0	verb	7158	11.473
4141	coçar	0	verb	7156	11.469
4142	glorioso	0	adj	7155	11.468
4143	reinar	0	verb	7150	11.460
4144	oscar	0	verb	7149	11.458
4145	fúria	0	noun	7146	11.453
4146	vagabundo	0	noun	7146	11.453
4147	mero	0	noun	7143	11.449
4148	april	0	unk	7141	11.445
4149	arrependido	0	noun	7138	11.441
4150	quinto	0	num	7135	11.436
4151	escândalo	0	noun	7135	11.436
4152	graham	0	unk	7129	11.426
4153	israel	0	unk	7124	11.418
4154	heleno	0	noun	7123	11.417
4155	deb	0	unk	7122	11.415
4156	lorque	0	unk	7117	11.407
4157	bell	0	unk	7114	11.402
4158	fabricar	0	verb	7114	11.402
4159	independentemente	0	adv	7100	11.380
4160	ruína	0	noun	7098	11.376
4161	mergulho	0	noun	7096	11.373
4162	vasculhar	0	verb	7088	11.360
4163	virginia	0	noun	7087	11.359
4164	órbita	0	noun	7086	11.357
4165	voador	0	noun	7086	11.357
4166	jenna	0	noun	7082	11.351
4167	janet	0	unk	7079	11.346
4168	libertação	0	noun	7076	11.341
4169	troféu	0	unk	7069	11.330
4170	ruir	0	verb	7065	11.324
4171	prometido	0	noun	7063	11.320
4172	tenso	0	noun	7061	11.317
4173	destinar	0	verb	7059	11.314
4174	ruivo	0	noun	7057	11.311
4175	infinito	0	noun	7056	11.309
4176	março	0	noun	7051	11.301
4177	especialidade	0	noun	7051	11.301
4178	profecia	0	noun	7049	11.298
4179	suíço	0	noun	7045	11.292
4180	hanna	0	noun	7044	11.290
4181	raptor	0	unk	7043	11.288
4182	evoluir	0	verb	7042	11.287
4183	preservativo	0	noun	7038	11.280
4184	finalista	0	noun	7036	11.277
4185	frita	0	noun	7034	11.274
4186	richie	0	unk	7033	11.272
4187	congressista	0	noun	7026	11.261
4188	eleito	0	noun	7026	11.261
4189	réu	0	unk	7026	11.261
4190	mata	0	noun	7023	11.256
4191	leon	0	unk	7021	11.253
4192	balcão	0	noun	7016	11.245
4193	talentoso	0	adj	7016	11.245
4194	torcer	0	verb	7016	11.245
4195	brevemente	0	adv	7011	11.237
4196	pulseira	0	noun	7011	11.237
4197	massacre	0	unk	7009	11.234
4198	boxe	0	unk	7008	11.232
4199	grandalhão	0	noun	7007	11.231
4200	euro	0	noun	7006	11.229
4201	banir	0	verb	7000	11.219
4202	radical	0	adj	6997	11.215
4203	falha	0	noun	6995	11.211
4204	ressuscitar	0	verb	6995	11.211
4205	tráfico	0	adj	6994	11.210
4206	actividades	0	noun	6993	11.208
4207	guião	0	noun	6992	11.207
4208	escavar	0	verb	6992	11.207
4209	estelar	0	verb	6991	11.205
4210	universitário	0	noun	6988	11.200
4211	texto	0	noun	6987	11.199
4212	actualmente	0	adv	6985	11.195
4213	violet	0	unk	6984	11.194
4214	cartel	0	unk	6981	11.189
4215	isabel	0	unk	6977	11.183
4216	poeta	0	noun	6963	11.160
4217	assistência	0	noun	6956	11.149
4218	thompson	0	unk	6954	11.146
4219	proteção	0	noun	6951	11.141
4220	convés	0	unk	6951	11.141
4221	harper	0	verb	6938	11.120
4222	porter	0	verb	6936	11.117
4223	borboleta	0	noun	6935	11.115
4224	brinco	0	noun	6935	11.115
4225	supostamente	0	adv	6934	11.114
4226	centro comercial	1	mwe	6927	11.102
4227	branca	0	noun	6925	11.099
4228	gordura	0	noun	6923	11.096
4229	profundidade	0	noun	6922	11.094
4230	sombrio	0	noun	6919	11.090
4231	expandir	0	verb	6919	11.090
4232	vaguear	0	verb	6918	11.088
4233	christopher	0	verb	6917	11.086
4234	ambição	0	noun	6916	11.085
4235	relacionado	0	noun	6915	11.083
4236	jules	0	unk	6909	11.074
4237	dallas	0	unk	6908	11.072
4238	edição	0	noun	6908	11.072
4239	maré	0	unk	6908	11.072
4240	cereal	0	adj	6907	11.070
4241	promover	0	verb	6905	11.067
4242	galeria	0	noun	6903	11.064
4243	melissa	0	noun	6902	11.062
4244	muralhar	0	verb	6900	11.059
4245	mutante	0	unk	6900	11.059
4246	testo	0	noun	6898	11.056
4247	humilde	0	unk	6895	11.051
4248	foguete	0	unk	6895	11.051
4249	tomado	0	noun	6891	11.045
4250	super-homem	0	unk	6890	11.043
4251	colo	0	noun	6888	11.040
4252	cavalgar	0	verb	6885	11.035
4253	encorajar	0	verb	6885	11.035
4254	acabado	0	noun	6884	11.033
4255	presa	0	adj	6882	11.030
4256	perca	0	noun	6879	11.025
4257	putas	0	unk	6878	11.024
4258	quantia	0	noun	6875	11.019
4259	tampa	0	noun	6873	11.016
4260	raptado	0	noun	6871	11.013
4261	manutenção	0	noun	6870	11.011
4262	queixo	0	noun	6868	11.008
4263	demonstração	0	noun	6866	11.005
4264	frequentar	0	verb	6865	11.003
4265	it	0	unk	6863	11.000
4266	fotógrafo	0	noun	6861	10.997
4267	alcoólico	0	adj	6858	10.992
4268	janeiro	0	noun	6857	10.990
4269	ladrar	0	verb	6855	10.987
4270	inscrever	0	verb	6852	10.982
4271	edgar	0	verb	6842	10.966
4272	monge	0	unk	6841	10.965
4273	le	0	unk	6840	10.963
4274	cesto	0	noun	6840	10.963
4275	gamar	0	verb	6840	10.963
4276	lavandaria	0	noun	6836	10.957
4277	jon	0	unk	6831	10.949
4278	agricultor	0	unk	6831	10.949
4279	fotografar	0	verb	6831	10.949
4280	naomi	0	unk	6830	10.947
4281	cubar	0	verb	6827	10.942
4282	seres humanos	1	mwe	6827	10.942
4283	gravidez	0	unk	6826	10.940
4284	expectativa	0	noun	6825	10.939
4285	inevitável	0	adj	6821	10.932
4286	irmandade	0	noun	6820	10.931
4287	forno	0	noun	6820	10.931
4288	sanita	0	noun	6818	10.928
4289	consideração	0	noun	6817	10.926
4290	associar	0	verb	6813	10.920
4291	ego	0	noun	6812	10.918
4292	stuart	0	unk	6810	10.915
4293	alfred	0	unk	6809	10.913
4294	criticar	0	verb	6805	10.907
4295	josé	0	unk	6801	10.900
4296	bacon	0	unk	6799	10.897
4297	introduzir	0	verb	6798	10.896
4298	merlin	0	unk	6793	10.888
4299	falhado	0	noun	6792	10.886
4300	preguiçoso	0	adj	6791	10.884
4301	cocar	0	verb	6789	10.881
4302	juan	0	unk	6788	10.880
4303	alívio	0	noun	6787	10.878
4304	bernie	0	unk	6780	10.867
4305	pelos vistos	1	mwe	6777	10.862
4306	proibido	0	noun	6774	10.857
4307	furar	0	verb	6774	10.857
4308	grade	0	unk	6773	10.856
4309	tratado	0	noun	6773	10.856
4310	veterano	0	adj	6772	10.854
4311	financiar	0	verb	6770	10.851
4312	filadélfia	0	noun	6765	10.843
4313	ato	0	noun	6762	10.838
4314	omar	0	verb	6761	10.836
4315	nesta sala	1	mwe	6755	10.827
4316	almofadar	0	verb	6751	10.820
4317	aturar	0	verb	6751	10.820
4318	beach	0	unk	6749	10.817
4319	fortaleza	0	noun	6747	10.814
4320	japonês	0	adj	6744	10.809
4321	barnes	0	unk	6741	10.804
4322	volume	0	unk	6741	10.804
4323	profeta	0	noun	6741	10.804
4324	tendência	0	noun	6740	10.803
4325	mm	0	unk	6738	10.799
4326	outono	0	noun	6737	10.798
4327	cortado	0	noun	6735	10.795
4328	abortar	0	verb	6728	10.783
4329	convenção	0	noun	6726	10.780
4330	alistar	0	verb	6722	10.774
4331	hunt	0	unk	6721	10.772
4332	jo	0	unk	6717	10.766
4333	poção	0	noun	6717	10.766
4334	stu	0	unk	6716	10.764
4335	despistar	0	verb	6714	10.761
4336	perfeição	0	noun	6713	10.759
4337	clima	0	noun	6711	10.756
4338	psiquiátrico	0	adj	6709	10.753
4339	junior	0	unk	6705	10.747
4340	detectives	0	unk	6703	10.743
4341	safo	0	noun	6699	10.737
4342	machucar	0	verb	6697	10.734
4343	hmm	0	intj	6693	10.727
4344	delegar	0	verb	6685	10.715
4345	grosso	0	noun	6685	10.715
4346	sob controlo	1	mwe	6685	10.715
4347	ex-mulher	0	verb	6683	10.711
4348	otário	0	noun	6680	10.706
4349	dourar	0	verb	6675	10.698
4350	di	0	unk	6673	10.695
4351	veado	0	noun	6671	10.692
4352	corvo	0	noun	6670	10.690
4353	imitar	0	verb	6668	10.687
4354	astronauta	0	noun	6667	10.686
4355	continente	0	adj	6666	10.684
4356	dezembro	0	noun	6665	10.682
4357	instituto	0	noun	6664	10.681
4358	viajante	0	unk	6662	10.678
4359	fórmula	0	noun	6660	10.674
4360	palmas	0	unk	6657	10.670
4361	acenar	0	verb	6657	10.670
4362	avançado	0	noun	6655	10.666
4363	olha	0	noun	6653	10.663
4364	terem vindo	1	mwe	6652	10.662
4365	aquecimento	0	noun	6650	10.658
4366	forçado	0	noun	6649	10.657
4367	manobrar	0	verb	6647	10.654
4368	europeu	0	unk	6645	10.650
4369	litro	0	noun	6644	10.649
4370	travão	0	noun	6643	10.647
4371	futura	0	noun	6636	10.636
4372	deitado	0	noun	6636	10.636
4373	partícula	0	noun	6628	10.623
4374	intruso	0	noun	6626	10.620
4375	danificar	0	verb	6625	10.618
4376	ivan	0	unk	6618	10.607
4377	elevado	0	noun	6618	10.607
4378	eficaz	0	unk	6617	10.606
4379	controlado	0	noun	6612	10.598
4380	atleta	0	noun	6611	10.596
4381	comes	0	unk	6609	10.593
4382	on	0	unk	6607	10.589
4383	ópera	0	noun	6598	10.575
4384	espere espere	1	mwe	6598	10.575
4385	censurar	0	verb	6593	10.567
4386	by	0	unk	6592	10.565
4387	donnie	0	unk	6591	10.564
4388	antepassado	0	noun	6589	10.561
4389	discoteca	0	noun	6584	10.553
4390	reabilitação	0	noun	6580	10.546
4391	surpreendente	0	adj	6578	10.543
4392	sanguíneo	0	noun	6576	10.540
4393	previsto	0	noun	6573	10.535
4394	auxiliar	0	verb	6567	10.525
4395	obstáculo	0	noun	6567	10.525
4396	arena	0	noun	6565	10.522
4397	cardeal	0	adj	6562	10.517
4398	calibre	0	unk	6561	10.516
4399	regular	0	verb	6561	10.516
4400	anular	0	verb	6561	10.516
4401	animado	0	noun	6560	10.514
4402	valia	0	noun	6556	10.508
4403	descolar	0	verb	6556	10.508
4404	alérgico	0	adj	6546	10.492
4405	asar	0	verb	6545	10.490
4406	liberdade condicional	1	mwe	6545	10.490
4407	queimadura	0	noun	6538	10.479
4408	empatar	0	verb	6537	10.477
4409	duncan	0	unk	6536	10.476
4410	aprovação	0	noun	6535	10.474
4411	diane	0	unk	6533	10.471
4412	deixem-no	0	noun	6530	10.466
4413	vinda	0	noun	6528	10.463
4414	primeiro-ministro	0	noun	6528	10.463
4415	vara	0	noun	6527	10.461
4416	renunciar	0	verb	6527	10.461
4417	português	0	adj	6525	10.458
4418	long	0	unk	6521	10.452
4419	east	0	unk	6520	10.450
4420	roman	0	unk	6520	10.450
4421	correspondência	0	noun	6520	10.450
4422	recluso	0	noun	6516	10.444
4423	felix	0	unk	6515	10.442
4424	colin	0	unk	6514	10.440
4425	barrar	0	verb	6512	10.437
4426	bispo	0	noun	6511	10.436
4427	activar	0	verb	6510	10.434
4428	algemar	0	verb	6504	10.424
4429	desespero	0	noun	6502	10.421
4430	balear	0	verb	6501	10.420
4431	liga	0	noun	6495	10.410
4432	músico	0	adj	6492	10.405
4433	invulgar	0	verb	6491	10.404
4434	tarefar	0	verb	6488	10.399
4435	allison	0	unk	6485	10.394
4436	insignificante	0	unk	6483	10.391
4437	dramático	0	adj	6483	10.391
4438	brilho	0	noun	6482	10.389
4439	adequado	0	noun	6482	10.389
4440	bacano	0	adj	6478	10.383
4441	morcego	0	noun	6476	10.380
4442	hércules	0	unk	6467	10.365
4443	pt-pt	0	unk	6466	10.364
4444	escócio	0	noun	6463	10.359
4445	acompanhante	0	unk	6463	10.359
4446	depressão	0	noun	6455	10.346
4447	comércio	0	noun	6453	10.343
4448	suporte	0	unk	6448	10.335
4449	orientação	0	noun	6445	10.330
4450	gotham	0	unk	6442	10.325
4451	cadastro	0	noun	6441	10.323
4452	vacas	0	unk	6440	10.322
4453	isaac	0	unk	6440	10.322
4454	dispor	0	unk	6436	10.315
4455	cobra	0	noun	6430	10.306
4456	tareia	0	noun	6427	10.301
4457	decifrar	0	verb	6427	10.301
4458	sepultura	0	noun	6426	10.299
4459	substância	0	noun	6425	10.298
4460	recibo	0	noun	6425	10.298
4461	pérola	0	noun	6422	10.293
4462	adams	0	unk	6421	10.291
4463	negra	0	noun	6421	10.291
4464	exigência	0	noun	6418	10.287
4465	gasto	0	noun	6416	10.283
4466	magnético	0	adj	6416	10.283
4467	lindo menino	1	mwe	6416	10.283
4468	escolar	0	verb	6414	10.280
4469	fibra	0	noun	6412	10.277
4470	garcia	0	noun	6409	10.272
4471	brandon	0	unk	6405	10.266
4472	adrian	0	unk	6405	10.266
4473	edith	0	unk	6405	10.266
4474	gruta	0	noun	6405	10.266
4475	jornada	0	noun	6403	10.263
4476	bárbaro	0	noun	6402	10.261
4477	tijolo	0	noun	6400	10.258
4478	aceso	0	noun	6399	10.256
4479	jamal	0	adj	6398	10.255
4480	compor	0	unk	6396	10.251
4481	ache	0	unk	6393	10.247
4482	teresa	0	adj	6392	10.245
4483	confirmação	0	noun	6391	10.243
4484	fósforo	0	noun	6390	10.242
4485	louise	0	unk	6382	10.229
4486	rolar	0	verb	6381	10.227
4487	freira	0	noun	6375	10.218
4488	nativo	0	noun	6374	10.216
4489	morris	0	unk	6373	10.214
4490	direto	0	noun	6373	10.214
4491	mercenário	0	noun	6372	10.213
4492	narcótico	0	adj	6364	10.200
4493	soro	0	noun	6362	10.197
4494	ansiar	0	verb	6360	10.194
4495	cheia	0	noun	6356	10.187
4496	ocultar	0	verb	6354	10.184
4497	rolo	0	noun	6353	10.182
4498	loirar	0	verb	6350	10.178
4499	aposento	0	noun	6347	10.173
4500	sharon	0	unk	6346	10.171
4501	chandler	0	verb	6342	10.165
4502	extremo	0	noun	6342	10.165
4503	inspiração	0	noun	6340	10.162
4504	responsabilidades	0	noun	6339	10.160
4505	celebridade	0	noun	6338	10.158
4506	contribuir	0	verb	6336	10.155
4507	guarda-costas	0	unk	6335	10.154
4508	limão	0	noun	6334	10.152
4509	sullivan	0	unk	6333	10.150
4510	retribuir	0	verb	6333	10.150
4511	evidente	0	adj	6330	10.146
4512	nalgum	0	unk	6329	10.144
4513	senha	0	noun	6326	10.139
4514	exceto	0	prep	6323	10.134
4515	quarentenar	0	verb	6323	10.134
4516	terrorismo	0	noun	6323	10.134
4517	suicida	0	noun	6323	10.134
4518	paramédico	0	adj	6322	10.133
4519	restaurar	0	verb	6322	10.133
4520	cicatrizar	0	verb	6320	10.129
4521	baseado	0	noun	6320	10.129
4522	notável	0	adj	6317	10.125
4523	suplicar	0	verb	6315	10.121
4524	raramente	0	adv	6313	10.118
4525	elaine	0	unk	6308	10.110
4526	quarta-feira	0	noun	6305	10.105
4527	queen	0	unk	6305	10.105
4528	temporal	0	adj	6305	10.105
4529	dantes	0	unk	6304	10.104
4530	variar	0	verb	6303	10.102
4531	archie	0	unk	6302	10.101
4532	borla	0	noun	6301	10.099
4533	pervertido	0	noun	6294	10.088
4534	pronunciar	0	verb	6293	10.086
4535	informado	0	noun	6291	10.083
4536	cometido	0	noun	6290	10.081
4537	fode	0	unk	6290	10.081
4538	anomalia	0	noun	6289	10.080
4539	rastejar	0	verb	6289	10.080
4540	colocado	0	noun	6289	10.080
4541	camada	0	noun	6286	10.075
4542	alucinação	0	noun	6284	10.072
4543	empresário	0	noun	6276	10.059
4544	espantar	0	verb	6276	10.059
4545	chanceler	0	verb	6275	10.057
4546	my	0	unk	6274	10.056
4547	fritar	0	verb	6274	10.056
4548	cortesia	0	noun	6273	10.054
4549	queixa	0	noun	6272	10.053
4550	ficção	0	noun	6271	10.051
4551	municipal	0	adj	6271	10.051
4552	prego	0	noun	6264	10.040
4553	construído	0	noun	6263	10.038
4554	charuto	0	noun	6259	10.032
4555	leilão	0	noun	6257	10.029
4556	bang	0	unk	6255	10.025
4557	saída	0	noun	6254	10.024
4558	alec	0	unk	6252	10.021
4559	burt	0	unk	6251	10.019
4560	joan	0	unk	6250	10.017
4561	becca	0	noun	6250	10.017
4562	torno	0	noun	6246	10.011
4563	alexander	0	verb	6241	10.003
4564	reserva	0	noun	6241	10.003
4565	arranhão	0	noun	6239	10.000
4566	casa-de-banho	0	noun	6232	9.988
4567	enterprise	0	unk	6228	9.982
4568	tolice	0	noun	6227	9.980
4569	dada	0	noun	6224	9.976
4570	crescimento	0	noun	6224	9.976
4571	vizinhar	0	verb	6223	9.974
4572	júnior	0	unk	6222	9.972
4573	jonas	0	unk	6218	9.966
4574	emendar	0	verb	6218	9.966
4575	tintas	0	unk	6217	9.964
4576	actuar	0	verb	6216	9.963
4577	viciado	0	noun	6213	9.958
4578	tinhas dito	1	mwe	6212	9.956
4579	coreia	0	noun	6210	9.953
4580	anfitrião	0	noun	6210	9.953
4581	pilhar	0	verb	6207	9.948
4582	lindamente	0	adv	6198	9.934
4583	chutar	0	verb	6198	9.934
4584	caseiro	0	noun	6197	9.932
4585	alunar	0	verb	6196	9.931
4586	impor	0	unk	6193	9.926
4587	fluxo	0	noun	6191	9.923
4588	habitante	0	unk	6189	9.920
4589	hunter	0	verb	6186	9.915
4590	treinado	0	noun	6186	9.915
4591	invenção	0	noun	6183	9.910
4592	lâmpada	0	noun	6182	9.908
4593	decorrer	0	verb	6182	9.908
4594	fusão	0	noun	6180	9.905
4595	batatas fritas	1	mwe	6180	9.905
4596	vinha	0	adj	6179	9.904
4597	tradicional	0	adj	6170	9.889
4598	véspera	0	noun	6163	9.878
4599	lentar	0	verb	6160	9.873
4600	aliciar	0	verb	6155	9.865
4601	turco	0	noun	6152	9.860
4602	engenharia	0	noun	6145	9.849
4603	sumir	0	verb	6145	9.849
4604	parvoíce	0	unk	6131	9.827
4605	conveniente	0	adj	6130	9.825
4606	anoitecer	0	verb	6130	9.825
4607	blá	0	unk	6125	9.817
4608	retornar	0	verb	6125	9.817
4609	pólvora	0	noun	6120	9.809
4610	carla	0	noun	6117	9.804
4611	conforme	0	prep	6117	9.804
4612	terapeuta	0	noun	6116	9.803
4613	lápis	0	unk	6110	9.793
4614	injecção	0	noun	6108	9.790
4615	topar	0	verb	6108	9.790
4616	gripe	0	unk	6107	9.788
4617	democracia	0	noun	6106	9.787
4618	caçado	0	noun	6103	9.782
4619	quite	0	unk	6099	9.775
4620	inserir	0	verb	6099	9.775
4621	prevenir	0	verb	6098	9.774
4622	cassie	0	unk	6095	9.769
4623	pat	0	unk	6089	9.759
4624	violentar	0	verb	6088	9.758
4625	nâo	0	noun	6081	9.746
4626	marvin	0	unk	6076	9.738
4627	dezena	0	noun	6076	9.738
4628	letal	0	adj	6076	9.738
4629	acusado	0	noun	6076	9.738
4630	especificamente	0	adv	6069	9.727
4631	sms	0	unk	6069	9.727
4632	bizarro	0	noun	6067	9.724
4633	abdicar	0	verb	6064	9.719
4634	descontrolar	0	verb	6063	9.718
4635	excitado	0	noun	6060	9.713
4636	pegada	0	noun	6058	9.710
4637	estádio	0	noun	6056	9.706
4638	mecanismo	0	noun	6056	9.706
4639	insulto	0	noun	6056	9.706
4640	relatar	0	verb	6055	9.705
4641	operador	0	noun	6054	9.703
4642	chuveiro	0	noun	6053	9.702
4643	mole	0	unk	6053	9.702
4644	rastrear	0	verb	6051	9.698
4645	relaxe	0	unk	6050	9.697
4646	crocodilo	0	noun	6050	9.697
4647	detonar	0	verb	6045	9.689
4648	mês passado	1	mwe	6040	9.681
4649	club	0	unk	6039	9.679
4650	robbie	0	unk	6037	9.676
4651	entusiasmado	0	noun	6036	9.674
4652	estrangular	0	verb	6036	9.674
4653	tomar banho	1	mwe	6034	9.671
4654	consultor	0	unk	6032	9.668
4655	colapso	0	noun	6029	9.663
4656	furacão	0	noun	6023	9.653
4657	porteiro	0	noun	6022	9.652
4658	coco	0	noun	6021	9.650
4659	pinguim	0	unk	6021	9.650
4660	evolução	0	noun	6017	9.644
4661	donde	0	adv	6016	9.642
4662	batedor	0	noun	6015	9.641
4663	conferir	0	verb	6014	9.639
4664	retiro	0	noun	6013	9.637
4665	influenciar	0	verb	6013	9.637
4666	ator	0	unk	6012	9.636
4667	atribuir	0	verb	6010	9.633
4668	vôo	0	noun	6004	9.623
4669	grand	0	unk	6004	9.623
4670	aproximadamente	0	adv	6002	9.620
4671	lauren	0	unk	6002	9.620
4672	faminto	0	noun	6002	9.620
4673	separação	0	noun	5999	9.615
4674	gratidão	0	noun	5993	9.605
4675	aluguer	0	verb	5990	9.601
4676	centavo	0	noun	5989	9.599
4677	bastão	0	noun	5988	9.597
4678	transplantar	0	verb	5986	9.594
4679	herr	0	unk	5985	9.593
4680	insinuar	0	verb	5984	9.591
4681	orgulhar	0	verb	5984	9.591
4682	preservar	0	verb	5980	9.585
4683	obsessão	0	noun	5979	9.583
4684	pentear	0	verb	5976	9.578
4685	dna	0	noun	5974	9.575
4686	vício	0	noun	5971	9.570
4687	pirâmide	0	unk	5971	9.570
4688	couro	0	noun	5964	9.559
4689	urina	0	adj	5963	9.557
4690	crane	0	unk	5953	9.541
4691	foster	0	verb	5951	9.538
4692	camarão	0	noun	5941	9.522
4693	formulário	0	noun	5940	9.520
4694	tropeçar	0	verb	5938	9.517
4695	roupa interior	1	mwe	5936	9.514
4696	fax	0	unk	5935	9.512
4697	afectar	0	verb	5934	9.511
4698	coberto	0	noun	5934	9.511
4699	brindar	0	verb	5934	9.511
4700	mono	0	noun	5933	9.509
4701	psicólogo	0	noun	5930	9.504
4702	arizona	0	noun	5929	9.503
4703	partida	0	noun	5925	9.496
4704	consegues ouvir-me	1	mwe	5925	9.496
4705	agredir	0	verb	5923	9.493
4706	desenhado	0	noun	5921	9.490
4707	muçulmano	0	adj	5917	9.484
4708	fisicamente	0	adv	5906	9.466
4709	determinado	0	noun	5905	9.464
4710	entrega	0	noun	5904	9.463
4711	glenn	0	unk	5903	9.461
4712	artéria	0	noun	5902	9.460
4713	yo	0	unk	5900	9.456
4714	aquí	0	unk	5899	9.455
4715	zach	0	unk	5898	9.453
4716	facial	0	adj	5895	9.448
4717	time	0	unk	5885	9.432
4718	desfile	0	unk	5882	9.427
4719	iniciativa	0	noun	5880	9.424
4720	calvin	0	unk	5879	9.423
4721	degrau	0	unk	5879	9.423
4722	distinto	0	noun	5879	9.423
4723	tronco	0	noun	5878	9.421
4724	torpedo	0	noun	5875	9.416
4725	asiático	0	adj	5875	9.416
4726	organismo	0	noun	5872	9.411
4727	madison	0	unk	5871	9.410
4728	republicano	0	adj	5869	9.407
4729	fisher	0	verb	5867	9.403
4730	discordar	0	verb	5867	9.403
4731	tóxico	0	adj	5864	9.399
4732	oriental	0	adj	5863	9.397
4733	vigilante	0	unk	5860	9.392
4734	ancião	0	noun	5859	9.391
4735	fragmento	0	noun	5858	9.389
4736	preliminar	0	verb	5856	9.386
4737	hospedeiro	0	noun	5856	9.386
4738	pata	0	noun	5852	9.379
4739	vegetal	0	adj	5851	9.378
4740	pijama	0	noun	5846	9.370
4741	vivido	0	noun	5844	9.367
4742	marcial	0	adj	5840	9.360
4743	irrelevante	0	unk	5838	9.357
4744	batalhão	0	noun	5835	9.352
4745	bud	0	unk	5831	9.346
4746	lua-de-mel	0	unk	5829	9.343
4747	egipto	0	noun	5829	9.343
4748	câmera	0	noun	5828	9.341
4749	cor-de-rosa	0	adj	5827	9.339
4750	inofensivo	0	noun	5827	9.339
4751	subornar	0	verb	5827	9.339
4752	barreirar	0	verb	5825	9.336
4753	autorizado	0	noun	5823	9.333
4754	exato	0	noun	5813	9.317
4755	destinado	0	noun	5807	9.307
4756	monitor	0	unk	5804	9.302
4757	perpétuo	0	noun	5804	9.302
4758	votação	0	noun	5803	9.301
4759	samuel	0	unk	5801	9.298
4760	detroit	0	unk	5800	9.296
4761	frito	0	noun	5796	9.290
4762	peço imensa	1	mwe	5793	9.285
4763	lunático	0	adj	5790	9.280
4764	nsa	0	noun	5789	9.278
4765	transmissor	0	unk	5789	9.278
4766	retomar	0	verb	5789	9.278
4767	escolho	0	noun	5788	9.277
4768	ético	0	adj	5787	9.275
4769	amber	0	verb	5786	9.274
4770	ligeiro	0	noun	5786	9.274
4771	barra	0	noun	5784	9.270
4772	polegar	0	verb	5781	9.266
4773	churrasco	0	noun	5778	9.261
4774	leitor	0	unk	5777	9.259
4775	desportivo	0	noun	5774	9.254
4776	tossir	0	verb	5771	9.250
4777	estimação	0	noun	5770	9.248
4778	botar	0	verb	5770	9.248
4779	louvar	0	verb	5770	9.248
4780	anedota	0	noun	5769	9.246
4781	exclusivo	0	noun	5769	9.246
4782	jen	0	unk	5764	9.238
4783	deprimir	0	verb	5763	9.237
4784	golo	0	noun	5761	9.234
4785	tabaco	0	noun	5760	9.232
4786	seguidor	0	noun	5757	9.227
4787	cúpula	0	noun	5756	9.226
4788	carmen	0	unk	5754	9.222
4789	protector	0	unk	5754	9.222
4790	aperto	0	noun	5753	9.221
4791	farol	0	unk	5753	9.221
4792	relevante	0	unk	5750	9.216
4793	cleveland	0	unk	5749	9.214
4794	campbell	0	unk	5745	9.208
4795	clone	0	unk	5745	9.208
4796	austrália	0	noun	5743	9.205
4797	freddie	0	unk	5742	9.203
4798	chega	0	noun	5740	9.200
4799	sétimo	0	num	5735	9.192
4800	comédia	0	noun	5733	9.189
4801	perdedor	0	noun	5733	9.189
4802	pular	0	verb	5733	9.189
4803	promovido	0	noun	5728	9.181
4804	assento	0	noun	5727	9.179
4805	estupor	0	unk	5725	9.176
4806	lionel	0	unk	5724	9.174
4807	subterrâneo	0	noun	5713	9.157
4808	han	0	unk	5711	9.153
4809	anton	0	unk	5708	9.149
4810	sacerdote	0	unk	5708	9.149
4811	baltimore	0	unk	5705	9.144
4812	supermercado	0	noun	5705	9.144
4813	informático	0	adj	5699	9.134
4814	excesso	0	noun	5698	9.133
4815	convincente	0	adj	5698	9.133
4816	eve	0	unk	5697	9.131
4817	dourado	0	noun	5695	9.128
4818	carácter	0	verb	5692	9.123
4819	suceder	0	verb	5692	9.123
4820	reggie	0	unk	5691	9.121
4821	conteúdo	0	noun	5691	9.121
4822	cogumelo	0	noun	5688	9.117
4823	traçar	0	verb	5688	9.117
4824	investidor	0	noun	5686	9.113
4825	assar	0	verb	5686	9.113
4826	lori	0	unk	5685	9.112
4827	interferência	0	noun	5685	9.112
4828	maravilha	0	noun	5682	9.107
4829	gaita	0	noun	5682	9.107
4830	duplicar	0	verb	5679	9.102
4831	contato	0	noun	5678	9.101
4832	ringue	0	unk	5678	9.101
4833	herança	0	noun	5678	9.101
4834	editor	0	unk	5673	9.093
4835	arrefecer	0	verb	5673	9.093
4836	eterno	0	noun	5666	9.081
4837	obscuro	0	noun	5665	9.080
4838	relembrar	0	verb	5664	9.078
4839	culto	0	noun	5662	9.075
4840	sobra	0	noun	5657	9.067
4841	missar	0	verb	5657	9.067
4842	sótão	0	noun	5655	9.064
4843	brenda	0	noun	5652	9.059
4844	considerado	0	noun	5652	9.059
4845	piper	0	verb	5650	9.056
4846	top	0	unk	5648	9.052
4847	ingénuo	0	noun	5647	9.051
4848	assombrar	0	verb	5644	9.046
4849	einstein	0	unk	5643	9.044
4850	calçar	0	verb	5641	9.041
4851	pedido	0	noun	5640	9.040
4852	depor	0	unk	5635	9.032
4853	observador	0	noun	5634	9.030
4854	ii	0	unk	5633	9.028
4855	lotar	0	verb	5633	9.028
4856	racista	0	noun	5630	9.024
4857	hannibal	0	adj	5627	9.019
4858	apertado	0	noun	5627	9.019
4859	comprimir	0	verb	5623	9.012
4860	optar	0	verb	5623	9.012
4861	santuário	0	noun	5618	9.004
4862	intimidar	0	verb	5617	9.003
4863	conrad	0	unk	5614	8.998
4864	archer	0	verb	5614	8.998
4865	agradecimento	0	noun	5614	8.998
4866	gang	0	unk	5613	8.996
4867	avatar	0	verb	5612	8.995
4868	ratar	0	verb	5610	8.992
4869	basquetebol	0	unk	5603	8.980
4870	masturbar	0	verb	5603	8.980
4871	poirot	0	unk	5602	8.979
4872	categoria	0	noun	5602	8.979
4873	cacifo	0	noun	5600	8.976
4874	artie	0	unk	5597	8.971
4875	amelia	0	noun	5596	8.969
4876	lena	0	noun	5595	8.967
4877	embaixo	0	noun	5592	8.963
4878	est	0	unk	5592	8.963
4879	pacto	0	noun	5587	8.955
4880	love	0	unk	5585	8.951
4881	suborno	0	noun	5585	8.951
4882	violado	0	noun	5579	8.942
4883	sangrento	0	noun	5579	8.942
4884	nelas	0	unk	5577	8.939
4885	coitar	0	verb	5576	8.937
4886	realizador	0	noun	5574	8.934
4887	relato	0	noun	5574	8.934
4888	expedição	0	noun	5571	8.929
4889	destacar	0	verb	5571	8.929
4890	particularmente	0	adv	5566	8.921
4891	jax	0	unk	5562	8.915
4892	laurel	0	unk	5561	8.913
4893	varanda	0	noun	5561	8.913
4894	fazenda	0	noun	5558	8.908
4895	secretas	0	unk	5555	8.903
4896	depositar	0	verb	5555	8.903
4897	perverso	0	noun	5554	8.902
4898	chulo	0	noun	5553	8.900
4899	detonador	0	noun	5550	8.895
4900	directora	0	noun	5543	8.884
4901	fornecedor	0	noun	5537	8.875
4902	gentileza	0	noun	5536	8.873
4903	encurralar	0	verb	5536	8.873
4904	finanças	0	noun	5535	8.871
4905	afirmativo	0	noun	5533	8.868
4906	ofensivo	0	noun	5529	8.862
4907	apoderar	0	verb	5525	8.855
4908	pálido	0	noun	5524	8.854
4909	imperial	0	adj	5522	8.850
4910	pentágono	0	noun	5520	8.847
4911	c'um	0	unk	5519	8.846
4912	toco	0	noun	5519	8.846
4913	perturbado	0	noun	5519	8.846
4914	vaso	0	noun	5519	8.846
4915	associado	0	noun	5516	8.841
4916	cavalaria	0	noun	5515	8.839
4917	caixote	0	unk	5514	8.838
4918	veronica	0	adj	5512	8.834
4919	reunido	0	noun	5508	8.828
4920	pico	0	adj	5508	8.828
4921	erica	0	adj	5507	8.826
4922	antídoto	0	noun	5507	8.826
4923	fluir	0	verb	5506	8.825
4924	envio	0	noun	5504	8.822
4925	rival	0	adj	5504	8.822
4926	bruno	0	noun	5503	8.820
4927	mudo	0	adj	5497	8.810
4928	relâmpago	0	noun	5495	8.807
4929	antecipar	0	verb	5493	8.804
4930	decorar	0	verb	5492	8.802
4931	envolvimento	0	noun	5490	8.799
4932	idêntico	0	adj	5488	8.796
4933	eleanor	0	unk	5487	8.794
4934	suspender	0	verb	5485	8.791
4935	iá	0	unk	5482	8.786
4936	bennett	0	unk	5481	8.785
4937	arbusto	0	noun	5481	8.785
4938	stella	0	noun	5479	8.782
4939	cebola	0	noun	5479	8.782
4940	páscoa	0	noun	5478	8.780
4941	camponês	0	adj	5478	8.780
4942	apanhem-no	0	noun	5476	8.777
4943	incómodo	0	noun	5476	8.777
4944	bobo	0	noun	5473	8.772
4945	phillip	0	unk	5472	8.770
4946	artificial	0	adj	5472	8.770
4947	filosofia	0	noun	5469	8.766
4948	reconhecido	0	noun	5468	8.764
4949	road	0	unk	5466	8.761
4950	antigamente	0	adv	5464	8.758
4951	chad	0	unk	5464	8.758
4952	ora ora	1	mwe	5461	8.753
4953	industrial	0	adj	5460	8.751
4954	regina	0	adj	5459	8.750
4955	peste	0	unk	5455	8.743
4956	autógrafo	0	noun	5451	8.737
4957	habituado	0	noun	5451	8.737
4958	sossegar	0	verb	5450	8.735
4959	ohio	0	noun	5449	8.733
4960	carbono	0	noun	5449	8.733
4961	vedação	0	noun	5449	8.733
4962	corporal	0	adj	5448	8.732
4963	hughes	0	unk	5445	8.727
4964	integridade	0	noun	5445	8.727
4965	entusiasmo	0	noun	5445	8.727
4966	adoecer	0	verb	5441	8.721
4967	alguem	0	unk	5440	8.719
4968	económico	0	adj	5439	8.717
4969	chumbo	0	noun	5438	8.716
4970	coincidir	0	verb	5437	8.714
4971	ho	0	unk	5421	8.689
4972	altitude	0	noun	5421	8.689
4973	quartel	0	unk	5420	8.687
4974	madrugar	0	verb	5418	8.684
4975	motim	0	unk	5418	8.684
4976	aterrorizar	0	verb	5418	8.684
4977	fitz	0	unk	5417	8.682
4978	engatar	0	verb	5416	8.681
4979	pescador	0	noun	5414	8.677
4980	adrenalina	0	adj	5409	8.669
4981	denise	0	unk	5409	8.669
4982	sun	0	unk	5406	8.665
4983	triplo	0	num	5404	8.661
4984	bombardear	0	verb	5404	8.661
4985	noticiário	0	noun	5403	8.660
4986	estabilizar	0	verb	5403	8.660
4987	ponhas	0	unk	5402	8.658
4988	apagado	0	noun	5402	8.658
4989	deslizar	0	verb	5401	8.657
4990	finar	0	verb	5391	8.641
4991	queca	0	noun	5389	8.637
4992	dj	0	unk	5386	8.633
4993	morro	0	noun	5383	8.628
4994	legião	0	noun	5383	8.628
4995	sussurrar	0	verb	5382	8.626
4996	entrevista	0	noun	5374	8.613
4997	federação	0	noun	5370	8.607
4998	descendente	0	adj	5370	8.607
4999	cristina	0	adj	5367	8.602
5000	jazz	0	unk	5364	8.597
