rank,lemma,is_mwe,pos_guess,raw_freq,freq_per_million
5001,fulano,0,adj,5364,8.597
5002,dificil,0,unk,5362,8.594
5003,broche,0,unk,5362,8.594
5004,falcão,0,noun,5360,8.591
5005,fundador,0,noun,5359,8.589
5006,riso,0,noun,5357,8.586
5007,solidão,0,noun,5356,8.584
5008,mamilo,0,noun,5356,8.584
5009,t-shirt,0,unk,5354,8.581
5010,atormentar,0,verb,5354,8.581
5011,nadia,0,noun,5347,8.570
5012,refúgio,0,noun,5346,8.568
5013,complicação,0,noun,5346,8.568
5014,presta atenção,1,mwe,5345,8.567
5015,riscar,0,verb,5344,8.565
5016,cubo,0,noun,5343,8.564
5017,encanto,0,noun,5341,8.560
5018,phoenix,0,unk,5338,8.556
5019,bónus,0,unk,5337,8.554
5020,extensão,0,noun,5336,8.552
5021,naval,0,adj,5336,8.552
5022,embrulhar,0,verb,5335,8.551
5023,hambúrguer,0,verb,5332,8.546
5024,molhado,0,noun,5331,8.544
5025,vapor,0,unk,5328,8.540
5026,pierce,0,unk,5328,8.540
5027,drive,0,unk,5325,8.535
5028,salvamento,0,noun,5318,8.524
5029,percurso,0,noun,5317,8.522
5030,orientar,0,verb,5314,8.517
5031,daniels,0,unk,5313,8.516
5032,tirado,0,noun,5313,8.516
5033,elite,0,unk,5312,8.514
5034,câmbio,0,noun,5311,8.512
5035,mills,0,unk,5308,8.507
5036,obrigatório,0,noun,5307,8.506
5037,andrea,0,noun,5305,8.503
5038,técnica,0,adj,5305,8.503
5039,garrett,0,unk,5305,8.503
5040,beneficiar,0,verb,5302,8.498
5041,hans,0,unk,5299,8.493
5042,vermelhas,0,unk,5298,8.491
5043,stevens,0,unk,5297,8.490
5044,river,0,verb,5296,8.488
5045,contabilista,0,noun,5294,8.485
5046,desmoronar,0,verb,5294,8.485
5047,jeitoso,0,adj,5293,8.483
5048,jurisdição,0,noun,5292,8.482
5049,impressionado,0,noun,5292,8.482
5050,bebes,0,unk,5286,8.472
5051,invocar,0,verb,5286,8.472
5052,inocência,0,noun,5284,8.469
5053,intervir,0,verb,5284,8.469
5054,magoado,0,noun,5282,8.466
5055,perfurar,0,verb,5282,8.466
5056,paula,0,noun,5281,8.464
5057,douglas,0,unk,5278,8.459
5058,fatiar,0,verb,5276,8.456
5059,passarinhar,0,verb,5276,8.456
5060,necessariamente,0,adv,5275,8.455
5061,judicial,0,adj,5275,8.455
5062,hastings,0,unk,5274,8.453
5063,abordagem,0,noun,5274,8.453
5064,jerusalém,0,unk,5273,8.451
5065,administrar,0,verb,5273,8.451
5066,cruzado,0,noun,5272,8.450
5067,aborto,0,noun,5269,8.445
5068,improvável,0,adj,5268,8.443
5069,xixi,0,unk,5267,8.442
5070,modesto,0,noun,5265,8.439
5071,ofendido,0,noun,5264,8.437
5072,anca,0,noun,5264,8.437
5073,ranger,0,verb,5263,8.435
5074,jr,0,unk,5262,8.434
5075,robinson,0,unk,5261,8.432
5076,gata,0,noun,5261,8.432
5077,adormecido,0,noun,5258,8.427
5078,aberta,0,noun,5257,8.426
5079,içar,0,verb,5256,8.424
5080,ellis,0,unk,5255,8.423
5081,cunhar,0,verb,5253,8.419
5082,devorar,0,verb,5253,8.419
5083,carroçar,0,verb,5248,8.411
5084,atlanta,0,noun,5247,8.410
5085,dixon,0,unk,5243,8.403
5086,silver,0,verb,5243,8.403
5087,bailarino,0,adj,5241,8.400
5088,maldade,0,noun,5240,8.399
5089,fracassar,0,verb,5238,8.395
5090,apunhalar,0,verb,5238,8.395
5091,ya,0,unk,5234,8.389
5092,cocó,0,unk,5234,8.389
5093,jacto,0,noun,5233,8.387
5094,cessar,0,verb,5233,8.387
5095,imundo,0,noun,5231,8.384
5096,duende,0,unk,5230,8.382
5097,varrer,0,verb,5230,8.382
5098,exausto,0,noun,5228,8.379
5099,orfanato,0,noun,5227,8.378
5100,melanie,0,unk,5226,8.376
5101,remorso,0,noun,5223,8.371
5102,invés,0,unk,5222,8.370
5103,inúmero,0,noun,5222,8.370
5104,corporação,0,noun,5220,8.366
5105,fôlego,0,noun,5218,8.363
5106,ansiedade,0,noun,5218,8.363
5107,claudia,0,noun,5212,8.354
5108,lateral,0,adj,5212,8.354
5109,esperma,0,noun,5211,8.352
5110,demissão,0,noun,5211,8.352
5111,consultório,0,noun,5210,8.350
5112,abençoado,0,noun,5207,8.346
5113,concedido,0,noun,5206,8.344
5114,jasper,0,verb,5205,8.342
5115,hills,0,unk,5203,8.339
5116,pope,0,unk,5199,8.333
5117,mangar,0,verb,5198,8.331
5118,aplauso,0,noun,5196,8.328
5119,limpa,0,noun,5194,8.325
5120,d c,1,mwe,5194,8.325
5121,sentimental,0,adj,5193,8.323
5122,eficiente,0,adj,5190,8.318
5123,válvula,0,noun,5190,8.318
5124,desvio,0,noun,5189,8.317
5125,robot,0,unk,5188,8.315
5126,correctamente,0,adv,5185,8.310
5127,gangue,0,unk,5183,8.307
5128,registado,0,noun,5181,8.304
5129,libertado,0,noun,5180,8.302
5130,campainha,0,adj,5175,8.294
5131,desnecessário,0,noun,5174,8.293
5132,vaughn,0,unk,5172,8.290
5133,oz,0,unk,5170,8.286
5134,baía,0,noun,5170,8.286
5135,limitado,0,noun,5169,8.285
5136,sabotar,0,verb,5167,8.282
5137,acolher,0,verb,5165,8.278
5138,absorver,0,verb,5162,8.273
5139,nolan,0,unk,5160,8.270
5140,legista,0,noun,5158,8.267
5141,morfina,0,adj,5156,8.264
5142,grandioso,0,adj,5156,8.264
5143,greve,0,unk,5155,8.262
5144,cheira,0,noun,5150,8.254
5145,desconhecer,0,verb,5150,8.254
5146,fundar,0,verb,5149,8.253
5147,iris,0,unk,5146,8.248
5148,resíduo,0,noun,5146,8.248
5149,pt,0,unk,5142,8.241
5150,sem-abrigo,0,noun,5142,8.241
5151,lente,0,adj,5142,8.241
5152,pílula,0,noun,5142,8.241
5153,elvis,0,unk,5141,8.240
5154,patife,0,unk,5141,8.240
5155,hugo,0,noun,5139,8.237
5156,seda,0,noun,5139,8.237
5157,suor,0,unk,5139,8.237
5158,connie,0,unk,5138,8.235
5159,pecador,0,noun,5136,8.232
5160,mastigar,0,verb,5134,8.229
5161,egípcio,0,noun,5133,8.227
5162,condenação,0,noun,5129,8.221
5163,aventura,0,noun,5127,8.217
5164,afiado,0,noun,5122,8.209
5165,bree,0,unk,5121,8.208
5166,casco,0,noun,5116,8.200
5167,aplicação,0,noun,5114,8.197
5168,distracção,0,noun,5113,8.195
5169,fevereiro,0,noun,5112,8.193
5170,noz,0,unk,5111,8.192
5171,pipoca,0,noun,5109,8.189
5172,imunidade,0,noun,5108,8.187
5173,fardar,0,verb,5108,8.187
5174,escocês,0,adj,5106,8.184
5175,arqueiro,0,noun,5105,8.182
5176,cú,0,unk,5104,8.181
5177,marcação,0,noun,5103,8.179
5178,alinho,0,adj,5102,8.177
5179,bluff,0,unk,5102,8.177
5180,donuts,0,unk,5094,8.165
5181,liv,0,unk,5094,8.165
5182,reparação,0,noun,5094,8.165
5183,fu,0,unk,5093,8.163
5184,rim,0,unk,5090,8.158
5185,virgínia,0,noun,5089,8.156
5186,currículo,0,noun,5089,8.156
5187,donovan,0,unk,5086,8.152
5188,verificação,0,noun,5086,8.152
5189,abrigar,0,verb,5086,8.152
5190,chef,0,unk,5085,8.150
5191,colchão,0,noun,5085,8.150
5192,póquer,0,verb,5084,8.148
5193,sesta,0,noun,5082,8.145
5194,ingrediente,0,adj,5081,8.144
5195,porno,0,noun,5080,8.142
5196,definição,0,noun,5080,8.142
5197,sophia,0,noun,5078,8.139
5198,milo,0,noun,5077,8.137
5199,saudar,0,verb,5077,8.137
5200,concorrer,0,verb,5076,8.136
5201,vacina,0,adj,5075,8.134
5202,modificar,0,verb,5075,8.134
5203,springfield,0,unk,5074,8.132
5204,extremar,0,verb,5071,8.128
5205,gandalf,0,unk,5069,8.124
5206,cigano,0,adj,5069,8.124
5207,honestidade,0,noun,5068,8.123
5208,disputar,0,verb,5068,8.123
5209,jared,0,unk,5067,8.121
5210,indefeso,0,noun,5066,8.120
5211,gaiola,0,noun,5059,8.108
5212,deduzir,0,verb,5059,8.108
5213,june,0,unk,5057,8.105
5214,altar,0,verb,5056,8.104
5215,ponto final,1,mwe,5056,8.104
5216,anual,0,adj,5055,8.102
5217,desfeito,0,noun,5053,8.099
5218,recomendação,0,noun,5051,8.096
5219,reconsiderar,0,verb,5051,8.096
5220,recompor,0,unk,5048,8.091
5221,simmons,0,unk,5047,8.089
5222,thor,0,unk,5040,8.078
5223,válido,0,noun,5035,8.070
5224,esplêndido,0,noun,5034,8.068
5225,bébé,0,unk,5028,8.059
5226,monitorizar,0,verb,5026,8.056
5227,hudson,0,unk,5022,8.049
5228,terramoto,0,noun,5021,8.048
5229,política,0,adj,5020,8.046
5230,leslie,0,unk,5020,8.046
5231,rodado,0,noun,5018,8.043
5232,patente,0,adj,5015,8.038
5233,formal,0,adj,5013,8.035
5234,faixar,0,verb,5010,8.030
5235,insecto,0,noun,5009,8.028
5236,flechar,0,verb,5009,8.028
5237,restrito,0,noun,5008,8.027
5238,isolado,0,noun,5007,8.025
5239,claque,0,unk,5006,8.023
5240,veterinário,0,noun,5006,8.023
5241,escotilha,0,noun,5004,8.020
5242,aleatório,0,noun,5003,8.019
5243,nasa,0,noun,5000,8.014
5244,cortina,0,adj,5000,8.014
5245,cultivar,0,verb,4998,8.011
5246,entrada,0,noun,4994,8.004
5247,artilharia,0,noun,4994,8.004
5248,marijuana,0,adj,4993,8.003
5249,ferver,0,verb,4988,7.995
5250,cenoura,0,noun,4988,7.995
5251,congelado,0,noun,4988,7.995
5252,prenda,0,noun,4987,7.993
5253,dvd,0,unk,4985,7.990
5254,morango,0,noun,4984,7.988
5255,reter,0,verb,4981,7.983
5256,desobedecer,0,verb,4981,7.983
5257,enervar,0,verb,4981,7.983
5258,irlanda,0,noun,4980,7.982
5259,manda,0,noun,4980,7.982
5260,indicação,0,noun,4976,7.975
5261,seriar,0,verb,4972,7.969
5262,húmido,0,noun,4970,7.966
5263,marinar,0,verb,4964,7.956
5264,pontaria,0,noun,4961,7.951
5265,precipitar,0,verb,4961,7.951
5266,fêmeo,0,noun,4957,7.945
5267,bernard,0,unk,4956,7.943
5268,moore,0,unk,4955,7.942
5269,poeira,0,noun,4951,7.935
5270,virtude,0,noun,4936,7.911
5271,revelação,0,noun,4933,7.906
5272,sinistro,0,noun,4933,7.906
5273,po,0,unk,4931,7.903
5274,providenciar,0,verb,4931,7.903
5275,asneira,0,noun,4929,7.900
5276,atalho,0,noun,4927,7.897
5277,interruptor,0,unk,4925,7.894
5278,passatempo,0,noun,4924,7.892
5279,urinar,0,verb,4923,7.890
5280,sandra,0,noun,4920,7.886
5281,jipe,0,unk,4920,7.886
5282,coro,0,noun,4918,7.882
5283,trégua,0,noun,4917,7.881
5284,marcel,0,unk,4916,7.879
5285,estadual,0,adj,4916,7.879
5286,legalmente,0,adv,4915,7.878
5287,endireitar,0,verb,4915,7.878
5288,tóquio,0,noun,4911,7.871
5289,telegrama,0,noun,4910,7.870
5290,farmácia,0,noun,4907,7.865
5291,deixado,0,noun,4906,7.863
5292,vitimar,0,verb,4898,7.850
5293,corrupção,0,noun,4896,7.847
5294,confirmado,0,noun,4895,7.846
5295,serra,0,noun,4893,7.842
5296,táctica,0,adj,4893,7.842
5297,piquenique,0,unk,4892,7.841
5298,preparação,0,noun,4891,7.839
5299,sonda,0,noun,4890,7.838
5300,causado,0,noun,4887,7.833
5301,afecta,0,noun,4886,7.831
5302,milionário,0,noun,4885,7.830
5303,aceitável,0,adj,4881,7.823
5304,exacta,0,noun,4877,7.817
5305,relativamente,0,adv,4877,7.817
5306,iludir,0,verb,4875,7.813
5307,corno,0,noun,4871,7.807
5308,improvisar,0,verb,4870,7.805
5309,carvão,0,noun,4869,7.804
5310,cimo,0,noun,4865,7.797
5311,estagiário,0,noun,4865,7.797
5312,holandês,0,adj,4862,7.793
5313,picante,0,unk,4861,7.791
5314,grão,0,noun,4861,7.791
5315,remar,0,verb,4853,7.778
5316,lareiro,0,noun,4849,7.772
5317,horizonte,0,unk,4846,7.767
5318,mantimentos,0,noun,4845,7.765
5319,simpatia,0,noun,4845,7.765
5320,genuíno,0,noun,4841,7.759
5321,vegetariano,0,adj,4840,7.757
5322,zonas,0,unk,4839,7.756
5323,escuteiro,0,noun,4839,7.756
5324,conspirar,0,verb,4839,7.756
5325,intrometer,0,verb,4839,7.756
5326,sogro,0,noun,4838,7.754
5327,tambor,0,unk,4837,7.753
5328,mobília,0,noun,4836,7.751
5329,antecedente,0,adj,4833,7.746
5330,vencido,0,noun,4831,7.743
5331,ausente,0,adj,4829,7.740
5332,actuação,0,noun,4828,7.738
5333,cadete,0,unk,4826,7.735
5334,boris,0,unk,4824,7.732
5335,aparecido,0,noun,4823,7.730
5336,detectar,0,verb,4818,7.722
5337,submeter,0,verb,4818,7.722
5338,pintor,0,unk,4817,7.721
5339,obcecado,0,noun,4817,7.721
5340,apocalipse,0,unk,4816,7.719
5341,perturbador,0,noun,4814,7.716
5342,ctu,0,unk,4808,7.706
5343,condicionar,0,verb,4807,7.705
5344,pateta,0,noun,4805,7.701
5345,semestre,0,unk,4802,7.696
5346,eléctrico,0,adj,4801,7.695
5347,raposar,0,verb,4800,7.693
5348,concorrente,0,adj,4799,7.692
5349,qualificar,0,verb,4797,7.688
5350,merdoso,0,adj,4792,7.680
5351,paranóico,0,adj,4792,7.680
5352,auto,0,noun,4790,7.677
5353,compartimento,0,noun,4786,7.671
5354,fachada,0,noun,4785,7.669
5355,ignorante,0,unk,4785,7.669
5356,artefacto,0,noun,4785,7.669
5357,severo,0,noun,4782,7.664
5358,lata,0,noun,4781,7.663
5359,caluda,0,adj,4778,7.658
5360,arnold,0,unk,4777,7.656
5361,dispersar,0,verb,4777,7.656
5362,reportagem,0,noun,4774,7.652
5363,is,0,unk,4771,7.647
5364,ressacar,0,verb,4768,7.642
5365,mérito,0,noun,4765,7.637
5366,indício,0,noun,4764,7.636
5367,apontado,0,noun,4762,7.632
5368,racional,0,adj,4760,7.629
5369,minúsculo,0,noun,4759,7.628
5370,chantagear,0,verb,4758,7.626
5371,satanás,0,unk,4754,7.620
5372,rum,0,unk,4754,7.620
5373,gorila,0,noun,4752,7.616
5374,paradeiro,0,noun,4751,7.615
5375,desligado,0,noun,4748,7.610
5376,calendário,0,noun,4747,7.608
5377,venenoso,0,adj,4746,7.607
5378,pesquisa,0,noun,4743,7.602
5379,significativo,0,noun,4743,7.602
5380,americana,0,adj,4736,7.591
5381,falir,0,verb,4734,7.588
5382,impecável,0,adj,4733,7.586
5383,orgânico,0,adj,4732,7.584
5384,hilariante,0,unk,4731,7.583
5385,longa,0,noun,4730,7.581
5386,outrora,0,noun,4729,7.579
5387,antiguidade,0,noun,4728,7.578
5388,representação,0,noun,4727,7.576
5389,caderno,0,noun,4727,7.576
5390,concebido,0,noun,4727,7.576
5391,banquete,0,unk,4725,7.573
5392,samurai,0,unk,4723,7.570
5393,acidentalmente,0,adv,4722,7.568
5394,objectivos,0,unk,4718,7.562
5395,positivar,0,verb,4718,7.562
5396,actores,0,unk,4716,7.559
5397,mercedes,0,unk,4715,7.557
5398,armadilha,0,noun,4714,7.555
5399,grelhar,0,verb,4713,7.554
5400,arrependimento,0,noun,4711,7.551
5401,sob custódia,1,mwe,4710,7.549
5402,cubano,0,adj,4709,7.547
5403,diretamente,0,adv,4707,7.544
5404,analista,0,noun,4707,7.544
5405,choro,0,noun,4706,7.543
5406,distúrbio,0,noun,4702,7.536
5407,frequentemente,0,adv,4701,7.535
5408,reitor,0,unk,4701,7.535
5409,ambicioso,0,adj,4698,7.530
5410,dádiva,0,noun,4697,7.528
5411,legendar,0,verb,4693,7.522
5412,calção,0,noun,4691,7.519
5413,crucial,0,adj,4690,7.517
5414,proteína,0,noun,4689,7.515
5415,despenhar,0,verb,4688,7.514
5416,bordel,0,unk,4687,7.512
5417,nó,0,unk,4684,7.507
5418,subtil,0,unk,4684,7.507
5419,price,0,noun,4683,7.506
5420,neutralizar,0,verb,4682,7.504
5421,escuta,0,noun,4681,7.503
5422,galo,0,noun,4680,7.501
5423,vera,0,noun,4677,7.496
5424,fundamental,0,adj,4675,7.493
5425,desprezar,0,verb,4674,7.491
5426,essência,0,noun,4672,7.488
5427,estreia,0,noun,4672,7.488
5428,artístico,0,adj,4672,7.488
5429,reactor,0,unk,4669,7.483
5430,air,0,unk,4669,7.483
5431,fanático,0,adj,4665,7.477
5432,cimento,0,noun,4664,7.475
5433,alegrar,0,verb,4663,7.474
5434,arranhar,0,verb,4662,7.472
5435,homenagem,0,noun,4661,7.471
5436,satisfação,0,noun,4661,7.471
5437,simulação,0,noun,4661,7.471
5438,refugiado,0,noun,4660,7.469
5439,mancha,0,noun,4659,7.467
5440,pano,0,adj,4659,7.467
5441,hipócrita,0,noun,4657,7.464
5442,desgraçado,0,noun,4656,7.462
5443,inteiramente,0,adv,4654,7.459
5444,sabão,0,noun,4654,7.459
5445,bode,0,unk,4654,7.459
5446,encantado,0,noun,4653,7.458
5447,aplaudir,0,verb,4653,7.458
5448,refrigerante,0,unk,4652,7.456
5449,reforçar,0,verb,4651,7.454
5450,santidade,0,noun,4649,7.451
5451,ss,0,unk,4648,7.450
5452,cruzeiro,0,noun,4646,7.446
5453,cercado,0,noun,4643,7.442
5454,perdida,0,noun,4642,7.440
5455,peruca,0,noun,4638,7.434
5456,composto,0,noun,4638,7.434
5457,fantasia,0,noun,4637,7.432
5458,postar,0,verb,4636,7.430
5459,fluido,0,noun,4636,7.430
5460,contínuo,0,noun,4635,7.429
5461,décimo,0,num,4634,7.427
5462,atraído,0,noun,4634,7.427
5463,polaco,0,noun,4633,7.426
5464,zeus,0,unk,4630,7.421
5465,boas vindas,1,mwe,4629,7.419
5466,coser,0,verb,4628,7.418
5467,acumular,0,verb,4628,7.418
5468,seta,0,noun,4627,7.416
5469,grécia,0,noun,4626,7.414
5470,editora,0,noun,4626,7.414
5471,poste,0,unk,4625,7.413
5472,cromo,0,noun,4625,7.413
5473,forjar,0,verb,4625,7.413
5474,führer,0,verb,4620,7.405
5475,bordar,0,verb,4620,7.405
5476,decoração,0,noun,4620,7.405
5477,lagosta,0,noun,4619,7.403
5478,violador,0,noun,4618,7.402
5479,roxo,0,noun,4618,7.402
5480,estatuto,0,noun,4615,7.397
5481,sofia,0,noun,4613,7.394
5482,somar,0,verb,4611,7.390
5483,historial,0,adj,4610,7.389
5484,movimentar,0,verb,4610,7.389
5485,armamento,0,noun,4607,7.384
5486,implante,0,unk,4606,7.382
5487,intestino,0,adj,4606,7.382
5488,chichi,0,unk,4605,7.381
5489,estábulo,0,noun,4603,7.378
5490,exercer,0,verb,4602,7.376
5491,cruzamento,0,noun,4597,7.368
5492,hamilton,0,unk,4594,7.363
5493,ressentimento,0,noun,4590,7.357
5494,trilho,0,noun,4589,7.355
5495,engordar,0,verb,4589,7.355
5496,amarelar,0,verb,4584,7.347
5497,limusina,0,adj,4584,7.347
5498,camioneta,0,noun,4581,7.342
5499,bush,0,unk,4580,7.341
5500,moisés,0,unk,4577,7.336
5501,veredicto,0,noun,4572,7.328
5502,filhote,0,unk,4571,7.326
5503,inclusive,0,adv,4566,7.318
5504,presidencial,0,adj,4565,7.317
5505,antena,0,noun,4565,7.317
5506,miséria,0,noun,4564,7.315
5507,item,0,unk,4562,7.312
5508,garanhão,0,noun,4561,7.310
5509,palavrinha,0,adj,4560,7.309
5510,escumalha,0,noun,4559,7.307
5511,hóquei,0,unk,4555,7.301
5512,inaceitável,0,adj,4554,7.299
5513,hipotecar,0,verb,4549,7.291
5514,voz alta,1,mwe,4548,7.289
5515,escurecer,0,verb,4547,7.288
5516,desertar,0,verb,4547,7.288
5517,etc,0,unk,4546,7.286
5518,isolamento,0,noun,4546,7.286
5519,traço,0,noun,4542,7.280
5520,componente,0,adj,4541,7.278
5521,conservar,0,verb,4539,7.275
5522,baxter,0,verb,4535,7.269
5523,proceder,0,verb,4535,7.269
5524,educado,0,noun,4532,7.264
5525,naqueles,0,unk,4529,7.259
5526,fenómeno,0,noun,4529,7.259
5527,paisagem,0,noun,4527,7.256
5528,jefferson,0,unk,4525,7.253
5529,celebração,0,noun,4525,7.253
5530,sabido,0,noun,4521,7.246
5531,terminado,0,noun,4519,7.243
5532,revolucionário,0,noun,4519,7.243
5533,visível,0,adj,4517,7.240
5534,cooperação,0,noun,4516,7.238
5535,tramado,0,noun,4516,7.238
5536,latim,0,unk,4514,7.235
5537,caloiro,0,noun,4514,7.235
5538,tráfego,0,noun,4512,7.232
5539,roberto,0,noun,4512,7.232
5540,antibiótico,0,adj,4506,7.222
5541,desenterrar,0,verb,4505,7.220
5542,espionagem,0,noun,4503,7.217
5543,reiniciar,0,verb,4502,7.216
5544,valorizar,0,verb,4500,7.212
5545,fletcher,0,verb,4499,7.211
5546,ficha,0,noun,4498,7.209
5547,regimento,0,noun,4496,7.206
5548,restrição,0,noun,4496,7.206
5549,nevoeiro,0,noun,4495,7.204
5550,campus,0,unk,4490,7.196
5551,vaivém,0,unk,4490,7.196
5552,vadio,0,noun,4490,7.196
5553,sequestrar,0,verb,4488,7.193
5554,carolino,0,adj,4485,7.188
5555,lannister,0,verb,4484,7.187
5556,algodão,0,noun,4482,7.184
5557,labirinto,0,noun,4482,7.184
5558,maníaco,0,noun,4481,7.182
5559,literatura,0,noun,4480,7.180
5560,brasil,0,unk,4478,7.177
5561,constituição,0,noun,4478,7.177
5562,pierre,0,unk,4476,7.174
5563,lote,0,unk,4475,7.172
5564,nato,0,noun,4475,7.172
5565,vigarista,0,noun,4474,7.171
5566,psicologia,0,noun,4472,7.168
5567,colorar,0,verb,4472,7.168
5568,carregador,0,noun,4472,7.168
5569,tentação,0,noun,4469,7.163
5570,patriota,0,noun,4469,7.163
5571,seriamente,0,adv,4467,7.160
5572,localizador,0,noun,4465,7.156
5573,punhal,0,adj,4465,7.156
5574,fender,0,verb,4462,7.152
5575,menu,0,unk,4461,7.150
5576,cova,0,noun,4459,7.147
5577,evans,0,unk,4455,7.140
5578,chantagem,0,noun,4455,7.140
5579,síndrome,0,unk,4453,7.137
5580,híbrido,0,noun,4452,7.136
5581,distribuição,0,noun,4451,7.134
5582,zoológico,0,adj,4451,7.134
5583,interrompido,0,noun,4445,7.124
5584,dc,0,unk,4443,7.121
5585,retorno,0,noun,4441,7.118
5586,equação,0,noun,4441,7.118
5587,nocturno,0,noun,4440,7.116
5588,saint,0,unk,4440,7.116
5589,doçura,0,noun,4439,7.115
5590,vibração,0,noun,4437,7.111
5591,cordeiro,0,noun,4436,7.110
5592,infectado,0,noun,4433,7.105
5593,saborear,0,verb,4433,7.105
5594,esqueleto,0,noun,4430,7.100
5595,gigantesco,0,noun,4429,7.099
5596,nódoa,0,noun,4425,7.092
5597,rebelião,0,noun,4423,7.089
5598,deviamos,0,unk,4422,7.087
5599,vulcão,0,noun,4418,7.081
5600,sova,0,noun,4416,7.078
5601,gates,0,unk,4415,7.076
5602,ironia,0,noun,4412,7.071
5603,diverso,0,noun,4412,7.071
5604,cócegas,0,unk,4411,7.070
5605,asilo,0,noun,4410,7.068
5606,duzentos,0,unk,4408,7.065
5607,falência,0,noun,4404,7.059
5608,gozo,0,noun,4403,7.057
5609,aproximação,0,noun,4403,7.057
5610,compreensão,0,noun,4402,7.055
5611,canja,0,noun,4402,7.055
5612,previsão,0,noun,4402,7.055
5613,marine,0,unk,4401,7.054
5614,cd,0,unk,4400,7.052
5615,parafuso,0,noun,4399,7.051
5616,próximo passo,1,mwe,4396,7.046
5617,iate,0,unk,4394,7.043
5618,pila,0,noun,4393,7.041
5619,numerar,0,verb,4388,7.033
5620,destroçar,0,verb,4387,7.031
5621,respira fundo,1,mwe,4387,7.031
5622,concha,0,noun,4383,7.025
5623,exemplar,0,verb,4382,7.023
5624,expirar,0,verb,4380,7.020
5625,contornar,0,verb,4378,7.017
5626,irónico,0,adj,4376,7.014
5627,gravador,0,noun,4376,7.014
5628,uva,0,noun,4374,7.011
5629,mula,0,noun,4373,7.009
5630,redondo,0,noun,4370,7.004
5631,pelas traseiras,1,mwe,4370,7.004
5632,leme,0,unk,4369,7.002
5633,entreter,0,verb,4368,7.001
5634,assaltante,0,unk,4365,6.996
5635,protótipo,0,noun,4363,6.993
5636,ganancioso,0,adj,4358,6.985
5637,admirador,0,noun,4354,6.978
5638,gil,0,unk,4353,6.977
5639,envergonhado,0,noun,4353,6.977
5640,ventilação,0,noun,4352,6.975
5641,alcunhar,0,verb,4351,6.974
5642,puzzle,0,unk,4351,6.974
5643,alergia,0,noun,4348,6.969
5644,imprevisível,0,adj,4347,6.967
5645,activa,0,noun,4346,6.966
5646,motivar,0,verb,4338,6.953
5647,treze,0,num,4335,6.948
5648,quentin,0,unk,4332,6.943
5649,capela,0,noun,4332,6.943
5650,th,0,unk,4329,6.938
5651,província,0,noun,4326,6.934
5652,janice,0,noun,4323,6.929
5653,independência,0,noun,4322,6.927
5654,àqueles,0,unk,4320,6.924
5655,berço,0,noun,4318,6.921
5656,preferência,0,noun,4318,6.921
5657,resistente,0,adj,4317,6.919
5658,coreano,0,adj,4317,6.919
5659,moreno,0,noun,4315,6.916
5660,val,0,adj,4309,6.906
5661,estágio,0,noun,4308,6.905
5662,consolar,0,verb,4308,6.905
5663,lume,0,unk,4306,6.902
5664,mentor,0,unk,4305,6.900
5665,cereja,0,noun,4303,6.897
5666,tinhamos,0,unk,4297,6.887
5667,toxina,0,adj,4296,6.885
5668,fotográfico,0,adj,4293,6.881
5669,golfinho,0,adj,4293,6.881
5670,irritado,0,noun,4292,6.879
5671,traje,0,unk,4292,6.879
5672,tabuleiro,0,noun,4290,6.876
5673,chique,0,unk,4290,6.876
5674,receita,0,noun,4288,6.873
5675,romeu,0,unk,4288,6.873
5676,aspirina,0,adj,4288,6.873
5677,amém,0,unk,4285,6.868
5678,cartucho,0,noun,4284,6.866
5679,exótico,0,adj,4284,6.866
5680,desatar,0,verb,4282,6.863
5681,orgasmo,0,noun,4281,6.861
5682,elsa,0,noun,4280,6.860
5683,oferecido,0,noun,4280,6.860
5684,tanner,0,verb,4277,6.855
5685,flórido,0,noun,4276,6.853
5686,farsa,0,noun,4275,6.852
5687,malandro,0,noun,4269,6.842
5688,elástico,0,adj,4269,6.842
5689,experiente,0,adj,4268,6.841
5690,progredir,0,verb,4266,6.837
5691,papagaio,0,noun,4264,6.834
5692,derivar,0,verb,4264,6.834
5693,nalguma,0,noun,4263,6.833
5694,orleães,0,unk,4262,6.831
5695,joga,0,noun,4262,6.831
5696,abalar,0,verb,4260,6.828
5697,abóbora,0,noun,4259,6.826
5698,pequenote,0,unk,4257,6.823
5699,vidente,0,adj,4255,6.820
5700,regulamento,0,noun,4255,6.820
5701,mordomo,0,noun,4254,6.818
5702,precisão,0,noun,4251,6.813
5703,comprimento,0,noun,4251,6.813
5704,madre,0,unk,4250,6.812
5705,exibição,0,noun,4248,6.809
5706,mascarar,0,verb,4247,6.807
5707,ogiva,0,noun,4246,6.805
5708,cintura,0,noun,4243,6.801
5709,implacável,0,adj,4243,6.801
5710,rins,0,unk,4239,6.794
5711,projectos,0,unk,4239,6.794
5712,dante,0,unk,4236,6.789
5713,glen,0,unk,4236,6.789
5714,chen,0,unk,4236,6.789
5715,ms,0,unk,4235,6.788
5716,atum,0,unk,4235,6.788
5717,roosevelt,0,unk,4234,6.786
5718,fulo,0,noun,4234,6.786
5719,cilada,0,noun,4231,6.781
5720,chocante,0,unk,4230,6.780
5721,florença,0,noun,4227,6.775
5722,apropriado,0,noun,4227,6.775
5723,guardado,0,noun,4225,6.772
5724,embalar,0,verb,4224,6.770
5725,aprendiz,0,unk,4221,6.765
5726,dormitório,0,noun,4215,6.756
5727,tranca,0,noun,4213,6.752
5728,confiscar,0,verb,4212,6.751
5729,procurado,0,noun,4210,6.748
5730,enfraquecer,0,verb,4210,6.748
5731,supervisionar,0,verb,4209,6.746
5732,lagarto,0,noun,4208,6.744
5733,bloqueado,0,noun,4206,6.741
5734,esfomear,0,verb,4202,6.735
5735,doação,0,noun,4202,6.735
5736,stripper,0,verb,4201,6.733
5737,adicional,0,adj,4200,6.732
5738,identificado,0,noun,4200,6.732
5739,silas,0,unk,4199,6.730
5740,intelectual,0,adj,4198,6.728
5741,desempenho,0,noun,4197,6.727
5742,correcção,0,noun,4195,6.724
5743,farmacêutico,0,adj,4195,6.724
5744,administrador,0,noun,4194,6.722
5745,doris,0,unk,4191,6.717
5746,caça,0,noun,4191,6.717
5747,estacar,0,verb,4191,6.717
5748,constituir,0,verb,4186,6.709
5749,sedativo,0,noun,4185,6.708
5750,cortinar,0,verb,4184,6.706
5751,docinho,0,adj,4182,6.703
5752,transformação,0,noun,4182,6.703
5753,tábua,0,noun,4179,6.698
5754,ginger,0,verb,4176,6.693
5755,palmar,0,verb,4174,6.690
5756,são,0,noun,4174,6.690
5757,hálito,0,noun,4173,6.688
5758,etiquetar,0,verb,4172,6.687
5759,arsenal,0,adj,4171,6.685
5760,camelo,0,noun,4170,6.684
5761,transferido,0,noun,4170,6.684
5762,ballet,0,unk,4169,6.682
5763,estadia,0,noun,4169,6.682
5764,tentativa,0,noun,4167,6.679
5765,linhagem,0,noun,4167,6.679
5766,avistar,0,verb,4165,6.676
5767,inscrição,0,noun,4164,6.674
5768,san diego,1,mwe,4163,6.672
5769,dinamite,0,unk,4162,6.671
5770,protestar,0,verb,4161,6.669
5771,devolvê,0,unk,4160,6.668
5772,médio oriente,1,mwe,4153,6.656
5773,donzela,0,noun,4152,6.655
5774,insensível,0,adj,4151,6.653
5775,antónio,0,noun,4150,6.651
5776,aurora,0,noun,4149,6.650
5777,colmeia,0,noun,4148,6.648
5778,esfera,0,noun,4148,6.648
5779,pelas costas,1,mwe,4144,6.642
5780,joel,0,unk,4142,6.639
5781,deficiente,0,adj,4142,6.639
5782,pendurado,0,noun,4140,6.635
5783,destroço,0,noun,4137,6.631
5784,onu,0,unk,4133,6.624
5785,confronto,0,noun,4132,6.623
5786,enigmar,0,verb,4129,6.618
5787,pomo,0,noun,4127,6.615
5788,superficial,0,adj,4126,6.613
5789,pudim,0,unk,4124,6.610
5790,coiro,0,noun,4121,6.605
5791,feriar,0,verb,4118,6.600
5792,metáfora,0,noun,4118,6.600
5793,banqueiro,0,noun,4118,6.600
5794,pimenta,0,noun,4117,6.599
5795,trovão,0,noun,4117,6.599
5796,bazar,0,verb,4116,6.597
5797,estatal,0,adj,4116,6.597
5798,falsificar,0,verb,4116,6.597
5799,costeiro,0,noun,4114,6.594
5800,cotovelo,0,noun,4112,6.591
5801,entravar,0,verb,4111,6.589
5802,michigan,0,unk,4110,6.587
5803,contrabando,0,noun,4109,6.586
5804,descartar,0,verb,4107,6.583
5805,contabilidade,0,noun,4102,6.575
5806,cera,0,noun,4102,6.575
5807,capturado,0,noun,4102,6.575
5808,recarregar,0,verb,4101,6.573
5809,prolongar,0,verb,4101,6.573
5810,sintético,0,adj,4101,6.573
5811,pulsação,0,noun,4100,6.571
5812,mangueira,0,noun,4100,6.571
5813,dificilmente,0,adv,4099,6.570
5814,tao,0,noun,4098,6.568
5815,arredor,0,noun,4096,6.565
5816,aleluia,0,noun,4096,6.565
5817,biologia,0,noun,4095,6.563
5818,quadrado,0,noun,4089,6.554
5819,confesso,0,noun,4088,6.552
5820,psíquico,0,adj,4082,6.543
5821,ciumento,0,noun,4078,6.536
5822,lendário,0,noun,4076,6.533
5823,atracção,0,noun,4071,6.525
5824,condessa,0,noun,4071,6.525
5825,luva,0,noun,4066,6.517
5826,paralisar,0,verb,4065,6.515
5827,atencioso,0,adj,4064,6.514
5828,alegação,0,noun,4059,6.506
5829,imprimir,0,verb,4059,6.506
5830,manifestar,0,verb,4058,6.504
5831,testículo,0,noun,4057,6.502
5832,defensor,0,unk,4057,6.502
5833,sobrenatural,0,adj,4055,6.499
5834,boné,0,unk,4052,6.494
5835,desmontar,0,verb,4050,6.491
5836,extinção,0,noun,4049,6.490
5837,proporcionar,0,verb,4047,6.486
5838,activado,0,noun,4046,6.485
5839,confiar nele,1,mwe,4045,6.483
5840,montano,0,adj,4044,6.482
5841,desvendar,0,verb,4044,6.482
5842,módulo,0,noun,4043,6.480
5843,campa,0,noun,4043,6.480
5844,súbito,0,noun,4040,6.475
5845,iminente,0,adj,4039,6.474
5846,caneca,0,noun,4039,6.474
5847,feroz,0,unk,4038,6.472
5848,infringir,0,verb,4038,6.472
5849,apresentado,0,noun,4037,6.470
5850,colateral,0,adj,4036,6.469
5851,paralelo,0,noun,4033,6.464
5852,clara,0,noun,4032,6.462
5853,atrevido,0,noun,4030,6.459
5854,pátrio,0,noun,4029,6.458
5855,insuportável,0,adj,4027,6.454
5856,quadrar,0,verb,4027,6.454
5857,vagar,0,verb,4027,6.454
5858,blusa,0,noun,4026,6.453
5859,repugnante,0,unk,4026,6.453
5860,judith,0,unk,4025,6.451
5861,vómito,0,noun,4024,6.450
5862,desilusão,0,noun,4022,6.446
5863,inundar,0,verb,4021,6.445
5864,realistar,0,verb,4020,6.443
5865,abel,0,unk,4016,6.437
5866,estrangeirar,0,verb,4016,6.437
5867,marcador,0,noun,4016,6.437
5868,aspectos,0,unk,4012,6.430
5869,denver,0,verb,4010,6.427
5870,descido,0,noun,4010,6.427
5871,nevado,0,noun,4009,6.425
5872,padrasto,0,noun,4009,6.425
5873,aparentar,0,verb,4009,6.425
5874,emocionalmente,0,adv,4008,6.424
5875,loiro,0,noun,4008,6.424
5876,wu,0,unk,4006,6.421
5877,potente,0,adj,4006,6.421
5878,sírio,0,noun,4005,6.419
5879,danificado,0,noun,4005,6.419
5880,irene,0,unk,4003,6.416
5881,sexualmente,0,adv,4002,6.414
5882,peão,0,noun,4001,6.413
5883,gestão,0,noun,4000,6.411
5884,peludo,0,adj,4000,6.411
5885,pára-quedas,0,unk,3999,6.409
5886,invencível,0,adj,3999,6.409
5887,adopção,0,noun,3997,6.406
5888,integrar,0,verb,3997,6.406
5889,rimar,0,verb,3996,6.405
5890,triângulo,0,noun,3993,6.400
5891,rachar,0,verb,3992,6.398
5892,vossas vidas,1,mwe,3990,6.395
5893,coordenar,0,verb,3989,6.393
5894,charme,0,unk,3986,6.389
5895,ligeiramente,0,adv,3985,6.387
5896,imóvel,0,unk,3985,6.387
5897,deva,0,noun,3984,6.385
5898,barulhento,0,noun,3984,6.385
5899,encurralado,0,noun,3983,6.384
5900,desrespeitar,0,verb,3981,6.381
5901,reação,0,noun,3979,6.377
5902,imigrante,0,unk,3979,6.377
5903,vaticano,0,adj,3978,6.376
5904,caranguejo,0,noun,3978,6.376
5905,digressão,0,noun,3974,6.369
5906,namoro,0,noun,3974,6.369
5907,paquistão,0,noun,3971,6.365
5908,desandar,0,verb,3970,6.363
5909,diplomático,0,adj,3970,6.363
5910,comunitário,0,noun,3969,6.361
5911,fabricante,0,unk,3969,6.361
5912,incomum,0,unk,3968,6.360
5913,bondoso,0,adj,3967,6.358
5914,arame,0,unk,3965,6.355
5915,removido,0,noun,3963,6.352
5916,mineiro,0,noun,3960,6.347
5917,contemplar,0,verb,3959,6.345
5918,christina,0,adj,3958,6.344
5919,designar,0,verb,3958,6.344
5920,encolher,0,verb,3957,6.342
5921,soletrar,0,verb,3956,6.341
5922,pobreza,0,noun,3954,6.337
5923,compatível,0,adj,3953,6.336
5924,duelo,0,noun,3948,6.328
5925,piza,0,noun,3946,6.325
5926,apanha,0,noun,3945,6.323
5927,prateleira,0,noun,3944,6.321
5928,clandestino,0,adj,3942,6.318
5929,respeitável,0,adj,3941,6.317
5930,prece,0,unk,3941,6.317
5931,matança,0,noun,3935,6.307
5932,impressão digital,1,mwe,3934,6.305
5933,saboroso,0,adj,3933,6.304
5934,estibordo,0,noun,3931,6.300
5935,combate,0,unk,3930,6.299
5936,suspensão,0,noun,3930,6.299
5937,funerário,0,noun,3930,6.299
5938,individual,0,adj,3930,6.299
5939,condizer,0,verb,3929,6.297
5940,concretizar,0,verb,3927,6.294
5941,canadiano,0,adj,3926,6.292
5942,grama,0,noun,3925,6.291
5943,rio,0,noun,3925,6.291
5944,rendimento,0,noun,3924,6.289
5945,contacto visual,1,mwe,3924,6.289
5946,lua cheia,1,mwe,3921,6.284
5947,motivação,0,noun,3920,6.283
5948,dança,0,noun,3916,6.276
5949,atividade,0,noun,3916,6.276
5950,refrescar,0,verb,3916,6.276
5951,entretenimento,0,noun,3915,6.275
5952,mijo,0,noun,3912,6.270
5953,simone,0,unk,3910,6.267
5954,blá blá,1,mwe,3910,6.267
5955,democrata,0,noun,3908,6.264
5956,alho,0,noun,3907,6.262
5957,deparar,0,verb,3906,6.260
5958,fiscal,0,adj,3905,6.259
5959,hospitalidade,0,noun,3904,6.257
5960,lanche,0,unk,3904,6.257
5961,ignição,0,noun,3903,6.256
5962,orlar,0,verb,3903,6.256
5963,beberar,0,verb,3903,6.256
5964,esfomeado,0,noun,3902,6.254
5965,gráfico,0,adj,3902,6.254
5966,objeto,0,noun,3900,6.251
5967,luther,0,verb,3899,6.249
5968,inconveniente,0,adj,3899,6.249
5969,descarga,0,noun,3899,6.249
5970,desenrascar,0,verb,3898,6.248
5971,consolo,0,noun,3896,6.244
5972,crachá,0,unk,3895,6.243
5973,globo,0,noun,3893,6.240
5974,divertimento,0,noun,3892,6.238
5975,inseguro,0,noun,3892,6.238
5976,busca,0,noun,3890,6.235
5977,hambúrgueres,0,unk,3890,6.235
5978,au,0,unk,3888,6.232
5979,candeeiro,0,noun,3887,6.230
5980,apalpar,0,verb,3887,6.230
5981,lecter,0,verb,3886,6.228
5982,homicida,0,noun,3884,6.225
5983,inchar,0,verb,3883,6.224
5984,formatura,0,noun,3882,6.222
5985,carniceiro,0,noun,3882,6.222
5986,banda desenhada,1,mwe,3882,6.222
5987,sabrina,0,adj,3881,6.220
5988,pendente,0,adj,3880,6.219
5989,provisão,0,noun,3879,6.217
5990,hangar,0,verb,3877,6.214
5991,ativar,0,verb,3876,6.212
5992,amassar,0,verb,3875,6.211
5993,mago,0,noun,3868,6.200
5994,traficar,0,verb,3868,6.200
5995,ancestral,0,adj,3867,6.198
5996,retaguarda,0,noun,3865,6.195
5997,durão,0,noun,3860,6.187
5998,mutação,0,noun,3859,6.185
5999,brisa,0,noun,3858,6.183
6000,imigração,0,noun,3857,6.182
6001,orar,0,verb,3857,6.182
6002,flanco,0,noun,3856,6.180
6003,harmonia,0,noun,3855,6.179
6004,reproduzir,0,verb,3855,6.179
6005,exceder,0,verb,3853,6.175
6006,resolução,0,noun,3852,6.174
6007,humilhação,0,noun,3851,6.172
6008,bolha,0,noun,3849,6.169
6009,cumprido,0,noun,3849,6.169
6010,eternamente,0,adv,3848,6.167
6011,passada,0,noun,3848,6.167
6012,ente,0,adj,3845,6.163
6013,universal,0,adj,3844,6.161
6014,necessária,0,noun,3842,6.158
6015,camelot,0,unk,3841,6.156
6016,trepar,0,verb,3841,6.156
6017,espertalhão,0,noun,3840,6.155
6018,despedaçar,0,verb,3840,6.155
6019,barbear,0,verb,3839,6.153
6020,rebanho,0,noun,3838,6.151
6021,poupança,0,noun,3838,6.151
6022,inquilino,0,adj,3837,6.150
6023,abraham,0,unk,3836,6.148
6024,espumar,0,verb,3836,6.148
6025,imaginário,0,noun,3835,6.147
6026,seminário,0,noun,3834,6.145
6027,transição,0,noun,3833,6.143
6028,aprendido,0,noun,3832,6.142
6029,ajuste,0,unk,3831,6.140
6030,candidatura,0,noun,3830,6.139
6031,terrivelmente,0,adv,3829,6.137
6032,consistente,0,adj,3828,6.135
6033,am,0,unk,3823,6.127
6034,inspetor,0,unk,3822,6.126
6035,batimento,0,noun,3821,6.124
6036,vereador,0,noun,3820,6.123
6037,formiga,0,noun,3819,6.121
6038,plasmar,0,verb,3818,6.119
6039,esperem esperem,1,mwe,3815,6.115
6040,panfleto,0,noun,3814,6.113
6041,fraternidade,0,noun,3812,6.110
6042,imitação,0,noun,3812,6.110
6043,cria,0,noun,3811,6.108
6044,empenhar,0,verb,3810,6.107
6045,negativar,0,verb,3809,6.105
6046,anestesiar,0,verb,3807,6.102
6047,agulha,0,noun,3806,6.100
6048,dignar,0,verb,3806,6.100
6049,manifestação,0,noun,3805,6.099
6050,verso,0,noun,3805,6.099
6051,vovô,0,unk,3805,6.099
6052,elaborar,0,verb,3805,6.099
6053,equilibrar,0,verb,3803,6.095
6054,espírito santo,1,mwe,3802,6.094
6055,bem-estar,0,verb,3801,6.092
6056,isqueiro,0,noun,3801,6.092
6057,plantação,0,noun,3801,6.092
6058,jorge,0,unk,3800,6.091
6059,enterro,0,noun,3800,6.091
6060,corretor,0,unk,3799,6.089
6061,deprimente,0,adv,3796,6.084
6062,conviver,0,verb,3795,6.083
6063,citação,0,noun,3792,6.078
6064,desesperadamente,0,adv,3791,6.076
6065,viatura,0,noun,3791,6.076
6066,penhasco,0,noun,3790,6.074
6067,impostor,0,unk,3790,6.074
6068,colômbia,0,noun,3789,6.073
6069,ocupação,0,noun,3788,6.071
6070,desenvolvido,0,noun,3787,6.070
6071,portador,0,noun,3786,6.068
6072,participação,0,noun,3784,6.065
6073,comparação,0,noun,3784,6.065
6074,adjunto,0,noun,3784,6.065
6075,batom,0,unk,3782,6.062
6076,compreendido,0,noun,3780,6.058
6077,garfo,0,noun,3780,6.058
6078,faísca,0,noun,3779,6.057
6079,urbano,0,adj,3779,6.057
6080,armada,0,noun,3777,6.054
6081,maçar,0,verb,3774,6.049
6082,transcrição,0,noun,3773,6.047
6083,explorador,0,noun,3772,6.046
6084,inspecção,0,noun,3771,6.044
6085,semelhança,0,noun,3771,6.044
6086,pouquinho,0,adj,3770,6.042
6087,faraó,0,unk,3770,6.042
6088,renovar,0,verb,3770,6.042
6089,averiguar,0,verb,3768,6.039
6090,prof,0,unk,3766,6.036
6091,violino,0,adj,3766,6.036
6092,elogiar,0,verb,3766,6.036
6093,sida,0,noun,3765,6.034
6094,oculto,0,noun,3764,6.033
6095,sushi,0,unk,3760,6.026
6096,regime,0,unk,3760,6.026
6097,maurice,0,noun,3759,6.025
6098,dentado,0,noun,3755,6.018
6099,catástrofe,0,unk,3755,6.018
6100,inventário,0,noun,3751,6.012
6101,paneleiro,0,noun,3750,6.010
6102,javier,0,verb,3749,6.009
6103,bússola,0,noun,3748,6.007
6104,mútuo,0,noun,3747,6.006
6105,maroto,0,noun,3746,6.004
6106,eco,0,noun,3745,6.002
6107,filtro,0,noun,3744,6.001
6108,forcar,0,verb,3742,5.998
6109,fera,0,noun,3741,5.996
6110,bactéria,0,noun,3740,5.994
6111,vinci,0,unk,3737,5.990
6112,pontuação,0,noun,3736,5.988
6113,expresso,0,noun,3734,5.985
6114,utilidade,0,noun,3733,5.983
6115,bufo,0,noun,3733,5.983
6116,devolvido,0,noun,3732,5.982
6117,invasor,0,unk,3730,5.978
6118,comichão,0,noun,3728,5.975
6119,inquérito,0,noun,3727,5.974
6120,chang,0,unk,3726,5.972
6121,jade,0,unk,3726,5.972
6122,reles,0,unk,3725,5.970
6123,gravado,0,noun,3723,5.967
6124,quântico,0,adj,3722,5.966
6125,memorial,0,adj,3721,5.964
6126,ocular,0,verb,3720,5.962
6127,nono,0,num,3720,5.962
6128,diariamente,0,adv,3718,5.959
6129,concorrência,0,noun,3718,5.959
6130,térmico,0,adj,3718,5.959
6131,extracção,0,noun,3715,5.954
6132,castor,0,unk,3715,5.954
6133,arterial,0,adj,3713,5.951
6134,dedicado,0,noun,3713,5.951
6135,forças especiais,1,mwe,3708,5.943
6136,lenhar,0,verb,3707,5.941
6137,cobaia,0,noun,3706,5.940
6138,reverter,0,verb,3705,5.938
6139,navegação,0,noun,3704,5.937
6140,infiel,0,unk,3703,5.935
6141,informe,0,unk,3702,5.933
6142,áudio,0,noun,3700,5.930
6143,barraca,0,noun,3700,5.930
6144,abu,0,unk,3699,5.929
6145,excitação,0,noun,3695,5.922
6146,contaminar,0,verb,3695,5.922
6147,of the,1,mwe,3695,5.922
6148,cuidadosamente,0,adv,3694,5.921
6149,convulsão,0,noun,3694,5.921
6150,enjoar,0,verb,3693,5.919
6151,cohen,0,unk,3689,5.913
6152,responsabilizar,0,verb,3688,5.911
6153,baralhar,0,verb,3681,5.900
6154,ambiental,0,adj,3680,5.898
6155,disparado,0,noun,3680,5.898
6156,dificultar,0,verb,3680,5.898
6157,acelerador,0,noun,3679,5.897
6158,intrigar,0,verb,3677,5.893
6159,tesoura,0,noun,3676,5.892
6160,percentagem,0,noun,3673,5.887
6161,consulado,0,noun,3672,5.885
6162,guardanapo,0,noun,3672,5.885
6163,fractura,0,noun,3670,5.882
6164,data,0,noun,3670,5.882
6165,summer,0,verb,3668,5.879
6166,ligadura,0,noun,3667,5.877
6167,oposição,0,noun,3660,5.866
6168,historiar,0,verb,3660,5.866
6169,gladiador,0,noun,3657,5.861
6170,capuz,0,unk,3654,5.857
6171,estourar,0,verb,3654,5.857
6172,alexandre,0,unk,3653,5.855
6173,sinais vitais,1,mwe,3653,5.855
6174,lê,0,unk,3650,5.850
6175,concentrado,0,noun,3650,5.850
6176,rancor,0,unk,3645,5.842
6177,raça humana,1,mwe,3644,5.840
6178,beta,0,noun,3641,5.836
6179,aspeto,0,noun,3640,5.834
6180,ovar,0,verb,3640,5.834
6181,refazer,0,verb,3639,5.832
6182,renascer,0,verb,3639,5.832
6183,olímpico,0,adj,3639,5.832
6184,entornar,0,verb,3639,5.832
6185,emissão,0,noun,3638,5.831
6186,regional,0,adj,3638,5.831
6187,conservador,0,noun,3637,5.829
6188,atómico,0,adj,3636,5.828
6189,nordeste,0,unk,3633,5.823
6190,ramon,0,unk,3632,5.821
6191,rampa,0,noun,3632,5.821
6192,estavamos,0,unk,3630,5.818
6193,mania,0,noun,3630,5.818
6194,generosidade,0,noun,3629,5.816
6195,ricardo,0,noun,3629,5.816
6196,bote,0,unk,3629,5.816
6197,be,0,unk,3627,5.813
6198,irresponsável,0,adj,3627,5.813
6199,governamental,0,adj,3627,5.813
6200,liquidar,0,verb,3627,5.813
6201,agressor,0,unk,3626,5.812
6202,promissor,0,unk,3626,5.812
6203,honrado,0,noun,3625,5.810
6204,namorada,0,noun,3623,5.807
6205,imprudente,0,adj,3622,5.805
6206,elo,0,noun,3621,5.804
6207,astuto,0,noun,3619,5.800
6208,soberano,0,adj,3618,5.799
6209,reboque,0,unk,3617,5.797
6210,apache,0,unk,3617,5.797
6211,limar,0,verb,3613,5.791
6212,gratuito,0,noun,3613,5.791
6213,eduardo,0,noun,3612,5.789
6214,assembleia,0,noun,3612,5.789
6215,oral,0,adj,3612,5.789
6216,imune,0,unk,3612,5.789
6217,conceber,0,verb,3612,5.789
6218,rapar,0,verb,3612,5.789
6219,chi,0,unk,3607,5.781
6220,alimentação,0,noun,3606,5.780
6221,pergaminho,0,adj,3605,5.778
6222,defensivo,0,noun,3603,5.775
6223,presidência,0,noun,3602,5.773
6224,extinto,0,noun,3600,5.770
6225,profundeza,0,noun,3598,5.767
6226,exercitar,0,verb,3596,5.764
6227,coral,0,adj,3595,5.762
6228,granada,0,noun,3593,5.759
6229,factor,0,unk,3592,5.757
6230,propaganda,0,noun,3592,5.757
6231,proveito,0,noun,3592,5.757
6232,israelita,0,noun,3592,5.757
6233,ocidente,0,adj,3591,5.756
6234,longo prazo,1,mwe,3590,5.754
6235,artur,0,unk,3588,5.751
6236,precedente,0,adj,3587,5.749
6237,santiago,0,noun,3585,5.746
6238,desvantagem,0,noun,3584,5.744
6239,ganância,0,noun,3583,5.743
6240,cultural,0,adj,3582,5.741
6241,agentes federais,1,mwe,3580,5.738
6242,consumo,0,noun,3579,5.736
6243,bonitão,0,noun,3575,5.730
6244,boi,0,unk,3575,5.730
6245,certidão,0,noun,3574,5.728
6246,útero,0,noun,3572,5.725
6247,medular,0,verb,3572,5.725
6248,reaver,0,verb,3571,5.723
6249,convicção,0,noun,3571,5.723
6250,desgosto,0,noun,3569,5.720
6251,ha ha,1,mwe,3569,5.720
6252,nã,0,unk,3562,5.709
6253,exploração,0,noun,3559,5.704
6254,grandeza,0,noun,3558,5.703
6255,encerrado,0,noun,3558,5.703
6256,amarrado,0,noun,3558,5.703
6257,veneza,0,noun,3557,5.701
6258,colaboração,0,noun,3556,5.699
6259,estragado,0,noun,3555,5.698
6260,tarado,0,noun,3555,5.698
6261,leonardo,0,noun,3554,5.696
6262,estabelecimento,0,noun,3553,5.695
6263,nave espacial,1,mwe,3553,5.695
6264,rodeado,0,noun,3552,5.693
6265,teia,0,noun,3551,5.691
6266,notificar,0,verb,3550,5.690
6267,tríade,0,unk,3549,5.688
6268,facada,0,noun,3549,5.688
6269,diabólico,0,adj,3549,5.688
6270,chumbar,0,verb,3549,5.688
6271,salmão,0,noun,3548,5.687
6272,mantinha,0,adj,3548,5.687
6273,noroeste,0,unk,3547,5.685
6274,jaime,0,unk,3547,5.685
6275,jogue,0,unk,3547,5.685
6276,desfiladeiro,0,noun,3546,5.683
6277,jardineiro,0,noun,3546,5.683
6278,aperitivo,0,noun,3546,5.683
6279,comediante,0,unk,3541,5.675
6280,parcial,0,adj,3541,5.675
6281,aquário,0,noun,3539,5.672
6282,lourar,0,verb,3538,5.671
6283,pulga,0,noun,3538,5.671
6284,documentário,0,noun,3536,5.667
6285,charro,0,noun,3536,5.667
6286,ganso,0,noun,3536,5.667
6287,ascensão,0,noun,3535,5.666
6288,amaldiçoado,0,noun,3535,5.666
6289,faz-me lembrar,1,mwe,3535,5.666
6290,rebuçado,0,noun,3534,5.664
6291,alternativa,0,noun,3533,5.663
6292,africano,0,adj,3533,5.663
6293,massacrar,0,verb,3531,5.659
6294,aprovado,0,noun,3529,5.656
6295,instrutor,0,unk,3528,5.655
6296,google,0,unk,3527,5.653
6297,furo,0,noun,3525,5.650
6298,meigo,0,noun,3525,5.650
6299,pensilvânia,0,noun,3523,5.647
6300,desejoso,0,adj,3521,5.643
6301,construtor,0,unk,3521,5.643
6302,impresso,0,noun,3521,5.643
6303,problemático,0,adj,3520,5.642
6304,eixo,0,noun,3519,5.640
6305,crueldade,0,noun,3518,5.639
6306,costurar,0,verb,3518,5.639
6307,muralha,0,noun,3516,5.635
6308,pagão,0,noun,3516,5.635
6309,subúrbio,0,noun,3514,5.632
6310,contratado,0,noun,3514,5.632
6311,analgésico,0,adj,3513,5.631
6312,orquestrar,0,verb,3513,5.631
6313,punição,0,noun,3512,5.629
6314,detector,0,unk,3511,5.627
6315,arrebentar,0,verb,3511,5.627
6316,médica,0,adj,3510,5.626
6317,tango,0,noun,3510,5.626
6318,mártir,0,verb,3508,5.623
6319,doador,0,noun,3508,5.623
6320,atlântico,0,adj,3507,5.621
6321,académico,0,adj,3507,5.621
6322,contrariar,0,verb,3506,5.619
6323,esther,0,verb,3504,5.616
6324,catar,0,verb,3503,5.614
6325,pingar,0,verb,3501,5.611
6326,tesão,0,noun,3500,5.610
6327,trincheira,0,noun,3499,5.608
6328,humilhante,0,unk,3498,5.606
6329,ferreiro,0,noun,3498,5.606
6330,escorpião,0,noun,3496,5.603
6331,traiçoeiro,0,noun,3493,5.598
6332,lema,0,noun,3492,5.597
6333,abra,0,noun,3491,5.595
6334,comerciante,0,unk,3491,5.595
6335,mostras,0,unk,3490,5.594
6336,remo,0,noun,3489,5.592
6337,noutras,0,unk,3488,5.590
6338,sensibilidade,0,noun,3488,5.590
6339,despercebido,0,noun,3488,5.590
6340,cautelar,0,verb,3486,5.587
6341,sudoeste,0,unk,3485,5.586
6342,agitado,0,noun,3484,5.584
6343,comparecer,0,verb,3483,5.582
6344,bastidor,0,noun,3482,5.581
6345,experimental,0,adj,3482,5.581
6346,sondagem,0,noun,3481,5.579
6347,tropical,0,adj,3480,5.578
6348,discrição,0,noun,3478,5.574
6349,ragnar,0,verb,3477,5.573
6350,bostar,0,verb,3477,5.573
6351,poça,0,noun,3477,5.573
6352,bum,0,unk,3476,5.571
6353,viola,0,noun,3476,5.571
6354,leito,0,noun,3476,5.571
6355,colisão,0,noun,3471,5.563
6356,dalton,0,unk,3470,5.562
6357,júpiter,0,verb,3469,5.560
6358,sanchez,0,unk,3466,5.555
6359,relativo,0,noun,3466,5.555
6360,maléfico,0,adj,3464,5.552
6361,diplomar,0,verb,3462,5.549
6362,empurrão,0,noun,3462,5.549
6363,recipiente,0,adj,3460,5.546
6364,definitivo,0,noun,3460,5.546
6365,sessenta,0,num,3459,5.544
6366,pêssego,0,noun,3459,5.544
6367,hospedar,0,verb,3456,5.539
6368,emergir,0,verb,3455,5.538
6369,bichar,0,verb,3452,5.533
6370,facilidade,0,noun,3452,5.533
6371,sereia,0,noun,3452,5.533
6372,dardo,0,noun,3450,5.530
6373,cirúrgico,0,adj,3450,5.530
6374,esmagado,0,noun,3449,5.528
6375,consentimento,0,noun,3448,5.526
6376,sueco,0,noun,3448,5.526
6377,pen,0,unk,3444,5.520
6378,cru,0,unk,3443,5.518
6379,utilizador,0,noun,3442,5.517
6380,roer,0,verb,3442,5.517
6381,florescer,0,verb,3442,5.517
6382,maço,0,noun,3440,5.514
6383,mercado negro,1,mwe,3440,5.514
6384,abdominal,0,adj,3439,5.512
6385,ingrato,0,noun,3438,5.510
6386,organizado,0,noun,3438,5.510
6387,nemo,0,noun,3437,5.509
6388,medalhão,0,noun,3435,5.506
6389,negação,0,noun,3434,5.504
6390,injustiça,0,noun,3434,5.504
6391,contagioso,0,adj,3432,5.501
6392,cascar,0,verb,3430,5.497
6393,adesivo,0,noun,3430,5.497
6394,submundo,0,noun,3429,5.496
6395,divorciado,0,noun,3429,5.496
6396,intuição,0,noun,3425,5.489
6397,lunar,0,verb,3423,5.486
6398,foco,0,noun,3422,5.485
6399,panda,0,noun,3422,5.485
6400,virtual,0,adj,3422,5.485
6401,infernal,0,adj,3420,5.481
6402,mosquito,0,noun,3416,5.475
6403,classificar,0,verb,3416,5.475
6404,lisonjear,0,verb,3413,5.470
6405,abismo,0,noun,3412,5.469
6406,sucata,0,noun,3410,5.465
6407,compreensível,0,adj,3410,5.465
6408,controlador,0,noun,3410,5.465
6409,contexto,0,noun,3409,5.464
6410,pranchar,0,verb,3408,5.462
6411,picado,0,noun,3407,5.461
6412,maca,0,noun,3402,5.453
6413,salva-vidas,0,unk,3400,5.449
6414,teta,0,noun,3399,5.448
6415,vil,0,unk,3399,5.448
6416,repentino,0,adj,3398,5.446
6417,arranco,0,noun,3396,5.443
6418,lançado,0,noun,3396,5.443
6419,recompensa,0,noun,3394,5.440
6420,traumatismo,0,noun,3394,5.440
6421,desonrar,0,verb,3393,5.438
6422,mafioso,0,adj,3391,5.435
6423,desprezível,0,adj,3390,5.433
6424,preparativos,0,unk,3389,5.432
6425,teto,0,noun,3386,5.427
6426,charmoso,0,adj,3386,5.427
6427,rapidez,0,unk,3384,5.424
6428,chester,0,verb,3383,5.422
6429,mini,0,unk,3383,5.422
6430,estabelecido,0,noun,3383,5.422
6431,abutre,0,unk,3380,5.417
6432,parceria,0,noun,3378,5.414
6433,estupendo,0,noun,3378,5.414
6434,sequestro,0,noun,3377,5.413
6435,golfo,0,noun,3376,5.411
6436,dador,0,noun,3376,5.411
6437,parlamento,0,noun,3375,5.409
6438,redimir,0,verb,3374,5.408
6439,foguetão,0,noun,3373,5.406
6440,colombiano,0,adj,3372,5.405
6441,coxo,0,noun,3371,5.403
6442,entranha,0,noun,3370,5.401
6443,pêlos,0,unk,3370,5.401
6444,masmorra,0,noun,3370,5.401
6445,rendição,0,noun,3369,5.400
6446,previsível,0,adj,3368,5.398
6447,arrepio,0,noun,3368,5.398
6448,subitamente,0,adv,3367,5.397
6449,espontâneo,0,noun,3367,5.397
6450,seguida,0,noun,3366,5.395
6451,fortalecer,0,verb,3365,5.393
6452,selecção,0,noun,3363,5.390
6453,pote,0,unk,3363,5.390
6454,inapropriado,0,noun,3362,5.389
6455,executado,0,noun,3361,5.387
6456,grosseiro,0,noun,3360,5.385
6457,ty,0,unk,3355,5.377
6458,erupção,0,noun,3354,5.376
6459,vedar,0,verb,3354,5.376
6460,sénior,0,unk,3353,5.374
6461,entidade,0,noun,3352,5.372
6462,composição,0,noun,3347,5.364
6463,cap,0,unk,3345,5.361
6464,impaciente,0,adj,3345,5.361
6465,interrupção,0,noun,3345,5.361
6466,saldo,0,noun,3343,5.358
6467,determinação,0,noun,3341,5.355
6468,variedade,0,noun,3341,5.355
6469,civilizado,0,noun,3341,5.355
6470,ásia,0,noun,3340,5.353
6471,argentino,0,adj,3340,5.353
6472,naquelas,0,unk,3339,5.352
6473,arrogância,0,noun,3339,5.352
6474,derrotado,0,noun,3339,5.352
6475,fornicar,0,verb,3339,5.352
6476,pressentir,0,verb,3337,5.348
6477,apelar,0,verb,3336,5.347
6478,c'um caraças,1,mwe,3336,5.347
6479,hormona,0,noun,3335,5.345
6480,sobrancelha,0,noun,3333,5.342
6481,abastecimento,0,noun,3332,5.340
6482,infantaria,0,noun,3330,5.337
6483,contribuição,0,noun,3329,5.336
6484,ampliar,0,verb,3328,5.334
6485,cauteloso,0,adj,3327,5.332
6486,quartel-general,0,adj,3326,5.331
6487,posicionar,0,verb,3326,5.331
6488,nocturna,0,noun,3324,5.328
6489,cerco,0,noun,3324,5.328
6490,argumentar,0,verb,3324,5.328
6491,sofisticado,0,noun,3324,5.328
6492,eminência,0,noun,3323,5.326
6493,agoniar,0,verb,3323,5.326
6494,mandado,0,noun,3321,5.323
6495,tipa,0,noun,3319,5.320
6496,bombista,0,noun,3319,5.320
6497,amuleto,0,noun,3318,5.318
6498,admissão,0,noun,3317,5.316
6499,desempenhar,0,verb,3316,5.315
6500,iii,0,unk,3315,5.313
6501,elétrico,0,adj,3315,5.313
6502,madrid,0,unk,3311,5.307
6503,ração,0,noun,3308,5.302
6504,prosperar,0,verb,3307,5.300
6505,fofa,0,noun,3306,5.299
6506,contado,0,noun,3305,5.297
6507,juvenil,0,unk,3304,5.296
6508,propulsor,0,unk,3303,5.294
6509,persa,0,noun,3303,5.294
6510,nuca,0,noun,3302,5.292
6511,optimista,0,noun,3301,5.291
6512,tostão,0,noun,3301,5.291
6513,reservado,0,noun,3301,5.291
6514,agarrado,0,noun,3301,5.291
6515,bronze,0,unk,3300,5.289
6516,tributo,0,noun,3300,5.289
6517,presunto,0,noun,3299,5.288
6518,exausta,0,noun,3298,5.286
6519,limonada,0,noun,3298,5.286
6520,panela,0,noun,3298,5.286
6521,fedorento,0,noun,3296,5.283
6522,revisto,0,noun,3294,5.280
6523,porquinho,0,adj,3294,5.280
6524,âncora,0,noun,3293,5.278
6525,revólver,0,verb,3293,5.278
6526,ginástico,0,adj,3292,5.276
6527,vagão,0,noun,3292,5.276
6528,avance,0,unk,3291,5.275
6529,balístico,0,adj,3291,5.275
6530,saia daí,1,mwe,3290,5.273
6531,lopez,0,unk,3289,5.272
6532,rap,0,unk,3289,5.272
6533,corro,0,noun,3288,5.270
6534,higiénico,0,adj,3288,5.270
6535,ventre,0,unk,3285,5.265
6536,sutiã,0,unk,3283,5.262
6537,costeleta,0,noun,3283,5.262
6538,up,0,unk,3281,5.259
6539,virgindade,0,noun,3281,5.259
6540,residir,0,verb,3281,5.259
6541,deem,0,unk,3281,5.259
6542,tocha,0,noun,3277,5.252
6543,sentinela,0,noun,3276,5.251
6544,liberal,0,adj,3274,5.247
6545,mora,0,noun,3272,5.244
6546,perícia,0,noun,3272,5.244
6547,parasitar,0,verb,3271,5.243
6548,intermediário,0,noun,3271,5.243
6549,sacudir,0,verb,3271,5.243
6550,disfarçado,0,noun,3269,5.239
6551,memorizar,0,verb,3269,5.239
6552,encoste,0,unk,3268,5.238
6553,jacques,0,unk,3266,5.235
6554,go,0,unk,3266,5.235
6555,capitólio,0,noun,3265,5.233
6556,combatente,0,adj,3265,5.233
6557,viena,0,noun,3264,5.231
6558,secretamente,0,adv,3263,5.230
6559,clarice,0,noun,3260,5.225
6560,espinhar,0,verb,3260,5.225
6561,chiça,0,noun,3257,5.220
6562,va,0,unk,3257,5.220
6563,bisbilhotar,0,verb,3257,5.220
6564,simular,0,verb,3255,5.217
6565,proximidade,0,noun,3251,5.211
6566,destruidor,0,noun,3249,5.207
6567,l d,1,mwe,3248,5.206
6568,quinta,0,noun,3246,5.203
6569,histérico,0,adj,3246,5.203
6570,tácticas,0,unk,3245,5.201
6571,publicamente,0,adv,3243,5.198
6572,solucionar,0,verb,3243,5.198
6573,montagem,0,noun,3242,5.196
6574,andamento,0,noun,3241,5.195
6575,guiado,0,noun,3240,5.193
6576,rigoroso,0,adj,3240,5.193
6577,salgado,0,noun,3239,5.191
6578,feder,0,verb,3239,5.191
6579,sofisticar,0,verb,3234,5.183
6580,alfândega,0,noun,3233,5.182
6581,suposição,0,noun,3233,5.182
6582,mimar,0,verb,3233,5.182
6583,aperfeiçoar,0,verb,3232,5.180
6584,contenção,0,noun,3231,5.179
6585,cachimbo,0,noun,3231,5.179
6586,terraço,0,noun,3230,5.177
6587,rebento,0,noun,3230,5.177
6588,quadrante,0,unk,3229,5.175
6589,henrique,0,unk,3227,5.172
6590,pilha,0,noun,3226,5.171
6591,ola,0,noun,3226,5.171
6592,sudeste,0,unk,3225,5.169
6593,contentar,0,verb,3225,5.169
6594,operário,0,noun,3223,5.166
6595,temporariamente,0,adv,3221,5.163
6596,milton,0,unk,3220,5.161
6597,brando,0,noun,3220,5.161
6598,coleira,0,noun,3219,5.159
6599,escape,0,unk,3217,5.156
6600,apelo,0,noun,3217,5.156
6601,postura,0,noun,3216,5.155
6602,excessivo,0,noun,3214,5.151
6603,estranhamente,0,adv,3213,5.150
6604,alasca,0,noun,3213,5.150
6605,admirável,0,adj,3213,5.150
6606,afirmação,0,noun,3213,5.150
6607,sofrido,0,noun,3210,5.145
6608,james bond,1,mwe,3208,5.142
6609,ip,0,unk,3205,5.137
6610,neutro,0,noun,3205,5.137
6611,hoover,0,verb,3204,5.135
6612,chicote,0,unk,3204,5.135
6613,canalizador,0,noun,3204,5.135
6614,espalhado,0,noun,3203,5.134
6615,embalagem,0,noun,3202,5.132
6616,lucrar,0,verb,3202,5.132
6617,condolência,0,noun,3201,5.130
6618,chefiar,0,verb,3201,5.130
6619,crescente,0,adj,3200,5.129
6620,anita,0,noun,3199,5.127
6621,silenciar,0,verb,3198,5.126
6622,espectro,0,noun,3197,5.124
6623,rochedo,0,noun,3197,5.124
6624,carvalho,0,noun,3196,5.122
6625,garantia,0,noun,3195,5.121
6626,rogar,0,verb,3195,5.121
6627,embarque,0,unk,3192,5.116
6628,mercearia,0,noun,3191,5.114
6629,rabino,0,adj,3191,5.114
6630,musicar,0,verb,3190,5.113
6631,descuidar,0,verb,3190,5.113
6632,estripador,0,noun,3189,5.111
6633,ressonância,0,noun,3189,5.111
6634,cume,0,unk,3187,5.108
6635,relações sexuais,1,mwe,3187,5.108
6636,caveira,0,noun,3186,5.106
6637,exterminar,0,verb,3186,5.106
6638,mortos-vivos,0,unk,3184,5.103
6639,taxista,0,noun,3184,5.103
6640,falsificação,0,noun,3184,5.103
6641,habitar,0,verb,3184,5.103
6642,manto,0,noun,3183,5.102
6643,atual,0,adj,3182,5.100
6644,messias,0,unk,3181,5.098
6645,similar,0,verb,3180,5.097
6646,bandeja,0,noun,3179,5.095
6647,transportador,0,noun,3179,5.095
6648,estimular,0,verb,3179,5.095
6649,destemido,0,noun,3178,5.094
6650,persuadir,0,verb,3178,5.094
6651,convir,0,verb,3177,5.092
6652,pantera,0,noun,3176,5.090
6653,australiano,0,adj,3175,5.089
6654,desembarcar,0,verb,3175,5.089
6655,interpretação,0,noun,3174,5.087
6656,epidemiar,0,verb,3173,5.086
6657,fedor,0,noun,3173,5.086
6658,dispensado,0,noun,3173,5.086
6659,fixo,0,noun,3172,5.084
6660,surf,0,unk,3171,5.082
6661,demoníaco,0,noun,3171,5.082
6662,guarda costeira,1,mwe,3168,5.078
6663,desprezo,0,noun,3166,5.074
6664,convento,0,noun,3164,5.071
6665,trigo,0,noun,3163,5.070
6666,panamá,0,unk,3162,5.068
6667,ratazanar,0,verb,3161,5.066
6668,lucrativo,0,noun,3156,5.058
6669,arquitecto,0,noun,3155,5.057
6670,iscar,0,verb,3154,5.055
6671,mostarda,0,noun,3154,5.055
6672,bengala,0,noun,3153,5.054
6673,conectar,0,verb,3153,5.054
6674,externo,0,noun,3152,5.052
6675,pu,0,unk,3151,5.050
6676,oxford,0,unk,3147,5.044
6677,frontal,0,adj,3145,5.041
6678,relíquia,0,noun,3144,5.039
6679,maltratar,0,verb,3144,5.039
6680,massas,0,unk,3143,5.038
6681,ostra,0,noun,3142,5.036
6682,escusar,0,verb,3142,5.036
6683,piar,0,verb,3140,5.033
6684,remediar,0,verb,3139,5.031
6685,supervisão,0,noun,3137,5.028
6686,ignorância,0,noun,3136,5.026
6687,bombardeamento,0,noun,3136,5.026
6688,programado,0,noun,3136,5.026
6689,claude,0,unk,3135,5.025
6690,latino,0,adj,3134,5.023
6691,spa,0,noun,3133,5.021
6692,descoberta,0,noun,3132,5.020
6693,copa,0,noun,3127,5.012
6694,moldar,0,verb,3127,5.012
6695,enfarte,0,unk,3126,5.010
6696,mosqueteiro,0,noun,3126,5.010
6697,gramar,0,verb,3126,5.010
6698,expansão,0,noun,3125,5.009
6699,vingador,0,noun,3124,5.007
6700,tela,0,noun,3121,5.002
6701,elfos,0,unk,3121,5.002
6702,excepcional,0,adj,3119,4.999
6703,stressar,0,verb,3118,4.997
6704,metralhador,0,noun,3116,4.994
6705,comovente,0,adj,3116,4.994
6706,agudo,0,adj,3116,4.994
6707,cordão,0,noun,3115,4.993
6708,figura,0,noun,3114,4.991
6709,manuscrito,0,noun,3113,4.989
6710,parasita,0,noun,3112,4.988
6711,cómico,0,adj,3112,4.988
6712,exagero,0,noun,3110,4.985
6713,carneiro,0,noun,3110,4.985
6714,pepper,0,verb,3109,4.983
6715,exigente,0,adj,3109,4.983
6716,infectados,0,unk,3108,4.981
6717,polónio,0,noun,3108,4.981
6718,alargar,0,verb,3107,4.980
6719,lixeiro,0,noun,3105,4.977
6720,esfolar,0,verb,3105,4.977
6721,teclar,0,verb,3104,4.975
6722,paulo,0,noun,3103,4.973
6723,judas,0,unk,3103,4.973
6724,triunfo,0,noun,3103,4.973
6725,deprimido,0,noun,3102,4.972
6726,espanholar,0,verb,3101,4.970
6727,induzir,0,verb,3101,4.970
6728,reviver,0,verb,3099,4.967
6729,delícia,0,noun,3098,4.965
6730,caracol,0,unk,3096,4.962
6731,envenenado,0,noun,3095,4.961
6732,sirene,0,unk,3095,4.961
6733,maligno,0,noun,3093,4.957
6734,átomo,0,noun,3093,4.957
6735,carinhoso,0,adj,3092,4.956
6736,preta,0,noun,3091,4.954
6737,reabrir,0,verb,3089,4.951
6738,mosteiro,0,noun,3087,4.948
6739,dezoito,0,num,3086,4.946
6740,veste,0,unk,3085,4.945
6741,inverter,0,verb,3084,4.943
6742,permitido,0,noun,3084,4.943
6743,átrio,0,noun,3081,4.938
6744,vergonhoso,0,adj,3080,4.937
6745,furtivo,0,noun,3079,4.935
6746,clareza,0,noun,3078,4.933
6747,procurador-geral,0,adj,3078,4.933
6748,conexão,0,noun,3077,4.932
6749,assinado,0,noun,3077,4.932
6750,diagnosticar,0,verb,3076,4.930
6751,inspirador,0,noun,3075,4.929
6752,bronco,0,noun,3074,4.927
6753,muscular,0,verb,3073,4.925
6754,encarregue,0,unk,3069,4.919
6755,macio,0,noun,3068,4.917
6756,cinzar,0,verb,3067,4.916
6757,chaminé,0,unk,3065,4.912
6758,tacada,0,noun,3064,4.911
6759,fortemente,0,adv,3063,4.909
6760,multa,0,noun,3063,4.909
6761,primitivo,0,noun,3062,4.908
6762,dividido,0,noun,3062,4.908
6763,mergulhador,0,noun,3062,4.908
6764,electrónica,0,adj,3061,4.906
6765,avesso,0,noun,3060,4.904
6766,ameaçado,0,noun,3060,4.904
6767,espetacular,0,verb,3059,4.903
6768,iogurte,0,unk,3059,4.903
6769,dossier,0,verb,3059,4.903
6770,dra brennan,1,mwe,3059,4.903
6771,impotente,0,adj,3058,4.901
6772,crucificar,0,verb,3058,4.901
6773,percepção,0,noun,3056,4.898
6774,manuel,0,unk,3054,4.895
6775,exterminador,0,noun,3051,4.890
6776,caminhão,0,noun,3050,4.888
6777,cabeleireiro,0,noun,3050,4.888
6778,programação,0,noun,3047,4.884
6779,tanga,0,noun,3047,4.884
6780,marta,0,noun,3044,4.879
6781,algoritmo,0,noun,3044,4.879
6782,hematoma,0,noun,3044,4.879
6783,devidamente,0,adv,3042,4.876
6784,farinha,0,adj,3042,4.876
6785,ervilha,0,noun,3041,4.874
6786,rã,0,unk,3040,4.872
6787,patrulha,0,noun,3039,4.871
6788,ocorrido,0,noun,3039,4.871
6789,forasteiro,0,noun,3038,4.869
6790,jogada,0,noun,3037,4.868
6791,discípulo,0,noun,3037,4.868
6792,borrar,0,verb,3036,4.866
6793,realeza,0,noun,3035,4.864
6794,ânimo,0,noun,3035,4.864
6795,gravemente,0,adv,3033,4.861
6796,espelunca,0,noun,3033,4.861
6797,bombardeiro,0,noun,3033,4.861
6798,tigela,0,noun,3032,4.860
6799,multiplicar,0,verb,3032,4.860
6800,todo-poderoso,0,adj,3031,4.858
6801,dezasseis,0,num,3031,4.858
6802,radiante,0,unk,3031,4.858
6803,matador,0,noun,3031,4.858
6804,atuar,0,verb,3031,4.858
6805,estratégico,0,adj,3030,4.856
6806,contador,0,noun,3029,4.855
6807,moribundo,0,noun,3029,4.855
6808,stifler,0,verb,3028,4.853
6809,alojamento,0,noun,3028,4.853
6810,trenó,0,unk,3025,4.848
6811,moção,0,noun,3025,4.848
6812,matinal,0,adj,3025,4.848
6813,etapa,0,noun,3024,4.847
6814,queque,0,unk,3024,4.847
6815,abafar,0,verb,3024,4.847
6816,center,0,verb,3023,4.845
6817,objecção,0,noun,3022,4.844
6818,barragem,0,noun,3022,4.844
6819,veloz,0,unk,3022,4.844
6820,elias,0,unk,3021,4.842
6821,circulação,0,noun,3021,4.842
6822,gole,0,unk,3019,4.839
6823,incompetente,0,adj,3019,4.839
6824,esmurrar,0,verb,3019,4.839
6825,apresentar queixa,1,mwe,3019,4.839
6826,árbitro,0,noun,3018,4.837
6827,alterado,0,noun,3018,4.837
6828,galactica,0,adj,3017,4.836
6829,desordem,0,unk,3017,4.836
6830,considerável,0,adj,3016,4.834
6831,emocionar,0,verb,3016,4.834
6832,mortífero,0,noun,3016,4.834
6833,assuntos internos,1,mwe,3011,4.826
6834,estufar,0,verb,3008,4.821
6835,crente,0,adj,3008,4.821
6836,ripostar,0,verb,3008,4.821
6837,mentalmente,0,adv,3007,4.820
6838,mariquinhas,0,unk,3006,4.818
6839,prefeito,0,noun,3006,4.818
6840,meia dúzia,1,mwe,3006,4.818
6841,confiável,0,adj,3004,4.815
6842,crítica,0,adj,3003,4.813
6843,clinton,0,unk,3001,4.810
6844,vassoura,0,noun,2999,4.807
6845,excêntrico,0,adj,2999,4.807
6846,rotação,0,noun,2998,4.805
6847,sensacional,0,adj,2994,4.799
6848,monumento,0,noun,2994,4.799
6849,desabafar,0,verb,2994,4.799
6850,extorsão,0,noun,2993,4.797
6851,funcionamento,0,noun,2990,4.792
6852,celeste,0,unk,2990,4.792
6853,fungo,0,noun,2988,4.789
6854,afecto,0,noun,2987,4.787
6855,alavancar,0,verb,2986,4.786
6856,incentivo,0,noun,2986,4.786
6857,irracional,0,adj,2986,4.786
6858,pónei,0,unk,2986,4.786
6859,ferrari,0,unk,2984,4.783
6860,judiar,0,verb,2983,4.781
6861,encenar,0,verb,2983,4.781
6862,esboço,0,noun,2981,4.778
6863,ianque,0,unk,2981,4.778
6864,corromper,0,verb,2981,4.778
6865,tremor,0,unk,2980,4.776
6866,característica,0,adj,2979,4.775
6867,calmamente,0,adv,2979,4.775
6868,maestro,0,noun,2978,4.773
6869,múmia,0,noun,2978,4.773
6870,bravura,0,noun,2976,4.770
6871,duquesa,0,adj,2976,4.770
6872,intimidade,0,noun,2976,4.770
6873,javali,0,unk,2975,4.768
6874,fundir,0,verb,2975,4.768
6875,ca,0,unk,2973,4.765
6876,disco rígido,1,mwe,2972,4.763
6877,fita,0,noun,2971,4.762
6878,illinois,0,unk,2969,4.759
6879,marciano,0,adj,2967,4.755
6880,privada,0,noun,2966,4.754
6881,jarda,0,noun,2966,4.754
6882,deslumbrante,0,unk,2961,4.746
6883,agitação,0,noun,2960,4.744
6884,zoom,0,unk,2959,4.743
6885,confortar,0,verb,2959,4.743
6886,b i,1,mwe,2959,4.743
6887,porcento,0,noun,2958,4.741
6888,armazenar,0,verb,2957,4.739
6889,artes marciais,1,mwe,2957,4.739
6890,mimi,0,unk,2956,4.738
6891,tese,0,unk,2956,4.738
6892,arquivar,0,verb,2956,4.738
6893,discordo,0,noun,2955,4.736
6894,aquisição,0,noun,2955,4.736
6895,jurídico,0,adj,2955,4.736
6896,maratona,0,noun,2954,4.735
6897,contusão,0,noun,2954,4.735
6898,prostituição,0,noun,2952,4.731
6899,cisne,0,unk,2951,4.730
6900,eleger,0,verb,2949,4.727
6901,lamentável,0,adj,2948,4.725
6902,adoptar,0,verb,2947,4.723
6903,cozido,0,noun,2946,4.722
6904,horroroso,0,adj,2941,4.714
6905,cisco,0,noun,2940,4.712
6906,tripa,0,noun,2939,4.711
6907,penhorar,0,verb,2937,4.707
6908,místico,0,adj,2937,4.707
6909,mercê,0,unk,2936,4.706
6910,cansativo,0,noun,2936,4.706
6911,memorando,0,noun,2935,4.704
6912,arar,0,verb,2935,4.704
6913,palavrão,0,noun,2934,4.703
6914,recreio,0,noun,2933,4.701
6915,foleiro,0,noun,2933,4.701
6916,véu,0,unk,2932,4.699
6917,ordinário,0,noun,2930,4.696
6918,raspar,0,verb,2930,4.696
6919,desencadear,0,verb,2929,4.695
6920,manifesto,0,noun,2927,4.691
6921,impune,0,unk,2927,4.691
6922,mineral,0,adj,2927,4.691
6923,vala,0,noun,2926,4.690
6924,en,0,unk,2926,4.690
6925,papo,0,noun,2926,4.690
6926,delito,0,noun,2926,4.690
6927,credibilidade,0,noun,2925,4.688
6928,afiar,0,verb,2925,4.688
6929,hopper,0,verb,2924,4.686
6930,vulcano,0,adj,2924,4.686
6931,derradeiro,0,noun,2923,4.685
6932,apito,0,noun,2922,4.683
6933,escobar,0,verb,2920,4.680
6934,national,0,adj,2919,4.678
6935,sobrecarregar,0,verb,2918,4.677
6936,enfurecer,0,verb,2918,4.677
6937,ofício,0,noun,2917,4.675
6938,reno,0,noun,2916,4.674
6939,dó,0,unk,2916,4.674
6940,almofada,0,noun,2916,4.674
6941,cala,0,noun,2916,4.674
6942,bilhar,0,verb,2915,4.672
6943,taxar,0,verb,2915,4.672
6944,bolsa,0,noun,2914,4.670
6945,indiferente,0,adj,2914,4.670
6946,chocado,0,noun,2914,4.670
6947,assédio,0,noun,2913,4.669
6948,jurado,0,noun,2913,4.669
6949,reduzido,0,noun,2913,4.669
6950,tirano,0,adj,2912,4.667
6951,nevar,0,verb,2911,4.666
6952,ratazana,0,adj,2910,4.664
6953,milímetro,0,noun,2910,4.664
6954,pinto,0,noun,2909,4.662
6955,maciço,0,noun,2908,4.661
6956,martinez,0,unk,2905,4.656
6957,cancelado,0,noun,2905,4.656
6958,direcções,0,noun,2904,4.654
6959,anotação,0,noun,2902,4.651
6960,búfalo,0,noun,2902,4.651
6961,barbeiro,0,noun,2901,4.650
6962,memphis,0,unk,2899,4.646
6963,àquilo,0,noun,2899,4.646
6964,credível,0,adj,2899,4.646
6965,óscar,0,verb,2897,4.643
6966,vitaminar,0,verb,2896,4.642
6967,familiarizar,0,verb,2896,4.642
6968,meteorito,0,noun,2896,4.642
6969,estalar,0,verb,2896,4.642
6970,pornográfico,0,adj,2895,4.640
6971,oferta,0,noun,2894,4.638
6972,stop,0,unk,2893,4.637
6973,paranormal,0,adj,2892,4.635
6974,geleia,0,noun,2887,4.627
6975,reviravolta,0,noun,2887,4.627
6976,brecha,0,noun,2887,4.627
6977,asfixiar,0,verb,2886,4.626
6978,marshal,0,adj,2884,4.622
6979,fedelho,0,noun,2884,4.622
6980,seguramente,0,adv,2883,4.621
6981,design,0,unk,2883,4.621
6982,nobel,0,unk,2882,4.619
6983,bolhar,0,verb,2882,4.619
6984,náusea,0,noun,2881,4.618
6985,dilema,0,noun,2880,4.616
6986,tresandar,0,verb,2879,4.614
6987,porte,0,unk,2877,4.611
6988,misericordioso,0,adj,2877,4.611
6989,dedicação,0,noun,2876,4.610
6990,carpete,0,unk,2876,4.610
6991,buraco negro,1,mwe,2876,4.610
6992,amargo,0,noun,2875,4.608
6993,concreto,0,noun,2875,4.608
6994,fascista,0,noun,2875,4.608
6995,competente,0,adj,2872,4.603
6996,sózinho,0,adj,2871,4.602
6997,sinclair,0,verb,2871,4.602
6998,judaico,0,adj,2871,4.602
6999,resumo,0,noun,2870,4.600
7000,catálogo,0,noun,2869,4.598
7001,atestar,0,verb,2869,4.598
7002,louisiana,0,adj,2868,4.597
7003,delegado,0,noun,2868,4.597
7004,tentou matar-me,1,mwe,2867,4.595
7005,fernando,0,noun,2866,4.594
7006,oráculo,0,noun,2866,4.594
7007,especulação,0,noun,2865,4.592
7008,avisado,0,noun,2865,4.592
7009,infiltrado,0,noun,2865,4.592
7010,apple,0,unk,2864,4.590
7011,coiote,0,unk,2863,4.589
7012,ala,0,noun,2860,4.584
7013,presenciar,0,verb,2857,4.579
7014,lã,0,unk,2856,4.578
7015,legume,0,unk,2856,4.578
7016,desactivar,0,verb,2855,4.576
7017,gueto,0,noun,2855,4.576
7018,catarina,0,adj,2854,4.574
7019,sinceridade,0,noun,2854,4.574
7020,catedral,0,adj,2854,4.574
7021,quinhentos,0,unk,2852,4.571
7022,julieta,0,noun,2850,4.568
7023,eleitor,0,unk,2849,4.566
7024,manta,0,noun,2849,4.566
7025,convencional,0,adj,2848,4.565
7026,respiratório,0,noun,2844,4.558
7027,sedar,0,verb,2844,4.558
7028,cósmico,0,adj,2842,4.555
7029,tapa,0,noun,2841,4.553
7030,sujeitar,0,verb,2841,4.553
7031,we,0,unk,2840,4.552
7032,prudente,0,adj,2840,4.552
7033,vibrar,0,verb,2840,4.552
7034,ilimitado,0,noun,2839,4.550
7035,wc,0,unk,2838,4.549
7036,imortalidade,0,noun,2838,4.549
7037,pairar,0,verb,2838,4.549
7038,vargas,0,unk,2837,4.547
7039,cratera,0,noun,2836,4.545
7040,ferrar,0,verb,2834,4.542
7041,palestrar,0,verb,2833,4.541
7042,estatística,0,adj,2832,4.539
7043,odor,0,unk,2831,4.537
7044,soma,0,noun,2830,4.536
7045,abastecer,0,verb,2829,4.534
7046,exprimir,0,verb,2828,4.533
7047,tellos,0,unk,2825,4.528
7048,surto,0,noun,2824,4.526
7049,anal,0,adj,2823,4.525
7050,triunfar,0,verb,2823,4.525
7051,instantâneo,0,noun,2821,4.521
7052,tampão,0,noun,2820,4.520
7053,decapitar,0,verb,2817,4.515
7054,justamente,0,adv,2816,4.513
7055,oitenta,0,num,2816,4.513
7056,regularmente,0,adv,2815,4.512
7057,subconsciente,0,adj,2815,4.512
7058,magricelas,0,unk,2814,4.510
7059,carver,0,verb,2813,4.509
7060,gringo,0,noun,2811,4.505
7061,gangster,0,verb,2810,4.504
7062,milícia,0,noun,2809,4.502
7063,pesada,0,noun,2809,4.502
7064,humidade,0,noun,2809,4.502
7065,flexível,0,adj,2809,4.502
7066,acariciar,0,verb,2807,4.499
7067,fosso,0,noun,2803,4.493
7068,aposentar,0,verb,2803,4.493
7069,ocasionalmente,0,adv,2802,4.491
7070,fogão,0,noun,2802,4.491
7071,caramelo,0,noun,2800,4.488
7072,aspirar,0,verb,2800,4.488
7073,fuller,0,verb,2798,4.485
7074,reconfortante,0,unk,2798,4.485
7075,flecha,0,noun,2796,4.481
7076,cálice,0,noun,2796,4.481
7077,frequente,0,adj,2796,4.481
7078,ponderar,0,verb,2796,4.481
7079,assombrado,0,noun,2795,4.480
7080,pugilista,0,noun,2795,4.480
7081,morador,0,noun,2794,4.478
7082,oitavo,0,num,2791,4.473
7083,estreito,0,noun,2791,4.473
7084,forças armadas,1,mwe,2791,4.473
7085,aniquilar,0,verb,2790,4.472
7086,feitio,0,noun,2789,4.470
7087,petição,0,noun,2789,4.470
7088,frustrar,0,verb,2789,4.470
7089,financiamento,0,noun,2786,4.465
7090,engenho,0,noun,2784,4.462
7091,tentador,0,noun,2784,4.462
7092,enriquecer,0,verb,2784,4.462
7093,recruta,0,noun,2783,4.461
7094,esparguete,0,unk,2782,4.459
7095,tema,0,noun,2780,4.456
7096,igualdade,0,noun,2779,4.454
7097,samaritano,0,adj,2778,4.452
7098,embaraçar,0,verb,2778,4.452
7099,cunhado,0,noun,2777,4.451
7100,perseguidor,0,noun,2777,4.451
7101,perseguido,0,noun,2777,4.451
7102,prisional,0,adj,2776,4.449
7103,aquático,0,adj,2776,4.449
7104,gostoso,0,adj,2776,4.449
7105,esvair,0,verb,2776,4.449
7106,livremente,0,adv,2775,4.448
7107,honras,0,unk,2775,4.448
7108,sela,0,noun,2775,4.448
7109,bilionário,0,noun,2775,4.448
7110,felicitar,0,verb,2774,4.446
7111,prematuro,0,noun,2770,4.440
7112,réplica,0,adj,2769,4.438
7113,catorze,0,num,2768,4.436
7114,delirar,0,verb,2768,4.436
7115,trapo,0,noun,2768,4.436
7116,duvidoso,0,adj,2768,4.436
7117,polegada,0,noun,2767,4.435
7118,fins-de-semana,0,adj,2766,4.433
7119,theresa,0,adj,2764,4.430
7120,alpendre,0,unk,2764,4.430
7121,chifre,0,unk,2764,4.430
7122,berrar,0,verb,2764,4.430
7123,ressurreição,0,noun,2762,4.427
7124,inauguração,0,noun,2762,4.427
7125,buda,0,adj,2762,4.427
7126,favorecer,0,verb,2762,4.427
7127,tantas saudades,1,mwe,2761,4.425
7128,vito,0,noun,2760,4.424
7129,cambridge,0,unk,2759,4.422
7130,podiamos,0,unk,2759,4.422
7131,casual,0,adj,2759,4.422
7132,co,0,unk,2756,4.417
7133,torneira,0,noun,2755,4.416
7134,julgado,0,noun,2755,4.416
7135,arranque,0,unk,2753,4.412
7136,rafael,0,unk,2752,4.411
7137,artifício,0,noun,2752,4.411
7138,maduro,0,noun,2752,4.411
7139,recriar,0,verb,2751,4.409
7140,napoleão,0,noun,2750,4.408
7141,reclamação,0,noun,2748,4.404
7142,drenar,0,verb,2748,4.404
7143,virado,0,noun,2747,4.403
7144,sonhador,0,noun,2747,4.403
7145,patrocinador,0,noun,2747,4.403
7146,evidentemente,0,adv,2746,4.401
7147,macarrão,0,noun,2746,4.401
7148,licenciar,0,verb,2746,4.401
7149,pi,0,unk,2743,4.396
7150,bruxo,0,noun,2742,4.395
7151,aparição,0,noun,2739,4.390
7152,bronzear,0,verb,2739,4.390
7153,meteoro,0,noun,2738,4.388
7154,retido,0,noun,2738,4.388
7155,episódios anteriores,1,mwe,2737,4.387
7156,redução,0,noun,2736,4.385
7157,polar,0,verb,2736,4.385
7158,avante,0,unk,2735,4.384
7159,estalo,0,noun,2735,4.384
7160,quebrado,0,noun,2735,4.384
7161,acidental,0,adj,2734,4.382
7162,ilegalmente,0,adv,2732,4.379
7163,suspiro,0,noun,2732,4.379
7164,saque,0,unk,2732,4.379
7165,larva,0,noun,2732,4.379
7166,an,0,unk,2731,4.377
7167,tranquilizante,0,unk,2730,4.376
7168,louro,0,noun,2728,4.372
7169,fantoche,0,unk,2728,4.372
7170,espanto,0,noun,2727,4.371
7171,compreensivo,0,noun,2727,4.371
7172,metálico,0,adj,2725,4.368
7173,reconstrução,0,noun,2724,4.366
7174,recitar,0,verb,2724,4.366
7175,planeamento,0,noun,2722,4.363
7176,vasto,0,noun,2722,4.363
7177,vigiado,0,noun,2721,4.361
7178,tanas,0,unk,2720,4.360
7179,ósseo,0,noun,2720,4.360
7180,terno,0,noun,2719,4.358
7181,derrame,0,unk,2718,4.356
7182,competência,0,noun,2718,4.356
7183,peregrino,0,adj,2718,4.356
7184,bibliotecário,0,noun,2718,4.356
7185,frustrante,0,unk,2717,4.355
7186,apólice,0,noun,2717,4.355
7187,noutros,0,unk,2714,4.350
7188,pino,0,adj,2714,4.350
7189,infravermelho,0,noun,2714,4.350
7190,massachusetts,0,unk,2713,4.348
7191,cilindro,0,noun,2713,4.348
7192,unha,0,noun,2712,4.347
7193,alcateia,0,noun,2711,4.345
7194,engasgar,0,verb,2710,4.344
7195,alfinete,0,unk,2708,4.340
7196,avariado,0,noun,2708,4.340
7197,tailândia,0,noun,2707,4.339
7198,nápoles,0,unk,2706,4.337
7199,atear,0,verb,2706,4.337
7200,externa,0,noun,2705,4.335
7201,fidelidade,0,noun,2704,4.334
7202,supremo tribunal,1,mwe,2704,4.334
7203,boletim,0,unk,2703,4.332
7204,gaulês,0,adj,2703,4.332
7205,iraquiano,0,adj,2703,4.332
7206,magistrado,0,noun,2702,4.331
7207,cruzada,0,noun,2701,4.329
7208,auge,0,unk,2700,4.327
7209,baralho,0,noun,2700,4.327
7210,repousar,0,verb,2700,4.327
7211,medalha,0,noun,2698,4.324
7212,comprovar,0,verb,2698,4.324
7213,luís,0,unk,2697,4.323
7214,soutien,0,unk,2697,4.323
7215,feixe,0,unk,2697,4.323
7216,polir,0,verb,2697,4.323
7217,big bang,1,mwe,2697,4.323
7218,quimioterapia,0,noun,2696,4.321
7219,rodeio,0,noun,2696,4.321
7220,noventa,0,num,2695,4.319
7221,gretar,0,verb,2693,4.316
7222,nico,0,adj,2693,4.316
7223,telescópio,0,noun,2692,4.315
7224,manicómio,0,noun,2691,4.313
7225,obstrução,0,noun,2691,4.313
7226,bato,0,noun,2691,4.313
7227,especiaria,0,noun,2691,4.313
7228,et,0,unk,2689,4.310
7229,tradutor,0,unk,2688,4.308
7230,mascote,0,unk,2687,4.307
7231,chapar,0,verb,2687,4.307
7232,iluminação,0,noun,2685,4.303
7233,espinho,0,adj,2685,4.303
7234,temperamento,0,noun,2684,4.302
7235,sondar,0,verb,2684,4.302
7236,mónica,0,adj,2683,4.300
7237,su,0,unk,2683,4.300
7238,viável,0,adj,2682,4.299
7239,pedófilo,0,noun,2682,4.299
7240,pestanejar,0,verb,2682,4.299
7241,requisitar,0,verb,2681,4.297
7242,actualização,0,noun,2680,4.295
7243,pêsames,0,unk,2679,4.294
7244,decência,0,noun,2679,4.294
7245,moinho,0,adj,2679,4.294
7246,navalhar,0,verb,2677,4.291
7247,energético,0,adj,2677,4.291
7248,decisivo,0,noun,2677,4.291
7249,andré,0,unk,2675,4.287
7250,beethoven,0,unk,2673,4.284
7251,vespa,0,noun,2673,4.284
7252,segundar,0,verb,2672,4.283
7253,separatista,0,noun,2670,4.279
7254,dentário,0,noun,2670,4.279
7255,re,0,unk,2668,4.276
7256,saca,0,noun,2668,4.276
7257,esclarecido,0,noun,2668,4.276
7258,curado,0,noun,2667,4.275
7259,instruir,0,verb,2666,4.273
7260,venerar,0,verb,2665,4.271
7261,nações unidas,1,mwe,2665,4.271
7262,angariação,0,noun,2664,4.270
7263,planície,0,unk,2663,4.268
7264,banca,0,noun,2662,4.267
7265,contrair,0,verb,2662,4.267
7266,escravatura,0,noun,2660,4.263
7267,congelador,0,noun,2660,4.263
7268,seita,0,noun,2660,4.263
7269,rédea,0,noun,2660,4.263
7270,cómodo,0,noun,2660,4.263
7271,alfredo,0,noun,2659,4.262
7272,devoção,0,noun,2659,4.262
7273,jà,0,unk,2657,4.259
7274,escorrer,0,verb,2657,4.259
7275,silva,0,noun,2656,4.257
7276,nata,0,noun,2656,4.257
7277,apto,0,noun,2656,4.257
7278,engenhoso,0,adj,2656,4.257
7279,épico,0,adj,2656,4.257
7280,afectou,0,unk,2652,4.251
7281,trezentos,0,unk,2651,4.249
7282,premir,0,verb,2650,4.247
7283,hà,0,unk,2649,4.246
7284,utilizado,0,noun,2648,4.244
7285,manhoso,0,adj,2648,4.244
7286,recife,0,unk,2647,4.243
7287,raivoso,0,adj,2646,4.241
7288,repouso,0,noun,2645,4.239
7289,comprado,0,noun,2645,4.239
7290,dinâmico,0,adj,2644,4.238
7291,atendido,0,noun,2641,4.233
7292,redondezas,0,noun,2640,4.231
7293,irregular,0,verb,2639,4.230
7294,acorrentar,0,verb,2639,4.230
7295,bancada,0,noun,2637,4.227
7296,distinção,0,noun,2636,4.225
7297,un,0,unk,2635,4.223
7298,estimulante,0,unk,2635,4.223
7299,dependente,0,adj,2634,4.222
7300,luar,0,verb,2633,4.220
7301,bagageira,0,noun,2633,4.220
7302,unicórnio,0,noun,2633,4.220
7303,aterrorizado,0,noun,2633,4.220
7304,dissolver,0,verb,2633,4.220
7305,curva,0,noun,2630,4.215
7306,pente,0,adj,2630,4.215
7307,roupão,0,noun,2630,4.215
7308,melhoria,0,noun,2630,4.215
7309,seringa,0,noun,2628,4.212
7310,palha,0,noun,2628,4.212
7311,fascinar,0,verb,2628,4.212
7312,engate,0,unk,2627,4.210
7313,preenchido,0,noun,2627,4.210
7314,alce,0,unk,2624,4.206
7315,retardar,0,verb,2622,4.202
7316,arruinado,0,noun,2622,4.202
7317,rufia,0,noun,2621,4.201
7318,casinha,0,adj,2621,4.201
7319,estabilidade,0,noun,2620,4.199
7320,proa,0,noun,2620,4.199
7321,garantido,0,noun,2619,4.198
7322,angariar,0,verb,2618,4.196
7323,competitivo,0,noun,2617,4.194
7324,repetição,0,noun,2615,4.191
7325,combinado,0,noun,2615,4.191
7326,credencial,0,adj,2614,4.190
7327,alucinar,0,verb,2614,4.190
7328,extremidade,0,noun,2614,4.190
7329,acomodar,0,verb,2614,4.190
7330,covil,0,unk,2613,4.188
7331,erótico,0,adj,2613,4.188
7332,pinça,0,noun,2612,4.186
7333,horrendo,0,noun,2612,4.186
7334,aparente,0,adj,2611,4.185
7335,fileira,0,noun,2610,4.183
7336,oponente,0,adj,2609,4.182
7337,canino,0,adj,2609,4.182
7338,eliminado,0,noun,2607,4.178
7339,banhar,0,verb,2606,4.177
7340,piratear,0,verb,2605,4.175
7341,persistente,0,adj,2603,4.172
7342,du,0,unk,2602,4.170
7343,enferrujar,0,verb,2602,4.170
7344,caesar,0,verb,2601,4.169
7345,vertical,0,adj,2601,4.169
7346,consumidor,0,noun,2601,4.169
7347,scanner,0,verb,2600,4.167
7348,formalidade,0,noun,2600,4.167
7349,barreira,0,noun,2599,4.166
7350,cínico,0,adj,2599,4.166
7351,ardente,0,adj,2597,4.162
7352,recair,0,verb,2597,4.162
7353,riacho,0,noun,2596,4.161
7354,exorcismo,0,noun,2596,4.161
7355,espécime,0,unk,2596,4.161
7356,descodificar,0,verb,2596,4.161
7357,vice,0,noun,2594,4.158
7358,calcanhar,0,verb,2594,4.158
7359,gallagher,0,verb,2592,4.154
7360,aliviado,0,noun,2590,4.151
7361,produtivo,0,noun,2590,4.151
7362,bruxaria,0,noun,2588,4.148
7363,munição,0,noun,2586,4.145
7364,rabugento,0,noun,2584,4.142
7365,intensivo,0,noun,2584,4.142
7366,entes queridos,1,mwe,2584,4.142
7367,setenta,0,num,2583,4.140
7368,tralha,0,noun,2583,4.140
7369,marinho,0,adj,2583,4.140
7370,espremer,0,verb,2582,4.138
7371,cantina,0,adj,2580,4.135
7372,dígito,0,noun,2580,4.135
7373,feto,0,noun,2580,4.135
7374,liberar,0,verb,2580,4.135
7375,união soviética,1,mwe,2580,4.135
7376,relações públicas,1,mwe,2580,4.135
7377,graxa,0,noun,2579,4.134
7378,diplomata,0,noun,2579,4.134
7379,suavemente,0,adv,2578,4.132
7380,ultra,0,noun,2578,4.132
7381,apreensão,0,noun,2578,4.132
7382,manga,0,noun,2577,4.130
7383,ídolo,0,noun,2577,4.130
7384,guisar,0,verb,2576,4.129
7385,esqui,0,unk,2576,4.129
7386,escrita,0,noun,2574,4.126
7387,lucifer,0,verb,2574,4.126
7388,contrabandista,0,noun,2574,4.126
7389,neurológico,0,adj,2572,4.122
7390,escavação,0,noun,2571,4.121
7391,marquês,0,adj,2570,4.119
7392,ruptura,0,noun,2568,4.116
7393,compensação,0,noun,2568,4.116
7394,retrete,0,unk,2568,4.116
7395,interminável,0,adj,2568,4.116
7396,imaculado,0,noun,2568,4.116
7397,honor,0,unk,2567,4.114
7398,asma,0,noun,2567,4.114
7399,sultão,0,noun,2567,4.114
7400,apoiante,0,unk,2567,4.114
7401,visualizar,0,verb,2567,4.114
7402,xander,0,verb,2566,4.113
7403,suprimento,0,noun,2566,4.113
7404,minnesota,0,noun,2565,4.111
7405,matulão,0,noun,2565,4.111
7406,merecido,0,noun,2565,4.111
7407,ópio,0,noun,2564,4.109
7408,desempregar,0,verb,2563,4.108
7409,marioneta,0,noun,2563,4.108
7410,distanciar,0,verb,2563,4.108
7411,falhanço,0,noun,2562,4.106
7412,revirar,0,verb,2562,4.106
7413,aeronave,0,unk,2561,4.105
7414,zumbir,0,verb,2561,4.105
7415,inicialmente,0,adv,2559,4.101
7416,constrangedor,0,noun,2559,4.101
7417,peluche,0,unk,2557,4.098
7418,colaborador,0,noun,2556,4.097
7419,activos,0,unk,2555,4.095
7420,graal,0,adj,2555,4.095
7421,fornecimento,0,noun,2555,4.095
7422,equivalente,0,adj,2552,4.090
7423,gelatina,0,adj,2550,4.087
7424,mutuamente,0,adv,2549,4.085
7425,esmeralda,0,noun,2549,4.085
7426,indicador,0,noun,2549,4.085
7427,filósofo,0,noun,2548,4.084
7428,redenção,0,noun,2546,4.081
7429,dezassete,0,num,2544,4.077
7430,descender,0,verb,2544,4.077
7431,desertor,0,unk,2544,4.077
7432,jj,0,unk,2543,4.076
7433,auxílio,0,noun,2542,4.074
7434,cadeado,0,noun,2541,4.073
7435,legítima defesa,1,mwe,2541,4.073
7436,genebra,0,noun,2540,4.071
7437,alumínio,0,noun,2540,4.071
7438,lápide,0,unk,2540,4.071
7439,descrito,0,noun,2539,4.069
7440,amanhar,0,verb,2538,4.068
7441,honorário,0,noun,2537,4.066
7442,abdómen,0,unk,2535,4.063
7443,amnésia,0,noun,2535,4.063
7444,obsceno,0,noun,2535,4.063
7445,inundação,0,noun,2534,4.061
7446,canalização,0,noun,2533,4.060
7447,correia,0,noun,2533,4.060
7448,fracturas,0,noun,2532,4.058
7449,discretamente,0,adv,2532,4.058
7450,víbora,0,noun,2530,4.055
7451,ioga,0,noun,2529,4.053
7452,anatomia,0,noun,2528,4.052
7453,insano,0,adj,2528,4.052
7454,molécula,0,noun,2527,4.050
7455,rastro,0,noun,2526,4.049
7456,antiquar,0,verb,2525,4.047
7457,descolagem,0,noun,2525,4.047
7458,preocupante,0,unk,2525,4.047
7459,trajectória,0,adj,2524,4.045
7460,frustração,0,noun,2524,4.045
7461,baunilha,0,noun,2523,4.044
7462,monitores,0,unk,2523,4.044
7463,gestapo,0,noun,2523,4.044
7464,bisturi,0,unk,2522,4.042
7465,gira,0,noun,2521,4.041
7466,maxilar,0,verb,2521,4.041
7467,implantar,0,verb,2520,4.039
7468,acessório,0,noun,2519,4.037
7469,deliberadamente,0,adv,2518,4.036
7470,canelar,0,verb,2518,4.036
7471,trunfo,0,noun,2518,4.036
7472,pistoleiro,0,noun,2518,4.036
7473,funcional,0,adj,2517,4.034
7474,contracto,0,noun,2517,4.034
7475,sobrevoar,0,verb,2517,4.034
7476,cruzes,0,unk,2516,4.033
7477,larga,0,noun,2516,4.033
7478,rameiro,0,noun,2515,4.031
7479,especular,0,verb,2515,4.031
7480,selado,0,noun,2515,4.031
7481,fenda,0,noun,2514,4.029
7482,gardner,0,verb,2514,4.029
7483,valentão,0,noun,2514,4.029
7484,tecnológico,0,adj,2513,4.028
7485,alga,0,noun,2512,4.026
7486,diligência,0,noun,2512,4.026
7487,mágoa,0,noun,2511,4.025
7488,diálogo,0,noun,2510,4.023
7489,contestar,0,verb,2510,4.023
7490,protestante,0,unk,2507,4.018
7491,intensidade,0,noun,2506,4.017
7492,edmund,0,unk,2505,4.015
7493,indelicado,0,noun,2505,4.015
7494,estritamente,0,adv,2504,4.013
7495,constipação,0,noun,2504,4.013
7496,psicótico,0,adj,2503,4.012
7497,insanidade,0,noun,2502,4.010
7498,teoricamente,0,adv,2501,4.009
7499,prince,0,unk,2501,4.009
7500,iv,0,unk,2500,4.007
7501,apontamento,0,noun,2500,4.007
7502,carril,0,unk,2499,4.005
7503,bandeira,0,noun,2498,4.004
7504,descontar,0,verb,2498,4.004
7505,afligir,0,verb,2498,4.004
7506,celestial,0,adj,2497,4.002
7507,eléctricos,0,unk,2496,4.001
7508,penitenciário,0,noun,2495,3.999
7509,refinar,0,verb,2495,3.999
7510,magia negra,1,mwe,2493,3.996
7511,castigado,0,noun,2492,3.994
7512,nomeação,0,noun,2491,3.992
7513,ilibar,0,verb,2491,3.992
7514,encaminhar,0,verb,2491,3.992
7515,obrigadinho,0,adj,2490,3.991
7516,mágica,0,adj,2490,3.991
7517,denúncia,0,noun,2490,3.991
7518,monstruoso,0,adj,2489,3.989
7519,bata,0,noun,2488,3.988
7520,peculiar,0,verb,2487,3.986
7521,manobras,0,unk,2485,3.983
7522,consistir,0,verb,2485,3.983
7523,documentar,0,verb,2485,3.983
7524,malhar,0,verb,2484,3.981
7525,devastador,0,noun,2484,3.981
7526,ve,0,unk,2483,3.980
7527,qualificado,0,noun,2482,3.978
7528,reivindicar,0,verb,2481,3.976
7529,sonoro,0,noun,2480,3.975
7530,baú,0,unk,2478,3.972
7531,madrasta,0,noun,2477,3.970
7532,teso,0,noun,2477,3.970
7533,erguido,0,noun,2476,3.968
7534,sádico,0,adj,2476,3.968
7535,respondido,0,noun,2476,3.968
7536,automaticamente,0,adv,2475,3.967
7537,saudita,0,noun,2475,3.967
7538,incompleto,0,noun,2475,3.967
7539,costa leste,1,mwe,2474,3.965
7540,árduo,0,noun,2472,3.962
7541,mendigo,0,noun,2472,3.962
7542,curandeiro,0,noun,2471,3.960
7543,lúcifer,0,verb,2468,3.956
7544,perturbação,0,noun,2468,3.956
7545,mimo,0,noun,2468,3.956
7546,xavier,0,verb,2466,3.952
7547,caligrafia,0,noun,2466,3.952
7548,incisão,0,noun,2466,3.952
7549,chacinar,0,verb,2466,3.952
7550,câmeras,0,unk,2465,3.951
7551,empate,0,unk,2465,3.951
7552,contido,0,noun,2465,3.951
7553,frota estelar,1,mwe,2465,3.951
7554,empacotar,0,verb,2463,3.948
7555,aprisionar,0,verb,2463,3.948
7556,confidencialidade,0,noun,2462,3.946
7557,muda,0,adj,2461,3.944
7558,economizar,0,verb,2461,3.944
7559,urânio,0,noun,2460,3.943
7560,goma,0,noun,2459,3.941
7561,infectada,0,noun,2458,3.940
7562,plenamente,0,adv,2457,3.938
7563,ming,0,unk,2457,3.938
7564,permanentemente,0,adv,2457,3.938
7565,repetidamente,0,adv,2457,3.938
7566,mercúrio,0,noun,2457,3.938
7567,tédio,0,noun,2457,3.938
7568,detonação,0,noun,2457,3.938
7569,sobrenome,0,unk,2457,3.938
7570,demônios,0,unk,2456,3.936
7571,tito,0,noun,2456,3.936
7572,louros,0,unk,2455,3.935
7573,desimpedir,0,verb,2455,3.935
7574,sacramento,0,noun,2453,3.932
7575,condomínio,0,noun,2453,3.932
7576,rebocar,0,verb,2452,3.930
7577,reforço,0,noun,2451,3.928
7578,florir,0,verb,2451,3.928
7579,orquídea,0,noun,2449,3.925
7580,camuflagem,0,noun,2447,3.922
7581,atacante,0,unk,2447,3.922
7582,escorregadio,0,noun,2447,3.922
7583,pedreiro,0,noun,2447,3.922
7584,folheto,0,noun,2447,3.922
7585,pequim,0,unk,2446,3.920
7586,mozart,0,unk,2446,3.920
7587,raciocínio,0,noun,2444,3.917
7588,camarote,0,unk,2443,3.916
7589,especializar,0,verb,2443,3.916
7590,igualar,0,verb,2443,3.916
7591,física,0,adj,2440,3.911
7592,retaliação,0,noun,2440,3.911
7593,transparente,0,adj,2440,3.911
7594,marítimo,0,noun,2440,3.911
7595,efeitos secundários,1,mwe,2440,3.911
7596,henri,0,unk,2436,3.904
7597,xarope,0,unk,2436,3.904
7598,conveniência,0,noun,2435,3.903
7599,lda,0,noun,2434,3.901
7600,clivar,0,verb,2434,3.901
7601,fenomenal,0,adj,2434,3.901
7602,bombordo,0,noun,2432,3.898
7603,dental,0,adj,2432,3.898
7604,milão,0,noun,2431,3.896
7605,matricular,0,verb,2431,3.896
7606,publicitário,0,noun,2431,3.896
7607,injectar,0,verb,2430,3.895
7608,descansado,0,noun,2430,3.895
7609,titã,0,unk,2430,3.895
7610,comendo,0,noun,2429,3.893
7611,autoestima,0,noun,2429,3.893
7612,verter,0,verb,2429,3.893
7613,negligência,0,noun,2428,3.892
7614,localizado,0,noun,2428,3.892
7615,inchado,0,noun,2427,3.890
7616,matracar,0,verb,2425,3.887
7617,sincronizar,0,verb,2425,3.887
7618,esgueirar,0,verb,2424,3.885
7619,maquinar,0,verb,2423,3.884
7620,apreender,0,verb,2423,3.884
7621,dicionário,0,noun,2422,3.882
7622,aventureiro,0,noun,2422,3.882
7623,herman,0,unk,2421,3.880
7624,lançador,0,noun,2421,3.880
7625,bisavô,0,unk,2420,3.879
7626,temporada episódio,1,mwe,2420,3.879
7627,desastrado,0,noun,2419,3.877
7628,melodiar,0,verb,2416,3.872
7629,substituição,0,noun,2416,3.872
7630,vacinar,0,verb,2416,3.872
7631,ameaçador,0,noun,2416,3.872
7632,migalhas,0,unk,2415,3.871
7633,he,0,unk,2415,3.871
7634,cabedal,0,adj,2415,3.871
7635,carrasco,0,noun,2415,3.871
7636,namoriscar,0,verb,2415,3.871
7637,pa,0,unk,2414,3.869
7638,manipulação,0,noun,2414,3.869
7639,delírio,0,noun,2412,3.866
7640,chimpanzé,0,unk,2411,3.864
7641,metralhadora,0,noun,2409,3.861
7642,minoria,0,noun,2409,3.861
7643,impulsivo,0,noun,2409,3.861
7644,dominador,0,noun,2409,3.861
7645,afectado,0,noun,2408,3.859
7646,vaidade,0,noun,2407,3.858
7647,louça,0,noun,2407,3.858
7648,ouvinte,0,unk,2407,3.858
7649,excursão,0,noun,2406,3.856
7650,rugir,0,verb,2406,3.856
7651,cargueiro,0,noun,2405,3.855
7652,cinderela,0,noun,2404,3.853
7653,medricas,0,unk,2403,3.851
7654,escaldante,0,unk,2403,3.851
7655,alvejado,0,noun,2402,3.850
7656,buzinar,0,verb,2401,3.848
7657,nascença,0,noun,2400,3.847
7658,orgia,0,noun,2400,3.847
7659,impróprio,0,noun,2400,3.847
7660,espectadores,0,noun,2399,3.845
7661,acolhedor,0,noun,2398,3.843
7662,espartano,0,adj,2398,3.843
7663,pulmonar,0,verb,2397,3.842
7664,galdério,0,noun,2397,3.842
7665,racial,0,adj,2396,3.840
7666,suster,0,verb,2396,3.840
7667,tabela,0,noun,2395,3.839
7668,soprano,0,adj,2395,3.839
7669,esponjar,0,verb,2394,3.837
7670,comparado,0,noun,2393,3.835
7671,refugiar,0,verb,2392,3.834
7672,gentilmente,0,adv,2390,3.831
7673,nero,0,noun,2390,3.831
7674,balanço,0,noun,2390,3.831
7675,matriz,0,unk,2389,3.829
7676,vigor,0,unk,2388,3.827
7677,fischer,0,verb,2386,3.824
7678,belga,0,noun,2386,3.824
7679,detectado,0,noun,2385,3.823
7680,incendiário,0,noun,2385,3.823
7681,ra,0,unk,2384,3.821
7682,coxa,0,noun,2384,3.821
7683,sérvio,0,noun,2384,3.821
7684,golpear,0,verb,2384,3.821
7685,rover,0,verb,2383,3.819
7686,levanto,0,noun,2383,3.819
7687,refletir,0,verb,2383,3.819
7688,espectáculos,0,unk,2382,3.818
7689,sd,0,unk,2382,3.818
7690,correspondente,0,adj,2382,3.818
7691,planeado,0,noun,2382,3.818
7692,conquistador,0,noun,2382,3.818
7693,canhoto,0,noun,2381,3.816
7694,trocado,0,noun,2381,3.816
7695,greer,0,verb,2380,3.815
7696,procuradoria,0,noun,2380,3.815
7697,sarcasmo,0,noun,2380,3.815
7698,superstição,0,noun,2380,3.815
7699,rebolar,0,verb,2380,3.815
7700,desamarrar,0,verb,2380,3.815
7701,vc,0,unk,2379,3.813
7702,desabar,0,verb,2379,3.813
7703,turístico,0,adj,2379,3.813
7704,xeque,0,unk,2378,3.811
7705,existente,0,adj,2378,3.811
7706,donativo,0,noun,2378,3.811
7707,dorido,0,noun,2378,3.811
7708,coágulo,0,noun,2377,3.810
7709,esquivar,0,verb,2376,3.808
7710,directos,0,unk,2375,3.807
7711,xangai,0,unk,2375,3.807
7712,fitzgerald,0,unk,2375,3.807
7713,culinário,0,noun,2375,3.807
7714,ditador,0,noun,2375,3.807
7715,corujar,0,verb,2374,3.805
7716,philippe,0,unk,2374,3.805
7717,lia,0,noun,2374,3.805
7718,interagir,0,verb,2373,3.803
7719,gorducho,0,noun,2372,3.802
7720,rafe,0,unk,2371,3.800
7721,burocracia,0,noun,2371,3.800
7722,preconceito,0,noun,2371,3.800
7723,proporção,0,noun,2370,3.799
7724,subsídio,0,noun,2369,3.797
7725,margarita,0,noun,2367,3.794
7726,geórgia,0,noun,2366,3.792
7727,pegado,0,noun,2365,3.791
7728,perfuração,0,noun,2365,3.791
7729,especificar,0,verb,2365,3.791
7730,moda antiga,1,mwe,2363,3.787
7731,ba,0,unk,2362,3.786
7732,nabo,0,noun,2362,3.786
7733,mutilar,0,verb,2361,3.784
7734,fumador,0,noun,2360,3.783
7735,administrativo,0,noun,2360,3.783
7736,hino,0,adj,2358,3.779
7737,variável,0,adj,2357,3.778
7738,aromar,0,verb,2356,3.776
7739,posar,0,verb,2356,3.776
7740,cairo,0,noun,2355,3.775
7741,propriedade privada,1,mwe,2355,3.775
7742,característico,0,adj,2354,3.773
7743,françois,0,unk,2353,3.771
7744,hectare,0,unk,2352,3.770
7745,corporativo,0,noun,2352,3.770
7746,interceptar,0,verb,2351,3.768
7747,reflectir,0,verb,2351,3.768
7748,receptor,0,unk,2349,3.765
7749,entendimento,0,noun,2349,3.765
7750,moca,0,noun,2349,3.765
7751,inchaço,0,noun,2348,3.763
7752,alfaiate,0,unk,2348,3.763
7753,povos,0,unk,2346,3.760
7754,saliva,0,noun,2346,3.760
7755,castro,0,noun,2346,3.760
7756,tremendo,0,noun,2346,3.760
7757,formado,0,noun,2346,3.760
7758,coleção,0,noun,2345,3.758
7759,ambulante,0,unk,2345,3.758
7760,caloroso,0,adj,2345,3.758
7761,município,0,noun,2344,3.757
7762,taberna,0,noun,2343,3.755
7763,descontrolado,0,noun,2342,3.754
7764,beatrice,0,noun,2341,3.752
7765,delinquente,0,adj,2340,3.750
7766,assinalar,0,verb,2340,3.750
7767,sucumbir,0,verb,2340,3.750
7768,surfar,0,verb,2339,3.749
7769,assobiar,0,verb,2339,3.749
7770,rejeição,0,noun,2338,3.747
7771,fêmea,0,noun,2337,3.746
7772,urna,0,noun,2337,3.746
7773,alzheimer,0,verb,2334,3.741
7774,envenenamento,0,noun,2333,3.739
7775,dolores,0,unk,2332,3.738
7776,colorido,0,noun,2332,3.738
7777,atendedor,0,noun,2331,3.736
7778,toupeira,0,noun,2331,3.736
7779,popa,0,noun,2329,3.733
7780,negociante,0,unk,2328,3.731
7781,sub,0,unk,2326,3.728
7782,industriar,0,verb,2326,3.728
7783,aveia,0,noun,2324,3.725
7784,dinamarquês,0,adj,2324,3.725
7785,óbito,0,noun,2322,3.722
7786,idiotice,0,noun,2322,3.722
7787,hostilidade,0,noun,2322,3.722
7788,distraído,0,noun,2322,3.722
7789,gracioso,0,adj,2321,3.720
7790,natação,0,noun,2320,3.718
7791,butler,0,verb,2319,3.717
7792,carpinteiro,0,noun,2319,3.717
7793,ingerir,0,verb,2319,3.717
7794,mp,0,unk,2318,3.715
7795,acolhimento,0,noun,2318,3.715
7796,medieval,0,adj,2318,3.715
7797,enxaqueca,0,noun,2318,3.715
7798,dês ouvidos,1,mwe,2318,3.715
7799,encerramento,0,noun,2317,3.714
7800,adegar,0,verb,2316,3.712
7801,pegajoso,0,adj,2316,3.712
7802,cônsul,0,unk,2314,3.709
7803,arrombamento,0,noun,2314,3.709
7804,distribuidor,0,noun,2314,3.709
7805,palmada,0,noun,2314,3.709
7806,aldeão,0,noun,2313,3.707
7807,dote,0,unk,2313,3.707
7808,varrido,0,noun,2312,3.706
7809,madurar,0,verb,2310,3.702
7810,todavia,0,conj,2308,3.699
7811,purificar,0,verb,2308,3.699
7812,ventilador,0,noun,2306,3.696
7813,toxicológico,0,adj,2305,3.694
7814,concelho,0,noun,2301,3.688
7815,empresarial,0,adj,2301,3.688
7816,vader,0,verb,2300,3.686
7817,holanda,0,noun,2299,3.685
7818,presunçoso,0,adj,2299,3.685
7819,salvatore,0,unk,2298,3.683
7820,ceia,0,noun,2298,3.683
7821,súbdito,0,noun,2298,3.683
7822,rena,0,noun,2298,3.683
7823,long island,1,mwe,2298,3.683
7824,punhado,0,noun,2297,3.682
7825,prado,0,noun,2297,3.682
7826,empreiteiro,0,noun,2297,3.682
7827,sobrevivo,0,noun,2297,3.682
7828,ocorrência,0,noun,2296,3.680
7829,sanguessuga,0,noun,2296,3.680
7830,encriptar,0,verb,2295,3.678
7831,caviar,0,verb,2294,3.677
7832,perspicaz,0,unk,2293,3.675
7833,fazendeiro,0,noun,2293,3.675
7834,esquiar,0,verb,2292,3.674
7835,turquia,0,noun,2291,3.672
7836,genital,0,adj,2291,3.672
7837,palhaçada,0,noun,2291,3.672
7838,tolerância,0,noun,2290,3.670
7839,estojo,0,noun,2288,3.667
7840,essencialmente,0,adv,2287,3.666
7841,eramos,0,unk,2287,3.666
7842,fusível,0,adj,2287,3.666
7843,metanfetaminas,0,unk,2286,3.664
7844,adiantado,0,noun,2286,3.664
7845,réptil,0,unk,2286,3.664
7846,acudir,0,verb,2286,3.664
7847,eletricidade,0,noun,2285,3.662
7848,desrespeito,0,noun,2284,3.661
7849,charada,0,noun,2283,3.659
7850,pioneiro,0,noun,2283,3.659
7851,medicar,0,verb,2282,3.658
7852,sabonete,0,unk,2281,3.656
7853,estoirar,0,verb,2281,3.656
7854,recrutamento,0,noun,2280,3.654
7855,rufiar,0,verb,2280,3.654
7856,fundamento,0,noun,2280,3.654
7857,tirada,0,noun,2279,3.653
7858,cafeína,0,noun,2279,3.653
7859,catarata,0,noun,2279,3.653
7860,enxerto,0,noun,2279,3.653
7861,sedutor,0,unk,2279,3.653
7862,ileso,0,noun,2279,3.653
7863,indicado,0,noun,2278,3.651
7864,fresca,0,noun,2277,3.650
7865,delegação,0,noun,2277,3.650
7866,lula,0,noun,2277,3.650
7867,prevalecer,0,verb,2276,3.648
7868,hera,0,noun,2275,3.646
7869,ementar,0,verb,2274,3.645
7870,licor,0,unk,2274,3.645
7871,sossegado,0,noun,2274,3.645
7872,desemprego,0,noun,2273,3.643
7873,amora,0,noun,2273,3.643
7874,regar,0,verb,2273,3.643
7875,teórico,0,adj,2272,3.641
7876,idioma,0,noun,2271,3.640
7877,tripulante,0,unk,2271,3.640
7878,bender,0,verb,2270,3.638
7879,creche,0,unk,2270,3.638
7880,pretexto,0,noun,2270,3.638
7881,yu,0,unk,2269,3.637
7882,espirrar,0,verb,2269,3.637
7883,incitar,0,verb,2269,3.637
7884,suécia,0,noun,2268,3.635
7885,sucessor,0,unk,2268,3.635
7886,deficiência,0,noun,2268,3.635
7887,orador,0,noun,2268,3.635
7888,efectuar,0,verb,2267,3.633
7889,ascender,0,verb,2267,3.633
7890,padaria,0,noun,2265,3.630
7891,restos mortais,1,mwe,2265,3.630
7892,direta,0,noun,2263,3.627
7893,semear,0,verb,2263,3.627
7894,cativeiro,0,noun,2262,3.625
7895,duração,0,noun,2262,3.625
7896,mastro,0,noun,2262,3.625
7897,abandono,0,noun,2261,3.624
7898,mamífero,0,noun,2261,3.624
7899,ressonar,0,verb,2261,3.624
7900,derretido,0,noun,2260,3.622
7901,paisano,0,adj,2258,3.619
7902,enfiado,0,noun,2258,3.619
7903,aviação,0,noun,2257,3.617
7904,mimado,0,noun,2255,3.614
7905,iraniano,0,adj,2255,3.614
7906,pandora,0,noun,2254,3.613
7907,subsolo,0,noun,2254,3.613
7908,azeitona,0,noun,2254,3.613
7909,heller,0,verb,2252,3.609
7910,picasso,0,noun,2252,3.609
7911,amesterdão,0,noun,2252,3.609
7912,geneticamente,0,adv,2252,3.609
7913,pretendente,0,adj,2252,3.609
7914,fodidos,0,unk,2251,3.608
7915,camarim,0,unk,2251,3.608
7916,vácuo,0,noun,2250,3.606
7917,sabre,0,unk,2250,3.606
7918,rinoceronte,0,unk,2249,3.605
7919,invertido,0,noun,2248,3.603
7920,desonesto,0,noun,2247,3.601
7921,carteira,0,noun,2246,3.600
7922,restabelecer,0,verb,2246,3.600
7923,chuto,0,noun,2244,3.597
7924,calo,0,noun,2244,3.597
7925,admiração,0,noun,2242,3.593
7926,assado,0,noun,2241,3.592
7927,contaminação,0,noun,2240,3.590
7928,trava,0,noun,2240,3.590
7929,irina,0,adj,2238,3.587
7930,portugal,0,adj,2238,3.587
7931,tiger,0,verb,2238,3.587
7932,rapaziada,0,noun,2237,3.585
7933,pureza,0,noun,2237,3.585
7934,conjuntar,0,verb,2236,3.584
7935,chico,0,adj,2236,3.584
7936,extinguir,0,verb,2235,3.582
7937,equipado,0,noun,2233,3.579
7938,espiral,0,adj,2232,3.577
7939,dormente,0,adv,2228,3.571
7940,merecedor,0,noun,2227,3.569
7941,devastar,0,verb,2227,3.569
7942,incerto,0,noun,2226,3.568
7943,subido,0,noun,2224,3.565
7944,rafeiro,0,noun,2223,3.563
7945,beliche,0,unk,2223,3.563
7946,realizado,0,noun,2223,3.563
7947,entalar,0,verb,2222,3.561
7948,afugentar,0,verb,2222,3.561
7949,decrescente,0,adj,2221,3.560
7950,radiar,0,verb,2221,3.560
7951,montado,0,noun,2221,3.560
7952,saquear,0,verb,2220,3.558
7953,at,0,unk,2219,3.557
7954,decepção,0,noun,2218,3.555
7955,estático,0,adj,2218,3.555
7956,apurar,0,verb,2217,3.553
7957,exílio,0,noun,2216,3.552
7958,civilizar,0,verb,2216,3.552
7959,antoine,0,unk,2215,3.550
7960,imitador,0,noun,2214,3.549
7961,rota,0,noun,2213,3.547
7962,casulo,0,noun,2213,3.547
7963,variação,0,noun,2212,3.545
7964,aconselhamento,0,noun,2211,3.544
7965,tobias,0,unk,2210,3.542
7966,agricultura,0,noun,2210,3.542
7967,milénio,0,noun,2208,3.539
7968,prejuízo,0,noun,2208,3.539
7969,embater,0,verb,2208,3.539
7970,vs,0,unk,2207,3.537
7971,falido,0,noun,2207,3.537
7972,evaporar,0,verb,2207,3.537
7973,áustria,0,noun,2206,3.536
7974,electrónico,0,adj,2206,3.536
7975,chorão,0,noun,2206,3.536
7976,bear,0,verb,2204,3.533
7977,júlia,0,noun,2204,3.533
7978,luxúria,0,noun,2204,3.533
7979,cambado,0,noun,2203,3.531
7980,emotivo,0,noun,2201,3.528
7981,mesquita,0,noun,2200,3.526
7982,desarmado,0,noun,2200,3.526
7983,america,0,adj,2198,3.523
7984,brandt,0,unk,2197,3.521
7985,dinastia,0,noun,2197,3.521
7986,insolente,0,adj,2196,3.520
7987,indecente,0,adj,2196,3.520
7988,granger,0,verb,2195,3.518
7989,enfeitiçar,0,verb,2195,3.518
7990,assaltado,0,noun,2194,3.516
7991,obtido,0,noun,2193,3.515
7992,molecular,0,verb,2192,3.513
7993,sopro,0,noun,2191,3.512
7994,temido,0,noun,2190,3.510
7995,mantém,0,unk,2189,3.508
7996,ramirez,0,unk,2188,3.507
7997,flagrante,0,unk,2186,3.504
7998,embrulho,0,noun,2186,3.504
7999,bombear,0,verb,2186,3.504
8000,quota,0,noun,2184,3.500
8001,camionista,0,noun,2184,3.500
8002,manualmente,0,adv,2183,3.499
8003,sossego,0,noun,2183,3.499
8004,inexplicável,0,adj,2183,3.499
8005,vá-se lixar,1,mwe,2183,3.499
8006,vénus,0,unk,2182,3.497
8007,providência,0,noun,2182,3.497
8008,ângela,0,noun,2181,3.496
8009,qi,0,unk,2180,3.494
8010,shopping,0,unk,2180,3.494
8011,semáforo,0,noun,2180,3.494
8012,sémen,0,unk,2177,3.489
8013,doutoramento,0,noun,2177,3.489
8014,buster,0,verb,2176,3.488
8015,viral,0,adj,2176,3.488
8016,lavado,0,noun,2176,3.488
8017,codificar,0,verb,2176,3.488
8018,canibal,0,adj,2176,3.488
8019,desmascarar,0,verb,2176,3.488
8020,rejeitado,0,noun,2175,3.486
8021,repensar,0,verb,2174,3.484
8022,esgotado,0,noun,2173,3.483
8023,defeituoso,0,adj,2173,3.483
8024,tutor,0,unk,2172,3.481
8025,melhora,0,noun,2172,3.481
8026,centrar,0,verb,2172,3.481
8027,espeto,0,noun,2171,3.480
8028,fóssil,0,unk,2170,3.478
8029,traumático,0,adj,2170,3.478
8030,salazar,0,verb,2169,3.476
8031,raul,0,unk,2169,3.476
8032,multibanco,0,noun,2169,3.476
8033,meditar,0,verb,2169,3.476
8034,mercado,0,noun,2168,3.475
8035,demolição,0,noun,2168,3.475
8036,vasta,0,noun,2167,3.473
8037,pum,0,unk,2167,3.473
8038,aspirador,0,noun,2167,3.473
8039,melão,0,noun,2167,3.473
8040,codificado,0,noun,2167,3.473
8041,largura,0,noun,2166,3.472
8042,adepto,0,noun,2166,3.472
8043,bélgica,0,adj,2165,3.470
8044,baço,0,noun,2165,3.470
8045,aflito,0,noun,2165,3.470
8046,amplo,0,noun,2164,3.468
8047,piolho,0,noun,2163,3.467
8048,bebedeira,0,noun,2163,3.467
8049,tas,0,unk,2163,3.467
8050,fértil,0,unk,2162,3.465
8051,negociador,0,noun,2161,3.464
8052,lança,0,noun,2160,3.462
8053,sonar,0,verb,2160,3.462
8054,influente,0,adj,2160,3.462
8055,mg,0,unk,2159,3.460
8056,actualizar,0,verb,2159,3.460
8057,humanitário,0,noun,2159,3.460
8058,abertamente,0,adv,2158,3.459
8059,principiante,0,unk,2158,3.459
8060,tópico,0,adj,2157,3.457
8061,governante,0,unk,2157,3.457
8062,delgado,0,noun,2156,3.456
8063,miudo,0,adj,2155,3.454
8064,morada,0,noun,2155,3.454
8065,morgana,0,adj,2153,3.451
8066,acostumado,0,noun,2153,3.451
8067,inválido,0,noun,2153,3.451
8068,renegar,0,verb,2153,3.451
8069,liberto,0,noun,2153,3.451
8070,jardim zoológico,1,mwe,2153,3.451
8071,peras,0,unk,2152,3.449
8072,jarro,0,noun,2152,3.449
8073,porção,0,noun,2152,3.449
8074,neural,0,adj,2152,3.449
8075,ogre,0,unk,2151,3.448
8076,briga,0,noun,2151,3.448
8077,contratempo,0,noun,2151,3.448
8078,metropolitano,0,adj,2151,3.448
8079,encravar,0,verb,2151,3.448
8080,polo,0,noun,2150,3.446
8081,indemnização,0,noun,2150,3.446
8082,heterossexual,0,adj,2150,3.446
8083,reescrever,0,verb,2150,3.446
8084,trapalhada,0,noun,2149,3.444
8085,favorável,0,adj,2149,3.444
8086,borrifar,0,verb,2149,3.444
8087,ausentar,0,verb,2149,3.444
8088,tomada,0,noun,2147,3.441
8089,colarinho,0,adj,2147,3.441
8090,tromba,0,noun,2146,3.440
8091,principiar,0,verb,2145,3.438
8092,cavidade,0,noun,2145,3.438
8093,poético,0,adj,2145,3.438
8094,lúcido,0,noun,2145,3.438
8095,barcelona,0,noun,2144,3.436
8096,vocal,0,adj,2144,3.436
8097,patinar,0,verb,2143,3.435
8098,matrimónio,0,noun,2142,3.433
8099,caca,0,noun,2142,3.433
8100,decidido,0,noun,2142,3.433
8101,patrocinar,0,verb,2142,3.433
8102,una,0,noun,2140,3.430
8103,roedor,0,noun,2140,3.430
8104,paragem cardíaca,1,mwe,2140,3.430
8105,aterrador,0,noun,2139,3.428
8106,pregador,0,noun,2138,3.427
8107,aquecido,0,noun,2138,3.427
8108,porta-bagagens,0,noun,2137,3.425
8109,tumulto,0,noun,2137,3.425
8110,asqueroso,0,adj,2137,3.425
8111,testado,0,noun,2137,3.425
8112,amargar,0,verb,2136,3.424
8113,apavorar,0,verb,2136,3.424
8114,domar,0,verb,2136,3.424
8115,registros,0,unk,2135,3.422
8116,pneumonia,0,noun,2135,3.422
8117,introdução,0,noun,2135,3.422
8118,publicação,0,noun,2135,3.422
8119,tailandês,0,adj,2135,3.422
8120,reanimar,0,verb,2135,3.422
8121,oca,0,noun,2134,3.420
8122,colado,0,noun,2133,3.419
8123,impiedoso,0,adj,2133,3.419
8124,incentivar,0,verb,2133,3.419
8125,transacção,0,noun,2131,3.416
8126,rascar,0,verb,2131,3.416
8127,turbulência,0,noun,2130,3.414
8128,embriagar,0,verb,2128,3.411
8129,presságio,0,noun,2128,3.411
8130,possuído,0,noun,2127,3.409
8131,decomposição,0,noun,2126,3.407
8132,infame,0,unk,2126,3.407
8133,qualificação,0,noun,2126,3.407
8134,concessão,0,noun,2125,3.406
8135,imaturo,0,noun,2124,3.404
8136,bochecha,0,noun,2123,3.403
8137,barracão,0,noun,2123,3.403
8138,rijo,0,noun,2123,3.403
8139,pára-brisas,0,unk,2122,3.401
8140,juice,0,noun,2122,3.401
8141,sedento,0,noun,2122,3.401
8142,miuda,0,adj,2120,3.398
8143,tirania,0,noun,2120,3.398
8144,habitação,0,noun,2120,3.398
8145,irving,0,unk,2119,3.396
8146,aprontar,0,verb,2119,3.396
8147,nadador,0,noun,2118,3.395
8148,movido,0,noun,2116,3.391
8149,cone,0,unk,2115,3.390
8150,evangelho,0,noun,2114,3.388
8151,radiografia,0,noun,2114,3.388
8152,parâmetro,0,noun,2113,3.387
8153,mercer,0,verb,2111,3.383
8154,extravagante,0,unk,2111,3.383
8155,torturado,0,noun,2111,3.383
8156,proclamar,0,verb,2111,3.383
8157,almôndega,0,noun,2110,3.382
8158,jornalismo,0,noun,2109,3.380
8159,fodas,0,unk,2109,3.380
8160,abalado,0,noun,2109,3.380
8161,fiável,0,adj,2108,3.379
8162,retaliar,0,verb,2108,3.379
8163,hamlet,0,unk,2107,3.377
8164,matadouro,0,noun,2107,3.377
8165,compositor,0,unk,2107,3.377
8166,activada,0,noun,2106,3.375
8167,iniciado,0,noun,2106,3.375
8168,missionário,0,noun,2106,3.375
8169,aldrabão,0,noun,2105,3.374
8170,mandíbula,0,noun,2103,3.371
8171,mandamento,0,noun,2103,3.371
8172,complexa,0,noun,2102,3.369
8173,diabetes,0,unk,2102,3.369
8174,recinto,0,noun,2102,3.369
8175,preparo,0,noun,2102,3.369
8176,vagabundar,0,verb,2101,3.367
8177,manso,0,noun,2101,3.367
8178,reconhecimento facial,1,mwe,2101,3.367
8179,levantado,0,noun,2100,3.366
8180,galão,0,noun,2100,3.366
8181,ritmo cardíaco,1,mwe,2100,3.366
8182,polvo,0,noun,2099,3.364
8183,germe,0,unk,2099,3.364
8184,ativo,0,noun,2099,3.364
8185,higiene,0,unk,2098,3.363
8186,craniano,0,adj,2098,3.363
8187,tona,0,noun,2097,3.361
8188,leopardo,0,noun,2097,3.361
8189,vitorioso,0,adj,2097,3.361
8190,desvanecer,0,verb,2097,3.361
8191,sarcástico,0,adj,2096,3.359
8192,fila,0,noun,2095,3.358
8193,marechal,0,adj,2095,3.358
8194,transtornar,0,verb,2095,3.358
8195,extenso,0,noun,2095,3.358
8196,houdini,0,unk,2094,3.356
8197,rótulo,0,noun,2094,3.356
8198,curativo,0,noun,2094,3.356
8199,tatuar,0,verb,2094,3.356
8200,gafanhoto,0,noun,2093,3.355
8201,revelado,0,noun,2093,3.355
8202,cortada,0,noun,2092,3.353
8203,carnaval,0,adj,2092,3.353
8204,pontual,0,adj,2092,3.353
8205,recolhido,0,noun,2092,3.353
8206,luminoso,0,adj,2092,3.353
8207,demolir,0,verb,2091,3.351
8208,diarreia,0,noun,2090,3.350
8209,maldoso,0,adj,2090,3.350
8210,vladimir,0,verb,2089,3.348
8211,instantaneamente,0,adv,2089,3.348
8212,purgatório,0,noun,2088,3.347
8213,topa,0,noun,2088,3.347
8214,ovni,0,unk,2088,3.347
8215,soja,0,noun,2087,3.345
8216,falante,0,unk,2087,3.345
8217,mercador,0,noun,2086,3.343
8218,repleto,0,noun,2085,3.342
8219,dominante,0,unk,2084,3.340
8220,robusto,0,noun,2084,3.340
8221,simplificar,0,verb,2084,3.340
8222,habitat,0,unk,2083,3.339
8223,semanal,0,adj,2083,3.339
8224,punido,0,noun,2082,3.337
8225,manchester,0,verb,2081,3.335
8226,voçês,0,adj,2081,3.335
8227,ilustre,0,unk,2081,3.335
8228,hidrogénio,0,noun,2080,3.334
8229,microondas,0,unk,2079,3.332
8230,eclipse,0,unk,2079,3.332
8231,maluquice,0,noun,2079,3.332
8232,autodestruição,0,noun,2079,3.332
8233,critério,0,noun,2079,3.332
8234,retroceder,0,verb,2079,3.332
8235,empatia,0,noun,2078,3.331
8236,compatriota,0,noun,2077,3.329
8237,balneário,0,noun,2077,3.329
8238,angústia,0,noun,2076,3.327
8239,imoral,0,adj,2076,3.327
8240,satisfatório,0,noun,2076,3.327
8241,micro,0,noun,2075,3.326
8242,rodriguez,0,unk,2074,3.324
8243,sigilo,0,noun,2072,3.321
8244,precipício,0,noun,2071,3.319
8245,ribeiro,0,noun,2071,3.319
8246,paralisia,0,noun,2070,3.318
8247,segurador,0,noun,2070,3.318
8248,canalizar,0,verb,2070,3.318
8249,vaqueiro,0,noun,2070,3.318
8250,voluntariamente,0,adv,2068,3.315
8251,manipulador,0,noun,2068,3.315
8252,destrutivo,0,noun,2068,3.315
8253,matilha,0,noun,2067,3.313
8254,actuais,0,adj,2066,3.311
8255,expiatório,0,noun,2066,3.311
8256,rifle,0,unk,2066,3.311
8257,hospício,0,noun,2065,3.310
8258,destacamento,0,noun,2065,3.310
8259,democrático,0,adj,2065,3.310
8260,gesso,0,noun,2064,3.308
8261,limitação,0,noun,2064,3.308
8262,toa,0,noun,2063,3.307
8263,escalado,0,noun,2063,3.307
8264,repor,0,unk,2063,3.307
8265,estilhaço,0,noun,2062,3.305
8266,cravar,0,verb,2062,3.305
8267,bexigar,0,verb,2059,3.300
8268,sequestrador,0,noun,2059,3.300
8269,vietnamita,0,noun,2059,3.300
8270,exaltar,0,verb,2059,3.300
8271,estaleiro,0,noun,2058,3.298
8272,fritz,0,unk,2057,3.297
8273,canil,0,unk,2057,3.297
8274,enojar,0,verb,2057,3.297
8275,herbert,0,unk,2056,3.295
8276,macia,0,noun,2054,3.292
8277,proposta,0,noun,2054,3.292
8278,demandar,0,verb,2053,3.290
8279,empolgante,0,unk,2053,3.290
8280,besteira,0,noun,2053,3.290
8281,a,0,det,2052,3.289
8282,indígena,0,noun,2052,3.289
8283,contagem decrescente,1,mwe,2052,3.289
8284,infelicidade,0,noun,2051,3.287
8285,havano,0,adj,2051,3.287
8286,lavatório,0,noun,2051,3.287
8287,levantamento,0,noun,2050,3.286
8288,cinturão,0,noun,2049,3.284
8289,colidir,0,verb,2048,3.282
8290,jamaica,0,adj,2047,3.281
8291,doninha,0,adj,2047,3.281
8292,molde,0,unk,2047,3.281
8293,autodefesa,0,adj,2047,3.281
8294,gomez,0,unk,2046,3.279
8295,hauser,0,verb,2046,3.279
8296,elenco,0,noun,2046,3.279
8297,atracar,0,verb,2045,3.278
8298,sg,0,unk,2044,3.276
8299,manejar,0,verb,2044,3.276
8300,paquistanês,0,adj,2044,3.276
8301,refeitório,0,noun,2043,3.274
8302,tocado,0,noun,2043,3.274
8303,otários,0,noun,2042,3.273
8304,aprendizagem,0,noun,2042,3.273
8305,torrada,0,noun,2042,3.273
8306,substituído,0,noun,2042,3.273
8307,formato,0,noun,2041,3.271
8308,papa,0,noun,2041,3.271
8309,arrepiante,0,unk,2041,3.271
8310,pauzinho,0,adj,2041,3.271
8311,aneurisma,0,noun,2040,3.270
8312,estendido,0,noun,2040,3.270
8313,remotamente,0,adv,2039,3.268
8314,intrigante,0,unk,2039,3.268
8315,hesitação,0,noun,2039,3.268
8316,tranquilizar,0,verb,2039,3.268
8317,surpreendentemente,0,adv,2038,3.266
8318,adiantamento,0,noun,2036,3.263
8319,desorientar,0,verb,2036,3.263
8320,alinhado,0,noun,2036,3.263
8321,reprimir,0,verb,2036,3.263
8322,bagunça,0,noun,2035,3.262
8323,adaga,0,noun,2035,3.262
8324,capricho,0,noun,2035,3.262
8325,acasalar,0,verb,2035,3.262
8326,truz,0,unk,2034,3.260
8327,viro,0,noun,2034,3.260
8328,genro,0,noun,2033,3.258
8329,esmola,0,noun,2033,3.258
8330,enrolado,0,noun,2032,3.257
8331,emissor,0,unk,2031,3.255
8332,lhos,0,unk,2030,3.254
8333,chinelo,0,noun,2029,3.252
8334,aquecimento global,1,mwe,2029,3.252
8335,patim,0,unk,2028,3.250
8336,comunicador,0,noun,2028,3.250
8337,galáctico,0,adj,2028,3.250
8338,fiado,0,noun,2027,3.249
8339,pose,0,unk,2027,3.249
8340,esculpir,0,verb,2026,3.247
8341,ficção científica,1,mwe,2026,3.247
8342,maternidade,0,noun,2025,3.246
8343,itinerário,0,noun,2024,3.244
8344,colono,0,noun,2024,3.244
8345,precipitado,0,noun,2024,3.244
8346,acompanhado,0,noun,2023,3.242
8347,enzima,0,noun,2023,3.242
8348,graduação,0,noun,2022,3.241
8349,desiludido,0,noun,2022,3.241
8350,tónico,0,adj,2022,3.241
8351,editar,0,verb,2022,3.241
8352,tomás,0,unk,2021,3.239
8353,trela,0,noun,2021,3.239
8354,intravenoso,0,adj,2020,3.238
8355,decididamente,0,adv,2019,3.236
8356,proeza,0,noun,2019,3.236
8357,arcebispo,0,noun,2018,3.234
8358,requisito,0,noun,2018,3.234
8359,milagroso,0,adj,2018,3.234
8360,lasanha,0,noun,2017,3.233
8361,estreitar,0,verb,2016,3.231
8362,blindado,0,noun,2016,3.231
8363,programador,0,noun,2016,3.231
8364,elmo,0,noun,2015,3.230
8365,caloria,0,noun,2014,3.228
8366,demente,0,adv,2014,3.228
8367,telhado,0,noun,2012,3.225
8368,surfista,0,noun,2012,3.225
8369,aptidão,0,noun,2011,3.223
8370,palito,0,noun,2011,3.223
8371,apresentador,0,noun,2009,3.220
8372,couve,0,unk,2009,3.220
8373,pratear,0,verb,2008,3.218
8374,sódio,0,noun,2008,3.218
8375,égua,0,noun,2008,3.218
8376,ow,0,unk,2007,3.217
8377,estéril,0,unk,2007,3.217
8378,desapontado,0,noun,2007,3.217
8379,modificação,0,noun,2007,3.217
8380,médium,0,unk,2005,3.214
8381,estimativo,0,noun,2002,3.209
8382,intimação,0,noun,2002,3.209
8383,batoteiro,0,noun,2002,3.209
8384,cachecol,0,unk,2001,3.207
8385,catastrófico,0,adj,2001,3.207
8386,morteiro,0,noun,2000,3.206
8387,cuidados médicos,1,mwe,2000,3.206
8388,barro,0,noun,1997,3.201
8389,biopsia,0,noun,1996,3.199
8390,jazer,0,verb,1996,3.199
8391,concluído,0,noun,1995,3.198
8392,destrancar,0,verb,1995,3.198
8393,carrego,0,noun,1994,3.196
8394,participante,0,unk,1994,3.196
8395,contaminado,0,noun,1994,3.196
8396,enxofre,0,unk,1993,3.194
8397,caldeirar,0,verb,1993,3.194
8398,chegues,0,unk,1992,3.193
8399,torradeira,0,noun,1991,3.191
8400,nanar,0,verb,1991,3.191
8401,aderir,0,verb,1991,3.191
8402,moralidade,0,noun,1990,3.190
8403,verbal,0,adj,1990,3.190
8404,esculturar,0,verb,1989,3.188
8405,cordelinho,0,adj,1989,3.188
8406,arrancado,0,noun,1988,3.186
8407,primeiros socorros,1,mwe,1988,3.186
8408,là,0,unk,1987,3.185
8409,gestor,0,unk,1987,3.185
8410,finalizar,0,verb,1987,3.185
8411,rusga,0,noun,1986,3.183
8412,graduar,0,verb,1985,3.181
8413,adão,0,noun,1984,3.180
8414,colonial,0,adj,1984,3.180
8415,barbatana,0,adj,1982,3.177
8416,amarela,0,noun,1981,3.175
8417,blusão,0,noun,1981,3.175
8418,enquadrar,0,verb,1981,3.175
8419,humildade,0,noun,1980,3.173
8420,velejar,0,verb,1980,3.173
8421,reformatório,0,noun,1979,3.172
8422,decreto,0,noun,1979,3.172
8423,retirada,0,noun,1978,3.170
8424,escritura,0,noun,1978,3.170
8425,guia,0,noun,1977,3.169
8426,alhada,0,noun,1976,3.167
8427,brutalmente,0,adv,1975,3.165
8428,plateia,0,noun,1975,3.165
8429,purgar,0,verb,1975,3.165
8430,av,0,unk,1974,3.164
8431,arábio,0,noun,1974,3.164
8432,primitiva,0,noun,1974,3.164
8433,transpirar,0,verb,1974,3.164
8434,nadine,0,unk,1973,3.162
8435,latina,0,adj,1973,3.162
8436,colorir,0,verb,1973,3.162
8437,lona,0,noun,1972,3.161
8438,eficiência,0,noun,1971,3.159
8439,meditação,0,noun,1971,3.159
8440,tombar,0,verb,1970,3.157
8441,guru,0,unk,1969,3.156
8442,floco,0,noun,1968,3.154
8443,cozer,0,verb,1968,3.154
8444,alojar,0,verb,1966,3.151
8445,perez,0,unk,1965,3.149
8446,rodrigo,0,noun,1965,3.149
8447,bracelete,0,unk,1965,3.149
8448,acessível,0,adj,1965,3.149
8449,arrastado,0,noun,1965,3.149
8450,risca,0,noun,1964,3.148
8451,manha,0,noun,1964,3.148
8452,clique,0,unk,1964,3.148
8453,abram alas,1,mwe,1964,3.148
8454,governanta,0,noun,1963,3.146
8455,trimestre,0,unk,1963,3.146
8456,valentim,0,unk,1962,3.145
8457,consulta,0,noun,1962,3.145
8458,une,0,unk,1962,3.145
8459,brincalhão,0,noun,1962,3.145
8460,intitular,0,verb,1962,3.145
8461,índice,0,noun,1961,3.143
8462,reabastecer,0,verb,1961,3.143
8463,sulista,0,noun,1961,3.143
8464,triplicar,0,verb,1959,3.140
8465,boomer,0,verb,1958,3.138
8466,contribuinte,0,unk,1958,3.138
8467,cascata,0,noun,1958,3.138
8468,suculento,0,noun,1958,3.138
8469,húngaro,0,noun,1957,3.137
8470,pastilha elástica,1,mwe,1956,3.135
8471,medíocre,0,unk,1955,3.133
8472,marselha,0,noun,1954,3.132
8473,regente,0,adj,1954,3.132
8474,aldrabar,0,verb,1954,3.132
8475,tarzan,0,unk,1953,3.130
8476,boulevard,0,unk,1952,3.129
8477,azeite,0,unk,1952,3.129
8478,inadequado,0,noun,1952,3.129
8479,blindar,0,verb,1951,3.127
8480,animação,0,noun,1951,3.127
8481,malcheiroso,0,adj,1951,3.127
8482,furto,0,noun,1950,3.125
8483,digerir,0,verb,1950,3.125
8484,malcriado,0,noun,1950,3.125
8485,sórdido,0,noun,1950,3.125
8486,desativar,0,verb,1949,3.124
8487,costa oeste,1,mwe,1949,3.124
8488,tico,0,adj,1948,3.122
8489,gaivota,0,noun,1948,3.122
8490,atada,0,noun,1947,3.121
8491,jarra,0,noun,1947,3.121
8492,tesourar,0,verb,1947,3.121
8493,arquitectura,0,noun,1946,3.119
8494,embarcação,0,noun,1946,3.119
8495,cliché,0,unk,1946,3.119
8496,ariano,0,adj,1946,3.119
8497,involuntário,0,noun,1945,3.117
8498,estímulo,0,noun,1945,3.117
8499,respeitado,0,noun,1945,3.117
8500,cafetaria,0,noun,1944,3.116
8501,consentir,0,verb,1944,3.116
8502,collier,0,verb,1943,3.114
8503,velhice,0,noun,1943,3.114
8504,despensa,0,noun,1943,3.114
8505,polígrafo,0,noun,1943,3.114
8506,tc,0,unk,1941,3.111
8507,desmantelar,0,verb,1941,3.111
8508,marrocos,0,unk,1940,3.109
8509,unica,0,adj,1940,3.109
8510,sorvete,0,unk,1939,3.108
8511,recuperado,0,noun,1939,3.108
8512,próspero,0,noun,1939,3.108
8513,empenho,0,noun,1938,3.106
8514,alinhamento,0,noun,1938,3.106
8515,vocação,0,noun,1937,3.105
8516,empreendimento,0,noun,1937,3.105
8517,transfusão,0,noun,1937,3.105
8518,imprevisto,0,noun,1937,3.105
8519,t j,1,mwe,1936,3.103
8520,pinheiro,0,noun,1934,3.100
8521,desactivado,0,noun,1933,3.098
8522,comovido,0,noun,1933,3.098
8523,arrendar,0,verb,1932,3.097
8524,digitar,0,verb,1932,3.097
8525,brutalidade,0,noun,1931,3.095
8526,prévio,0,noun,1931,3.095
8527,esparta,0,noun,1930,3.093
8528,ernesto,0,noun,1930,3.093
8529,lagoa,0,noun,1930,3.093
8530,discursar,0,verb,1930,3.093
8531,hipnotizar,0,verb,1929,3.092
8532,adotar,0,verb,1928,3.090
8533,esgotamento,0,noun,1926,3.087
8534,traste,0,unk,1925,3.085
8535,meticuloso,0,adj,1925,3.085
8536,plausível,0,adj,1924,3.084
8537,deportar,0,verb,1924,3.084
8538,musa,0,noun,1923,3.082
8539,pseudónimo,0,noun,1923,3.082
8540,dotar,0,verb,1923,3.082
8541,potencialmente,0,adv,1922,3.081
8542,incapacidade,0,noun,1922,3.081
8543,espancado,0,noun,1922,3.081
8544,cnn,0,unk,1921,3.079
8545,atenas,0,unk,1920,3.077
8546,aj,0,unk,1919,3.076
8547,cortejar,0,verb,1919,3.076
8548,mobilizar,0,verb,1919,3.076
8549,gel,0,unk,1918,3.074
8550,encenação,0,noun,1918,3.074
8551,anexo,0,noun,1918,3.074
8552,pontapear,0,verb,1918,3.074
8553,misto,0,noun,1917,3.073
8554,projecção,0,noun,1916,3.071
8555,recta,0,noun,1915,3.069
8556,prática,0,adj,1915,3.069
8557,dunbar,0,verb,1915,3.069
8558,condecorar,0,verb,1914,3.068
8559,tormento,0,noun,1914,3.068
8560,bíblico,0,adj,1912,3.064
8561,enjoado,0,noun,1911,3.063
8562,propulsão,0,noun,1910,3.061
8563,atirado,0,noun,1910,3.061
8564,inteira,0,noun,1909,3.060
8565,filial,0,adj,1909,3.060
8566,budista,0,noun,1909,3.060
8567,demora,0,noun,1907,3.056
8568,devoto,0,noun,1907,3.056
8569,assistente social,1,mwe,1907,3.056
8570,beatles,0,unk,1905,3.053
8571,erecção,0,noun,1905,3.053
8572,carnificina,0,adj,1905,3.053
8573,ris,0,unk,1905,3.053
8574,julius,0,unk,1903,3.050
8575,imperdoável,0,adj,1902,3.048
8576,over,0,verb,1901,3.047
8577,substancial,0,adj,1900,3.045
8578,puré,0,unk,1899,3.044
8579,gasoso,0,adj,1899,3.044
8580,banal,0,adj,1899,3.044
8581,obediência,0,noun,1897,3.040
8582,validade,0,noun,1896,3.039
8583,penal,0,adj,1896,3.039
8584,drogar,0,verb,1896,3.039
8585,emprestada,0,noun,1895,3.037
8586,êxtase,0,unk,1895,3.037
8587,papão,0,noun,1895,3.037
8588,originalmente,0,adv,1894,3.036
8589,loiça,0,noun,1894,3.036
8590,nobreza,0,noun,1893,3.034
8591,fúnebre,0,unk,1893,3.034
8592,mexam-se mexam-se,1,mwe,1893,3.034
8593,montreal,0,adj,1892,3.032
8594,auscultador,0,noun,1892,3.032
8595,visar,0,verb,1892,3.032
8596,cibernético,0,adj,1892,3.032
8597,maionese,0,unk,1891,3.031
8598,reino unido,1,mwe,1891,3.031
8599,ponche,0,unk,1890,3.029
8600,atropelado,0,noun,1890,3.029
8601,rubi,0,unk,1890,3.029
8602,dianteiro,0,noun,1890,3.029
8603,menta,0,noun,1889,3.028
8604,pretensioso,0,adj,1889,3.028
8605,literário,0,noun,1889,3.028
8606,mordidela,0,noun,1888,3.026
8607,direitos civis,1,mwe,1888,3.026
8608,pupila,0,noun,1886,3.023
8609,temporizador,0,noun,1886,3.023
8610,torrado,0,noun,1886,3.023
8611,classificação,0,noun,1885,3.021
8612,travessura,0,noun,1885,3.021
8613,stern,0,unk,1884,3.020
8614,armazenamento,0,noun,1883,3.018
8615,desleixar,0,verb,1883,3.018
8616,norton,0,unk,1882,3.016
8617,setor,0,unk,1882,3.016
8618,distorcer,0,verb,1882,3.016
8619,lu,0,unk,1881,3.015
8620,denso,0,noun,1880,3.013
8621,relaxante,0,unk,1879,3.012
8622,adorado,0,noun,1879,3.012
8623,sorridente,0,adj,1879,3.012
8624,jaguar,0,verb,1878,3.010
8625,brasileiro,0,noun,1878,3.010
8626,colombo,0,noun,1877,3.008
8627,olimpíada,0,noun,1877,3.008
8628,irresistível,0,adj,1877,3.008
8629,empolgar,0,verb,1877,3.008
8630,adoptado,0,noun,1875,3.005
8631,jura,0,noun,1875,3.005
8632,munique,0,unk,1874,3.004
8633,flautar,0,verb,1874,3.004
8634,química,0,adj,1873,3.002
8635,lina,0,adj,1873,3.002
8636,feitiçaria,0,noun,1872,3.000
8637,massivo,0,noun,1872,3.000
8638,bug,0,unk,1871,2.999
8639,parágrafo,0,noun,1871,2.999
8640,escasso,0,noun,1871,2.999
8641,verídico,0,adj,1870,2.997
8642,conversação,0,noun,1870,2.997
8643,alimentado,0,noun,1870,2.997
8644,acertado,0,noun,1869,2.996
8645,alexandra,0,noun,1868,2.994
8646,alexandria,0,noun,1868,2.994
8647,tenda,0,noun,1867,2.992
8648,medonho,0,noun,1867,2.992
8649,insulina,0,adj,1866,2.991
8650,joalharia,0,noun,1866,2.991
8651,persuasivo,0,noun,1866,2.991
8652,ousado,0,noun,1866,2.991
8653,cosmos,0,unk,1865,2.989
8654,almeida,0,noun,1865,2.989
8655,protagonista,0,noun,1865,2.989
8656,rebaixar,0,verb,1865,2.989
8657,cimeiro,0,noun,1864,2.988
8658,petrolífero,0,noun,1864,2.988
8659,mindinho,0,adj,1863,2.986
8660,inventor,0,unk,1863,2.986
8661,san francisco,1,mwe,1863,2.986
8662,documentação,0,noun,1862,2.984
8663,impasse,0,unk,1862,2.984
8664,choramingar,0,verb,1862,2.984
8665,compressão,0,noun,1862,2.984
8666,atordoar,0,verb,1862,2.984
8667,farra,0,noun,1861,2.983
8668,pintado,0,noun,1861,2.983
8669,injecções,0,noun,1860,2.981
8670,sola,0,noun,1860,2.981
8671,inventado,0,noun,1860,2.981
8672,directores,0,unk,1859,2.980
8673,reconciliar,0,verb,1859,2.980
8674,desenhos animados,1,mwe,1858,2.978
8675,prestação,0,noun,1857,2.976
8676,escravidão,0,noun,1856,2.975
8677,televisor,0,unk,1856,2.975
8678,animador,0,noun,1856,2.975
8679,galho,0,noun,1855,2.973
8680,irs,0,unk,1854,2.972
8681,sexualidade,0,noun,1854,2.972
8682,constipar,0,verb,1854,2.972
8683,traído,0,noun,1854,2.972
8684,aconchegar,0,verb,1854,2.972
8685,inspeccionar,0,verb,1853,2.970
8686,salsa,0,noun,1852,2.968
8687,prodígio,0,noun,1852,2.968
8688,flutuante,0,unk,1852,2.968
8689,ucrânia,0,noun,1851,2.967
8690,excepções,0,noun,1851,2.967
8691,desenrolar,0,verb,1851,2.967
8692,strauss,0,unk,1850,2.965
8693,desempregado,0,noun,1849,2.964
8694,intrometido,0,noun,1849,2.964
8695,esterco,0,noun,1848,2.962
8696,apercebido,0,noun,1848,2.962
8697,enforcamento,0,noun,1848,2.962
8698,fiar,0,verb,1848,2.962
8699,escória,0,adj,1847,2.960
8700,sustento,0,noun,1847,2.960
8701,farejar,0,verb,1847,2.960
8702,instalado,0,noun,1847,2.960
8703,plutónio,0,noun,1846,2.959
8704,serial,0,adj,1846,2.959
8705,champô,0,unk,1846,2.959
8706,gemer,0,verb,1846,2.959
8707,prosperidade,0,noun,1844,2.956
8708,buenos,0,unk,1843,2.954
8709,exceção,0,noun,1843,2.954
8710,ameixa,0,noun,1843,2.954
8711,istambul,0,unk,1842,2.952
8712,dirigido,0,noun,1842,2.952
8713,enfadonho,0,noun,1842,2.952
8714,sibéria,0,noun,1841,2.951
8715,grado,0,noun,1841,2.951
8716,pianista,0,noun,1841,2.951
8717,guarnição,0,noun,1841,2.951
8718,longínquo,0,noun,1841,2.951
8719,encomenda,0,noun,1840,2.949
8720,íman,0,unk,1840,2.949
8721,manchete,0,unk,1840,2.949
8722,toronto,0,noun,1839,2.947
8723,encharcar,0,verb,1839,2.947
8724,bochechar,0,verb,1838,2.946
8725,czar,0,verb,1838,2.946
8726,carcaça,0,noun,1838,2.946
8727,meteorológico,0,adj,1838,2.946
8728,murmurar,0,verb,1838,2.946
8729,sanidade,0,noun,1837,2.944
8730,estrutura,0,noun,1836,2.943
8731,cianeto,0,noun,1835,2.941
8732,coca,0,noun,1835,2.941
8733,caminhante,0,unk,1835,2.941
8734,freud,0,unk,1834,2.939
8735,provocado,0,noun,1834,2.939
8736,assediar,0,verb,1834,2.939
8737,bode expiatório,1,mwe,1834,2.939
8738,retórico,0,adj,1833,2.938
8739,realçar,0,verb,1833,2.938
8740,prior,0,unk,1832,2.936
8741,vazar,0,verb,1832,2.936
8742,islândia,0,noun,1831,2.935
8743,séc,0,unk,1831,2.935
8744,chile,0,unk,1831,2.935
8745,condescendente,0,adj,1831,2.935
8746,gravitacional,0,adj,1831,2.935
8747,intencional,0,adj,1830,2.933
8748,cripta,0,noun,1830,2.933
8749,berro,0,noun,1830,2.933
8750,inalar,0,verb,1830,2.933
8751,impenetrável,0,adj,1829,2.931
8752,mola,0,noun,1829,2.931
8753,contradizer,0,verb,1829,2.931
8754,inovador,0,noun,1828,2.930
8755,rural,0,adj,1827,2.928
8756,reconquistar,0,verb,1827,2.928
8757,controverso,0,noun,1827,2.928
8758,sobrepor,0,unk,1827,2.928
8759,dino,0,adj,1826,2.927
8760,anzol,0,unk,1825,2.925
8761,cortador,0,noun,1825,2.925
8762,florista,0,noun,1824,2.923
8763,cláusula,0,noun,1824,2.923
8764,atrasado mental,1,mwe,1824,2.923
8765,ferguson,0,unk,1823,2.922
8766,jeans,0,unk,1821,2.919
8767,cesta,0,noun,1821,2.919
8768,pontas soltas,1,mwe,1821,2.919
8769,vitelo,0,noun,1820,2.917
8770,astro,0,noun,1820,2.917
8771,reagrupar,0,verb,1820,2.917
8772,ria,0,noun,1819,2.915
8773,santificar,0,verb,1819,2.915
8774,brocar,0,verb,1818,2.914
8775,aplicado,0,noun,1818,2.914
8776,baldar,0,verb,1817,2.912
8777,dinamarca,0,noun,1815,2.909
8778,superintendente,0,adj,1815,2.909
8779,flexão,0,noun,1815,2.909
8780,jardinagem,0,noun,1814,2.907
8781,titular,0,verb,1814,2.907
8782,registos telefónicos,1,mwe,1814,2.907
8783,ram,0,unk,1812,2.904
8784,arguir,0,verb,1812,2.904
8785,canguru,0,unk,1812,2.904
8786,certeiro,0,noun,1812,2.904
8787,restringir,0,verb,1812,2.904
8788,brutus,0,unk,1810,2.901
8789,pavilhão,0,noun,1810,2.901
8790,glândula,0,noun,1809,2.899
8791,especializado,0,noun,1809,2.899
8792,zarpar,0,verb,1809,2.899
8793,publicado,0,noun,1809,2.899
8794,integral,0,adj,1808,2.898
8795,reprodução,0,noun,1808,2.898
8796,enforcado,0,noun,1808,2.898
8797,popularidade,0,noun,1806,2.895
8798,biografia,0,noun,1806,2.895
8799,capotar,0,verb,1806,2.895
8800,escravizar,0,verb,1806,2.895
8801,ko,0,unk,1805,2.893
8802,justificação,0,noun,1805,2.893
8803,suprimir,0,verb,1805,2.893
8804,ortodoxo,0,noun,1805,2.893
8805,islâmico,0,adj,1805,2.893
8806,perecer,0,verb,1805,2.893
8807,despedida,0,noun,1804,2.891
8808,privilegiado,0,noun,1804,2.891
8809,caído,0,noun,1803,2.890
8810,cabeludo,0,adj,1802,2.888
8811,clemência,0,noun,1801,2.887
8812,névoa,0,noun,1801,2.887
8813,inquieto,0,noun,1801,2.887
8814,marginal,0,adj,1801,2.887
8815,fio dental,1,mwe,1801,2.887
8816,meia-idade,0,noun,1800,2.885
8817,agrado,0,noun,1800,2.885
8818,campónio,0,noun,1800,2.885
8819,dublin,0,unk,1799,2.883
8820,psiquiatria,0,noun,1799,2.883
8821,lavabo,0,noun,1799,2.883
8822,intocável,0,adj,1799,2.883
8823,corrompido,0,noun,1799,2.883
8824,noruega,0,noun,1798,2.882
8825,baterista,0,noun,1798,2.882
8826,arduamente,0,adv,1797,2.880
8827,baloiço,0,noun,1797,2.880
8828,atrocidade,0,noun,1797,2.880
8829,prémio nobel,1,mwe,1797,2.880
8830,trancada,0,noun,1796,2.879
8831,navegador,0,noun,1796,2.879
8832,devastado,0,noun,1796,2.879
8833,sauna,0,noun,1795,2.877
8834,sarjeta,0,noun,1795,2.877
8835,escandaloso,0,adj,1795,2.877
8836,fictício,0,noun,1795,2.877
8837,acolá,0,adv,1794,2.875
8838,servido,0,noun,1794,2.875
8839,joias,0,unk,1793,2.874
8840,elegância,0,noun,1793,2.874
8841,agravar,0,verb,1793,2.874
8842,congregação,0,noun,1792,2.872
8843,telefonista,0,noun,1792,2.872
8844,holograma,0,noun,1792,2.872
8845,autocolante,0,unk,1792,2.872
8846,reencontrar,0,verb,1792,2.872
8847,fita adesiva,1,mwe,1790,2.869
8848,antecedência,0,noun,1789,2.867
8849,er,0,unk,1789,2.867
8850,valete,0,unk,1789,2.867
8851,cupão,0,noun,1789,2.867
8852,historiador,0,noun,1789,2.867
8853,contrabandear,0,verb,1789,2.867
8854,natureza humana,1,mwe,1789,2.867
8855,minhoca,0,noun,1788,2.866
8856,vénia,0,noun,1788,2.866
8857,acerto,0,noun,1788,2.866
8858,antiquado,0,noun,1788,2.866
8859,ventura,0,noun,1787,2.864
8860,intencionalmente,0,adv,1786,2.863
8861,enjoo,0,noun,1786,2.863
8862,ricaço,0,noun,1786,2.863
8863,delicadeza,0,noun,1784,2.859
8864,hierarquia,0,noun,1784,2.859
8865,processado,0,noun,1784,2.859
8866,sapatilha,0,noun,1783,2.858
8867,escadaria,0,noun,1782,2.856
8868,incomodado,0,noun,1782,2.856
8869,televisivo,0,noun,1781,2.855
8870,rosado,0,noun,1780,2.853
8871,druida,0,noun,1779,2.851
8872,jacuzzi,0,unk,1778,2.850
8873,baleado,0,noun,1778,2.850
8874,parcialmente,0,adv,1777,2.848
8875,maninho,0,adj,1777,2.848
8876,paróquia,0,noun,1777,2.848
8877,acre,0,unk,1777,2.848
8878,núpcias,0,unk,1776,2.847
8879,rata,0,noun,1776,2.847
8880,soneca,0,noun,1776,2.847
8881,concussão,0,noun,1776,2.847
8882,rice,0,noun,1775,2.845
8883,cólera,0,noun,1775,2.845
8884,pocilga,0,noun,1775,2.845
8885,teller,0,verb,1774,2.843
8886,sífilis,0,unk,1774,2.843
8887,genocídio,0,noun,1774,2.843
8888,saloio,0,noun,1774,2.843
8889,omitir,0,verb,1774,2.843
8890,reacções,0,noun,1773,2.842
8891,especificação,0,noun,1773,2.842
8892,xelim,0,unk,1772,2.840
8893,perceba,0,noun,1771,2.839
8894,pousado,0,noun,1771,2.839
8895,púrpura,0,noun,1771,2.839
8896,mármore,0,unk,1770,2.837
8897,custa,0,noun,1769,2.835
8898,trançar,0,verb,1769,2.835
8899,adolescência,0,noun,1768,2.834
8900,abundância,0,noun,1768,2.834
8901,gerência,0,noun,1767,2.832
8902,capanga,0,noun,1767,2.832
8903,imparável,0,adj,1766,2.830
8904,rasgado,0,noun,1766,2.830
8905,presto,0,noun,1764,2.827
8906,detalhado,0,noun,1763,2.826
8907,operações especiais,1,mwe,1763,2.826
8908,batista,0,noun,1762,2.824
8909,leucemia,0,noun,1762,2.824
8910,classificado,0,noun,1762,2.824
8911,imobilizar,0,verb,1762,2.824
8912,herpes,0,unk,1761,2.822
8913,madonna,0,noun,1761,2.822
8914,quecas,0,unk,1761,2.822
8915,vingativo,0,noun,1761,2.822
8916,titânio,0,noun,1760,2.821
8917,tranquilidade,0,noun,1759,2.819
8918,anulação,0,noun,1759,2.819
8919,spider,0,verb,1758,2.818
8920,atlético,0,adj,1758,2.818
8921,turbar,0,verb,1756,2.814
8922,boiar,0,verb,1756,2.814
8923,definido,0,noun,1756,2.814
8924,paranóica,0,adj,1755,2.813
8925,tj,0,unk,1755,2.813
8926,arriscado,0,noun,1755,2.813
8927,tuberculose,0,unk,1754,2.811
8928,seal,0,adj,1754,2.811
8929,mamute,0,unk,1754,2.811
8930,gritaria,0,noun,1753,2.810
8931,queimada,0,noun,1751,2.806
8932,viação,0,noun,1751,2.806
8933,porcelana,0,adj,1751,2.806
8934,reparo,0,noun,1751,2.806
8935,consumar,0,verb,1751,2.806
8936,titanic,0,unk,1750,2.805
8937,cobiçar,0,verb,1750,2.805
8938,talhante,0,unk,1749,2.803
8939,incerteza,0,noun,1749,2.803
8940,tardio,0,noun,1749,2.803
8941,verónica,0,adj,1748,2.802
8942,piloto automático,1,mwe,1748,2.802
8943,amadurecer,0,verb,1747,2.800
8944,escriturar,0,verb,1746,2.798
8945,lasers,0,unk,1746,2.798
8946,fertilidade,0,noun,1746,2.798
8947,verruga,0,noun,1746,2.798
8948,franqueza,0,noun,1745,2.797
8949,conhaque,0,unk,1745,2.797
8950,insígnia,0,noun,1745,2.797
8951,originar,0,verb,1745,2.797
8952,jangada,0,noun,1744,2.795
8953,úlcera,0,noun,1744,2.795
8954,patrício,0,noun,1744,2.795
8955,júlio,0,noun,1743,2.794
8956,prioritário,0,noun,1742,2.792
8957,comedor,0,noun,1742,2.792
8958,afegão,0,noun,1742,2.792
8959,lambert,0,unk,1741,2.790
8960,desentendimento,0,noun,1741,2.790
8961,apostador,0,noun,1741,2.790
8962,fénix,0,unk,1740,2.789
8963,cotar,0,verb,1740,2.789
8964,laceração,0,noun,1740,2.789
8965,inclinação,0,noun,1739,2.787
8966,paspalho,0,noun,1739,2.787
8967,duradouro,0,noun,1739,2.787
8968,deputar,0,verb,1738,2.786
8969,comemoração,0,noun,1738,2.786
8970,burger,0,verb,1737,2.784
8971,fr,0,unk,1735,2.781
8972,posterior,0,unk,1733,2.778
8973,arqueólogo,0,noun,1733,2.778
8974,heróico,0,adj,1732,2.776
8975,rupia,0,noun,1732,2.776
8976,oval,0,adj,1732,2.776
8977,informal,0,adj,1732,2.776
8978,espantalho,0,noun,1731,2.774
8979,estante,0,unk,1731,2.774
8980,inspirado,0,noun,1731,2.774
8981,ronda,0,noun,1730,2.773
8982,medusa,0,noun,1730,2.773
8983,potássio,0,noun,1729,2.771
8984,contaria,0,noun,1729,2.771
8985,magnificar,0,verb,1729,2.771
8986,distorcido,0,noun,1729,2.771
8987,atinar,0,verb,1729,2.771
8988,caraíba,0,noun,1728,2.770
8989,focinho,0,adj,1728,2.770
8990,frustrado,0,noun,1728,2.770
8991,tintim,0,unk,1727,2.768
8992,fatia,0,noun,1727,2.768
8993,zelador,0,noun,1727,2.768
8994,tática,0,adj,1727,2.768
8995,vivam,0,unk,1726,2.766
8996,finalidade,0,noun,1726,2.766
8997,sucção,0,noun,1725,2.765
8998,criatividade,0,noun,1725,2.765
8999,obsoleto,0,noun,1725,2.765
9000,dessem,0,unk,1724,2.763
9001,canoa,0,noun,1724,2.763
9002,molestar,0,verb,1723,2.762
9003,moira,0,noun,1722,2.760
9004,sucessão,0,noun,1722,2.760
9005,maçaneta,0,noun,1722,2.760
9006,vagamente,0,adv,1721,2.758
9007,roupeiro,0,noun,1721,2.758
9008,caótico,0,adj,1721,2.758
9009,incluído,0,noun,1721,2.758
9010,dissuadir,0,verb,1721,2.758
9011,frigorifico,0,adj,1720,2.757
9012,microscópio,0,noun,1720,2.757
9013,maçarico,0,adj,1720,2.757
9014,matrimonial,0,adj,1720,2.757
9015,exagerado,0,noun,1720,2.757
9016,bailar,0,verb,1719,2.755
9017,empunhar,0,verb,1719,2.755
9018,atualmente,0,adv,1718,2.754
9019,prateleiras,0,unk,1718,2.754
9020,binóculos,0,unk,1718,2.754
9021,soda,0,noun,1718,2.754
9022,desprotegido,0,noun,1718,2.754
9023,chamamento,0,noun,1717,2.752
9024,girafa,0,noun,1717,2.752
9025,violeta,0,noun,1717,2.752
9026,incapacitar,0,verb,1717,2.752
9027,arrepiar,0,verb,1717,2.752
9028,sabotagem,0,noun,1716,2.750
9029,suplente,0,adj,1716,2.750
9030,amir,0,verb,1715,2.749
9031,descontente,0,adj,1715,2.749
9032,subjugar,0,verb,1715,2.749
9033,van der,1,mwe,1715,2.749
9034,cc,0,unk,1713,2.746
9035,densidade,0,noun,1713,2.746
9036,paternidade,0,noun,1712,2.744
9037,impressor,0,unk,1712,2.744
9038,marisco,0,noun,1712,2.744
9039,truta,0,noun,1712,2.744
9040,nomeado,0,noun,1712,2.744
9041,agachar,0,verb,1712,2.744
9042,tumba,0,noun,1711,2.742
9043,cutler,0,verb,1711,2.742
9044,embrulhado,0,noun,1711,2.742
9045,bofetada,0,noun,1711,2.742
9046,sussurro,0,noun,1711,2.742
9047,salomão,0,noun,1710,2.741
9048,utilização,0,noun,1710,2.741
9049,estacionado,0,noun,1710,2.741
9050,tractor,0,unk,1709,2.739
9051,negado,0,noun,1708,2.738
9052,hidráulico,0,adj,1708,2.738
9053,coagir,0,verb,1708,2.738
9054,nazista,0,noun,1707,2.736
9055,provocação,0,noun,1706,2.734
9056,performance,0,unk,1705,2.733
9057,herege,0,unk,1705,2.733
9058,sanitário,0,noun,1705,2.733
9059,domicílio,0,noun,1704,2.731
9060,singular,0,verb,1704,2.731
9061,chino,0,adj,1704,2.731
9062,transformado,0,noun,1704,2.731
9063,nasal,0,adj,1702,2.728
9064,lacaio,0,noun,1702,2.728
9065,arrumado,0,noun,1702,2.728
9066,dissipar,0,verb,1702,2.728
9067,ny,0,unk,1701,2.726
9068,sardinha,0,adj,1701,2.726
9069,jt,0,unk,1700,2.725
9070,pavor,0,unk,1700,2.725
9071,camareiro,0,noun,1700,2.725
9072,entupir,0,verb,1700,2.725
9073,tú,0,unk,1699,2.723
9074,umbigo,0,noun,1699,2.723
9075,calmante,0,unk,1699,2.723
9076,torcido,0,noun,1699,2.723
9077,hammer,0,verb,1698,2.722
9078,fertilizante,0,unk,1698,2.722
9079,formoso,0,adj,1698,2.722
9080,zelândia,0,noun,1697,2.720
9081,doutra,0,noun,1697,2.720
9082,diplomacia,0,noun,1697,2.720
9083,eliminação,0,noun,1697,2.720
9084,autografar,0,verb,1697,2.720
9085,adler,0,verb,1696,2.718
9086,operado,0,noun,1696,2.718
9087,socialista,0,noun,1696,2.718
9088,aceleração,0,noun,1695,2.717
9089,mexido,0,noun,1695,2.717
9090,guloseima,0,noun,1695,2.717
9091,focado,0,noun,1695,2.717
9092,intimar,0,verb,1695,2.717
9093,nazir,0,verb,1694,2.715
9094,ganga,0,noun,1694,2.715
9095,hélio,0,noun,1694,2.715
9096,caucasiano,0,adj,1694,2.715
9097,depilar,0,verb,1694,2.715
9098,cinzeiro,0,noun,1693,2.713
9099,crónico,0,adj,1693,2.713
9100,lanchar,0,verb,1693,2.713
9101,petisco,0,noun,1693,2.713
9102,nottingham,0,unk,1692,2.712
9103,capataz,0,unk,1692,2.712
9104,pepino,0,adj,1692,2.712
9105,ocasional,0,adj,1692,2.712
9106,agrícola,0,noun,1691,2.710
9107,gracias,0,unk,1690,2.709
9108,visibilidade,0,noun,1690,2.709
9109,discernimento,0,noun,1690,2.709
9110,caução,0,noun,1690,2.709
9111,rigor,0,unk,1690,2.709
9112,manifestante,0,unk,1690,2.709
9113,deslize,0,unk,1690,2.709
9114,fabrico,0,adj,1689,2.707
9115,encarrego,0,noun,1689,2.707
9116,luxuoso,0,adj,1689,2.707
9117,encurtar,0,verb,1689,2.707
9118,queixoso,0,adj,1689,2.707
9119,coxear,0,verb,1688,2.705
9120,fraturar,0,verb,1688,2.705
9121,simpatizar,0,verb,1688,2.705
9122,palestino,0,adj,1687,2.704
9123,córtex,0,unk,1686,2.702
9124,habilidoso,0,adj,1686,2.702
9125,parvalhão,0,noun,1685,2.701
9126,burocrata,0,noun,1685,2.701
9127,atentamente,0,adv,1684,2.699
9128,detetives,0,unk,1684,2.699
9129,mc,0,unk,1684,2.699
9130,formigar,0,verb,1684,2.699
9131,capa,0,noun,1683,2.697
9132,serrar,0,verb,1683,2.697
9133,maravilhosamente,0,adv,1682,2.696
9134,câncer,0,verb,1682,2.696
9135,salgar,0,verb,1682,2.696
9136,renal,0,adj,1682,2.696
9137,atacador,0,noun,1682,2.696
9138,normalidade,0,noun,1681,2.694
9139,aviador,0,noun,1681,2.694
9140,negligenciar,0,verb,1681,2.694
9141,singapura,0,noun,1680,2.693
9142,ecografia,0,noun,1680,2.693
9143,transtorno,0,noun,1680,2.693
9144,ensinamento,0,noun,1680,2.693
9145,pardal,0,adj,1680,2.693
9146,madeleine,0,unk,1678,2.689
9147,filipe,0,unk,1678,2.689
9148,falso alarme,1,mwe,1678,2.689
9149,vegetar,0,verb,1677,2.688
9150,licenciatura,0,noun,1677,2.688
9151,letreiro,0,noun,1675,2.685
9152,margarida,0,noun,1675,2.685
9153,avental,0,adj,1674,2.683
9154,jactos,0,unk,1673,2.681
9155,realista,0,noun,1673,2.681
9156,treina,0,adj,1673,2.681
9157,desbloquear,0,verb,1673,2.681
9158,tos,0,unk,1673,2.681
9159,reembolso,0,noun,1672,2.680
9160,minimizar,0,verb,1672,2.680
9161,grilo,0,noun,1672,2.680
9162,racismo,0,noun,1670,2.677
9163,nádegas,0,unk,1669,2.675
9164,sobrecarga,0,noun,1669,2.675
9165,mensal,0,adj,1669,2.675
9166,vacilar,0,verb,1669,2.675
9167,formalmente,0,adv,1668,2.673
9168,extradição,0,noun,1668,2.673
9169,escudeiro,0,noun,1668,2.673
9170,emissário,0,noun,1668,2.673
9171,alheio,0,noun,1668,2.673
9172,visionário,0,noun,1667,2.672
9173,praguejar,0,verb,1667,2.672
9174,apitar,0,verb,1667,2.672
9175,ía,0,unk,1666,2.670
9176,ressentir,0,verb,1666,2.670
9177,catalina,0,adj,1665,2.669
9178,mestrado,0,noun,1665,2.669
9179,assimilar,0,verb,1664,2.667
9180,cabeceira,0,noun,1663,2.665
9181,alfabeto,0,noun,1663,2.665
9182,ordenado,0,noun,1663,2.665
9183,coberta,0,noun,1662,2.664
9184,recital,0,adj,1662,2.664
9185,destroçado,0,noun,1662,2.664
9186,albuquerque,0,unk,1661,2.662
9187,milorde,0,unk,1661,2.662
9188,aquecedor,0,noun,1661,2.662
9189,glaciar,0,verb,1661,2.662
9190,singer,0,verb,1660,2.661
9191,rascunho,0,noun,1660,2.661
9192,supersticioso,0,adj,1660,2.661
9193,africanar,0,verb,1659,2.659
9194,automática,0,adj,1659,2.659
9195,exilar,0,verb,1659,2.659
9196,joana,0,adj,1658,2.657
9197,ravina,0,adj,1658,2.657
9198,monopólio,0,noun,1657,2.656
9199,tomografia,0,noun,1657,2.656
9200,mesquinho,0,adj,1657,2.656
9201,espalhada,0,noun,1656,2.654
9202,falador,0,noun,1656,2.654
9203,insónia,0,noun,1656,2.654
9204,carrossel,0,unk,1655,2.653
9205,violoncelo,0,noun,1654,2.651
9206,despejo,0,noun,1654,2.651
9207,indestrutível,0,adj,1653,2.649
9208,reflexão,0,noun,1653,2.649
9209,divindade,0,noun,1652,2.648
9210,mortalidade,0,noun,1651,2.646
9211,velório,0,noun,1651,2.646
9212,transmitido,0,noun,1651,2.646
9213,absolver,0,verb,1651,2.646
9214,recolher obrigatório,1,mwe,1651,2.646
9215,desforrar,0,verb,1650,2.645
9216,sentenciar,0,verb,1650,2.645
9217,beirute,0,unk,1649,2.643
9218,turbina,0,adj,1649,2.643
9219,evacuado,0,noun,1649,2.643
9220,fiasco,0,noun,1647,2.640
9221,abominável,0,adj,1647,2.640
9222,mariano,0,adj,1647,2.640
9223,slogan,0,unk,1645,2.637
9224,tique,0,unk,1645,2.637
9225,miniaturar,0,verb,1644,2.635
9226,palheiro,0,noun,1644,2.635
9227,convertido,0,noun,1643,2.633
9228,sicília,0,noun,1642,2.632
9229,alberto,0,noun,1640,2.629
9230,alface,0,unk,1639,2.627
9231,recorte,0,unk,1639,2.627
9232,comover,0,verb,1639,2.627
9233,farpar,0,verb,1638,2.625
9234,gorar,0,verb,1638,2.625
9235,surra,0,noun,1637,2.624
9236,coroação,0,noun,1637,2.624
9237,renascimento,0,noun,1637,2.624
9238,ne,0,unk,1636,2.622
9239,egito,0,noun,1636,2.622
9240,enredo,0,noun,1636,2.622
9241,suplemento,0,noun,1636,2.622
9242,hélice,0,noun,1635,2.621
9243,carrega,0,noun,1634,2.619
9244,dependência,0,noun,1634,2.619
9245,largado,0,noun,1634,2.619
9246,hábil,0,unk,1634,2.619
9247,hemisfério,0,noun,1633,2.617
9248,minucioso,0,adj,1633,2.617
9249,pm,0,unk,1632,2.616
9250,processador,0,noun,1632,2.616
9251,amamentar,0,verb,1632,2.616
9252,solteira,0,noun,1631,2.614
9253,ninjas,0,unk,1631,2.614
9254,moer,0,verb,1631,2.614
9255,drástico,0,adj,1630,2.613
9256,advertir,0,verb,1630,2.613
9257,amazona,0,noun,1629,2.611
9258,marfim,0,unk,1628,2.609
9259,renovação,0,noun,1628,2.609
9260,ágil,0,unk,1628,2.609
9261,nilo,0,noun,1627,2.608
9262,epinefrina,0,adj,1627,2.608
9263,vocabulário,0,noun,1627,2.608
9264,alarido,0,noun,1627,2.608
9265,simbolizar,0,verb,1627,2.608
9266,coiso,0,noun,1626,2.606
9267,prateado,0,noun,1626,2.606
9268,empenhado,0,noun,1626,2.606
9269,alastrar,0,verb,1625,2.604
9270,extremista,0,noun,1624,2.603
9271,provávelmente,0,adv,1623,2.601
9272,afogamento,0,noun,1623,2.601
9273,botânico,0,adj,1623,2.601
9274,cutter,0,verb,1622,2.600
9275,sujidade,0,noun,1622,2.600
9276,banido,0,noun,1622,2.600
9277,mister,0,verb,1621,2.598
9278,politicamente,0,adv,1621,2.598
9279,factura,0,noun,1621,2.598
9280,provir,0,verb,1621,2.598
9281,brighton,0,unk,1620,2.596
9282,rochoso,0,adj,1620,2.596
9283,fixamente,0,adv,1619,2.595
9284,mentalidade,0,noun,1619,2.595
9285,intérprete,0,unk,1619,2.595
9286,vestiário,0,noun,1619,2.595
9287,virilha,0,noun,1619,2.595
9288,manchado,0,noun,1619,2.595
9289,brusco,0,noun,1619,2.595
9290,espreitadela,0,noun,1618,2.593
9291,inacabado,0,noun,1618,2.593
9292,havaiano,0,adj,1618,2.593
9293,silenciosamente,0,adv,1617,2.592
9294,submetido,0,noun,1617,2.592
9295,lixívia,0,noun,1616,2.590
9296,saga,0,noun,1616,2.590
9297,cãibra,0,noun,1616,2.590
9298,despoletar,0,verb,1616,2.590
9299,aquiles,0,unk,1615,2.588
9300,inimaginável,0,adj,1615,2.588
9301,solteirão,0,noun,1615,2.588
9302,reaparecer,0,verb,1615,2.588
9303,comunhão,0,noun,1614,2.587
9304,revogar,0,verb,1614,2.587
9305,sí,0,unk,1613,2.585
9306,caprica,0,adj,1613,2.585
9307,berma,0,noun,1613,2.585
9308,ferroviário,0,noun,1613,2.585
9309,árctico,0,adj,1612,2.584
9310,cleópatra,0,noun,1612,2.584
9311,conversinha,0,adj,1611,2.582
9312,bbc,0,unk,1611,2.582
9313,betão,0,noun,1611,2.582
9314,estafeta,0,noun,1611,2.582
9315,implementar,0,verb,1611,2.582
9316,recém,0,unk,1610,2.580
9317,levada,0,noun,1610,2.580
9318,interface,0,unk,1610,2.580
9319,status,0,unk,1609,2.579
9320,humilhado,0,noun,1609,2.579
9321,carnívoro,0,noun,1609,2.579
9322,aparar,0,verb,1608,2.577
9323,combustão,0,noun,1607,2.576
9324,sandália,0,noun,1606,2.574
9325,simbólico,0,adj,1606,2.574
9326,projetar,0,verb,1606,2.574
9327,sintonia,0,noun,1605,2.572
9328,tribal,0,adj,1605,2.572
9329,misturado,0,noun,1605,2.572
9330,lhas,0,unk,1605,2.572
9331,apavorado,0,noun,1604,2.571
9332,damasco,0,noun,1603,2.569
9333,torácico,0,adj,1603,2.569
9334,poluição,0,noun,1602,2.568
9335,morse,0,unk,1601,2.566
9336,irritação,0,noun,1601,2.566
9337,secador,0,noun,1601,2.566
9338,suado,0,noun,1601,2.566
9339,himmler,0,verb,1600,2.564
9340,inquietar,0,verb,1600,2.564
9341,estalagem,0,noun,1599,2.563
9342,mascarado,0,noun,1599,2.563
9343,asher,0,verb,1598,2.561
9344,chora,0,noun,1598,2.561
9345,tontura,0,noun,1598,2.561
9346,mestiço,0,noun,1598,2.561
9347,arrecadação,0,noun,1597,2.560
9348,elixir,0,verb,1597,2.560
9349,elevação,0,noun,1597,2.560
9350,declarado,0,noun,1597,2.560
9351,hi,0,unk,1596,2.558
9352,protectora,0,noun,1595,2.556
9353,apegar,0,verb,1595,2.556
9354,distração,0,noun,1594,2.555
9355,mer,0,unk,1594,2.555
9356,alicate,0,unk,1594,2.555
9357,obediente,0,adj,1594,2.555
9358,diâmetro,0,noun,1593,2.553
9359,encantamento,0,noun,1593,2.553
9360,jar,0,unk,1592,2.552
9361,atrelar,0,verb,1592,2.552
9362,forjado,0,noun,1592,2.552
9363,oliver queen,1,mwe,1592,2.552
9364,escombros,0,unk,1591,2.550
9365,intoxicação,0,noun,1591,2.550
9366,travesseiro,0,noun,1591,2.550
9367,remodelar,0,verb,1591,2.550
9368,concorde,0,unk,1590,2.548
9369,infligir,0,verb,1589,2.547
9370,transacções,0,noun,1588,2.545
9371,remoção,0,noun,1588,2.545
9372,invólucro,0,noun,1588,2.545
9373,benção,0,noun,1587,2.544
9374,intelecto,0,noun,1587,2.544
9375,bruxelas,0,unk,1586,2.542
9376,fórum,0,unk,1586,2.542
9377,túlipa,0,noun,1586,2.542
9378,filipina,0,adj,1585,2.540
9379,pessimista,0,noun,1585,2.540
9380,reservatório,0,noun,1583,2.537
9381,piranha,0,noun,1583,2.537
9382,trampa,0,noun,1582,2.536
9383,pulha,0,noun,1582,2.536
9384,ninhar,0,verb,1581,2.534
9385,apertada,0,noun,1580,2.532
9386,anarquia,0,noun,1580,2.532
9387,ralo,0,noun,1580,2.532
9388,mandachuva,0,noun,1580,2.532
9389,aceitação,0,noun,1579,2.531
9390,hipnose,0,unk,1579,2.531
9391,alcatraz,0,unk,1578,2.529
9392,abominação,0,noun,1578,2.529
9393,medicinal,0,adj,1578,2.529
9394,barba,0,noun,1577,2.528
9395,ananás,0,unk,1577,2.528
9396,narcisista,0,noun,1577,2.528
9397,oportuno,0,noun,1577,2.528
9398,hindu,0,unk,1577,2.528
9399,distrital,0,adj,1576,2.526
9400,mórbido,0,noun,1576,2.526
9401,interrogado,0,noun,1576,2.526
9402,metanfetamina,0,adj,1575,2.524
9403,fumaça,0,noun,1575,2.524
9404,designado,0,noun,1575,2.524
9405,dissecar,0,verb,1575,2.524
9406,infectar,0,verb,1574,2.523
9407,embaraço,0,noun,1574,2.523
9408,templário,0,noun,1574,2.523
9409,ensopar,0,verb,1574,2.523
9410,aspirante,0,unk,1574,2.523
9411,devorador,0,noun,1574,2.523
9412,loucamente,0,adv,1573,2.521
9413,esquecimento,0,noun,1573,2.521
9414,engodo,0,noun,1573,2.521
9415,brandir,0,verb,1573,2.521
9416,perdurar,0,verb,1573,2.521
9417,tijuana,0,adj,1572,2.520
9418,amarra,0,noun,1572,2.520
9419,agressividade,0,noun,1571,2.518
9420,vibrador,0,noun,1571,2.518
9421,diferenciar,0,verb,1571,2.518
9422,redigir,0,verb,1571,2.518
9423,louvor,0,unk,1570,2.516
9424,bahamas,0,unk,1569,2.515
9425,processamento,0,noun,1569,2.515
9426,ganharia,0,noun,1569,2.515
9427,correria,0,noun,1569,2.515
9428,arranjado,0,noun,1569,2.515
9429,homenagear,0,verb,1569,2.515
9430,hr,0,unk,1568,2.513
9431,apêndice,0,noun,1568,2.513
9432,cruzador,0,noun,1568,2.513
9433,constelação,0,noun,1567,2.512
9434,enguia,0,noun,1567,2.512
9435,giovanni,0,unk,1566,2.510
9436,despertador,0,noun,1566,2.510
9437,hediondo,0,noun,1566,2.510
9438,regenerar,0,verb,1566,2.510
9439,clonar,0,verb,1566,2.510
9440,corroer,0,verb,1566,2.510
9441,ak,0,unk,1565,2.508
9442,qu,0,unk,1565,2.508
9443,texugo,0,noun,1565,2.508
9444,amistoso,0,adj,1565,2.508
9445,eleitoral,0,adj,1564,2.507
9446,diabético,0,adj,1564,2.507
9447,zurique,0,unk,1563,2.505
9448,estrume,0,unk,1563,2.505
9449,odioso,0,adj,1562,2.504
9450,dezanove,0,num,1561,2.502
9451,nocturnos,0,unk,1561,2.502
9452,venezuela,0,noun,1559,2.499
9453,lagarta,0,noun,1559,2.499
9454,premiar,0,verb,1559,2.499
9455,perdoado,0,noun,1559,2.499
9456,espectaculares,0,unk,1558,2.497
9457,defrontar,0,verb,1558,2.497
9458,vão-se lixar,1,mwe,1557,2.496
9459,efectivamente,0,adv,1556,2.494
9460,lisonjeado,0,noun,1556,2.494
9461,espasmo,0,noun,1556,2.494
9462,nítido,0,noun,1556,2.494
9463,emagrecer,0,verb,1556,2.494
9464,presidir,0,verb,1556,2.494
9465,desintegrar,0,verb,1556,2.494
9466,hampshire,0,unk,1555,2.492
9467,implicação,0,noun,1555,2.492
9468,miligrama,0,noun,1555,2.492
9469,jacaré,0,unk,1555,2.492
9470,pedal,0,adj,1555,2.492
9471,suturar,0,verb,1555,2.492
9472,descapotável,0,adj,1554,2.491
9473,montante,0,unk,1554,2.491
9474,fornalha,0,noun,1554,2.491
9475,risada,0,noun,1554,2.491
9476,alegadamente,0,adv,1553,2.489
9477,amabilidade,0,noun,1553,2.489
9478,incontrolável,0,adj,1553,2.489
9479,operativo,0,noun,1552,2.487
9480,bd,0,unk,1551,2.486
9481,sebo,0,noun,1551,2.486
9482,ranhoso,0,adj,1551,2.486
9483,socapa,0,noun,1550,2.484
9484,cozinha,0,adj,1550,2.484
9485,veludo,0,adj,1550,2.484
9486,paradoxo,0,noun,1550,2.484
9487,situar,0,verb,1550,2.484
9488,memorável,0,adj,1549,2.483
9489,eléctricas,0,unk,1549,2.483
9490,tentáculo,0,noun,1549,2.483
9491,obsessivo,0,noun,1549,2.483
9492,repreender,0,verb,1549,2.483
9493,accionistas,0,unk,1548,2.481
9494,coroa,0,noun,1547,2.479
9495,feno,0,noun,1547,2.479
9496,reentrar,0,verb,1547,2.479
9497,amputar,0,verb,1547,2.479
9498,posses,0,unk,1546,2.478
9499,mendez,0,unk,1544,2.475
9500,desastroso,0,adj,1544,2.475
9501,porta-luvas,0,unk,1543,2.473
9502,masturbação,0,noun,1543,2.473
9503,estuporar,0,verb,1543,2.473
9504,tagarelar,0,verb,1543,2.473
9505,horda,0,noun,1542,2.471
9506,óvulo,0,noun,1542,2.471
9507,batimento cardíaco,1,mwe,1542,2.471
9508,torta,0,noun,1541,2.470
9509,cds,0,unk,1540,2.468
9510,coleccionador,0,noun,1539,2.467
9511,perjúrio,0,noun,1539,2.467
9512,indeciso,0,noun,1539,2.467
9513,giz,0,unk,1538,2.465
9514,lulu,0,unk,1538,2.465
9515,infiltração,0,noun,1538,2.465
9516,esmagador,0,noun,1538,2.465
9517,advertência,0,noun,1537,2.463
9518,transtornado,0,noun,1537,2.463
9519,cubículo,0,noun,1537,2.463
9520,deita,0,noun,1537,2.463
9521,fuzilar,0,verb,1537,2.463
9522,lucinda,0,noun,1536,2.462
9523,terçar,0,verb,1536,2.462
9524,mexerico,0,adj,1536,2.462
9525,augusto,0,noun,1536,2.462
9526,talho,0,noun,1535,2.460
9527,treinamento,0,noun,1535,2.460
9528,proveniente,0,adj,1535,2.460
9529,invadido,0,noun,1535,2.460
9530,varíola,0,noun,1534,2.459
9531,inundado,0,noun,1534,2.459
9532,pincel,0,unk,1533,2.457
9533,pastorar,0,verb,1533,2.457
9534,articulação,0,noun,1533,2.457
9535,prejudicial,0,adj,1532,2.455
9536,desacreditar,0,verb,1532,2.455
9537,descartável,0,adj,1531,2.454
9538,ro,0,unk,1531,2.454
9539,desintoxicação,0,noun,1531,2.454
9540,platinar,0,verb,1531,2.454
9541,barca,0,noun,1531,2.454
9542,ícone,0,unk,1531,2.454
9543,liderado,0,noun,1531,2.454
9544,clientela,0,noun,1530,2.452
9545,débil,0,unk,1530,2.452
9546,estilista,0,noun,1530,2.452
9547,planetário,0,noun,1530,2.452
9548,belfast,0,unk,1529,2.451
9549,sangra,0,noun,1529,2.451
9550,medroso,0,adj,1529,2.451
9551,conformar,0,verb,1529,2.451
9552,zé,0,unk,1528,2.449
9553,insuficiência,0,noun,1528,2.449
9554,paixoneta,0,noun,1528,2.449
9555,horizontal,0,adj,1528,2.449
9556,fútil,0,unk,1528,2.449
9557,mudado,0,noun,1528,2.449
9558,haiti,0,unk,1527,2.447
9559,parteiro,0,noun,1527,2.447
9560,diagrama,0,noun,1527,2.447
9561,transe,0,unk,1526,2.446
9562,observado,0,noun,1526,2.446
9563,avalanche,0,unk,1525,2.444
9564,liber,0,verb,1524,2.443
9565,despedimento,0,noun,1524,2.443
9566,enganador,0,noun,1524,2.443
9567,estrear,0,verb,1524,2.443
9568,romero,0,noun,1523,2.441
9569,novelar,0,verb,1523,2.441
9570,pio,0,noun,1523,2.441
9571,estrondo,0,noun,1523,2.441
9572,casaria,0,noun,1523,2.441
9573,honroso,0,adj,1523,2.441
9574,século xx,1,mwe,1523,2.441
9575,turismo,0,noun,1522,2.439
9576,hipoteticamente,0,adv,1520,2.436
9577,regulador,0,noun,1520,2.436
9578,indesejado,0,noun,1520,2.436
9579,desajeitar,0,verb,1518,2.433
9580,verão,0,noun,1518,2.433
9581,adultério,0,noun,1518,2.433
9582,preguiçar,0,verb,1518,2.433
9583,obstruir,0,verb,1518,2.433
9584,olga,0,noun,1517,2.431
9585,infantário,0,noun,1517,2.431
9586,informante,0,unk,1517,2.431
9587,iluminado,0,noun,1517,2.431
9588,bendizer,0,verb,1516,2.430
9589,jer,0,unk,1515,2.428
9590,porta-aviões,0,unk,1515,2.428
9591,bi,0,unk,1515,2.428
9592,lira,0,noun,1515,2.428
9593,emocionado,0,noun,1515,2.428
9594,luc,0,unk,1514,2.427
9595,ruído,0,noun,1514,2.427
9596,aspiração,0,noun,1514,2.427
9597,meramente,0,adv,1513,2.425
9598,avc,0,unk,1513,2.425
9599,nitrato,0,noun,1513,2.425
9600,segmento,0,noun,1513,2.425
9601,atribuído,0,noun,1513,2.425
9602,porca,0,noun,1512,2.423
9603,chanfrado,0,noun,1511,2.422
9604,equivocar,0,verb,1511,2.422
9605,fornecido,0,noun,1511,2.422
9606,sintonizar,0,verb,1511,2.422
9607,florestal,0,adj,1510,2.420
9608,norueguês,0,adj,1509,2.419
9609,lubrificante,0,unk,1508,2.417
9610,sobressair,0,verb,1508,2.417
9611,viper,0,verb,1507,2.415
9612,esperteza,0,noun,1507,2.415
9613,massacrado,0,noun,1507,2.415
9614,manequim,0,unk,1507,2.415
9615,comunismo,0,noun,1506,2.414
9616,aeródromo,0,noun,1506,2.414
9617,equivaler,0,verb,1506,2.414
9618,advocacia,0,noun,1505,2.412
9619,fraser,0,verb,1505,2.412
9620,àquelas,0,unk,1505,2.412
9621,cegueira,0,noun,1505,2.412
9622,bento,0,noun,1505,2.412
9623,inexperiente,0,adj,1505,2.412
9624,amêndoa,0,noun,1505,2.412
9625,cometa,0,noun,1504,2.411
9626,anti,0,unk,1504,2.411
9627,pestana,0,adj,1504,2.411
9628,ante,0,prep,1503,2.409
9629,imperativo,0,noun,1503,2.409
9630,mordo,0,noun,1503,2.409
9631,transportado,0,noun,1503,2.409
9632,zebra,0,noun,1502,2.407
9633,stand,0,unk,1502,2.407
9634,desfecho,0,noun,1502,2.407
9635,saltos altos,1,mwe,1502,2.407
9636,excluído,0,noun,1501,2.406
9637,totalidade,0,noun,1500,2.404
9638,ep,0,unk,1500,2.404
9639,pulverizar,0,verb,1500,2.404
9640,il,0,unk,1499,2.403
9641,solidariedade,0,noun,1499,2.403
9642,fusco,0,noun,1499,2.403
9643,profanar,0,verb,1499,2.403
9644,habitualmente,0,adv,1498,2.401
9645,colesterol,0,unk,1498,2.401
9646,pastelaria,0,noun,1498,2.401
9647,helga,0,noun,1497,2.399
9648,filtrar,0,verb,1497,2.399
9649,cuidados intensivos,1,mwe,1496,2.398
9650,fina,0,adj,1495,2.396
9651,ibm,0,unk,1495,2.396
9652,scooter,0,verb,1495,2.396
9653,desperdiçado,0,noun,1495,2.396
9654,arménio,0,noun,1495,2.396
9655,táctico,0,adj,1494,2.395
9656,extorquir,0,verb,1494,2.395
9657,dizimar,0,verb,1494,2.395
9658,continental,0,adj,1493,2.393
9659,altruísta,0,noun,1493,2.393
9660,vértebra,0,noun,1493,2.393
9661,ucraniano,0,adj,1493,2.393
9662,desconforto,0,noun,1492,2.391
9663,estimado,0,noun,1492,2.391
9664,aflição,0,noun,1491,2.390
9665,amargurar,0,verb,1491,2.390
9666,inverso,0,noun,1491,2.390
9667,catalogar,0,verb,1491,2.390
9668,lavagem cerebral,1,mwe,1491,2.390
9669,inesquecível,0,adj,1490,2.388
9670,corra,0,noun,1489,2.387
9671,upper,0,verb,1489,2.387
9672,muleta,0,noun,1489,2.387
9673,solenemente,0,adv,1488,2.385
9674,roleta,0,noun,1488,2.385
9675,passadeira,0,noun,1488,2.385
9676,arrasado,0,noun,1488,2.385
9677,molhada,0,noun,1487,2.383
9678,silo,0,noun,1487,2.383
9679,conjugal,0,adj,1487,2.383
9680,recompensado,0,noun,1487,2.383
9681,destaque,0,unk,1486,2.382
9682,boche,0,unk,1486,2.382
9683,pasto,0,noun,1486,2.382
9684,pulo,0,noun,1486,2.382
9685,exclusivamente,0,adv,1485,2.380
9686,minhocas,0,unk,1485,2.380
9687,conas,0,unk,1485,2.380
9688,brinca,0,noun,1485,2.380
9689,refrescante,0,unk,1485,2.380
9690,orientador,0,noun,1484,2.379
9691,delegacia,0,noun,1483,2.377
9692,mitologia,0,noun,1483,2.377
9693,pirralho,0,noun,1483,2.377
9694,trio,0,noun,1482,2.375
9695,pipa,0,noun,1482,2.375
9696,abaixado,0,noun,1482,2.375
9697,hispânico,0,adj,1482,2.375
9698,deteriorar,0,verb,1482,2.375
9699,massagista,0,noun,1481,2.374
9700,omeleta,0,noun,1481,2.374
9701,trivial,0,adj,1481,2.374
9702,dorminhoco,0,noun,1481,2.374
9703,reciclar,0,verb,1481,2.374
9704,insetos,0,unk,1479,2.370
9705,radiador,0,noun,1479,2.370
9706,detectou,0,unk,1479,2.370
9707,galileu,0,unk,1479,2.370
9708,prevenção,0,noun,1478,2.369
9709,avé,0,unk,1478,2.369
9710,menção,0,noun,1478,2.369
9711,retratar,0,verb,1478,2.369
9712,congo,0,noun,1477,2.367
9713,liberdades,0,noun,1477,2.367
9714,beliscar,0,verb,1477,2.367
9715,barricado,0,noun,1476,2.366
9716,cesar,0,verb,1475,2.364
9717,sedução,0,noun,1475,2.364
9718,produzido,0,noun,1475,2.364
9719,modificado,0,noun,1475,2.364
9720,estocolmo,0,noun,1474,2.362
9721,slater,0,verb,1474,2.362
9722,aura,0,noun,1474,2.362
9723,triangular,0,verb,1474,2.362
9724,injetar,0,verb,1474,2.362
9725,radioactivo,0,noun,1473,2.361
9726,pascal,0,adj,1473,2.361
9727,afortunado,0,noun,1473,2.361
9728,compulsivo,0,noun,1473,2.361
9729,trailer,0,verb,1472,2.359
9730,puramente,0,adv,1472,2.359
9731,crepe,0,unk,1472,2.359
9732,planar,0,verb,1472,2.359
9733,empilhar,0,verb,1472,2.359
9734,quebra-cabeças,0,unk,1471,2.358
9735,talismã,0,unk,1471,2.358
9736,licitação,0,noun,1471,2.358
9737,egocêntrico,0,adj,1471,2.358
9738,clicar,0,verb,1471,2.358
9739,posta,0,noun,1470,2.356
9740,infecções,0,noun,1470,2.356
9741,uther,0,verb,1470,2.356
9742,edmond,0,unk,1470,2.356
9743,beldade,0,noun,1470,2.356
9744,cansaço,0,noun,1469,2.354
9745,inflamável,0,adj,1469,2.354
9746,prezar,0,verb,1469,2.354
9747,nudez,0,unk,1468,2.353
9748,mu,0,unk,1467,2.351
9749,iniciação,0,noun,1467,2.351
9750,encriptação,0,noun,1466,2.350
9751,banner,0,verb,1466,2.350
9752,entediar,0,verb,1466,2.350
9753,justiceiro,0,noun,1466,2.350
9754,leproso,0,adj,1466,2.350
9755,esbarrar,0,verb,1466,2.350
9756,mao,0,noun,1465,2.348
9757,chapado,0,noun,1465,2.348
9758,engraxar,0,verb,1465,2.348
9759,esquizofrenia,0,noun,1464,2.346
9760,pronúncia,0,noun,1464,2.346
9761,atropelamento,0,noun,1464,2.346
9762,hebreu,0,unk,1464,2.346
9763,hepatite,0,unk,1463,2.345
9764,clarificar,0,verb,1462,2.343
9765,hamster,0,verb,1461,2.342
9766,crosta,0,noun,1461,2.342
9767,profissionalmente,0,adv,1460,2.340
9768,infalível,0,adj,1460,2.340
9769,áspero,0,noun,1460,2.340
9770,maturidade,0,noun,1459,2.338
9771,detalhar,0,verb,1459,2.338
9772,ch,0,unk,1458,2.337
9773,atlas,0,unk,1458,2.337
9774,atendimento,0,noun,1458,2.337
9775,degenerar,0,verb,1458,2.337
9776,transbordar,0,verb,1458,2.337
9777,assédio sexual,1,mwe,1458,2.337
9778,firmeza,0,noun,1457,2.335
9779,esquina,0,adj,1457,2.335
9780,comício,0,noun,1457,2.335
9781,numeroso,0,adj,1457,2.335
9782,malária,0,noun,1456,2.334
9783,casper,0,verb,1456,2.334
9784,preferível,0,adj,1456,2.334
9785,negligente,0,adj,1456,2.334
9786,afeição,0,noun,1455,2.332
9787,adiamento,0,noun,1455,2.332
9788,melancia,0,noun,1455,2.332
9789,caco,0,noun,1454,2.330
9790,adereço,0,noun,1453,2.329
9791,submerso,0,noun,1453,2.329
9792,aguenta firme,1,mwe,1453,2.329
9793,tecla,0,noun,1452,2.327
9794,beneficência,0,noun,1452,2.327
9795,lacuna,0,noun,1452,2.327
9796,opressão,0,noun,1451,2.326
9797,blasfémia,0,noun,1451,2.326
9798,faixa,0,noun,1450,2.324
9799,negociável,0,adj,1450,2.324
9800,afinar,0,verb,1450,2.324
9801,abadia,0,noun,1449,2.322
9802,empolgado,0,noun,1449,2.322
9803,cheiroso,0,adj,1449,2.322
9804,detectada,0,noun,1448,2.321
9805,monetário,0,noun,1448,2.321
9806,macabro,0,noun,1448,2.321
9807,saltador,0,noun,1448,2.321
9808,franz,0,unk,1446,2.318
9809,simultaneamente,0,adv,1446,2.318
9810,vergar,0,verb,1446,2.318
9811,videojogo,0,noun,1445,2.316
9812,comunicação social,1,mwe,1445,2.316
9813,volts,0,unk,1444,2.314
9814,trapaceiro,0,noun,1444,2.314
9815,atração,0,noun,1443,2.313
9816,bósnio,0,noun,1443,2.313
9817,cobrador,0,noun,1443,2.313
9818,despachado,0,noun,1443,2.313
9819,indiciar,0,verb,1443,2.313
9820,chicotear,0,verb,1443,2.313
9821,emboscar,0,verb,1443,2.313
9822,vu,0,unk,1442,2.311
9823,batida,0,noun,1442,2.311
9824,auditoria,0,noun,1442,2.311
9825,carimbo,0,noun,1442,2.311
9826,robe,0,unk,1441,2.310
9827,empregador,0,noun,1441,2.310
9828,vestuário,0,noun,1439,2.306
9829,travessia,0,noun,1439,2.306
9830,maleta,0,noun,1439,2.306
9831,borrão,0,noun,1439,2.306
9832,possessão,0,noun,1439,2.306
9833,libertador,0,noun,1439,2.306
9834,natalício,0,noun,1439,2.306
9835,ajeitar,0,verb,1439,2.306
9836,canivete,0,unk,1438,2.305
9837,soberbo,0,noun,1437,2.303
9838,baltar,0,verb,1436,2.302
9839,holocausto,0,noun,1436,2.302
9840,stressado,0,noun,1436,2.302
9841,toni,0,unk,1435,2.300
9842,clarão,0,noun,1435,2.300
9843,aparelhagem,0,noun,1435,2.300
9844,uno,0,noun,1434,2.298
9845,jd,0,unk,1433,2.297
9846,estrangulado,0,noun,1433,2.297
9847,importação,0,noun,1433,2.297
9848,pólen,0,unk,1432,2.295
9849,intrusão,0,noun,1432,2.295
9850,heroísmo,0,noun,1432,2.295
9851,cozinhado,0,noun,1432,2.295
9852,climático,0,adj,1432,2.295
9853,sózinha,0,adj,1430,2.292
9854,poster,0,verb,1430,2.292
9855,declínio,0,noun,1430,2.292
9856,absolvição,0,noun,1430,2.292
9857,frigideira,0,noun,1430,2.292
9858,bandalho,0,noun,1430,2.292
9859,festivo,0,noun,1430,2.292
9860,apreendido,0,noun,1430,2.292
9861,trespassar,0,verb,1430,2.292
9862,distracções,0,noun,1429,2.290
9863,demência,0,noun,1429,2.290
9864,zelar,0,verb,1429,2.290
9865,circunstancial,0,adj,1429,2.290
9866,monótono,0,noun,1429,2.290
9867,detectores,0,unk,1428,2.289
9868,procriar,0,verb,1428,2.289
9869,mandão,0,noun,1428,2.289
9870,poupado,0,noun,1428,2.289
9871,actua,0,noun,1427,2.287
9872,cobro,0,noun,1427,2.287
9873,grua,0,noun,1427,2.287
9874,rugas,0,unk,1426,2.286
9875,reanimação,0,noun,1426,2.286
9876,projectar,0,verb,1426,2.286
9877,refresco,0,noun,1426,2.286
9878,invejoso,0,adj,1426,2.286
9879,castrar,0,verb,1426,2.286
9880,travesti,0,unk,1425,2.284
9881,pós-traumático,0,adj,1425,2.284
9882,athos,0,unk,1424,2.282
9883,escrúpulo,0,noun,1424,2.282
9884,detergente,0,adj,1424,2.282
9885,assemelhar,0,verb,1424,2.282
9886,lástima,0,noun,1423,2.281
9887,navarro,0,noun,1423,2.281
9888,cosmético,0,adj,1423,2.281
9889,sexta,0,noun,1422,2.279
9890,noé,0,unk,1421,2.278
9891,psiquiatra,0,noun,1421,2.278
9892,facção,0,noun,1421,2.278
9893,perspetivar,0,verb,1421,2.278
9894,inestimável,0,adj,1421,2.278
9895,dispensável,0,adj,1421,2.278
9896,baga,0,noun,1420,2.276
9897,calçado,0,noun,1420,2.276
9898,desígnio,0,noun,1420,2.276
9899,endoidecer,0,verb,1420,2.276
9900,tórax,0,unk,1419,2.274
9901,mediterrâneo,0,noun,1419,2.274
9902,indonésio,0,noun,1419,2.274
9903,roscar,0,verb,1419,2.274
9904,admirado,0,noun,1419,2.274
9905,arruaceiro,0,noun,1419,2.274
9906,corroborar,0,verb,1418,2.273
9907,caldo,0,noun,1417,2.271
9908,bobagem,0,noun,1417,2.271
9909,defendido,0,noun,1417,2.271
9910,pedinte,0,unk,1417,2.271
9911,nulo,0,noun,1417,2.271
9912,sniper,0,verb,1416,2.270
9913,puma,0,noun,1416,2.270
9914,magnata,0,noun,1415,2.268
9915,marx,0,unk,1414,2.266
9916,afectada,0,noun,1414,2.266
9917,marmelada,0,noun,1414,2.266
9918,folgo,0,noun,1413,2.265
9919,canário,0,noun,1413,2.265
9920,provérbio,0,noun,1413,2.265
9921,puxo,0,noun,1413,2.265
9922,embrião,0,noun,1413,2.265
9923,hiperespaço,0,noun,1412,2.263
9924,corta,0,noun,1412,2.263
9925,extintor,0,unk,1412,2.263
9926,bombom,0,unk,1412,2.263
9927,gnomo,0,noun,1412,2.263
9928,reprovar,0,verb,1412,2.263
9929,varsóvia,0,noun,1411,2.262
9930,abstinência,0,noun,1411,2.262
9931,recheio,0,noun,1411,2.262
9932,altifalante,0,unk,1411,2.262
9933,desumano,0,adj,1411,2.262
9934,lírio,0,noun,1410,2.260
9935,remexer,0,verb,1410,2.260
9936,capitalista,0,noun,1409,2.258
9937,incompetência,0,noun,1408,2.257
9938,delirante,0,unk,1408,2.257
9939,necessitado,0,noun,1408,2.257
9940,rj,0,unk,1407,2.255
9941,if,0,unk,1407,2.255
9942,simultâneo,0,noun,1407,2.255
9943,satânico,0,adj,1407,2.255
9944,irromper,0,verb,1407,2.255
9945,saturno,0,noun,1406,2.253
9946,equador,0,noun,1406,2.253
9947,lamar,0,verb,1406,2.253
9948,quilate,0,unk,1406,2.253
9949,dedução,0,noun,1406,2.253
9950,vaidoso,0,adj,1406,2.253
9951,continuamente,0,adv,1405,2.252
9952,je,0,unk,1405,2.252
9953,palhinha,0,adj,1405,2.252
9954,pisgar,0,verb,1405,2.252
9955,incorporar,0,verb,1405,2.252
9956,costa rica,1,mwe,1405,2.252
9957,biquíni,0,unk,1404,2.250
9958,trilha,0,noun,1403,2.249
9959,ceptro,0,noun,1403,2.249
9960,histeria,0,noun,1403,2.249
9961,inversão,0,noun,1402,2.247
9962,descascar,0,verb,1402,2.247
9963,fiambre,0,unk,1401,2.245
9964,marreta,0,noun,1400,2.244
9965,manipulado,0,noun,1400,2.244
9966,socialmente,0,adv,1399,2.242
9967,decepcionar,0,verb,1399,2.242
9968,th street,1,mwe,1399,2.242
9969,estatístico,0,adj,1398,2.241
9970,pradaria,0,noun,1398,2.241
9971,atmosférico,0,adj,1398,2.241
9972,relutante,0,unk,1397,2.239
9973,tártaro,0,noun,1396,2.237
9974,erradicar,0,verb,1396,2.237
9975,mongol,0,unk,1396,2.237
9976,xxi,0,unk,1395,2.236
9977,internado,0,noun,1395,2.236
9978,especar,0,verb,1394,2.234
9979,oitava,0,noun,1394,2.234
9980,tiquetaque,0,unk,1394,2.234
9981,anime,0,unk,1394,2.234
9982,imperfeito,0,noun,1394,2.234
9983,orbitar,0,verb,1394,2.234
9984,mueller,0,verb,1393,2.233
9985,verniz,0,unk,1393,2.233
9986,desfrute,0,unk,1393,2.233
9987,vulnerabilidade,0,noun,1393,2.233
9988,destacado,0,noun,1393,2.233
9989,descalçar,0,verb,1393,2.233
9990,firmemente,0,adv,1392,2.231
9991,pechinchar,0,verb,1392,2.231
9992,esfregona,0,noun,1392,2.231
9993,esfaqueado,0,noun,1392,2.231
9994,politica,0,adj,1391,2.229
9995,composta,0,noun,1391,2.229
9996,insensato,0,noun,1391,2.229
9997,babilónio,0,noun,1390,2.228
9998,menosprezar,0,verb,1390,2.228
9999,preceder,0,verb,1390,2.228
10000,casada,0,noun,1389,2.226
