rank,lemma,is_mwe,pos_guess,raw_freq,freq_per_million
5001,conspirar,0,verb,4841,7.759
5002,disse-nos,0,unk,4841,7.759
5003,vegetariano,0,adj,4840,7.758
5004,vejo-o,0,unk,4840,7.758
5005,all,0,unk,4839,7.756
5006,tambor,0,unk,4837,7.753
5007,antecedente,0,adj,4833,7.746
5008,doméstica,0,adj,4833,7.746
5009,sacerdote,0,unk,4830,7.741
5010,ausente,0,adj,4829,7.740
5011,camponês,0,adj,4828,7.738
5012,cadete,0,unk,4826,7.735
5013,peço-lhe,0,unk,4826,7.735
5014,atualizar,0,verb,4817,7.721
5015,aplaudir,0,verb,4816,7.719
5016,apocalipse,0,unk,4816,7.719
5017,perturbador,0,noun,4814,7.716
5018,chamam-lhe,0,unk,4808,7.706
5019,grão,0,noun,4803,7.698
5020,semestre,0,unk,4802,7.697
5021,concorrente,0,adj,4799,7.692
5022,homenzinho,0,adj,4798,7.690
5023,auto,0,noun,4792,7.681
5024,merdoso,0,adj,4792,7.681
5025,paranóico,0,adj,4792,7.681
5026,compartimento,0,noun,4786,7.671
5027,ignorante,0,unk,4786,7.671
5028,artefacto,0,noun,4785,7.669
5029,fachada,0,noun,4785,7.669
5030,severo,0,noun,4784,7.668
5031,leve-me,0,unk,4783,7.666
5032,embalar,0,verb,4782,7.665
5033,mérito,0,noun,4779,7.660
5034,perguntou-me,0,unk,4779,7.660
5035,caluda,0,noun,4778,7.658
5036,arranhar,0,verb,4775,7.653
5037,polaco,0,noun,4773,7.650
5038,calendário,0,noun,4772,7.649
5039,impedi-lo,0,noun,4770,7.645
5040,lotaria,0,noun,4770,7.645
5041,urinar,0,verb,4769,7.644
5042,deixe-nos,0,unk,4768,7.642
5043,divertir-me,0,unk,4768,7.642
5044,moreno,0,noun,4768,7.642
5045,arquiteto,0,noun,4766,7.639
5046,del,0,adj,4766,7.639
5047,deixei-o,0,unk,4765,7.637
5048,divertir-te,0,unk,4765,7.637
5049,girl,0,unk,4765,7.637
5050,indício,0,noun,4764,7.636
5051,movimentar,0,verb,4764,7.636
5052,racional,0,adj,4760,7.629
5053,arranjar-te,0,unk,4758,7.626
5054,embebedar,0,verb,4754,7.620
5055,rum,0,unk,4754,7.620
5056,condicionado,0,noun,4752,7.616
5057,gorila,0,noun,4752,7.616
5058,paradeiro,0,noun,4751,7.615
5059,impecável,0,adj,4750,7.613
5060,descartar,0,verb,4746,7.607
5061,venenoso,0,adj,4746,7.607
5062,significativo,0,noun,4743,7.602
5063,artístico,0,adj,4740,7.597
5064,vire-se,0,unk,4740,7.597
5065,pateta,0,noun,4739,7.596
5066,encolher,0,verb,4736,7.591
5067,manter-me,0,unk,4733,7.586
5068,distúrbio,0,noun,4732,7.584
5069,representação,0,noun,4732,7.584
5070,hilariante,0,unk,4731,7.583
5071,décimo,0,num,4730,7.581
5072,recolha,0,noun,4730,7.581
5073,outrora,0,noun,4729,7.580
5074,antiguidade,0,noun,4728,7.578
5075,intimidar,0,verb,4728,7.578
5076,is,0,unk,4727,7.576
5077,banquete,0,unk,4725,7.573
5078,acidentalmente,0,adv,4722,7.568
5079,proteína,0,unk,4717,7.560
5080,cenoura,0,noun,4715,7.557
5081,armadilhas,0,unk,4714,7.556
5082,constituir,0,verb,4714,7.556
5083,arrependimento,0,noun,4711,7.551
5084,sob custódia,1,mwe,4710,7.549
5085,tornei-me,0,unk,4710,7.549
5086,cubano,0,adj,4709,7.548
5087,essência,0,noun,4708,7.546
5088,analista,0,noun,4707,7.544
5089,engordar,0,verb,4705,7.541
5090,réu,0,unk,4705,7.541
5091,frequentemente,0,adv,4702,7.536
5092,choro,0,noun,4699,7.532
5093,ambicioso,0,adj,4698,7.530
5094,apanhá-los,0,unk,4698,7.530
5095,vitima,0,noun,4697,7.528
5096,botar,0,verb,4696,7.527
5097,louro,0,noun,4696,7.527
5098,anfitrião,0,noun,4693,7.522
5099,ajoelhar,0,verb,4692,7.520
5100,hipócrita,0,noun,4691,7.519
5101,revolta,0,noun,4691,7.519
5102,crucial,0,adj,4690,7.517
5103,achado,0,noun,4688,7.514
5104,alistar,0,verb,4688,7.514
5105,pombo,0,noun,4688,7.514
5106,corretor,0,unk,4686,7.511
5107,nó,0,unk,4684,7.507
5108,seta,0,noun,4684,7.507
5109,subtil,0,unk,4684,7.507
5110,calção,0,noun,4683,7.506
5111,rufia,0,noun,4679,7.499
5112,fanático,0,adj,4678,7.498
5113,fundamental,0,adj,4675,7.493
5114,surpreso,0,unk,4672,7.488
5115,desprezar,0,verb,4669,7.483
5116,ajudou-me,0,unk,4667,7.480
5117,satisfação,0,noun,4666,7.479
5118,hóquei,0,unk,4665,7.477
5119,cimento,0,noun,4664,7.475
5120,pecador,0,noun,4664,7.475
5121,simulação,0,noun,4662,7.472
5122,bárbaro,0,noun,4661,7.471
5123,homenagem,0,noun,4661,7.471
5124,sabão,0,noun,4661,7.471
5125,despedir-me,0,unk,4657,7.464
5126,solta-me,0,unk,4655,7.461
5127,inteiramente,0,adv,4654,7.459
5128,refrigerante,0,unk,4652,7.456
5129,ã,0,unk,4652,7.456
5130,santidade,0,noun,4650,7.453
5131,avistar,0,verb,4648,7.450
5132,cruzeiro,0,noun,4646,7.447
5133,galo,0,noun,4644,7.443
5134,poste,0,unk,4644,7.443
5135,deixe-a,0,unk,4642,7.440
5136,caderno,0,noun,4639,7.435
5137,estreia,0,noun,4639,7.435
5138,inundar,0,verb,4637,7.432
5139,acumular,0,verb,4636,7.431
5140,fluido,0,noun,4636,7.431
5141,contínuo,0,noun,4635,7.429
5142,fundar,0,verb,4634,7.427
5143,overdose,0,unk,4631,7.423
5144,boas vindas,1,mwe,4629,7.419
5145,ouviste-me,0,unk,4629,7.419
5146,sova,0,noun,4629,7.419
5147,editora,0,noun,4626,7.415
5148,cromo,0,noun,4625,7.413
5149,decoração,0,noun,4621,7.406
5150,estábulo,0,noun,4620,7.405
5151,lagosta,0,noun,4619,7.403
5152,pano,0,adj,4619,7.403
5153,violador,0,noun,4618,7.402
5154,estatuto,0,noun,4615,7.397
5155,diga-nos,0,unk,4614,7.395
5156,roxo,0,noun,4611,7.390
5157,seleção,0,noun,4611,7.390
5158,historial,0,adj,4610,7.389
5159,armamento,0,noun,4607,7.384
5160,implante,0,unk,4606,7.382
5161,intestino,0,adj,4606,7.382
5162,miséria,0,noun,4606,7.382
5163,cruzamento,0,noun,4597,7.368
5164,visível,0,adj,4592,7.360
5165,renascer,0,verb,4590,7.357
5166,ressentimento,0,noun,4590,7.357
5167,ensinar-te,0,unk,4589,7.355
5168,trilho,0,noun,4589,7.355
5169,tráfego,0,noun,4588,7.354
5170,limusina,0,adj,4584,7.347
5171,camioneta,0,noun,4581,7.342
5172,inaceitável,0,adj,4576,7.334
5173,emenda,0,noun,4573,7.330
5174,maníaco,0,noun,4572,7.328
5175,veredicto,0,noun,4572,7.328
5176,garanhão,0,noun,4570,7.325
5177,inclusive,0,adv,4566,7.318
5178,antena,0,noun,4565,7.317
5179,presidencial,0,adj,4565,7.317
5180,atualização,0,noun,4564,7.315
5181,escurecer,0,verb,4564,7.315
5182,item,0,noun,4563,7.314
5183,palavrinha,0,adj,4560,7.309
5184,trepar,0,verb,4560,7.309
5185,escumalha,0,noun,4559,7.307
5186,síndrome,0,unk,4557,7.304
5187,desenterrar,0,verb,4556,7.302
5188,diplomático,0,adj,4550,7.293
5189,supervisionar,0,verb,4550,7.293
5190,voz alta,1,mwe,4549,7.291
5191,devo-te,0,unk,4548,7.289
5192,etc,0,unk,4548,7.289
5193,inchar,0,verb,4548,7.289
5194,fenómeno,0,noun,4547,7.288
5195,isolamento,0,noun,4546,7.286
5196,conte-me,0,unk,4543,7.281
5197,componente,0,adj,4541,7.278
5198,pêlo,0,noun,4538,7.273
5199,proceder,0,verb,4537,7.272
5200,encontra-se,0,unk,4535,7.269
5201,coxa,0,noun,4534,7.267
5202,revolucionário,0,noun,4534,7.267
5203,perdê-lo,0,noun,4533,7.265
5204,vê-las,0,unk,4533,7.265
5205,celebração,0,noun,4531,7.262
5206,ninja,0,noun,4531,7.262
5207,frustrar,0,verb,4530,7.261
5208,naqueles,0,unk,4529,7.259
5209,paisagem,0,noun,4527,7.256
5210,reiniciar,0,verb,4523,7.249
5211,cooperação,0,noun,4518,7.241
5212,vaivém,0,unk,4516,7.238
5213,latim,0,unk,4514,7.235
5214,pôr-do-sol,0,unk,4513,7.233
5215,antibiótico,0,adj,4507,7.224
5216,restrição,0,noun,4505,7.221
5217,algodão,0,noun,4504,7.219
5218,arranja-me,0,unk,4504,7.219
5219,espionagem,0,noun,4503,7.217
5220,apanhar-te,0,unk,4502,7.216
5221,bicha,0,noun,4500,7.213
5222,traço,0,noun,4497,7.208
5223,wow,0,unk,4497,7.208
5224,larga-a,0,unk,4495,7.205
5225,nevoeiro,0,noun,4495,7.205
5226,campus,0,unk,4490,7.197
5227,faz-nos,0,unk,4490,7.197
5228,vadio,0,noun,4489,7.195
5229,meter-se,0,unk,4487,7.192
5230,regimento,0,noun,4487,7.192
5231,renovar,0,verb,4486,7.190
5232,happy,0,unk,4485,7.189
5233,ética,0,adj,4485,7.189
5234,falsificar,0,verb,4483,7.185
5235,labirinto,0,noun,4482,7.184
5236,literatura,0,noun,4480,7.181
5237,saborear,0,verb,4479,7.179
5238,constituição,0,noun,4478,7.177
5239,disputa,0,noun,4478,7.177
5240,refere-se,0,unk,4478,7.177
5241,zoológico,0,adj,4478,7.177
5242,falcão,0,noun,4477,7.176
5243,lote,0,unk,4475,7.172
5244,vigarista,0,noun,4474,7.171
5245,costeiro,0,noun,4473,7.169
5246,peludo,0,adj,4473,7.169
5247,carregador,0,noun,4472,7.168
5248,psicologia,0,noun,4472,7.168
5249,tentação,0,noun,4471,7.166
5250,doçura,0,noun,4469,7.163
5251,patriota,0,noun,4469,7.163
5252,ranger,0,verb,4467,7.160
5253,seriamente,0,adv,4467,7.160
5254,responde-me,0,unk,4466,7.158
5255,dê-nos,0,unk,4465,7.156
5256,localizador,0,noun,4465,7.156
5257,punhal,0,adj,4465,7.156
5258,província,0,noun,4460,7.148
5259,reinar,0,verb,4460,7.148
5260,chamar-te,0,unk,4457,7.144
5261,chantagem,0,noun,4455,7.140
5262,expirar,0,verb,4455,7.140
5263,distribuição,0,noun,4454,7.139
5264,rebelião,0,noun,4454,7.139
5265,deixou-o,0,unk,4452,7.136
5266,segurem-se,0,unk,4452,7.136
5267,leva-nos,0,unk,4449,7.131
5268,numero,0,noun,4449,7.131
5269,mana,0,adj,4444,7.123
5270,manter-te,0,unk,4444,7.123
5271,equação,0,noun,4442,7.120
5272,retorno,0,noun,4441,7.118
5273,entreter,0,verb,4440,7.116
5274,imperial,0,adj,4439,7.115
5275,vibração,0,noun,4438,7.113
5276,nódoa,0,noun,4437,7.112
5277,falência,0,noun,4432,7.104
5278,vulcão,0,noun,4432,7.104
5279,dispersar,0,verb,4431,7.102
5280,escuteiro,0,noun,4431,7.102
5281,operador,0,noun,4431,7.102
5282,esqueleto,0,noun,4430,7.100
5283,gigantesco,0,noun,4429,7.099
5284,roll,0,unk,4428,7.097
5285,valorizar,0,verb,4422,7.088
5286,previsão,0,noun,4418,7.081
5287,compreensão,0,noun,4417,7.080
5288,estreito,0,noun,4415,7.076
5289,cabina,0,adj,4413,7.073
5290,ironia,0,noun,4413,7.073
5291,aproximação,0,noun,4412,7.072
5292,cócegas,0,unk,4411,7.070
5293,asilo,0,noun,4410,7.068
5294,dão-me,0,unk,4409,7.067
5295,ex-marido,0,noun,4407,7.064
5296,gozo,0,unk,4405,7.060
5297,adotivo,0,noun,4404,7.059
5298,entendidos,0,unk,4402,7.055
5299,irónico,0,adj,4399,7.051
5300,parafuso,0,unk,4399,7.051
5301,próximo passo,1,mwe,4396,7.046
5302,iate,0,unk,4394,7.043
5303,mandá-lo,0,noun,4393,7.041
5304,imprevisível,0,adj,4392,7.039
5305,zombies,0,unk,4391,7.038
5306,proteger-me,0,unk,4389,7.035
5307,partilha,0,noun,4388,7.033
5308,respira fundo,1,mwe,4387,7.031
5309,inverter,0,verb,4386,7.030
5310,defensivo,0,noun,4385,7.028
5311,exemplar,0,verb,4383,7.025
5312,bazar,0,verb,4381,7.022
5313,zombie,0,unk,4380,7.020
5314,lembrar-te,0,unk,4377,7.015
5315,leme,0,unk,4377,7.015
5316,uva,0,noun,4376,7.014
5317,borda,0,noun,4374,7.011
5318,mula,0,noun,4372,7.007
5319,canja,0,noun,4370,7.004
5320,pelas traseiras,1,mwe,4370,7.004
5321,pop,0,unk,4369,7.003
5322,assaltante,0,unk,4365,6.996
5323,independência,0,noun,4364,6.995
5324,preferência,0,noun,4364,6.995
5325,protótipo,0,noun,4363,6.993
5326,trá-lo,0,noun,4363,6.993
5327,ansiar,0,verb,4362,6.991
5328,endireitar,0,verb,4362,6.991
5329,ventilação,0,noun,4359,6.987
5330,ganancioso,0,adj,4358,6.985
5331,ressaca,0,unk,4353,6.977
5332,codificar,0,verb,4352,6.975
5333,estabilizar,0,verb,4352,6.975
5334,puzzle,0,unk,4351,6.974
5335,alergia,0,noun,4348,6.969
5336,tornaram-se,0,unk,4348,6.969
5337,zoo,0,unk,4347,6.967
5338,juntem-se,0,unk,4343,6.961
5339,treze,0,num,4335,6.948
5340,pintor,0,unk,4323,6.929
5341,tirem-me,0,unk,4321,6.926
5342,àqueles,0,unk,4320,6.924
5343,cachorrinho,0,adj,4317,6.919
5344,fritar,0,verb,4317,6.919
5345,resistente,0,adj,4317,6.919
5346,antiquar,0,verb,4314,6.914
5347,lógico,0,adj,4313,6.913
5348,pedi-lhe,0,unk,4313,6.913
5349,colorir,0,verb,4311,6.910
5350,maltratar,0,verb,4311,6.910
5351,bonecas,0,unk,4310,6.908
5352,lume,0,unk,4309,6.906
5353,estágio,0,noun,4308,6.905
5354,fotográfico,0,adj,4303,6.897
5355,livra-te,0,unk,4302,6.895
5356,marina,0,adj,4298,6.889
5357,maligno,0,unk,4297,6.887
5358,toxina,0,adj,4296,6.886
5359,berço,0,noun,4295,6.884
5360,saudar,0,verb,4295,6.884
5361,fulo,0,noun,4293,6.881
5362,golfinho,0,adj,4293,6.881
5363,traje,0,unk,4292,6.879
5364,chique,0,unk,4291,6.878
5365,tabuleiro,0,noun,4290,6.876
5366,aspirina,0,adj,4288,6.873
5367,tinha-me,0,unk,4288,6.873
5368,strip,0,unk,4286,6.870
5369,amém,0,unk,4285,6.868
5370,exótico,0,adj,4285,6.868
5371,boné,0,unk,4284,6.866
5372,cartucho,0,noun,4284,6.866
5373,notificar,0,verb,4283,6.865
5374,orgasmo,0,noun,4283,6.865
5375,reverter,0,verb,4283,6.865
5376,capela,0,noun,4282,6.863
5377,comunicado,0,noun,4280,6.860
5378,diversos,0,unk,4280,6.860
5379,elástico,0,adj,4275,6.852
5380,farsa,0,noun,4275,6.852
5381,carinho,0,adj,4273,6.849
5382,dá-te,0,unk,4269,6.842
5383,desmontar,0,verb,4268,6.841
5384,esconder-se,0,unk,4268,6.841
5385,experiente,0,adj,4268,6.841
5386,progredir,0,verb,4268,6.841
5387,chichi,0,unk,4267,6.839
5388,podes-me,0,unk,4266,6.838
5389,precisão,0,noun,4266,6.838
5390,papagaio,0,noun,4264,6.834
5391,cereja,0,noun,4263,6.833
5392,siga-me,0,unk,4263,6.833
5393,larga-o,0,unk,4261,6.829
5394,dá-lhes,0,unk,4260,6.828
5395,recarregar,0,verb,4260,6.828
5396,candidatar,0,verb,4258,6.825
5397,crack,0,unk,4256,6.821
5398,brandy,0,unk,4255,6.820
5399,coser,0,verb,4255,6.820
5400,regulamento,0,noun,4255,6.820
5401,vidente,0,adj,4255,6.820
5402,implacável,0,adj,4254,6.818
5403,mordomo,0,noun,4254,6.818
5404,comprimento,0,noun,4252,6.815
5405,exibição,0,noun,4252,6.815
5406,dormitório,0,noun,4248,6.809
5407,dádiva,0,noun,4248,6.809
5408,ogiva,0,noun,4246,6.805
5409,jóia,0,noun,4242,6.799
5410,loura,0,noun,4242,6.799
5411,insensível,0,adj,4240,6.796
5412,fluir,0,verb,4239,6.794
5413,atum,0,unk,4235,6.788
5414,trazer-me,0,unk,4235,6.788
5415,ditado,0,noun,4234,6.786
5416,contornar,0,verb,4232,6.783
5417,cilada,0,noun,4231,6.781
5418,chocante,0,unk,4230,6.780
5419,doação,0,noun,4230,6.780
5420,levo-o,0,unk,4230,6.780
5421,cintura,0,noun,4228,6.777
5422,bunker,0,verb,4227,6.775
5423,mal-entendido,0,noun,4223,6.769
5424,sã,0,unk,4223,6.769
5425,aprendiz,0,unk,4221,6.765
5426,aparentar,0,verb,4220,6.764
5427,amo-o,0,unk,4218,6.761
5428,terço,0,noun,4217,6.759
5429,quadrado,0,noun,4216,6.757
5430,pode-me,0,unk,4210,6.748
5431,hálito,0,noun,4208,6.745
5432,lagarto,0,noun,4208,6.745
5433,retaguarda,0,noun,4207,6.743
5434,sarar,0,verb,4207,6.743
5435,mostra-lhe,0,unk,4204,6.738
5436,orgulhar,0,verb,4202,6.735
5437,adicional,0,adj,4201,6.733
5438,stripper,0,verb,4201,6.733
5439,imaginário,0,noun,4199,6.730
5440,intelectual,0,adj,4199,6.730
5441,ajudar-vos,0,unk,4197,6.727
5442,desempenho,0,noun,4197,6.727
5443,detê-lo,0,noun,4197,6.727
5444,integrar,0,verb,4197,6.727
5445,oferecer-lhe,0,unk,4195,6.724
5446,avós,0,unk,4194,6.722
5447,tipa,0,noun,4191,6.717
5448,malandro,0,noun,4187,6.711
5449,agarra-te,0,unk,4186,6.709
5450,oitavo,0,num,4185,6.708
5451,sedativo,0,noun,4185,6.708
5452,th,0,unk,4185,6.708
5453,docinho,0,adj,4182,6.703
5454,transformação,0,noun,4182,6.703
5455,tábua,0,noun,4180,6.700
5456,balançar,0,verb,4179,6.698
5457,ginger,0,verb,4176,6.693
5458,protestar,0,verb,4173,6.688
5459,responsabilizar,0,verb,4173,6.688
5460,infringir,0,verb,4172,6.687
5461,arsenal,0,adj,4171,6.685
5462,camelo,0,noun,4170,6.684
5463,ballet,0,unk,4169,6.682
5464,estadia,0,noun,4169,6.682
5465,linhagem,0,noun,4167,6.679
5466,desvendar,0,verb,4166,6.677
5467,trovão,0,noun,4165,6.676
5468,inscrição,0,noun,4164,6.674
5469,avisar-te,0,unk,4163,6.672
5470,dinamite,0,unk,4163,6.672
5471,san diego,1,mwe,4163,6.672
5472,unidas,0,unk,4163,6.672
5473,médio oriente,1,mwe,4155,6.660
5474,donzela,0,noun,4152,6.655
5475,meter-me,0,unk,4152,6.655
5476,aurora,0,noun,4149,6.650
5477,magoar-me,0,unk,4149,6.650
5478,colmeia,0,noun,4148,6.648
5479,enjoado,0,noun,4148,6.648
5480,esfera,0,noun,4148,6.648
5481,triângulo,0,noun,4148,6.648
5482,ria,0,noun,4145,6.644
5483,pelas costas,1,mwe,4144,6.642
5484,deficiente,0,adj,4142,6.639
5485,prancha,0,noun,4142,6.639
5486,envio,0,noun,4140,6.636
5487,psíquico,0,adj,4139,6.634
5488,bode,0,noun,4138,6.632
5489,destroço,0,noun,4137,6.631
5490,desatar,0,verb,4134,6.626
5491,gravador,0,noun,4134,6.626
5492,confronto,0,noun,4133,6.624
5493,chamam-me,0,unk,4131,6.621
5494,enigma,0,noun,4129,6.618
5495,metáfora,0,noun,4128,6.616
5496,fazer-se,0,unk,4126,6.613
5497,superficial,0,adj,4126,6.613
5498,pudim,0,unk,4124,6.610
5499,pátria,0,noun,4124,6.610
5500,vitamina,0,adj,4124,6.610
5501,coiro,0,noun,4121,6.605
5502,reportagem,0,noun,4121,6.605
5503,sintético,0,adj,4119,6.602
5504,banqueiro,0,noun,4118,6.600
5505,estatal,0,adj,4117,6.599
5506,abóbora,0,noun,4116,6.597
5507,mineiro,0,noun,4116,6.597
5508,mexa-se,0,unk,4114,6.594
5509,pimenta,0,noun,4113,6.592
5510,cotovelo,0,noun,4112,6.591
5511,contrabando,0,noun,4110,6.587
5512,assustaste-me,0,unk,4109,6.586
5513,cera,0,noun,4102,6.575
5514,contabilidade,0,noun,4102,6.575
5515,híbrido,0,noun,4102,6.575
5516,mangueira,0,noun,4101,6.573
5517,mudou-se,0,unk,4100,6.571
5518,pulsação,0,noun,4100,6.571
5519,dificilmente,0,adv,4099,6.570
5520,tao,0,unk,4099,6.570
5521,aleluia,0,noun,4096,6.565
5522,súbito,0,noun,4096,6.565
5523,biologia,0,noun,4095,6.563
5524,debater,0,verb,4094,6.562
5525,gráfico,0,adj,4090,6.555
5526,testículo,0,noun,4089,6.554
5527,posicionar,0,verb,4087,6.551
5528,mãezinha,0,adj,4085,6.547
5529,lendário,0,noun,4084,6.546
5530,aleijado,0,noun,4080,6.539
5531,ciumento,0,noun,4078,6.536
5532,juro-te,0,unk,4077,6.535
5533,salvaste-me,0,unk,4077,6.535
5534,conectar,0,verb,4076,6.533
5535,agrada-me,0,unk,4075,6.531
5536,arredores,0,unk,4072,6.527
5537,calçar,0,verb,4072,6.527
5538,condessa,0,noun,4071,6.525
5539,mentiste-me,0,unk,4070,6.523
5540,invencível,0,adj,4069,6.522
5541,atencioso,0,adj,4064,6.514
5542,alegação,0,noun,4060,6.507
5543,telefona-me,0,unk,4059,6.506
5544,faça-me,0,unk,4058,6.504
5545,mação,0,noun,4057,6.503
5546,sobrenatural,0,adj,4055,6.499
5547,insuportável,0,adj,4054,6.498
5548,extinção,0,noun,4049,6.490
5549,viu-o,0,unk,4047,6.486
5550,certificado,0,noun,4045,6.483
5551,confiar nele,1,mwe,4045,6.483
5552,áudio,0,noun,4044,6.482
5553,campa,0,noun,4043,6.480
5554,módulo,0,noun,4043,6.480
5555,caneca,0,noun,4039,6.474
5556,diagnosticar,0,verb,4039,6.474
5557,iminente,0,adj,4039,6.474
5558,feroz,0,unk,4038,6.472
5559,pecar,0,verb,4038,6.472
5560,colateral,0,adj,4036,6.469
5561,porta-te,0,unk,4036,6.469
5562,suplicar,0,verb,4033,6.464
5563,bordel,0,adj,4032,6.462
5564,contemplar,0,verb,4031,6.461
5565,desilusão,0,noun,4030,6.459
5566,paralelo,0,noun,4030,6.459
5567,reitor,0,unk,4029,6.458
5568,repugnante,0,unk,4028,6.456
5569,viste-o,0,unk,4028,6.456
5570,acorrentar,0,verb,4027,6.454
5571,faço-te,0,unk,4026,6.453
5572,vómito,0,noun,4024,6.450
5573,sabê-lo,0,noun,4023,6.448
5574,apresento-vos,0,unk,4021,6.445
5575,juíza,0,noun,4019,6.442
5576,marcador,0,noun,4017,6.438
5577,padrasto,0,noun,4010,6.427
5578,dêem-lhe,0,unk,4009,6.426
5579,emocionalmente,0,adv,4008,6.424
5580,rapar,0,verb,4008,6.424
5581,compatível,0,adj,4006,6.421
5582,potente,0,adj,4006,6.421
5583,ancião,0,noun,4005,6.419
5584,gestão,0,noun,4005,6.419
5585,lsso,0,noun,4005,6.419
5586,peão,0,noun,4005,6.419
5587,sexualmente,0,adv,4002,6.414
5588,pequenote,0,unk,3999,6.410
5589,pára-quedas,0,unk,3999,6.410
5590,redondo,0,noun,3998,6.408
5591,blusa,0,noun,3996,6.405
5592,patroa,0,noun,3994,6.402
5593,aleijar,0,verb,3992,6.398
5594,deixas-me,0,unk,3992,6.398
5595,tanga,0,noun,3992,6.398
5596,deixaste-me,0,unk,3991,6.397
5597,imóvel,0,adj,3991,6.397
5598,ajuda-nos,0,unk,3990,6.395
5599,vossas vidas,1,mwe,3990,6.395
5600,referes-te,0,unk,3989,6.394
5601,charme,0,unk,3986,6.389
5602,ligeiramente,0,adv,3985,6.387
5603,barulhento,0,noun,3984,6.386
5604,lindíssimo,0,noun,3983,6.384
5605,relâmpago,0,noun,3983,6.384
5606,sobrecarregar,0,verb,3982,6.382
5607,batom,0,unk,3981,6.381
5608,digressão,0,noun,3980,6.379
5609,veterinário,0,noun,3980,6.379
5610,imigrante,0,unk,3979,6.378
5611,caranguejo,0,noun,3978,6.376
5612,comunitário,0,noun,3978,6.376
5613,buscá-los,0,unk,3976,6.373
5614,tequila,0,noun,3975,6.371
5615,namoro,0,noun,3974,6.369
5616,cordeiro,0,noun,3973,6.368
5617,respeitável,0,adj,3972,6.366
5618,fabricante,0,unk,3969,6.361
5619,incomum,0,unk,3968,6.360
5620,pago-te,0,unk,3968,6.360
5621,bondoso,0,adj,3967,6.358
5622,manchar,0,verb,3967,6.358
5623,perguntei-lhe,0,unk,3966,6.357
5624,arame,0,unk,3965,6.355
5625,beija-me,0,unk,3964,6.353
5626,matem-no,0,unk,3962,6.350
5627,cova,0,noun,3960,6.347
5628,ide,0,noun,3959,6.345
5629,casca,0,unk,3958,6.344
5630,lisonjeado,0,noun,3955,6.339
5631,pobreza,0,noun,3955,6.339
5632,escoltar,0,verb,3953,6.336
5633,piza,0,noun,3950,6.331
5634,totó,0,unk,3950,6.331
5635,desrespeitar,0,verb,3949,6.329
5636,duelo,0,noun,3948,6.328
5637,concretizar,0,verb,3944,6.321
5638,estatística,0,adj,3943,6.320
5639,clandestino,0,adj,3942,6.318
5640,cuida-te,0,unk,3942,6.318
5641,apanhou-me,0,unk,3941,6.317
5642,prece,0,unk,3941,6.317
5643,matança,0,noun,3940,6.315
5644,palestra,0,noun,3939,6.313
5645,suspensão,0,noun,3937,6.310
5646,nata,0,noun,3935,6.307
5647,impressão digital,1,mwe,3934,6.305
5648,saboroso,0,adj,3934,6.305
5649,forca,0,unk,3933,6.304
5650,gama,0,noun,3933,6.304
5651,estibordo,0,noun,3931,6.301
5652,funerário,0,noun,3930,6.299
5653,individual,0,adj,3930,6.299
5654,inicio,0,noun,3930,6.299
5655,proporcionar,0,verb,3928,6.296
5656,menu,0,unk,3927,6.294
5657,arrebentar,0,verb,3926,6.293
5658,contacto visual,1,mwe,3924,6.289
5659,rendimento,0,noun,3924,6.289
5660,motivação,0,noun,3922,6.286
5661,sinistro,0,noun,3922,6.286
5662,lua cheia,1,mwe,3921,6.285
5663,concha,0,noun,3918,6.280
5664,enervar,0,verb,3917,6.278
5665,senti-lo,0,noun,3917,6.278
5666,entretenimento,0,noun,3915,6.275
5667,mijo,0,noun,3913,6.272
5668,exterminar,0,verb,3911,6.269
5669,enviou-me,0,unk,3910,6.267
5670,crachá,0,unk,3909,6.265
5671,democrata,0,noun,3908,6.264
5672,espinha,0,adj,3908,6.264
5673,fiscal,0,adj,3905,6.259
5674,ignição,0,noun,3905,6.259
5675,hospitalidade,0,noun,3904,6.257
5676,lanche,0,unk,3904,6.257
5677,plasma,0,noun,3904,6.257
5678,apreender,0,verb,3903,6.256
5679,mexer-se,0,unk,3900,6.251
5680,alho,0,noun,3899,6.249
5681,descarga,0,noun,3899,6.249
5682,inconveniente,0,adj,3899,6.249
5683,ouvi-te,0,unk,3899,6.249
5684,tirar-lhe,0,unk,3897,6.246
5685,consolo,0,noun,3896,6.244
5686,conhece-o,0,unk,3895,6.243
5687,fuzileiro,0,noun,3894,6.241
5688,globo,0,noun,3893,6.240
5689,divertimento,0,noun,3892,6.238
5690,inseguro,0,noun,3892,6.238
5691,au,0,unk,3888,6.232
5692,candeeiro,0,noun,3887,6.230
5693,diploma,0,noun,3887,6.230
5694,homicida,0,noun,3884,6.225
5695,banda desenhada,1,mwe,3883,6.224
5696,carniceiro,0,noun,3883,6.224
5697,provisão,0,noun,3883,6.224
5698,formatura,0,noun,3882,6.222
5699,mercearia,0,noun,3882,6.222
5700,pendente,0,adj,3880,6.219
5701,arquivar,0,verb,3879,6.217
5702,hangar,0,verb,3877,6.214
5703,mademoiselle,0,unk,3876,6.212
5704,amar-te,0,unk,3873,6.208
5705,divorciado,0,noun,3869,6.201
5706,ancestral,0,adj,3867,6.198
5707,conviver,0,verb,3866,6.196
5708,especializar,0,verb,3864,6.193
5709,durão,0,noun,3863,6.192
5710,problemático,0,adj,3863,6.192
5711,disseste-lhe,0,unk,3862,6.190
5712,confiável,0,adj,3861,6.188
5713,mutação,0,noun,3859,6.185
5714,imigração,0,noun,3858,6.184
5715,flanco,0,noun,3856,6.180
5716,gin,0,unk,3856,6.180
5717,harmonia,0,noun,3855,6.179
5718,brisa,0,noun,3853,6.176
5719,humilhação,0,noun,3853,6.176
5720,morde,0,noun,3853,6.176
5721,resolução,0,noun,3853,6.176
5722,conheço-a,0,unk,3849,6.169
5723,amaldiçoado,0,noun,3848,6.168
5724,eternamente,0,adv,3848,6.168
5725,filhote,0,unk,3848,6.168
5726,seminário,0,noun,3846,6.164
5727,universal,0,adj,3844,6.161
5728,ente,0,unk,3842,6.158
5729,mútuo,0,noun,3841,6.156
5730,poupança,0,noun,3840,6.155
5731,scanner,0,verb,3839,6.153
5732,tela,0,noun,3839,6.153
5733,rebanho,0,noun,3838,6.152
5734,transição,0,noun,3838,6.152
5735,ajuste,0,unk,3833,6.143
5736,candidatura,0,noun,3830,6.139
5737,doméstico,0,adj,3830,6.139
5738,agradeço-te,0,unk,3829,6.137
5739,terrivelmente,0,adv,3829,6.137
5740,consistente,0,adj,3828,6.135
5741,chiça,0,noun,3825,6.131
5742,apresentar-te,0,unk,3824,6.129
5743,safado,0,noun,3823,6.127
5744,batimento,0,noun,3821,6.124
5745,varinha,0,adj,3819,6.121
5746,esperem esperem,1,mwe,3815,6.115
5747,panfleto,0,noun,3814,6.113
5748,imitação,0,noun,3813,6.111
5749,fraternidade,0,noun,3812,6.110
5750,habitar,0,verb,3812,6.110
5751,perceção,0,noun,3810,6.107
5752,faraó,0,unk,3808,6.103
5753,manifestação,0,noun,3806,6.100
5754,plantação,0,noun,3805,6.099
5755,espírito santo,1,mwe,3802,6.094
5756,isqueiro,0,noun,3802,6.094
5757,bem-estar,0,verb,3801,6.092
5758,ser-se,0,unk,3800,6.091
5759,ter-nos,0,unk,3798,6.087
5760,deprimente,0,adv,3796,6.084
5761,remar,0,verb,3794,6.081
5762,catástrofe,0,unk,3793,6.079
5763,verso,0,noun,3793,6.079
5764,your,0,unk,3793,6.079
5765,averiguar,0,verb,3792,6.078
5766,citação,0,noun,3792,6.078
5767,desesperadamente,0,adv,3791,6.076
5768,viatura,0,noun,3791,6.076
5769,detetor,0,unk,3790,6.075
5770,penhasco,0,noun,3790,6.075
5771,comparação,0,noun,3789,6.073
5772,induzir,0,verb,3788,6.071
5773,ocupação,0,noun,3788,6.071
5774,pirar,0,verb,3788,6.071
5775,participação,0,noun,3786,6.068
5776,bússola,0,noun,3785,6.067
5777,adjunto,0,noun,3784,6.065
5778,ama-te,0,unk,3783,6.063
5779,matei-o,0,unk,3783,6.063
5780,desonrar,0,verb,3782,6.062
5781,faísca,0,unk,3780,6.059
5782,urbano,0,adj,3779,6.057
5783,am,0,unk,3778,6.055
5784,estourar,0,verb,3778,6.055
5785,masturbar,0,verb,3777,6.054
5786,semelhança,0,noun,3774,6.049
5787,transcrição,0,noun,3774,6.049
5788,negativa,0,noun,3773,6.047
5789,explorador,0,noun,3772,6.046
5790,pouquinho,0,adj,3770,6.043
5791,coça,0,noun,3768,6.039
5792,preparar-se,0,unk,3767,6.038
5793,traficar,0,verb,3766,6.036
5794,violino,0,adj,3766,6.036
5795,oculto,0,noun,3765,6.035
5796,sida,0,noun,3765,6.035
5797,virado,0,noun,3765,6.035
5798,mover-se,0,unk,3764,6.033
5799,ames,0,unk,3763,6.031
5800,garfo,0,noun,3763,6.031
5801,decapitar,0,verb,3761,6.028
5802,regime,0,unk,3760,6.026
5803,sushi,0,unk,3760,6.026
5804,bochecha,0,noun,3757,6.022
5805,convencê-lo,0,noun,3757,6.022
5806,vi-os,0,unk,3756,6.020
5807,hás-de,0,noun,3753,6.015
5808,vassoura,0,noun,3753,6.015
5809,inventário,0,noun,3751,6.012
5810,paneleiro,0,noun,3750,6.010
5811,sénior,0,unk,3750,6.010
5812,desandar,0,verb,3749,6.009
5813,mecânica,0,adj,3748,6.007
5814,inquérito,0,noun,3746,6.004
5815,eco,0,adj,3745,6.002
5816,concorrência,0,noun,3744,6.001
5817,filtro,0,noun,3744,6.001
5818,destroçado,0,noun,3743,5.999
5819,fera,0,noun,3741,5.996
5820,peruca,0,unk,3741,5.996
5821,bactéria,0,noun,3740,5.994
5822,dificultar,0,verb,3740,5.994
5823,mentor,0,unk,3740,5.994
5824,pontuação,0,noun,3740,5.994
5825,expresso,0,noun,3737,5.990
5826,resync,0,unk,3737,5.990
5827,comichão,0,noun,3736,5.988
5828,maroto,0,noun,3735,5.986
5829,stressar,0,verb,3735,5.986
5830,utilidade,0,noun,3733,5.983
5831,tornar-te,0,unk,3732,5.982
5832,invasor,0,unk,3730,5.978
5833,arco-íris,0,unk,3726,5.972
5834,reles,0,unk,3725,5.970
5835,matou-a,0,unk,3723,5.967
5836,trouxe-me,0,unk,3723,5.967
5837,parecias,0,unk,3722,5.966
5838,bloqueado,0,noun,3721,5.964
5839,memorial,0,adj,3721,5.964
5840,nono,0,num,3721,5.964
5841,ocular,0,verb,3720,5.962
5842,térmico,0,adj,3720,5.962
5843,diariamente,0,adv,3718,5.959
5844,mete-te,0,unk,3716,5.956
5845,arruinado,0,noun,3715,5.954
5846,castor,0,unk,3715,5.954
5847,lenha,0,noun,3714,5.953
5848,arterial,0,adj,3713,5.951
5849,atrevido,0,noun,3713,5.951
5850,navegação,0,noun,3710,5.946
5851,enganei-me,0,unk,3709,5.945
5852,forças especiais,1,mwe,3708,5.943
5853,torrada,0,noun,3708,5.943
5854,mudar-me,0,unk,3707,5.942
5855,cobaia,0,noun,3706,5.940
5856,manada,0,noun,3706,5.940
5857,amarrado,0,noun,3704,5.937
5858,gregos,0,unk,3704,5.937
5859,infiel,0,adj,3703,5.935
5860,barraca,0,unk,3701,5.932
5861,excitação,0,noun,3701,5.932
5862,administrador,0,noun,3700,5.930
5863,brava,0,noun,3698,5.927
5864,convulsão,0,noun,3696,5.924
5865,cuidadosamente,0,adv,3694,5.921
5866,simular,0,verb,3692,5.918
5867,bosta,0,noun,3691,5.916
5868,passar-me,0,unk,3688,5.911
5869,aah,0,unk,3687,5.909
5870,repleto,0,noun,3681,5.900
5871,ambiental,0,adj,3680,5.898
5872,peles,0,unk,3680,5.898
5873,acelerador,0,noun,3679,5.897
5874,zecacurto,0,noun,3679,5.897
5875,guardanapo,0,noun,3674,5.889
5876,percentagem,0,noun,3673,5.887
5877,consulado,0,noun,3672,5.885
5878,defensor,0,unk,3668,5.879
5879,ligadura,0,noun,3667,5.877
5880,refazer,0,verb,3664,5.873
5881,oposição,0,noun,3662,5.869
5882,elo,0,noun,3661,5.868
5883,historia,0,noun,3660,5.866
5884,deveras,0,unk,3658,5.863
5885,gladiador,0,noun,3657,5.861
5886,ampliar,0,verb,3656,5.860
5887,espetador,0,noun,3655,5.858
5888,capuz,0,unk,3654,5.857
5889,sinais vitais,1,mwe,3653,5.855
5890,conhecê-los,0,unk,3652,5.853
5891,drones,0,unk,3650,5.850
5892,chumbar,0,verb,3648,5.847
5893,tornam-se,0,unk,3648,5.847
5894,falar-lhe,0,unk,3647,5.845
5895,irresponsável,0,adj,3647,5.845
5896,emissão,0,noun,3646,5.844
5897,rancor,0,unk,3645,5.842
5898,seringa,0,noun,3645,5.842
5899,raça humana,1,mwe,3644,5.841
5900,espelhos,0,unk,3642,5.837
5901,espantar,0,verb,3640,5.834
5902,pratear,0,verb,3639,5.833
5903,raio-x,0,unk,3638,5.831
5904,regional,0,adj,3638,5.831
5905,atómico,0,adj,3637,5.829
5906,conservador,0,noun,3637,5.829
5907,duzentos,0,unk,3637,5.829
5908,presidência,0,noun,3635,5.826
5909,nordeste,0,unk,3634,5.825
5910,pagar-te,0,unk,3633,5.823
5911,hão-de,0,noun,3632,5.821
5912,rampa,0,noun,3632,5.821
5913,viola,0,noun,3631,5.820
5914,mania,0,noun,3630,5.818
5915,alargar,0,verb,3629,5.817
5916,generosidade,0,noun,3629,5.817
5917,fez-te,0,unk,3628,5.815
5918,governamental,0,adj,3627,5.813
5919,laboratórios,0,unk,3627,5.813
5920,agressor,0,unk,3626,5.812
5921,promissor,0,unk,3626,5.812
5922,picada,0,noun,3624,5.809
5923,imprudente,0,adj,3622,5.805
5924,enfurecer,0,verb,3621,5.804
5925,útero,0,noun,3620,5.802
5926,astuto,0,noun,3619,5.801
5927,enterro,0,noun,3618,5.799
5928,soberano,0,adj,3618,5.799
5929,apache,0,unk,3617,5.797
5930,milícia,0,noun,3617,5.797
5931,reboque,0,unk,3617,5.797
5932,ama-me,0,unk,3615,5.794
5933,be,0,unk,3615,5.794
5934,gratuito,0,noun,3613,5.791
5935,oral,0,adj,3613,5.791
5936,assembleia,0,noun,3612,5.789
5937,desempregado,0,noun,3612,5.789
5938,aproxima-te,0,unk,3609,5.784
5939,alimentação,0,noun,3608,5.783
5940,chi,0,unk,3608,5.783
5941,pergaminho,0,adj,3605,5.778
5942,judio,0,noun,3600,5.770
5943,profundeza,0,noun,3598,5.767
5944,soletrar,0,verb,3596,5.764
5945,coral,0,adj,3595,5.762
5946,livraria,0,noun,3593,5.759
5947,proveito,0,noun,3593,5.759
5948,israelita,0,noun,3592,5.757
5949,livrar-se,0,unk,3592,5.757
5950,propaganda,0,noun,3592,5.757
5951,ocidente,0,adj,3591,5.756
5952,longo prazo,1,mwe,3590,5.754
5953,precedente,0,adj,3587,5.749
5954,vulcano,0,adj,3587,5.749
5955,fiar,0,verb,3586,5.748
5956,certidão,0,noun,3585,5.746
5957,desvantagem,0,noun,3584,5.744
5958,salvar-me,0,unk,3584,5.744
5959,cultural,0,adj,3583,5.743
5960,ganância,0,noun,3583,5.743
5961,projeção,0,noun,3583,5.743
5962,agentes federais,1,mwe,3580,5.738
5963,consumo,0,noun,3580,5.738
5964,moldar,0,verb,3579,5.736
5965,penteado,0,noun,3578,5.735
5966,señor,0,unk,3577,5.733
5967,dirige-se,0,unk,3576,5.732
5968,escocês,0,adj,3576,5.732
5969,pólo,0,noun,3573,5.727
5970,convicção,0,noun,3572,5.725
5971,venerar,0,verb,3571,5.724
5972,desgosto,0,noun,3570,5.722
5973,balança,0,noun,3569,5.720
5974,that,0,unk,3566,5.716
5975,bonzinho,0,adj,3564,5.712
5976,exploração,0,noun,3564,5.712
5977,ova,0,noun,3564,5.712
5978,chantagear,0,verb,3563,5.711
5979,colaboração,0,noun,3563,5.711
5980,tenho-te,0,unk,3561,5.708
5981,aperfeiçoar,0,verb,3560,5.706
5982,grandeza,0,noun,3558,5.703
5983,convidou-me,0,unk,3557,5.701
5984,motivar,0,verb,3557,5.701
5985,diabólico,0,adj,3556,5.700
5986,meter-te,0,unk,3556,5.700
5987,aquário,0,noun,3555,5.698
5988,ascensão,0,noun,3555,5.698
5989,estabelecimento,0,noun,3553,5.695
5990,nave espacial,1,mwe,3553,5.695
5991,teia,0,noun,3553,5.695
5992,devolve-me,0,unk,3552,5.693
5993,salmão,0,noun,3552,5.693
5994,boom,0,unk,3550,5.690
5995,dava-me,0,unk,3550,5.690
5996,noroeste,0,unk,3547,5.685
5997,desfiladeiro,0,noun,3546,5.683
5998,documentário,0,noun,3542,5.677
5999,avaria,0,noun,3541,5.675
6000,comediante,0,unk,3541,5.675
6001,parcial,0,adj,3541,5.675
6002,pulga,0,noun,3538,5.671
6003,incomodá-lo,0,noun,3533,5.663
6004,dou-vos,0,unk,3532,5.661
6005,subúrbio,0,noun,3532,5.661
6006,mártir,0,verb,3531,5.659
6007,telefono,0,noun,3531,5.659
6008,aperitivo,0,noun,3530,5.658
6009,mostrou-me,0,unk,3530,5.658
6010,punição,0,noun,3527,5.653
6011,charro,0,noun,3525,5.650
6012,meigo,0,noun,3525,5.650
6013,p'ra,0,noun,3524,5.648
6014,académico,0,adj,3522,5.645
6015,amas-me,0,unk,3522,5.645
6016,esconde-te,0,unk,3522,5.645
6017,desejoso,0,adj,3521,5.643
6018,prático,0,adj,3521,5.643
6019,sentia-me,0,unk,3521,5.643
6020,analgésico,0,adj,3519,5.640
6021,eixo,0,noun,3519,5.640
6022,grelha,0,noun,3519,5.640
6023,ligo-lhe,0,unk,3519,5.640
6024,crueldade,0,noun,3518,5.639
6025,nã,0,unk,3517,5.637
6026,espertalhão,0,noun,3516,5.635
6027,irmãozinho,0,adj,3516,5.635
6028,karma,0,noun,3511,5.627
6029,drone,0,unk,3510,5.626
6030,fi,0,unk,3510,5.626
6031,tango,0,noun,3510,5.626
6032,estagiário,0,noun,3507,5.621
6033,tesão,0,noun,3507,5.621
6034,sereia,0,noun,3506,5.619
6035,maço,0,noun,3505,5.618
6036,pêssego,0,noun,3504,5.616
6037,destruí-lo,0,noun,3503,5.615
6038,admirador,0,noun,3502,5.613
6039,medula,0,noun,3502,5.613
6040,bater-me,0,unk,3501,5.611
6041,poça,0,noun,3501,5.611
6042,escorpião,0,noun,3500,5.610
6043,rebuçado,0,noun,3500,5.610
6044,levou-o,0,unk,3499,5.608
6045,trincheira,0,noun,3499,5.608
6046,ajudinha,0,adj,3498,5.607
6047,humilhante,0,unk,3498,5.607
6048,instruir,0,verb,3497,5.605
6049,facada,0,noun,3495,5.602
6050,sacudir,0,verb,3495,5.602
6051,descontrolar,0,verb,3493,5.599
6052,traiçoeiro,0,noun,3493,5.599
6053,casar-me,0,unk,3492,5.597
6054,furo,0,noun,3492,5.597
6055,lema,0,noun,3492,5.597
6056,vereador,0,noun,3492,5.597
6057,comerciante,0,unk,3491,5.595
6058,comparecer,0,verb,3490,5.594
6059,remo,0,noun,3490,5.594
6060,despercebido,0,noun,3488,5.591
6061,noutras,0,unk,3488,5.591
6062,sensibilidade,0,noun,3488,5.591
6063,colisão,0,noun,3487,5.589
6064,sudoeste,0,unk,3485,5.586
6065,martini,0,unk,3483,5.583
6066,bastidor,0,noun,3482,5.581
6067,elogiar,0,verb,3482,5.581
6068,experimental,0,adj,3482,5.581
6069,oferecer-te,0,unk,3482,5.581
6070,sondagem,0,noun,3481,5.579
6071,tropical,0,adj,3480,5.578
6072,discrição,0,noun,3479,5.576
6073,encontrámo-lo,0,noun,3478,5.575
6074,bum,0,unk,3477,5.573
6075,algemar,0,verb,3476,5.571
6076,leito,0,noun,3476,5.571
6077,desmoronar,0,verb,3472,5.565
6078,mantenha-se,0,unk,3472,5.565
6079,vala,0,noun,3469,5.560
6080,cirúrgico,0,adj,3467,5.557
6081,corromper,0,verb,3467,5.557
6082,programado,0,noun,3467,5.557
6083,net,0,unk,3466,5.555
6084,relativo,0,noun,3466,5.555
6085,emergir,0,verb,3465,5.554
6086,maléfico,0,adj,3465,5.554
6087,rima,0,noun,3461,5.547
6088,definitivo,0,noun,3460,5.546
6089,recipiente,0,adj,3460,5.546
6090,sessenta,0,num,3459,5.544
6091,apalpar,0,verb,3458,5.542
6092,dá-mo,0,noun,3458,5.542
6093,manter-se,0,unk,3458,5.542
6094,prová-lo,0,noun,3455,5.538
6095,compreensível,0,adj,3453,5.534
6096,afastar-se,0,unk,3452,5.533
6097,facilidade,0,noun,3452,5.533
6098,dardo,0,noun,3450,5.530
6099,caloiro,0,noun,3449,5.528
6100,cheira-me,0,unk,3449,5.528
6101,descontrolado,0,noun,3449,5.528
6102,consentimento,0,noun,3448,5.526
6103,aniquilar,0,verb,3447,5.525
6104,solucionar,0,verb,3447,5.525
6105,avisá-lo,0,noun,3446,5.523
6106,leve-o,0,unk,3446,5.523
6107,epidemia,0,noun,3444,5.520
6108,high,0,unk,3443,5.518
6109,pen,0,unk,3442,5.517
6110,reproduzir,0,verb,3442,5.517
6111,utilizador,0,noun,3442,5.517
6112,cru,0,unk,3441,5.515
6113,florescer,0,verb,3441,5.515
6114,injustiça,0,noun,3441,5.515
6115,medalhão,0,noun,3441,5.515
6116,mercado negro,1,mwe,3440,5.514
6117,abdominal,0,adj,3439,5.512
6118,ingrato,0,noun,3438,5.510
6119,negação,0,noun,3435,5.506
6120,esconder-me,0,unk,3433,5.502
6121,contagioso,0,adj,3432,5.501
6122,descida,0,noun,3432,5.501
6123,min,0,unk,3432,5.501
6124,adesivo,0,noun,3430,5.498
6125,mataste-o,0,unk,3430,5.498
6126,desprezível,0,adj,3429,5.496
6127,intuição,0,noun,3429,5.496
6128,submundo,0,noun,3429,5.496
6129,velar,0,verb,3429,5.496
6130,importam-se,0,unk,3426,5.491
6131,tragam-no,0,unk,3426,5.491
6132,warp,0,unk,3426,5.491
6133,previsível,0,adj,3425,5.490
6134,lunar,0,verb,3423,5.486
6135,odor,0,noun,3423,5.486
6136,apanhaste-me,0,unk,3422,5.485
6137,foco,0,noun,3422,5.485
6138,panda,0,noun,3422,5.485
6139,infernal,0,adj,3420,5.482
6140,vara,0,noun,3417,5.477
6141,gole,0,unk,3414,5.472
6142,abafar,0,verb,3413,5.470
6143,preparativo,0,noun,3413,5.470
6144,abismo,0,noun,3412,5.469
6145,bonitão,0,noun,3412,5.469
6146,shh,0,unk,3412,5.469
6147,mandar-me,0,unk,3411,5.467
6148,mosquito,0,noun,3411,5.467
6149,controlador,0,noun,3410,5.466
6150,sucata,0,noun,3410,5.466
6151,contexto,0,noun,3409,5.464
6152,mandar-te,0,unk,3408,5.462
6153,fica-te,0,unk,3407,5.461
6154,mostrar-lhes,0,unk,3406,5.459
6155,certifique-se,0,unk,3405,5.458
6156,chega-te,0,unk,3405,5.458
6157,maca,0,unk,3405,5.458
6158,faz-se,0,unk,3404,5.456
6159,operário,0,noun,3400,5.449
6160,salva-vidas,0,unk,3400,5.449
6161,teta,0,noun,3400,5.449
6162,coçar,0,verb,3399,5.448
6163,repentino,0,adj,3398,5.446
6164,salgado,0,noun,3397,5.445
6165,paralisado,0,noun,3396,5.443
6166,fortalecer,0,verb,3394,5.440
6167,traumatismo,0,noun,3394,5.440
6168,trazer-te,0,unk,3393,5.438
6169,mafioso,0,adj,3391,5.435
6170,carteiro,0,noun,3390,5.433
6171,beta,0,noun,3389,5.432
6172,charmoso,0,adj,3386,5.427
6173,dizes-me,0,unk,3386,5.427
6174,foguetão,0,noun,3384,5.424
6175,jardineiro,0,noun,3384,5.424
6176,rapidez,0,unk,3384,5.424
6177,desempenhar,0,verb,3383,5.422
6178,fascinar,0,verb,3383,5.422
6179,safar-se,0,unk,3383,5.422
6180,blindar,0,verb,3382,5.421
6181,espontâneo,0,noun,3381,5.419
6182,abutre,0,unk,3380,5.417
6183,vago,0,noun,3380,5.417
6184,bin,0,unk,3379,5.416
6185,engraçadinho,0,adj,3379,5.416
6186,conto-te,0,unk,3378,5.414
6187,estupendo,0,noun,3378,5.414
6188,parceria,0,noun,3378,5.414
6189,sequestro,0,noun,3378,5.414
6190,espertinho,0,adj,3375,5.409
6191,espuma,0,noun,3375,5.409
6192,parlamento,0,noun,3375,5.409
6193,embriagar,0,verb,3374,5.408
6194,colombiano,0,adj,3372,5.405
6195,rendição,0,noun,3371,5.403
6196,pêlos,0,unk,3370,5.401
6197,arrepio,0,noun,3369,5.400
6198,samurai,0,unk,3369,5.400
6199,subitamente,0,adv,3367,5.397
6200,gabar,0,verb,3365,5.393
6201,tirou-me,0,unk,3364,5.392
6202,chuis,0,unk,3363,5.390
6203,pote,0,unk,3363,5.390
6204,inapropriado,0,noun,3362,5.389
6205,manda-me,0,unk,3362,5.389
6206,manifesto,0,noun,3362,5.389
6207,inquilino,0,adj,3361,5.387
6208,traga-me,0,unk,3361,5.387
6209,grosseiro,0,noun,3360,5.385
6210,erupção,0,noun,3357,5.381
6211,arrogância,0,noun,3356,5.379
6212,estimular,0,verb,3356,5.379
6213,saca,0,unk,3355,5.377
6214,spray,0,unk,3355,5.377
6215,amassar,0,verb,3353,5.374
6216,composição,0,noun,3353,5.374
6217,deste-lhe,0,unk,3352,5.373
6218,entidade,0,noun,3352,5.373
6219,pagar-lhe,0,unk,3352,5.373
6220,radioativo,0,noun,3352,5.373
6221,interrupção,0,noun,3351,5.371
6222,apelar,0,verb,3348,5.366
6223,egípcio,0,noun,3348,5.366
6224,esfolar,0,verb,3347,5.365
6225,aprisionar,0,verb,3346,5.363
6226,determinação,0,noun,3346,5.363
6227,impaciente,0,adj,3345,5.361
6228,livrar-me,0,unk,3343,5.358
6229,mutilar,0,verb,3343,5.358
6230,saldo,0,noun,3343,5.358
6231,trajetória,0,noun,3343,5.358
6232,variedade,0,noun,3341,5.355
6233,karaté,0,unk,3340,5.353
6234,agradeço-lhe,0,unk,3339,5.352
6235,naquelas,0,unk,3339,5.352
6236,contribuição,0,noun,3337,5.349
6237,telefono-te,0,unk,3336,5.347
6238,hormona,0,noun,3335,5.345
6239,energético,0,adj,3333,5.342
6240,sobrancelha,0,noun,3333,5.342
6241,abastecimento,0,noun,3332,5.341
6242,infantaria,0,noun,3330,5.337
6243,argumentar,0,verb,3329,5.336
6244,orar,0,verb,3329,5.336
6245,cauteloso,0,adj,3327,5.332
6246,quartel-general,0,adj,3326,5.331
6247,cerco,0,noun,3324,5.328
6248,encenar,0,verb,3323,5.326
6249,cozer,0,verb,3321,5.323
6250,ginástica,0,adj,3321,5.323
6251,bombista,0,noun,3319,5.320
6252,admissão,0,noun,3318,5.318
6253,amuleto,0,noun,3318,5.318
6254,higiénico,0,adj,3317,5.316
6255,ração,0,noun,3316,5.315
6256,curvar,0,verb,3314,5.312
6257,perícia,0,noun,3313,5.310
6258,deve-me,0,unk,3312,5.308
6259,fundir,0,verb,3311,5.307
6260,portador,0,noun,3309,5.304
6261,tostão,0,noun,3306,5.299
6262,entornar,0,verb,3305,5.297
6263,deram-lhe,0,unk,3304,5.296
6264,marado,0,noun,3304,5.296
6265,persa,0,noun,3303,5.294
6266,propulsor,0,unk,3303,5.294
6267,vagão,0,noun,3303,5.294
6268,nuca,0,unk,3302,5.292
6269,perdê-la,0,noun,3302,5.292
6270,ganso,0,noun,3301,5.291
6271,bronze,0,unk,3300,5.289
6272,tributo,0,noun,3300,5.289
6273,clínico,0,adj,3298,5.286
6274,limonada,0,noun,3298,5.286
6275,reviver,0,verb,3295,5.281
6276,porquinho,0,adj,3294,5.280
6277,revólver,0,verb,3293,5.278
6278,âncora,0,noun,3293,5.278
6279,saia daí,1,mwe,3290,5.273
6280,quero-a,0,unk,3289,5.272
6281,rap,0,unk,3289,5.272
6282,emocionado,0,noun,3288,5.270
6283,lsto,0,noun,3286,5.267
6284,dizem-me,0,unk,3285,5.265
6285,indústrias,0,unk,3285,5.265
6286,presunto,0,noun,3285,5.265
6287,residir,0,verb,3285,5.265
6288,sutiã,0,unk,3285,5.265
6289,ventre,0,unk,3285,5.265
6290,spa,0,noun,3284,5.264
6291,costeleta,0,noun,3283,5.262
6292,prepare-se,0,unk,3282,5.260
6293,up,0,unk,3281,5.259
6294,virgindade,0,noun,3281,5.259
6295,procurá-la,0,noun,3279,5.256
6296,fry,0,unk,3277,5.252
6297,roer,0,verb,3277,5.252
6298,tocha,0,noun,3277,5.252
6299,sentinela,0,noun,3276,5.251
6300,abastecer,0,verb,3275,5.249
6301,liberal,0,adj,3274,5.248
6302,minhoca,0,noun,3273,5.246
6303,bufo,0,noun,3272,5.244
6304,combatente,0,adj,3265,5.233
6305,parir,0,verb,3265,5.233
6306,veste-te,0,unk,3265,5.233
6307,di,0,unk,3263,5.230
6308,secretamente,0,adv,3263,5.230
6309,bisbilhotar,0,verb,3262,5.228
6310,exceder,0,verb,3260,5.225
6311,ordinário,0,noun,3257,5.220
6312,prender-me,0,unk,3256,5.219
6313,ajudas-me,0,unk,3255,5.217
6314,chame-me,0,unk,3255,5.217
6315,dissolver,0,verb,3255,5.217
6316,enjoar,0,verb,3254,5.215
6317,novinho,0,adj,3254,5.215
6318,recuso-me,0,unk,3254,5.215
6319,ré,0,unk,3253,5.214
6320,tragam-me,0,unk,3253,5.214
6321,dotar,0,verb,3252,5.212
6322,terraço,0,noun,3252,5.212
6323,alavanca,0,unk,3251,5.211
6324,proximidade,0,noun,3251,5.211
6325,mantê-los,0,unk,3250,5.209
6326,destruidor,0,noun,3249,5.207
6327,histérico,0,adj,3248,5.206
6328,apanhá-la,0,noun,3246,5.203
6329,feder,0,verb,3245,5.201
6330,coruja,0,noun,3243,5.198
6331,publicamente,0,adv,3243,5.198
6332,refrescar,0,verb,3243,5.198
6333,destrancar,0,verb,3242,5.196
6334,montagem,0,noun,3242,5.196
6335,mudar-se,0,unk,3242,5.196
6336,costumes,0,unk,3241,5.195
6337,go,0,unk,3241,5.195
6338,andamento,0,noun,3240,5.193
6339,rigoroso,0,adj,3240,5.193
6340,senhorio,0,noun,3239,5.191
6341,põe-no,0,unk,3235,5.185
6342,amadores,0,unk,3234,5.183
6343,contenção,0,noun,3234,5.183
6344,suposição,0,noun,3234,5.183
6345,alfândega,0,noun,3233,5.182
6346,barbear,0,verb,3233,5.182
6347,di-lo,0,noun,3233,5.182
6348,cachimbo,0,noun,3231,5.179
6349,cadê,0,unk,3231,5.179
6350,impostor,0,unk,3231,5.179
6351,fedor,0,noun,3230,5.177
6352,tosse,0,unk,3230,5.177
6353,admirável,0,adj,3229,5.175
6354,espia,0,noun,3229,5.175
6355,quadrante,0,unk,3229,5.175
6356,rijo,0,noun,3228,5.174
6357,ola,0,noun,3227,5.172
6358,panela,0,noun,3226,5.171
6359,detalhar,0,verb,3225,5.169
6360,diverti-me,0,unk,3225,5.169
6361,sudeste,0,unk,3225,5.169
6362,enriquecer,0,verb,3221,5.163
6363,temporariamente,0,adv,3221,5.163
6364,vergonhoso,0,adj,3221,5.163
6365,brando,0,noun,3220,5.161
6366,empenhado,0,noun,3218,5.158
6367,escape,0,unk,3218,5.158
6368,apelo,0,noun,3217,5.156
6369,coleira,0,noun,3217,5.156
6370,pressentir,0,verb,3217,5.156
6371,postura,0,noun,3216,5.155
6372,denso,0,noun,3214,5.151
6373,excessivo,0,noun,3214,5.151
6374,afirmação,0,noun,3213,5.150
6375,cegar,0,verb,3213,5.150
6376,estranhamente,0,adv,3213,5.150
6377,façam-no,0,unk,3213,5.150
6378,demoníaco,0,noun,3210,5.145
6379,desembarcar,0,verb,3210,5.145
6380,doador,0,noun,3210,5.145
6381,dar-se,0,unk,3209,5.143
6382,chui,0,unk,3208,5.142
6383,ensinar-me,0,unk,3208,5.142
6384,mantém-se,0,unk,3208,5.142
6385,memorizar,0,verb,3207,5.140
6386,lucrar,0,verb,3206,5.139
6387,chicote,0,unk,3205,5.137
6388,construtor,0,unk,3205,5.137
6389,neutro,0,noun,3205,5.137
6390,canalizador,0,noun,3204,5.135
6391,condolência,0,noun,3202,5.132
6392,embalagem,0,noun,3202,5.132
6393,conta-lhe,0,unk,3201,5.131
6394,crescente,0,adj,3200,5.129
6395,deixou-te,0,unk,3200,5.129
6396,fornicar,0,verb,3199,5.127
6397,rachar,0,verb,3199,5.127
6398,espectro,0,noun,3198,5.126
6399,mini,0,unk,3198,5.126
6400,rochedo,0,noun,3197,5.124
6401,baralhar,0,verb,3195,5.121
6402,nato,0,noun,3195,5.121
6403,levantar-se,0,unk,3194,5.119
6404,ressonância,0,noun,3194,5.119
6405,caçadeira,0,noun,3193,5.118
6406,embarque,0,unk,3193,5.118
6407,remediar,0,verb,3193,5.118
6408,apto,0,noun,3192,5.116
6409,ohh,0,unk,3192,5.116
6410,rabino,0,adj,3191,5.115
6411,rir-se,0,unk,3191,5.115
6412,cume,0,unk,3187,5.108
6413,relações sexuais,1,mwe,3187,5.108
6414,relíquia,0,noun,3187,5.108
6415,caveira,0,noun,3186,5.106
6416,convir,0,verb,3186,5.106
6417,explicar-te,0,unk,3185,5.105
6418,falsificação,0,noun,3185,5.105
6419,tira-a,0,unk,3185,5.105
6420,mortos-vivos,0,unk,3184,5.103
6421,taxista,0,noun,3184,5.103
6422,manto,0,noun,3183,5.102
6423,design,0,unk,3182,5.100
6424,similar,0,verb,3180,5.097
6425,bandeja,0,noun,3179,5.095
6426,manda-o,0,unk,3179,5.095
6427,destemido,0,noun,3178,5.094
6428,leva-os,0,unk,3178,5.094
6429,ignorância,0,noun,3176,5.090
6430,australiano,0,adj,3175,5.089
6431,trouxe-o,0,unk,3175,5.089
6432,interpretação,0,noun,3174,5.087
6433,tabela,0,noun,3173,5.086
6434,surf,0,unk,3171,5.082
6435,desencadear,0,verb,3170,5.081
6436,guarda costeira,1,mwe,3168,5.078
6437,sentar-nos,0,unk,3168,5.078
6438,desprezo,0,unk,3166,5.074
6439,licenciar,0,verb,3166,5.074
6440,convento,0,noun,3164,5.071
6441,bora,0,noun,3163,5.070
6442,despache-se,0,unk,3163,5.070
6443,trigo,0,noun,3163,5.070
6444,super-herói,0,unk,3162,5.068
6445,comprovar,0,verb,3160,5.065
6446,reprimir,0,verb,3160,5.065
6447,home,0,unk,3158,5.062
6448,castanha,0,noun,3156,5.058
6449,lucrativo,0,noun,3156,5.058
6450,bengala,0,noun,3154,5.055
6451,mostarda,0,noun,3154,5.055
6452,futuros,0,unk,3151,5.050
6453,documentar,0,verb,3149,5.047
6454,frontal,0,adj,3145,5.041
6455,supervisão,0,noun,3144,5.039
6456,tralha,0,noun,3144,5.039
6457,batizar,0,verb,3143,5.038
6458,tratar-me,0,unk,3143,5.038
6459,canadiano,0,adj,3142,5.036
6460,aposentar,0,verb,3141,5.034
6461,dirigir-se,0,unk,3141,5.034
6462,alegrar,0,verb,3140,5.033
6463,favorecer,0,verb,3140,5.033
6464,isca,0,unk,3140,5.033
6465,estalar,0,verb,3139,5.031
6466,apoderar,0,verb,3136,5.026
6467,bombardeamento,0,noun,3136,5.026
6468,matar-se,0,unk,3136,5.026
6469,ostra,0,noun,3134,5.023
6470,ponham-se,0,unk,3134,5.023
6471,â,0,unk,3134,5.023
6472,expansão,0,noun,3133,5.022
6473,pará-lo,0,noun,3133,5.022
6474,átomo,0,noun,3131,5.018
6475,câmeras,0,unk,3130,5.017
6476,copa,0,noun,3128,5.014
6477,enfarte,0,unk,3126,5.010
6478,mosqueteiro,0,noun,3126,5.010
6479,implantar,0,verb,3125,5.009
6480,deixar-vos,0,unk,3124,5.007
6481,deriva,0,noun,3122,5.004
6482,elfos,0,unk,3121,5.002
6483,apetece-me,0,unk,3119,4.999
6484,cómico,0,adj,3119,4.999
6485,excepcional,0,adj,3119,4.999
6486,meteu-se,0,unk,3119,4.999
6487,agudo,0,adj,3117,4.996
6488,cordão,0,noun,3117,4.996
6489,odeia-me,0,unk,3117,4.996
6490,comovente,0,adj,3116,4.994
6491,deixei-te,0,unk,3115,4.993
6492,pira-te,0,unk,3115,4.993
6493,manuscrito,0,noun,3114,4.991
6494,exagero,0,noun,3110,4.985
6495,exigente,0,adj,3109,4.983
6496,primar,0,verb,3108,4.981
6497,patrulhar,0,verb,3107,4.980
6498,átrio,0,noun,3107,4.980
6499,agonia,0,noun,3105,4.977
6500,chaminé,0,unk,3105,4.977
6501,triunfo,0,noun,3104,4.975
6502,reabrir,0,verb,3101,4.970
6503,delícia,0,noun,3099,4.967
6504,abaixa-te,0,unk,3098,4.965
6505,surpreende-me,0,unk,3098,4.965
6506,crucificar,0,verb,3097,4.964
6507,caracol,0,unk,3096,4.962
6508,sirene,0,unk,3095,4.961
6509,requisitar,0,verb,3094,4.959
6510,entravar,0,verb,3088,4.949
6511,ouçam-me,0,unk,3088,4.949
6512,dador,0,noun,3087,4.948
6513,mosteiro,0,noun,3087,4.948
6514,conexão,0,noun,3086,4.946
6515,dezoito,0,num,3086,4.946
6516,importo-me,0,unk,3086,4.946
6517,obrigou-me,0,unk,3085,4.945
6518,sinto-o,0,unk,3085,4.945
6519,amorzinho,0,adj,3084,4.943
6520,caminhão,0,noun,3084,4.943
6521,eletromagnético,0,adj,3081,4.938
6522,bate-me,0,unk,3079,4.935
6523,furtivo,0,noun,3079,4.935
6524,clareza,0,noun,3078,4.933
6525,procurador-geral,0,adj,3078,4.933
6526,instrutor,0,unk,3076,4.930
6527,inspirador,0,noun,3075,4.929
6528,levou-a,0,unk,3073,4.925
6529,muscular,0,verb,3073,4.925
6530,reaver,0,verb,3073,4.925
6531,night,0,unk,3072,4.924
6532,escuros,0,unk,3069,4.919
6533,deite-se,0,unk,3068,4.917
6534,despedaçar,0,verb,3067,4.916
6535,with,0,unk,3067,4.916
6536,exprimir,0,verb,3066,4.914
6537,ponderar,0,verb,3066,4.914
6538,rameira,0,noun,3064,4.911
6539,fortemente,0,adv,3063,4.909
6540,mergulhador,0,noun,3062,4.908
6541,tacada,0,noun,3062,4.908
6542,contrair,0,verb,3061,4.906
6543,musica,0,adj,3061,4.906
6544,dossier,0,verb,3059,4.903
6545,iogurte,0,unk,3059,4.903
6546,impotente,0,adj,3058,4.901
6547,despenhar,0,verb,3057,4.900
6548,deixei-a,0,unk,3056,4.898
6549,exterminador,0,noun,3051,4.890
6550,programação,0,noun,3051,4.890
6551,lima,0,noun,3050,4.889
6552,impedir-me,0,unk,3048,4.885
6553,visitar-me,0,unk,3046,4.882
6554,espantado,0,noun,3045,4.880
6555,juntar-te,0,unk,3045,4.880
6556,lixeira,0,noun,3045,4.880
6557,algoritmo,0,noun,3044,4.879
6558,hematoma,0,noun,3044,4.879
6559,deparar,0,verb,3043,4.877
6560,devidamente,0,adv,3042,4.876
6561,farinha,0,adj,3042,4.876
6562,ervilha,0,noun,3041,4.874
6563,vai-nos,0,unk,3041,4.874
6564,mortífero,0,noun,3039,4.871
6565,absolver,0,verb,3038,4.869
6566,bombardeiro,0,noun,3038,4.869
6567,forasteiro,0,noun,3038,4.869
6568,disse-vos,0,unk,3037,4.868
6569,afastar-me,0,unk,3036,4.866
6570,posso-te,0,unk,3036,4.866
6571,divirta-se,0,unk,3035,4.864
6572,realeza,0,noun,3035,4.864
6573,ânimo,0,noun,3035,4.864
6574,espelunca,0,unk,3033,4.861
6575,gravemente,0,adv,3033,4.861
6576,chamá-la,0,noun,3031,4.858
6577,dezasseis,0,num,3031,4.858
6578,matador,0,noun,3031,4.858
6579,radiante,0,unk,3031,4.858
6580,tem-me,0,unk,3031,4.858
6581,todo-poderoso,0,adj,3031,4.858
6582,considerável,0,adj,3030,4.856
6583,devo-lhe,0,unk,3030,4.856
6584,drenar,0,verb,3030,4.856
6585,moribundo,0,noun,3029,4.855
6586,múmia,0,noun,3029,4.855
6587,alojamento,0,noun,3028,4.853
6588,tigela,0,noun,3027,4.852
6589,circulação,0,noun,3025,4.848
6590,escultura,0,noun,3025,4.848
6591,matinal,0,adj,3025,4.848
6592,moção,0,noun,3025,4.848
6593,adoro-o,0,unk,3024,4.847
6594,bon,0,unk,3024,4.847
6595,indiano,0,adj,3024,4.847
6596,invejar,0,verb,3024,4.847
6597,preparar-me,0,unk,3023,4.845
6598,ripostar,0,verb,3023,4.845
6599,barragem,0,noun,3022,4.844
6600,espremer,0,verb,3022,4.844
6601,falar-me,0,unk,3022,4.844
6602,pónei,0,unk,3022,4.844
6603,veloz,0,unk,3022,4.844
6604,borrar,0,verb,3021,4.842
6605,acertado,0,noun,3020,4.840
6606,esmurrar,0,verb,3020,4.840
6607,mmm,0,unk,3020,4.840
6608,apresentar queixa,1,mwe,3019,4.839
6609,incompetente,0,adj,3019,4.839
6610,desordem,0,noun,3018,4.837
6611,árbitro,0,noun,3018,4.837
6612,excêntrico,0,adj,3017,4.836
6613,imploro-te,0,unk,3017,4.836
6614,pedrada,0,noun,3014,4.831
6615,coca-cola,0,noun,3012,4.828
6616,recompor,0,unk,3012,4.828
6617,assuntos internos,1,mwe,3011,4.826
6618,more,0,unk,3011,4.826
6619,levo-a,0,unk,3009,4.823
6620,aviso-te,0,unk,3008,4.821
6621,crente,0,adj,3008,4.821
6622,pedi-te,0,unk,3008,4.821
6623,mentalmente,0,adv,3007,4.820
6624,prefeito,0,noun,3007,4.820
6625,mariquinhas,0,unk,3006,4.818
6626,meia dúzia,1,mwe,3006,4.818
6627,suicidou-se,0,unk,3005,4.816
6628,extorsão,0,noun,3000,4.808
6629,custa-me,0,unk,2999,4.807
6630,rotação,0,noun,2999,4.807
6631,liberar,0,verb,2998,4.805
6632,etapa,0,noun,2997,4.804
6633,desabafar,0,verb,2995,4.800
6634,sensacional,0,adj,2995,4.800
6635,contentar,0,verb,2994,4.799
6636,fraquinho,0,adj,2994,4.799
6637,monumento,0,noun,2994,4.799
6638,deportar,0,verb,2992,4.796
6639,tatuar,0,verb,2992,4.796
6640,sorria,0,noun,2991,4.794
6641,celeste,0,unk,2990,4.792
6642,funcionamento,0,noun,2990,4.792
6643,fungo,0,noun,2988,4.789
6644,esboço,0,noun,2987,4.788
6645,incentivo,0,noun,2986,4.786
6646,irracional,0,adj,2986,4.786
6647,entregá-lo,0,noun,2985,4.784
6648,lê-lo,0,noun,2984,4.783
6649,navalha,0,noun,2982,4.780
6650,permite-me,0,unk,2982,4.780
6651,apaixonei-me,0,unk,2981,4.778
6652,tremor,0,unk,2980,4.776
6653,calmamente,0,adv,2979,4.775
6654,intimidade,0,noun,2978,4.773
6655,maestro,0,noun,2978,4.773
6656,trouxe-lhe,0,unk,2978,4.773
6657,bravura,0,noun,2976,4.770
6658,javali,0,unk,2975,4.768
6659,enganar-me,0,unk,2974,4.767
6660,erótico,0,adj,2974,4.767
6661,dane,0,unk,2973,4.765
6662,avance,0,unk,2972,4.763
6663,disco rígido,1,mwe,2972,4.763
6664,disciplinar,0,verb,2971,4.762
6665,fizeste-o,0,unk,2970,4.760
6666,apanhar-me,0,unk,2969,4.759
6667,jurídico,0,adj,2969,4.759
6668,revestir,0,verb,2969,4.759
6669,lamentável,0,adj,2968,4.757
6670,jarda,0,noun,2966,4.754
6671,ouves-me,0,unk,2966,4.754
6672,búfalo,0,noun,2965,4.752
6673,porcento,0,noun,2965,4.752
6674,coletivo,0,noun,2964,4.751
6675,aquisição,0,noun,2963,4.749
6676,duquesa,0,adj,2963,4.749
6677,deslumbrante,0,unk,2961,4.746
6678,agitação,0,noun,2960,4.744
6679,queque,0,unk,2960,4.744
6680,épico,0,adj,2960,4.744
6681,amá-lo,0,noun,2959,4.743
6682,mercê,0,unk,2959,4.743
6683,zoom,0,unk,2959,4.743
6684,tese,0,unk,2958,4.741
6685,artes marciais,1,mwe,2957,4.739
6686,carinhoso,0,adj,2957,4.739
6687,bug,0,unk,2956,4.738
6688,discordo,0,noun,2955,4.736
6689,restabelecer,0,verb,2955,4.736
6690,contusão,0,noun,2954,4.735
6691,maratona,0,noun,2954,4.735
6692,mostrar-vos,0,unk,2954,4.735
6693,prostituição,0,noun,2954,4.735
6694,levem-na,0,unk,2953,4.733
6695,cisne,0,unk,2951,4.730
6696,intermediário,0,noun,2951,4.730
6697,mantém-no,0,unk,2951,4.730
6698,deixou-nos,0,unk,2950,4.728
6699,desonesto,0,noun,2948,4.725
6700,véu,0,unk,2948,4.725
6701,marketing,0,unk,2946,4.722
6702,prosperar,0,verb,2946,4.722
6703,barman,0,unk,2944,4.719
6704,mentir-me,0,unk,2943,4.717
6705,skate,0,unk,2943,4.717
6706,credível,0,adj,2941,4.714
6707,fizeram-me,0,unk,2941,4.714
6708,horroroso,0,adj,2941,4.714
6709,tripa,0,noun,2940,4.712
6710,gangues,0,unk,2938,4.709
6711,cansativo,0,noun,2936,4.706
6712,concentrar-me,0,unk,2936,4.706
6713,delito,0,noun,2935,4.704
6714,kms,0,unk,2935,4.704
6715,memorando,0,noun,2935,4.704
6716,palavrão,0,noun,2934,4.703
6717,recreio,0,noun,2933,4.701
6718,armadilhar,0,verb,2932,4.699
6719,quer-me,0,unk,2932,4.699
6720,ursinho,0,adj,2932,4.699
6721,ousado,0,noun,2929,4.695
6722,impune,0,unk,2927,4.691
6723,mineral,0,adj,2927,4.691
6724,transformar-se,0,unk,2927,4.691
6725,credibilidade,0,noun,2926,4.690
6726,virtual,0,adj,2926,4.690
6727,apoiado,0,noun,2925,4.688
6728,piratear,0,verb,2924,4.687
6729,derradeiro,0,noun,2923,4.685
6730,milímetro,0,noun,2923,4.685
6731,apito,0,noun,2922,4.683
6732,discípulo,0,noun,2922,4.683
6733,conheci-o,0,unk,2920,4.680
6734,deixe-se,0,unk,2920,4.680
6735,barbeiro,0,noun,2918,4.677
6736,ofício,0,noun,2917,4.675
6737,bilhar,0,verb,2915,4.672
6738,dó,0,unk,2915,4.672
6739,ogre,0,unk,2915,4.672
6740,abaixem-se,0,unk,2914,4.671
6741,indiferente,0,adj,2914,4.671
6742,assédio,0,noun,2913,4.669
6743,maciço,0,noun,2912,4.667
6744,nevar,0,verb,2912,4.667
6745,tirano,0,adj,2909,4.663
6746,mata-a,0,unk,2907,4.659
6747,tirá-los,0,unk,2906,4.658
6748,encaminhar,0,verb,2905,4.656
6749,mãozinha,0,adj,2905,4.656
6750,pornográfico,0,adj,2905,4.656
6751,roto,0,noun,2903,4.653
6752,anotação,0,noun,2902,4.651
6753,juntar-me,0,unk,2901,4.650
6754,foleiro,0,noun,2899,4.646
6755,àquilo,0,noun,2899,4.646
6756,manter-nos,0,unk,2898,4.645
6757,perder-te,0,unk,2897,4.643
6758,desleixar,0,verb,2896,4.642
6759,meteorito,0,noun,2896,4.642
6760,náusea,0,unk,2896,4.642
6761,carneiro,0,noun,2895,4.640
6762,deitar-me,0,unk,2895,4.640
6763,stop,0,unk,2895,4.640
6764,en,0,unk,2894,4.638
6765,alucinar,0,verb,2893,4.637
6766,papo,0,noun,2893,4.637
6767,tirar-nos,0,unk,2893,4.637
6768,paranormal,0,adj,2892,4.635
6769,geleia,0,noun,2889,4.630
6770,transformou-se,0,unk,2889,4.630
6771,acariciar,0,verb,2887,4.627
6772,arodri,0,unk,2887,4.627
6773,brecha,0,noun,2887,4.627
6774,reviravolta,0,noun,2887,4.627
6775,esteróides,0,unk,2885,4.624
6776,les,0,unk,2884,4.622
6777,marshal,0,adj,2884,4.622
6778,tinto,0,noun,2884,4.622
6779,seguramente,0,adv,2883,4.621
6780,familiarizado,0,noun,2882,4.619
6781,dilema,0,noun,2880,4.616
6782,flexível,0,adj,2880,4.616
6783,tresandar,0,verb,2880,4.616
6784,migalha,0,noun,2879,4.614
6785,dedicação,0,noun,2878,4.613
6786,misericordioso,0,adj,2877,4.611
6787,buraco negro,1,mwe,2876,4.610
6788,carpete,0,unk,2876,4.610
6789,carvalho,0,noun,2876,4.610
6790,aspirar,0,verb,2875,4.608
6791,fascista,0,noun,2875,4.608
6792,ouvi-o,0,unk,2875,4.608
6793,competente,0,adj,2873,4.605
6794,oráculo,0,noun,2872,4.603
6795,sózinho,0,adj,2871,4.602
6796,resumo,0,noun,2870,4.600
6797,catálogo,0,noun,2869,4.598
6798,torná-lo,0,noun,2868,4.597
6799,esponja,0,noun,2867,4.595
6800,orcs,0,unk,2867,4.595
6801,especulação,0,noun,2866,4.594
6802,roubou-me,0,unk,2865,4.592
6803,bonitinho,0,adj,2863,4.589
6804,coiote,0,unk,2863,4.589
6805,arranjar-lhe,0,unk,2862,4.587
6806,contador,0,noun,2862,4.587
6807,mandaram-me,0,unk,2862,4.587
6808,preocupa-se,0,unk,2861,4.586
6809,preocupar-me,0,unk,2861,4.586
6810,informático,0,adj,2860,4.584
6811,vejo-vos,0,unk,2858,4.581
6812,melhora,0,noun,2857,4.579
6813,legume,0,unk,2856,4.578
6814,gueto,0,noun,2855,4.576
6815,catedral,0,adj,2854,4.574
6816,informática,0,adj,2854,4.574
6817,sinceridade,0,noun,2854,4.574
6818,deixou-a,0,unk,2853,4.573
6819,lã,0,unk,2853,4.573
6820,sueco,0,adj,2853,4.573
6821,tratá-lo,0,noun,2851,4.570
6822,eleitor,0,unk,2849,4.566
6823,encontrou-o,0,unk,2849,4.566
6824,manta,0,noun,2849,4.566
6825,convencional,0,adj,2848,4.565
6826,empurrão,0,noun,2846,4.562
6827,manifestar,0,verb,2846,4.562
6828,rutura,0,noun,2846,4.562
6829,vibrar,0,verb,2845,4.560
6830,respiratório,0,noun,2844,4.558
6831,fiz-lhe,0,unk,2843,4.557
6832,pairar,0,verb,2843,4.557
6833,perdi-o,0,unk,2842,4.555
6834,recriar,0,verb,2842,4.555
6835,we,0,unk,2842,4.555
6836,melodia,0,noun,2840,4.552
6837,prudente,0,adj,2840,4.552
6838,deve-se,0,unk,2839,4.550
6839,ilimitado,0,noun,2839,4.550
6840,ponha-se,0,unk,2839,4.550
6841,cratera,0,noun,2838,4.549
6842,imortalidade,0,noun,2838,4.549
6843,purificar,0,verb,2838,4.549
6844,assusta-me,0,unk,2837,4.547
6845,wc,0,unk,2837,4.547
6846,instantâneo,0,noun,2834,4.542
6847,empolgado,0,noun,2833,4.541
6848,triunfar,0,verb,2826,4.529
6849,arranjar-me,0,unk,2825,4.528
6850,tampão,0,noun,2825,4.528
6851,tellos,0,unk,2825,4.528
6852,surto,0,noun,2824,4.526
6853,anal,0,adj,2823,4.525
6854,balística,0,adj,2823,4.525
6855,raspar,0,verb,2821,4.521
6856,tríade,0,noun,2821,4.521
6857,separar-nos,0,unk,2819,4.518
6858,cálice,0,noun,2817,4.515
6859,dizer-se,0,unk,2817,4.515
6860,justamente,0,adv,2816,4.513
6861,oitenta,0,num,2816,4.513
6862,regularmente,0,adv,2815,4.512
6863,subconsciente,0,adj,2815,4.512
6864,descuidado,0,noun,2814,4.510
6865,cona,0,noun,2813,4.509
6866,provado,0,noun,2812,4.507
6867,esposo,0,adj,2810,4.504
6868,gangster,0,verb,2810,4.504
6869,humidade,0,noun,2810,4.504
6870,persuadir,0,verb,2808,4.501
6871,atear,0,verb,2807,4.499
6872,fogão,0,noun,2806,4.497
6873,estás-te,0,unk,2805,4.496
6874,fosso,0,noun,2803,4.493
6875,ocasionalmente,0,adv,2802,4.491
6876,anestesia,0,noun,2801,4.489
6877,caramelo,0,noun,2801,4.489
6878,pagar-me,0,unk,2801,4.489
6879,explicar-me,0,unk,2800,4.488
6880,reconfortante,0,unk,2799,4.486
6881,twitter,0,verb,2798,4.485
6882,cautela,0,noun,2797,4.483
6883,frequente,0,adj,2796,4.481
6884,pugilista,0,noun,2795,4.480
6885,bateu-me,0,unk,2791,4.473
6886,forças armadas,1,mwe,2791,4.473
6887,petição,0,noun,2791,4.473
6888,agendar,0,verb,2789,4.470
6889,feitio,0,noun,2789,4.470
6890,cristã,0,unk,2788,4.469
6891,aquático,0,adj,2787,4.467
6892,demônio,0,noun,2787,4.467
6893,financiamento,0,noun,2786,4.465
6894,engenho,0,noun,2784,4.462
6895,repousar,0,verb,2784,4.462
6896,tentador,0,noun,2784,4.462
6897,trá-la,0,noun,2783,4.461
6898,esparguete,0,unk,2782,4.459
6899,revirar,0,verb,2780,4.456
6900,assinalar,0,verb,2779,4.454
6901,igualdade,0,noun,2779,4.454
6902,samaritano,0,adj,2778,4.453
6903,bilionário,0,noun,2777,4.451
6904,mostra-nos,0,unk,2777,4.451
6905,descodificar,0,verb,2776,4.449
6906,gostoso,0,adj,2776,4.449
6907,prisional,0,adj,2776,4.449
6908,livremente,0,adv,2775,4.448
6909,serio,0,noun,2775,4.448
6910,down,0,unk,2773,4.445
6911,web,0,unk,2773,4.445
6912,delirar,0,verb,2771,4.441
6913,prematuro,0,noun,2770,4.440
6914,réplica,0,adj,2769,4.438
6915,catorze,0,num,2768,4.437
6916,duvidoso,0,adj,2768,4.437
6917,polegada,0,noun,2767,4.435
6918,fins-de-semana,0,adj,2766,4.433
6919,inauguração,0,noun,2766,4.433
6920,magoá-lo,0,noun,2766,4.433
6921,ressurreição,0,noun,2766,4.433
6922,loiro,0,noun,2765,4.432
6923,alpendre,0,unk,2764,4.430
6924,chifre,0,unk,2764,4.430
6925,armazenar,0,verb,2762,4.427
6926,estimativa,0,noun,2761,4.425
6927,tantas saudades,1,mwe,2761,4.425
6928,round,0,unk,2760,4.424
6929,casual,0,adj,2759,4.422
6930,pô-los,0,unk,2759,4.422
6931,patrocinador,0,noun,2757,4.419
6932,chapa,0,noun,2756,4.417
6933,mataram-no,0,unk,2756,4.417
6934,trenó,0,unk,2756,4.417
6935,torneira,0,noun,2755,4.416
6936,trazê-los,0,unk,2755,4.416
6937,link,0,unk,2754,4.414
6938,artifício,0,noun,2752,4.411
6939,deceção,0,noun,2751,4.409
6940,macarrão,0,noun,2750,4.408
6941,transportador,0,noun,2750,4.408
6942,matraca,0,unk,2749,4.406
6943,reclamação,0,noun,2749,4.406
6944,cómodo,0,noun,2748,4.404
6945,recitar,0,verb,2747,4.403
6946,reinado,0,noun,2747,4.403
6947,sonhador,0,noun,2747,4.403
6948,take,0,unk,2747,4.403
6949,evidentemente,0,adv,2746,4.401
6950,paranóia,0,noun,2745,4.400
6951,usá-los,0,unk,2745,4.400
6952,arranque,0,unk,2744,4.398
6953,agradecer-me,0,unk,2741,4.393
6954,presenciar,0,verb,2741,4.393
6955,aparição,0,noun,2740,4.392
6956,apresento-lhe,0,unk,2739,4.390
6957,light,0,unk,2739,4.390
6958,redução,0,noun,2739,4.390
6959,manicómio,0,noun,2738,4.388
6960,meteoro,0,noun,2738,4.388
6961,episódios anteriores,1,mwe,2737,4.387
6962,italiansubs,0,unk,2737,4.387
6963,polar,0,verb,2737,4.387
6964,redondeza,0,noun,2736,4.385
6965,apólice,0,noun,2735,4.384
6966,avante,0,unk,2735,4.384
6967,co,0,unk,2735,4.384
6968,acidental,0,adj,2734,4.382
6969,liga-lhe,0,unk,2734,4.382
6970,reconstrução,0,noun,2733,4.380
6971,ilegalmente,0,adv,2732,4.379
6972,larva,0,noun,2732,4.379
6973,metálico,0,adj,2732,4.379
6974,saque,0,unk,2732,4.379
6975,suspiro,0,noun,2732,4.379
6976,viu-me,0,unk,2732,4.379
6977,country,0,unk,2731,4.377
6978,tranquilizante,0,unk,2730,4.376
6979,canela,0,noun,2729,4.374
6980,chamo-lhe,0,unk,2729,4.374
6981,competência,0,noun,2729,4.374
6982,espanto,0,noun,2729,4.374
6983,tinha-o,0,unk,2729,4.374
6984,aproximem-se,0,unk,2728,4.372
6985,enfeitiçar,0,verb,2728,4.372
6986,fantoche,0,unk,2728,4.372
6987,colocá-la,0,noun,2727,4.371
6988,compreensivo,0,noun,2727,4.371
6989,alternativo,0,noun,2725,4.368
6990,pagão,0,noun,2725,4.368
6991,derrame,0,unk,2724,4.366
6992,pera,0,noun,2723,4.364
6993,planeamento,0,noun,2723,4.364
6994,tornaste-te,0,unk,2722,4.363
6995,apagão,0,noun,2721,4.361
6996,pinto,0,noun,2721,4.361
6997,tanas,0,unk,2720,4.360
6998,ósseo,0,noun,2720,4.360
6999,obstrução,0,noun,2719,4.358
7000,terno,0,noun,2719,4.358
7001,peregrino,0,adj,2718,4.356
7002,frustrante,0,unk,2717,4.355
7003,orquestra,0,noun,2715,4.352
7004,noutros,0,unk,2714,4.350
7005,pino,0,adj,2714,4.350
7006,alcateia,0,noun,2711,4.345
7007,demônios,0,unk,2710,4.344
7008,adoro-vos,0,unk,2709,4.342
7009,alfinete,0,unk,2708,4.340
7010,chama-lhe,0,unk,2708,4.340
7011,smoking,0,unk,2708,4.340
7012,recusa-se,0,unk,2707,4.339
7013,bourbon,0,unk,2706,4.337
7014,cruzado,0,noun,2706,4.337
7015,out,0,unk,2706,4.337
7016,telescópio,0,noun,2706,4.337
7017,tem-se,0,unk,2705,4.336
7018,é-me,0,unk,2705,4.336
7019,fidelidade,0,noun,2704,4.334
7020,supremo tribunal,1,mwe,2704,4.334
7021,vingador,0,noun,2704,4.334
7022,boletim,0,unk,2703,4.332
7023,iraquiano,0,adj,2703,4.332
7024,magistrado,0,noun,2702,4.331
7025,aroma,0,noun,2701,4.329
7026,auge,0,unk,2701,4.329
7027,cruzadas,0,unk,2701,4.329
7028,baralho,0,noun,2700,4.328
7029,direitinho,0,adj,2700,4.328
7030,marines,0,unk,2699,4.326
7031,viável,0,adj,2699,4.326
7032,feixe,0,unk,2698,4.324
7033,an,0,unk,2697,4.323
7034,soutien,0,unk,2697,4.323
7035,quimioterapia,0,noun,2696,4.321
7036,rodeio,0,noun,2696,4.321
7037,noventa,0,num,2695,4.320
7038,preocupa-me,0,unk,2695,4.320
7039,acomodar,0,verb,2693,4.316
7040,hospedar,0,verb,2693,4.316
7041,matem-nos,0,unk,2693,4.316
7042,pêsames,0,unk,2693,4.316
7043,bater-lhe,0,unk,2691,4.313
7044,esculpir,0,verb,2691,4.313
7045,especiaria,0,noun,2691,4.313
7046,coelhinho,0,adj,2690,4.312
7047,decência,0,noun,2689,4.310
7048,ketchup,0,unk,2689,4.310
7049,pedófilo,0,noun,2688,4.308
7050,mascote,0,unk,2687,4.307
7051,iluminação,0,noun,2686,4.305
7052,escute-me,0,unk,2685,4.303
7053,espinho,0,adj,2685,4.303
7054,et,0,unk,2685,4.303
7055,temperamento,0,noun,2684,4.302
7056,avesso,0,noun,2683,4.300
7057,mantém-me,0,unk,2683,4.300
7058,soa-me,0,unk,2681,4.297
7059,moinho,0,adj,2679,4.294
7060,decisivo,0,noun,2677,4.291
7061,dróides,0,unk,2677,4.291
7062,erguido,0,noun,2676,4.289
7063,ilibar,0,verb,2676,4.289
7064,calipigia,0,noun,2675,4.287
7065,levaram-no,0,unk,2675,4.287
7066,unicórnio,0,noun,2674,4.286
7067,gargalhada,0,noun,2672,4.283
7068,gatinha,0,adj,2672,4.283
7069,dentário,0,noun,2671,4.281
7070,faturar,0,verb,2670,4.279
7071,multiplicar,0,verb,2669,4.278
7072,relvado,0,noun,2669,4.278
7073,escorrer,0,verb,2667,4.275
7074,rédea,0,unk,2667,4.275
7075,angariação,0,noun,2666,4.273
7076,liquidar,0,verb,2666,4.273
7077,amá-la,0,noun,2665,4.271
7078,devoção,0,noun,2665,4.271
7079,nações unidas,1,mwe,2665,4.271
7080,ferreiro,0,noun,2664,4.270
7081,visitá-lo,0,noun,2663,4.268
7082,banca,0,unk,2660,4.263
7083,congelador,0,noun,2660,4.263
7084,empacotar,0,verb,2660,4.263
7085,escravatura,0,noun,2660,4.263
7086,seita,0,noun,2660,4.263
7087,ídolo,0,noun,2659,4.262
7088,judaico,0,adj,2657,4.259
7089,jà,0,unk,2657,4.259
7090,engenhoso,0,adj,2656,4.257
7091,su,0,unk,2656,4.257
7092,gala,0,noun,2655,4.255
7093,tigres,0,unk,2654,4.254
7094,comê-la,0,noun,2653,4.252
7095,deixem-na,0,unk,2651,4.249
7096,trapo,0,noun,2650,4.247
7097,manhoso,0,adj,2648,4.244
7098,recife,0,unk,2647,4.243
7099,angariar,0,verb,2646,4.241
7100,babe,0,unk,2646,4.241
7101,fação,0,noun,2646,4.241
7102,raivoso,0,adj,2646,4.241
7103,golpear,0,verb,2645,4.239
7104,repouso,0,unk,2645,4.239
7105,irregular,0,verb,2639,4.230
7106,ouvi-los,0,unk,2638,4.228
7107,tocar-lhe,0,unk,2638,4.228
7108,bancada,0,noun,2637,4.227
7109,distinção,0,noun,2637,4.227
7110,localizá-lo,0,noun,2637,4.227
7111,morador,0,noun,2637,4.227
7112,roupão,0,noun,2637,4.227
7113,devoto,0,noun,2636,4.225
7114,estimulante,0,unk,2636,4.225
7115,un,0,unk,2636,4.225
7116,empregar,0,verb,2635,4.223
7117,dependente,0,adj,2634,4.222
7118,luar,0,verb,2634,4.222
7119,abdómen,0,unk,2633,4.220
7120,bagageira,0,noun,2633,4.220
7121,seguir-nos,0,unk,2633,4.220
7122,mayday,0,unk,2631,4.217
7123,mandei-te,0,unk,2630,4.215
7124,melhoria,0,noun,2630,4.215
7125,pente,0,adj,2630,4.215
7126,engate,0,unk,2628,4.212
7127,palha,0,noun,2627,4.211
7128,reivindicar,0,verb,2626,4.209
7129,chamamos-lhe,0,unk,2625,4.207
7130,gringo,0,noun,2625,4.207
7131,bridge,0,unk,2624,4.206
7132,referia-me,0,unk,2624,4.206
7133,bad,0,unk,2623,4.204
7134,víbora,0,noun,2623,4.204
7135,casinha,0,adj,2621,4.201
7136,papi,0,unk,2621,4.201
7137,estabilidade,0,noun,2620,4.199
7138,proa,0,noun,2620,4.199
7139,incomodar-te,0,unk,2619,4.198
7140,shots,0,unk,2619,4.198
7141,competitivo,0,noun,2617,4.195
7142,cínico,0,adj,2616,4.193
7143,devastar,0,verb,2616,4.193
7144,repetição,0,noun,2616,4.193
7145,stock,0,unk,2615,4.191
7146,credencial,0,adj,2614,4.190
7147,extremidade,0,noun,2614,4.190
7148,pinça,0,noun,2614,4.190
7149,covil,0,unk,2613,4.188
7150,horrendo,0,noun,2612,4.186
7151,aparente,0,adj,2611,4.185
7152,fileira,0,noun,2610,4.183
7153,oponente,0,adj,2610,4.183
7154,espécime,0,unk,2609,4.182
7155,produtivo,0,noun,2608,4.180
7156,falar-te,0,unk,2607,4.178
7157,incorreto,0,noun,2607,4.178
7158,baú,0,unk,2606,4.177
7159,don't,0,unk,2604,4.174
7160,ementa,0,noun,2603,4.172
7161,persistente,0,adj,2603,4.172
7162,bronzeado,0,noun,2602,4.170
7163,vertical,0,adj,2601,4.169
7164,du,0,unk,2600,4.167
7165,formalidade,0,noun,2600,4.167
7166,redimir,0,verb,2600,4.167
7167,ardente,0,adj,2597,4.162
7168,conta-nos,0,unk,2597,4.162
7169,exaltar,0,verb,2597,4.162
7170,titã,0,unk,2597,4.162
7171,chili,0,unk,2596,4.161
7172,exorcismo,0,noun,2596,4.161
7173,riacho,0,noun,2596,4.161
7174,calcanhar,0,verb,2594,4.158
7175,vice,0,noun,2594,4.158
7176,afortunar,0,verb,2593,4.156
7177,contar-nos,0,unk,2593,4.156
7178,estritamente,0,adv,2592,4.154
7179,kaboom,0,unk,2591,4.153
7180,amnésia,0,noun,2589,4.150
7181,foca,0,noun,2589,4.150
7182,bruxaria,0,noun,2588,4.148
7183,feto,0,noun,2587,4.146
7184,alumínio,0,noun,2586,4.145
7185,saquear,0,verb,2585,4.143
7186,sultão,0,noun,2585,4.143
7187,entes queridos,1,mwe,2584,4.142
7188,intensivo,0,noun,2584,4.142
7189,rabugento,0,noun,2584,4.142
7190,marinho,0,adj,2583,4.140
7191,setenta,0,num,2583,4.140
7192,hacker,0,verb,2582,4.138
7193,suavemente,0,adv,2582,4.138
7194,get,0,unk,2581,4.137
7195,apreensão,0,noun,2580,4.135
7196,cantina,0,adj,2580,4.135
7197,diplomata,0,noun,2580,4.135
7198,dígito,0,noun,2580,4.135
7199,relações públicas,1,mwe,2580,4.135
7200,união soviética,1,mwe,2580,4.135
7201,what,0,unk,2580,4.135
7202,graxa,0,noun,2579,4.134
7203,interminável,0,adj,2579,4.134
7204,confortar,0,verb,2578,4.132
7205,desconfiado,0,noun,2578,4.132
7206,gere,0,unk,2578,4.132
7207,ultra,0,noun,2578,4.132
7208,neurológico,0,adj,2577,4.130
7209,esqui,0,unk,2576,4.129
7210,pi,0,unk,2576,4.129
7211,arquitetura,0,noun,2574,4.126
7212,contrabandista,0,noun,2574,4.126
7213,tutor,0,unk,2574,4.126
7214,vedar,0,verb,2574,4.126
7215,vendê-lo,0,noun,2574,4.126
7216,compensação,0,noun,2572,4.122
7217,escavação,0,noun,2572,4.122
7218,fedorento,0,noun,2571,4.121
7219,reta,0,noun,2571,4.121
7220,convencer-me,0,unk,2570,4.119
7221,descontar,0,verb,2570,4.119
7222,asma,0,noun,2568,4.116
7223,matulão,0,noun,2568,4.116
7224,patrocinar,0,verb,2568,4.116
7225,retrete,0,unk,2568,4.116
7226,apoiante,0,unk,2567,4.114
7227,honor,0,unk,2567,4.114
7228,madrinha,0,adj,2567,4.114
7229,suprimento,0,noun,2566,4.113
7230,recetor,0,unk,2565,4.111
7231,sair-te,0,unk,2565,4.111
7232,donut,0,unk,2564,4.110
7233,marioneta,0,noun,2564,4.110
7234,ópio,0,noun,2564,4.110
7235,falhanço,0,noun,2562,4.106
7236,aeronave,0,unk,2561,4.105
7237,constrangedor,0,noun,2559,4.102
7238,inicialmente,0,adv,2559,4.102
7239,ameaçar-me,0,unk,2558,4.100
7240,demolir,0,verb,2558,4.100
7241,peluche,0,unk,2557,4.098
7242,sobrevoar,0,verb,2557,4.098
7243,mesquinho,0,adj,2556,4.097
7244,fornecimento,0,noun,2555,4.095
7245,equivalente,0,adj,2554,4.094
7246,escovar,0,verb,2554,4.094
7247,anima-te,0,unk,2553,4.092
7248,contrariar,0,verb,2553,4.092
7249,explicar-lhe,0,unk,2551,4.089
7250,gelatina,0,adj,2550,4.087
7251,esmeralda,0,noun,2549,4.086
7252,indicador,0,noun,2549,4.086
7253,juvenil,0,unk,2549,4.086
7254,mutuamente,0,adv,2549,4.086
7255,redenção,0,noun,2549,4.086
7256,ages,0,unk,2548,4.084
7257,contou-te,0,unk,2548,4.084
7258,filósofo,0,noun,2548,4.084
7259,prometo-lhe,0,unk,2548,4.084
7260,mercúrio,0,noun,2547,4.082
7261,costura,0,noun,2545,4.079
7262,desertor,0,unk,2544,4.078
7263,dezassete,0,num,2544,4.078
7264,waffles,0,unk,2543,4.076
7265,auxílio,0,noun,2542,4.074
7266,minar,0,verb,2542,4.074
7267,cadeado,0,noun,2541,4.073
7268,legítima defesa,1,mwe,2541,4.073
7269,wraith,0,unk,2541,4.073
7270,lápide,0,noun,2540,4.071
7271,inundação,0,noun,2538,4.068
7272,discretamente,0,adv,2536,4.065
7273,tagarelar,0,verb,2536,4.065
7274,obsceno,0,noun,2535,4.063
7275,estalo,0,noun,2534,4.061
7276,canalização,0,noun,2533,4.060
7277,correia,0,noun,2533,4.060
7278,joia,0,noun,2531,4.057
7279,molécula,0,noun,2531,4.057
7280,ioga,0,noun,2530,4.055
7281,anatomia,0,noun,2529,4.053
7282,insano,0,adj,2528,4.052
7283,pergunta-me,0,unk,2528,4.052
7284,rastro,0,noun,2526,4.049
7285,regar,0,verb,2526,4.049
7286,ajuda-o,0,unk,2525,4.047
7287,descolagem,0,noun,2525,4.047
7288,preocupante,0,unk,2525,4.047
7289,this,0,unk,2525,4.047
7290,baunilha,0,noun,2524,4.045
7291,frustração,0,noun,2524,4.045
7292,reescrever,0,verb,2523,4.044
7293,tecnológico,0,adj,2522,4.042
7294,acessório,0,noun,2521,4.041
7295,maxilar,0,verb,2521,4.041
7296,psicótico,0,adj,2519,4.037
7297,avozinha,0,adj,2518,4.036
7298,contracto,0,noun,2518,4.036
7299,deliberadamente,0,adv,2518,4.036
7300,esgotado,0,noun,2518,4.036
7301,especular,0,verb,2518,4.036
7302,pistoleiro,0,noun,2518,4.036
7303,trunfo,0,noun,2518,4.036
7304,valentão,0,noun,2518,4.036
7305,alga,0,noun,2517,4.034
7306,funcional,0,adj,2517,4.034
7307,heil,0,unk,2517,4.034
7308,digo-lhes,0,unk,2516,4.033
7309,mentiu-me,0,unk,2516,4.033
7310,suíço,0,noun,2516,4.033
7311,contei-lhe,0,unk,2514,4.029
7312,explica-me,0,unk,2514,4.029
7313,rebocar,0,verb,2514,4.029
7314,diligência,0,noun,2512,4.026
7315,mágoa,0,noun,2511,4.025
7316,algemado,0,noun,2510,4.023
7317,diálogo,0,noun,2510,4.023
7318,pisa,0,noun,2510,4.023
7319,afligir,0,verb,2509,4.021
7320,constipação,0,noun,2507,4.018
7321,pentear,0,verb,2507,4.018
7322,protestante,0,unk,2507,4.018
7323,pupila,0,noun,2507,4.018
7324,intensidade,0,noun,2506,4.017
7325,condomínio,0,noun,2505,4.015
7326,indelicado,0,noun,2505,4.015
7327,ingerir,0,verb,2504,4.013
7328,assegura-te,0,unk,2502,4.010
7329,insanidade,0,noun,2502,4.010
7330,teoricamente,0,adv,2501,4.009
7331,apontamento,0,noun,2500,4.007
7332,carril,0,unk,2499,4.005
7333,esfomear,0,verb,2499,4.005
7334,celestial,0,adj,2497,4.002
7335,urânio,0,noun,2497,4.002
7336,mamar,0,verb,2496,4.001
7337,gracioso,0,adj,2495,3.999
7338,palmada,0,noun,2494,3.997
7339,magia negra,1,mwe,2493,3.996
7340,nomeação,0,noun,2493,3.996
7341,guarda-roupa,0,noun,2491,3.993
7342,pediram-me,0,unk,2491,3.993
7343,bruxo,0,noun,2490,3.991
7344,denúncia,0,noun,2490,3.991
7345,obrigadinho,0,adj,2490,3.991
7346,monstruoso,0,adj,2489,3.989
7347,perdoo-te,0,unk,2488,3.988
7348,ahh,0,unk,2487,3.986
7349,peculiar,0,verb,2487,3.986
7350,consistir,0,verb,2486,3.985
7351,divertimo-nos,0,unk,2486,3.985
7352,devastador,0,noun,2484,3.981
7353,est,0,unk,2484,3.981
7354,encravar,0,verb,2483,3.980
7355,cósmico,0,adj,2482,3.978
7356,gemer,0,verb,2482,3.978
7357,sádico,0,adj,2482,3.978
7358,porte,0,unk,2481,3.977
7359,klingon,0,unk,2480,3.975
7360,sonoro,0,noun,2480,3.975
7361,mostro-lhe,0,unk,2479,3.973
7362,árduo,0,noun,2479,3.973
7363,vingar-se,0,unk,2478,3.972
7364,economizar,0,verb,2477,3.970
7365,madrasta,0,noun,2477,3.970
7366,teso,0,unk,2477,3.970
7367,automaticamente,0,adv,2475,3.967
7368,incompleto,0,noun,2475,3.967
7369,receitar,0,verb,2475,3.967
7370,saudita,0,noun,2475,3.967
7371,bunda,0,noun,2474,3.965
7372,costa leste,1,mwe,2474,3.965
7373,gangs,0,unk,2473,3.964
7374,incisão,0,noun,2472,3.962
7375,mendigo,0,noun,2472,3.962
7376,acompanhar-me,0,unk,2470,3.959
7377,perturbação,0,noun,2470,3.959
7378,beijar-te,0,unk,2468,3.956
7379,chamaste-me,0,unk,2468,3.956
7380,caligrafia,0,noun,2466,3.952
7381,ótico,0,adj,2466,3.952
7382,empate,0,unk,2465,3.951
7383,frota estelar,1,mwe,2465,3.951
7384,tédio,0,noun,2465,3.951
7385,raciocínio,0,noun,2464,3.949
7386,seguradora,0,noun,2464,3.949
7387,detonação,0,noun,2463,3.948
7388,imune,0,unk,2463,3.948
7389,confidencialidade,0,noun,2462,3.946
7390,download,0,unk,2461,3.944
7391,goma,0,noun,2459,3.941
7392,fazem-me,0,unk,2458,3.940
7393,speed,0,unk,2458,3.940
7394,distanciar,0,verb,2457,3.938
7395,farmacêutica,0,adj,2457,3.938
7396,permanentemente,0,adv,2457,3.938
7397,plenamente,0,adv,2457,3.938
7398,repetidamente,0,adv,2457,3.938
7399,sobrenome,0,unk,2457,3.938
7400,trocado,0,noun,2457,3.938
7401,disseram-nos,0,unk,2456,3.936
7402,entupir,0,verb,2456,3.936
7403,contactá-lo,0,noun,2453,3.932
7404,exilar,0,verb,2453,3.932
7405,sacramento,0,noun,2453,3.932
7406,silenciar,0,verb,2453,3.932
7407,orquídea,0,unk,2452,3.930
7408,segura-o,0,unk,2452,3.930
7409,conveniência,0,noun,2450,3.927
7410,tecla,0,noun,2450,3.927
7411,camuflagem,0,noun,2448,3.924
7412,marítimo,0,noun,2448,3.924
7413,protejam-se,0,unk,2448,3.924
7414,atacante,0,unk,2447,3.922
7415,cônsul,0,unk,2447,3.922
7416,escorregadio,0,noun,2447,3.922
7417,folheto,0,noun,2447,3.922
7418,ofereceu-me,0,unk,2446,3.920
7419,camarote,0,unk,2443,3.916
7420,adega,0,noun,2441,3.912
7421,retaliação,0,noun,2441,3.912
7422,efeitos secundários,1,mwe,2440,3.911
7423,estufa,0,unk,2440,3.911
7424,imperatriz,0,unk,2440,3.911
7425,password,0,unk,2440,3.911
7426,transparente,0,adj,2440,3.911
7427,borracho,0,noun,2437,3.906
7428,dicionário,0,noun,2437,3.906
7429,publicitário,0,noun,2437,3.906
7430,esconder-te,0,unk,2436,3.904
7431,xarope,0,unk,2436,3.904
7432,coitada,0,noun,2434,3.901
7433,fenomenal,0,adj,2434,3.901
7434,casou-se,0,unk,2433,3.900
7435,tenho-a,0,unk,2433,3.900
7436,bombordo,0,noun,2432,3.898
7437,delírio,0,noun,2432,3.898
7438,dental,0,adj,2432,3.898
7439,suster,0,verb,2432,3.898
7440,forcar,0,verb,2431,3.896
7441,conhece-me,0,unk,2430,3.895
7442,consumidor,0,noun,2430,3.895
7443,bom-dia,0,noun,2429,3.893
7444,sê-lo,0,noun,2429,3.893
7445,negligência,0,noun,2428,3.892
7446,pergunte-lhe,0,unk,2426,3.888
7447,penitenciária,0,noun,2424,3.885
7448,primário,0,noun,2424,3.885
7449,namoriscar,0,verb,2423,3.884
7450,aventureiro,0,noun,2422,3.882
7451,diz-te,0,unk,2422,3.882
7452,interrompido,0,noun,2422,3.882
7453,lançador,0,noun,2422,3.882
7454,on-line,0,unk,2421,3.880
7455,turístico,0,adj,2421,3.880
7456,fodida,0,noun,2420,3.879
7457,desastrado,0,noun,2419,3.877
7458,médico-legista,0,noun,2418,3.876
7459,substituição,0,noun,2418,3.876
7460,ameaçador,0,noun,2417,3.874
7461,ditador,0,noun,2417,3.874
7462,magoá-la,0,noun,2417,3.874
7463,manipulação,0,noun,2417,3.874
7464,igualar,0,verb,2416,3.872
7465,município,0,noun,2416,3.872
7466,sai-me,0,unk,2416,3.872
7467,subida,0,noun,2416,3.872
7468,avise-me,0,unk,2415,3.871
7469,cabedal,0,adj,2415,3.871
7470,carrasco,0,noun,2415,3.871
7471,comê-lo,0,noun,2415,3.871
7472,he,0,unk,2415,3.871
7473,aproximar-me,0,unk,2413,3.868
7474,destroçar,0,verb,2413,3.868
7475,excursão,0,noun,2413,3.868
7476,baixinho,0,adj,2412,3.866
7477,chimpanzé,0,unk,2411,3.864
7478,editar,0,verb,2411,3.864
7479,ereção,0,noun,2411,3.864
7480,chatear-me,0,unk,2410,3.863
7481,fedelho,0,noun,2410,3.863
7482,guisado,0,noun,2410,3.863
7483,impulsivo,0,noun,2409,3.861
7484,minoria,0,noun,2409,3.861
7485,louça,0,noun,2407,3.858
7486,ouvinte,0,unk,2407,3.858
7487,vaidade,0,noun,2407,3.858
7488,coitadinho,0,adj,2406,3.856
7489,irmãzinha,0,adj,2406,3.856
7490,ajudem-nos,0,unk,2405,3.855
7491,aproximar-nos,0,unk,2405,3.855
7492,cargueiro,0,noun,2405,3.855
7493,escaldante,0,unk,2404,3.853
7494,crónico,0,adj,2403,3.852
7495,encontra-o,0,unk,2403,3.852
7496,medrica,0,adj,2403,3.852
7497,nascença,0,noun,2402,3.850
7498,orgia,0,noun,2401,3.848
7499,pica,0,adj,2401,3.848
7500,impróprio,0,noun,2400,3.847
7501,teórico,0,adj,2399,3.845
7502,acolhedor,0,noun,2398,3.843
7503,espartano,0,adj,2398,3.843
7504,rebolar,0,verb,2398,3.843
7505,ajude-nos,0,unk,2397,3.842
7506,boys,0,unk,2397,3.842
7507,levem-nos,0,unk,2397,3.842
7508,mauzão,0,noun,2397,3.842
7509,pulmonar,0,verb,2397,3.842
7510,set,0,unk,2397,3.842
7511,balanço,0,noun,2396,3.840
7512,racial,0,adj,2396,3.840
7513,quer-te,0,unk,2395,3.839
7514,quadrados,0,unk,2393,3.835
7515,sola,0,noun,2393,3.835
7516,fá-lo-ei,0,unk,2392,3.834
7517,servos,0,unk,2392,3.834
7518,hipnotizar,0,verb,2391,3.832
7519,engasgar,0,verb,2390,3.831
7520,gentilmente,0,adv,2390,3.831
7521,premir,0,verb,2390,3.831
7522,desmascarar,0,verb,2389,3.829
7523,matriz,0,unk,2389,3.829
7524,contestar,0,verb,2388,3.827
7525,desabar,0,verb,2388,3.827
7526,tira-lhe,0,unk,2388,3.827
7527,vigor,0,unk,2388,3.827
7528,belga,0,noun,2386,3.824
7529,chacinar,0,verb,2386,3.824
7530,controla-te,0,unk,2386,3.824
7531,desenrascar,0,verb,2384,3.821
7532,superstição,0,noun,2384,3.821
7533,pintado,0,noun,2383,3.819
7534,pára-brisas,0,unk,2383,3.819
7535,roubar-me,0,unk,2383,3.819
7536,conquistador,0,noun,2382,3.818
7537,correspondente,0,adj,2382,3.818
7538,semear,0,verb,2382,3.818
7539,assustou-me,0,unk,2381,3.816
7540,destruíste,0,unk,2380,3.815
7541,procuradoria,0,noun,2380,3.815
7542,sarcasmo,0,noun,2380,3.815
7543,canalizar,0,verb,2379,3.813
7544,donativo,0,noun,2378,3.811
7545,dorido,0,noun,2378,3.811
7546,existente,0,adj,2378,3.811
7547,xeque,0,unk,2378,3.811
7548,coágulo,0,noun,2377,3.810
7549,numas,0,unk,2377,3.810
7550,pôr-nos,0,unk,2377,3.810
7551,interagir,0,verb,2375,3.807
7552,preocupar-se,0,unk,2375,3.807
7553,vovó,0,unk,2375,3.807
7554,pedacinho,0,adj,2374,3.805
7555,quinhentos,0,unk,2374,3.805
7556,mobilizar,0,verb,2373,3.803
7557,centrar,0,verb,2372,3.802
7558,gorducho,0,noun,2372,3.802
7559,mandei-o,0,unk,2372,3.802
7560,burocracia,0,noun,2371,3.800
7561,ferry,0,unk,2371,3.800
7562,preconceito,0,noun,2371,3.800
7563,proporção,0,noun,2371,3.800
7564,abri-la,0,noun,2370,3.799
7565,entäo,0,unk,2370,3.799
7566,mando-te,0,unk,2370,3.799
7567,assobiar,0,verb,2369,3.797
7568,perfuração,0,noun,2369,3.797
7569,subsídio,0,noun,2369,3.797
7570,variável,0,adj,2369,3.797
7571,tire-me,0,unk,2367,3.794
7572,apanhou-o,0,unk,2364,3.789
7573,moda antiga,1,mwe,2363,3.787
7574,escravizar,0,verb,2362,3.786
7575,nabo,0,noun,2362,3.786
7576,administrativo,0,noun,2361,3.784
7577,central park,1,mwe,2361,3.784
7578,porta-voz,0,unk,2361,3.784
7579,condecorar,0,verb,2360,3.783
7580,fumador,0,noun,2360,3.783
7581,prometeu-me,0,unk,2359,3.781
7582,hino,0,adj,2358,3.779
7583,quarterback,0,unk,2358,3.779
7584,baba,0,unk,2357,3.778
7585,conhecem-se,0,unk,2357,3.778
7586,propriedade privada,1,mwe,2355,3.775
7587,rejeição,0,noun,2355,3.775
7588,ate,0,unk,2354,3.773
7589,exílio,0,noun,2354,3.773
7590,privar,0,verb,2354,3.773
7591,moca,0,noun,2353,3.771
7592,agarrem-no,0,unk,2352,3.770
7593,corporativo,0,noun,2352,3.770
7594,hectare,0,unk,2352,3.770
7595,poker,0,verb,2352,3.770
7596,caldeira,0,noun,2351,3.768
7597,galdéria,0,noun,2351,3.768
7598,sucumbir,0,verb,2351,3.768
7599,barricada,0,noun,2350,3.767
7600,cana,0,adj,2349,3.765
7601,entendimento,0,noun,2349,3.765
7602,inchaço,0,noun,2349,3.765
7603,alfaiate,0,unk,2348,3.763
7604,estoirar,0,verb,2348,3.763
7605,óbito,0,noun,2348,3.763
7606,quentinho,0,adj,2347,3.762
7607,saliva,0,noun,2346,3.760
7608,ambulante,0,unk,2345,3.759
7609,caloroso,0,adj,2345,3.759
7610,páre,0,unk,2345,3.759
7611,ba,0,unk,2344,3.757
7612,incomodá-la,0,noun,2344,3.757
7613,desembucha,0,noun,2343,3.755
7614,taberna,0,noun,2343,3.755
7615,robots,0,unk,2342,3.754
7616,asseguro-lhe,0,unk,2341,3.752
7617,fraturar,0,verb,2341,3.752
7618,delinquente,0,adj,2340,3.751
7619,dinamarquês,0,adj,2340,3.751
7620,esquiar,0,verb,2339,3.749
7621,quero-os,0,unk,2339,3.749
7622,surfar,0,verb,2339,3.749
7623,beijinho,0,adj,2337,3.746
7624,urna,0,noun,2337,3.746
7625,desajeitado,0,noun,2336,3.744
7626,matou-se,0,unk,2335,3.743
7627,trouxe-a,0,unk,2335,3.743
7628,fusível,0,adj,2334,3.741
7629,envenenamento,0,noun,2333,3.739
7630,atendedor,0,noun,2332,3.738
7631,toupeira,0,noun,2332,3.738
7632,popa,0,noun,2329,3.733
7633,recepcionista,0,noun,2329,3.733
7634,cafeína,0,unk,2328,3.731
7635,negociante,0,unk,2328,3.731
7636,perseguidor,0,noun,2328,3.731
7637,cabeleireiro,0,noun,2327,3.730
7638,mostra-lhes,0,unk,2327,3.730
7639,humilhado,0,noun,2326,3.728
7640,voçê,0,unk,2325,3.726
7641,aveia,0,noun,2324,3.725
7642,desmantelar,0,verb,2324,3.725
7643,fração,0,noun,2324,3.725
7644,natação,0,noun,2324,3.725
7645,fode,0,noun,2323,3.723
7646,incitar,0,verb,2323,3.723
7647,agravar,0,verb,2322,3.722
7648,hostilidade,0,noun,2322,3.722
7649,idiotice,0,noun,2322,3.722
7650,vil,0,unk,2322,3.722
7651,carpinteiro,0,noun,2319,3.717
7652,acolhimento,0,noun,2318,3.715
7653,dês ouvidos,1,mwe,2318,3.715
7654,enxaqueca,0,noun,2318,3.715
7655,mata-os,0,unk,2318,3.715
7656,medieval,0,adj,2318,3.715
7657,encerramento,0,noun,2317,3.714
7658,espreita,0,noun,2316,3.712
7659,pegajoso,0,adj,2316,3.712
7660,vendar,0,verb,2316,3.712
7661,viste-a,0,unk,2316,3.712
7662,arrombamento,0,noun,2314,3.709
7663,deputado,0,noun,2314,3.709
7664,aldeão,0,noun,2313,3.707
7665,dote,0,unk,2313,3.707
7666,polo,0,noun,2312,3.706
7667,tossir,0,verb,2312,3.706
7668,alien,0,unk,2311,3.704
7669,encantar,0,verb,2310,3.702
7670,ponham-no,0,unk,2309,3.701
7671,toxicológico,0,adj,2309,3.701
7672,todavia,0,conj,2308,3.699
7673,rondar,0,verb,2307,3.698
7674,solte-me,0,unk,2306,3.696
7675,ventilador,0,noun,2306,3.696
7676,concentre-se,0,unk,2304,3.693
7677,contração,0,noun,2304,3.693
7678,tolerância,0,noun,2304,3.693
7679,súbdito,0,noun,2303,3.691
7680,deixe-os,0,unk,2302,3.690
7681,encriptar,0,verb,2302,3.690
7682,concelho,0,noun,2301,3.688
7683,empresarial,0,adj,2301,3.688
7684,presunçoso,0,adj,2301,3.688
7685,ocorrência,0,noun,2300,3.686
7686,afugentar,0,verb,2299,3.685
7687,grelhar,0,verb,2299,3.685
7688,cravar,0,verb,2298,3.683
7689,rena,0,noun,2298,3.683
7690,empreiteiro,0,noun,2297,3.682
7691,prado,0,noun,2297,3.682
7692,punhado,0,noun,2297,3.682
7693,sobrevivo,0,noun,2297,3.682
7694,palhaçada,0,noun,2296,3.680
7695,sanguessuga,0,noun,2296,3.680
7696,elfo,0,noun,2295,3.678
7697,caviar,0,verb,2294,3.677
7698,disse-o,0,unk,2294,3.677
7699,perspicaz,0,unk,2294,3.677
7700,fazendeiro,0,noun,2293,3.675
7701,preparar-nos,0,unk,2293,3.675
7702,bilhões,0,noun,2292,3.674
7703,colaborador,0,noun,2292,3.674
7704,luisadom,0,unk,2292,3.674
7705,genital,0,adj,2291,3.672
7706,trata-me,0,unk,2290,3.670
7707,deficiência,0,noun,2289,3.669
7708,estojo,0,noun,2288,3.667
7709,eramos,0,unk,2287,3.666
7710,essencialmente,0,adv,2287,3.666
7711,bisturi,0,unk,2286,3.664
7712,metanfetaminas,0,unk,2286,3.664
7713,desrespeito,0,noun,2284,3.661
7714,charada,0,noun,2283,3.659
7715,deixaram-me,0,unk,2283,3.659
7716,ecstasy,0,unk,2283,3.659
7717,espirrar,0,verb,2282,3.658
7718,concentrar-nos,0,unk,2281,3.656
7719,enxerto,0,noun,2281,3.656
7720,sabonete,0,unk,2281,3.656
7721,trator,0,unk,2281,3.656
7722,fundamento,0,noun,2280,3.654
7723,prevalecer,0,verb,2280,3.654
7724,empenhar,0,verb,2279,3.653
7725,ileso,0,unk,2279,3.653
7726,proteger-nos,0,unk,2278,3.651
7727,delegação,0,noun,2277,3.650
7728,vê-me,0,unk,2277,3.650
7729,desertar,0,verb,2276,3.648
7730,hera,0,noun,2275,3.646
7731,ascender,0,verb,2274,3.645
7732,encontro-me,0,unk,2274,3.645
7733,licor,0,unk,2274,3.645
7734,recrutamento,0,noun,2274,3.645
7735,amora,0,noun,2273,3.643
7736,desemprego,0,noun,2273,3.643
7737,ceia,0,noun,2271,3.640
7738,idioma,0,noun,2271,3.640
7739,tripulante,0,unk,2271,3.640
7740,creche,0,unk,2270,3.638
7741,oprimir,0,verb,2270,3.638
7742,pretexto,0,noun,2270,3.638
7743,tira-nos,0,unk,2269,3.637
7744,fazem-no,0,unk,2268,3.635
7745,know,0,unk,2268,3.635
7746,mamífero,0,noun,2268,3.635
7747,cativeiro,0,noun,2267,3.634
7748,repor,0,unk,2266,3.632
7749,bombear,0,verb,2265,3.630
7750,padaria,0,noun,2265,3.630
7751,ressonar,0,verb,2265,3.630
7752,restos mortais,1,mwe,2265,3.630
7753,abandono,0,noun,2262,3.626
7754,duração,0,noun,2262,3.626
7755,mastro,0,noun,2262,3.626
7756,focado,0,noun,2261,3.624
7757,temporada episódio,1,mwe,2260,3.622
7758,blues,0,unk,2259,3.621
7759,vejo-a,0,unk,2259,3.621
7760,vácuo,0,noun,2259,3.621
7761,aviação,0,noun,2258,3.619
7762,vendê-la,0,noun,2258,3.619
7763,baza,0,noun,2256,3.616
7764,escusado,0,noun,2256,3.616
7765,peço-vos,0,unk,2256,3.616
7766,iraniano,0,adj,2255,3.614
7767,pede-lhe,0,unk,2255,3.614
7768,prejuízo,0,unk,2255,3.614
7769,subsolo,0,noun,2255,3.614
7770,enviar-te,0,unk,2254,3.613
7771,incentivar,0,verb,2254,3.613
7772,usá-las,0,unk,2254,3.613
7773,geneticamente,0,adv,2252,3.609
7774,perdeu-se,0,unk,2252,3.609
7775,pretendente,0,adj,2252,3.609
7776,privilegiar,0,verb,2252,3.609
7777,azeitona,0,noun,2251,3.608
7778,camarim,0,unk,2251,3.608
7779,fodidos,0,unk,2251,3.608
7780,sabre,0,unk,2250,3.606
7781,agua,0,noun,2249,3.605
7782,deixaste-o,0,unk,2249,3.605
7783,poético,0,adj,2249,3.605
7784,recordo-me,0,unk,2249,3.605
7785,rinoceronte,0,unk,2249,3.605
7786,encontro-te,0,unk,2248,3.603
7787,lula,0,noun,2248,3.603
7788,seguir-te,0,unk,2247,3.601
7789,culpar-me,0,unk,2246,3.600
7790,contaminação,0,noun,2245,3.598
7791,obrigar-me,0,unk,2245,3.598
7792,imobilizar,0,verb,2244,3.597
7793,revogar,0,verb,2244,3.597
7794,admiração,0,noun,2243,3.595
7795,chuto,0,noun,2243,3.595
7796,idéias,0,unk,2243,3.595
7797,pickle,0,unk,2242,3.593
7798,camisolas,0,unk,2241,3.592
7799,digerir,0,verb,2241,3.592
7800,strike,0,unk,2241,3.592
7801,flauta,0,noun,2238,3.587
7802,principio,0,noun,2238,3.587
7803,pureza,0,noun,2237,3.585
7804,rapaziada,0,noun,2237,3.585
7805,deixai-me,0,unk,2234,3.581
7806,espiral,0,adj,2232,3.577
7807,milénio,0,noun,2232,3.577
7808,poster,0,verb,2232,3.577
7809,milagroso,0,adj,2231,3.576
7810,amanha,0,noun,2230,3.574
7811,ditar,0,verb,2230,3.574
7812,apurar,0,verb,2229,3.573
7813,dormente,0,adv,2228,3.571
7814,incerto,0,noun,2227,3.569
7815,merecedor,0,noun,2227,3.569
7816,queres-me,0,unk,2227,3.569
7817,bexiga,0,noun,2226,3.568
7818,sémen,0,unk,2226,3.568
7819,beliche,0,unk,2223,3.563
7820,atracar,0,verb,2222,3.561
7821,villa,0,noun,2222,3.561
7822,apanha-a,0,unk,2221,3.560
7823,coreano,0,adj,2221,3.560
7824,custou-me,0,unk,2221,3.560
7825,decrescente,0,adj,2221,3.560
7826,novela,0,noun,2220,3.558
7827,life,0,unk,2219,3.557
7828,multar,0,verb,2219,3.557
7829,paisana,0,adj,2219,3.557
7830,ofensas,0,unk,2218,3.555
7831,tático,0,adj,2218,3.555
7832,simplificar,0,verb,2217,3.553
7833,proclamar,0,verb,2216,3.552
7834,damos-lhe,0,unk,2215,3.550
7835,imitador,0,noun,2214,3.549
7836,tenho-me,0,unk,2214,3.549
7837,variação,0,noun,2214,3.549
7838,casulo,0,noun,2213,3.547
7839,pestanejar,0,verb,2213,3.547
7840,aconselhamento,0,noun,2211,3.544
7841,apanhem-nos,0,unk,2211,3.544
7842,pia,0,noun,2211,3.544
7843,rafeiro,0,noun,2211,3.544
7844,trezentos,0,unk,2211,3.544
7845,agricultura,0,noun,2210,3.542
7846,espesso,0,noun,2210,3.542
7847,alí,0,unk,2208,3.539
7848,vs,0,unk,2207,3.537
7849,luxúria,0,noun,2204,3.533
7850,reabastecer,0,verb,2203,3.531
7851,des,0,unk,2202,3.529
7852,revoltar,0,verb,2202,3.529
7853,emotivo,0,noun,2201,3.528
7854,inexplicável,0,adj,2201,3.528
7855,mesquita,0,noun,2200,3.526
7856,passe-me,0,unk,2200,3.526
7857,estão-se,0,unk,2199,3.525
7858,verter,0,verb,2199,3.525
7859,consolar,0,verb,2198,3.523
7860,devagarinho,0,adj,2197,3.521
7861,dinastia,0,noun,2197,3.521
7862,tocar-me,0,unk,2197,3.521
7863,indecente,0,adj,2196,3.520
7864,insolente,0,adj,2196,3.520
7865,matemático,0,adj,2196,3.520
7866,dão-nos,0,unk,2195,3.518
7867,finalizar,0,verb,2194,3.517
7868,sopro,0,noun,2193,3.515
7869,molecular,0,verb,2192,3.513
7870,detê-los,0,unk,2191,3.512
7871,infração,0,noun,2191,3.512
7872,odeio-o,0,unk,2191,3.512
7873,repensar,0,verb,2191,3.512
7874,cambada,0,noun,2190,3.510
7875,acusar-me,0,unk,2189,3.509
7876,devolvê-lo,0,noun,2189,3.509
7877,semáforo,0,noun,2188,3.507
7878,arrendar,0,verb,2187,3.505
7879,deixo-o,0,unk,2187,3.505
7880,desorientado,0,noun,2187,3.505
7881,recebê-lo,0,noun,2187,3.505
7882,tirem-nos,0,unk,2187,3.505
7883,flagrante,0,unk,2186,3.504
7884,arranjo-te,0,unk,2185,3.502
7885,assinaturas,0,unk,2185,3.502
7886,atacou-me,0,unk,2185,3.502
7887,radio,0,noun,2185,3.502
7888,camionista,0,noun,2184,3.500
7889,meditar,0,verb,2184,3.500
7890,quota,0,noun,2184,3.500
7891,manualmente,0,adv,2183,3.499
7892,playboy,0,unk,2183,3.499
7893,sossego,0,noun,2183,3.499
7894,escalada,0,noun,2182,3.497
7895,médium,0,unk,2182,3.497
7896,providência,0,noun,2182,3.497
7897,agarra-o,0,unk,2180,3.494
7898,shopping,0,unk,2180,3.494
7899,doutoramento,0,noun,2177,3.489
7900,canibal,0,adj,2176,3.488
7901,fóssil,0,unk,2176,3.488
7902,viral,0,adj,2176,3.488
7903,apanharam-no,0,unk,2175,3.486
7904,dizimar,0,verb,2175,3.486
7905,lúcido,0,noun,2175,3.486
7906,melão,0,noun,2175,3.486
7907,condizer,0,verb,2174,3.484
7908,embrulho,0,noun,2174,3.484
7909,ter-vos,0,unk,2174,3.484
7910,traumático,0,adj,2174,3.484
7911,demolição,0,noun,2173,3.483
7912,fritos,0,unk,2172,3.481
7913,fértil,0,unk,2172,3.481
7914,humanitário,0,noun,2172,3.481
7915,salvar-nos,0,unk,2172,3.481
7916,multibanco,0,noun,2170,3.478
7917,emboscar,0,verb,2169,3.476
7918,qué,0,unk,2169,3.476
7919,sonar,0,verb,2169,3.476
7920,tópico,0,adj,2169,3.476
7921,aspirador,0,noun,2168,3.475
7922,babysitter,0,verb,2168,3.475
7923,peixinho,0,adj,2167,3.473
7924,pum,0,unk,2167,3.473
7925,desprevenir,0,verb,2166,3.472
7926,largura,0,noun,2166,3.472
7927,picha,0,noun,2166,3.472
7928,baço,0,noun,2165,3.470
7929,miniatura,0,noun,2165,3.470
7930,amplo,0,noun,2164,3.468
7931,bebedeira,0,noun,2163,3.467
7932,piolho,0,noun,2163,3.467
7933,alce,0,unk,2161,3.464
7934,evitá-lo,0,noun,2161,3.464
7935,borrifar,0,verb,2160,3.462
7936,dirijam-se,0,unk,2160,3.462
7937,influente,0,adj,2160,3.462
7938,mg,0,unk,2159,3.460
7939,abertamente,0,adv,2158,3.459
7940,principiante,0,unk,2158,3.459
7941,fazer-vos,0,unk,2157,3.457
7942,governante,0,unk,2157,3.457
7943,aproximam-se,0,unk,2155,3.454
7944,delgado,0,noun,2155,3.454
7945,distribuidor,0,noun,2155,3.454
7946,it's,0,unk,2155,3.454
7947,favorável,0,adj,2154,3.452
7948,berrar,0,verb,2153,3.451
7949,escondê-lo,0,noun,2153,3.451
7950,inválido,0,noun,2153,3.451
7951,jardim zoológico,1,mwe,2153,3.451
7952,porção,0,noun,2153,3.451
7953,voltinha,0,adj,2153,3.451
7954,indemnização,0,noun,2152,3.449
7955,neural,0,adj,2152,3.449
7956,arguido,0,noun,2151,3.448
7957,contratempo,0,noun,2151,3.448
7958,turbulência,0,noun,2151,3.448
7959,aprontar,0,verb,2150,3.446
7960,heterossexual,0,adj,2150,3.446
7961,jarro,0,noun,2150,3.446
7962,trapalhada,0,noun,2149,3.444
7963,caca,0,unk,2147,3.441
7964,colarinho,0,adj,2147,3.441
7965,moderar,0,verb,2147,3.441
7966,tromba,0,unk,2146,3.440
7967,cavidade,0,noun,2145,3.438
7968,gracinha,0,adj,2145,3.438
7969,rechear,0,verb,2145,3.438
7970,registro,0,noun,2144,3.436
7971,vitorioso,0,adj,2144,3.436
7972,vocal,0,adj,2144,3.436
7973,contar-lhes,0,unk,2143,3.435
7974,basquete,0,unk,2142,3.433
7975,esquecer-me,0,unk,2142,3.433
7976,matrimónio,0,noun,2142,3.433
7977,descontraído,0,noun,2141,3.432
7978,hidratar,0,verb,2140,3.430
7979,paragem cardíaca,1,mwe,2140,3.430
7980,aterrador,0,noun,2139,3.428
7981,introdução,0,noun,2139,3.428
7982,roedor,0,noun,2139,3.428
7983,pregador,0,noun,2138,3.427
7984,asqueroso,0,adj,2137,3.425
7985,levem-me,0,unk,2137,3.425
7986,porta-bagagens,0,unk,2137,3.425
7987,tumulto,0,noun,2137,3.425
7988,chamam-se,0,unk,2136,3.424
7989,controlá-lo,0,noun,2136,3.424
7990,pneumonia,0,noun,2135,3.422
7991,publicação,0,noun,2135,3.422
7992,registros,0,unk,2135,3.422
7993,culinária,0,noun,2134,3.420
7994,impiedoso,0,adj,2134,3.420
7995,salvá-los,0,unk,2134,3.420
7996,almôndega,0,noun,2133,3.419
7997,decomposição,0,noun,2131,3.416
7998,entediado,0,noun,2130,3.414
7999,desejo-te,0,unk,2129,3.412
8000,mon,0,unk,2129,3.412
8001,barracão,0,noun,2128,3.411
8002,diabete,0,unk,2128,3.411
8003,tranquilizar,0,verb,2128,3.411
8004,concessão,0,noun,2127,3.409
8005,zebra,0,noun,2127,3.409
8006,infame,0,unk,2126,3.408
8007,qualificação,0,noun,2126,3.408
8008,gênio,0,noun,2124,3.404
8009,imaturo,0,noun,2124,3.404
8010,pôr-se,0,unk,2124,3.404
8011,foi-lhe,0,unk,2123,3.403
8012,fuzilar,0,verb,2123,3.403
8013,molestar,0,verb,2123,3.403
8014,habitação,0,noun,2122,3.401
8015,sedento,0,noun,2122,3.401
8016,telefonar-lhe,0,unk,2122,3.401
8017,at,0,unk,2120,3.398
8018,espalhar-se,0,unk,2120,3.398
8019,miuda,0,noun,2120,3.398
8020,passaram-se,0,unk,2120,3.398
8021,tirania,0,noun,2120,3.398
8022,fez-nos,0,unk,2118,3.395
8023,levá-las,0,unk,2118,3.395
8024,libertá-lo,0,noun,2118,3.395
8025,papar,0,verb,2118,3.395
8026,pub,0,unk,2118,3.395
8027,segui-la,0,noun,2118,3.395
8028,transtornar,0,verb,2117,3.393
8029,cone,0,unk,2116,3.392
8030,posar,0,verb,2115,3.390
8031,fiável,0,adj,2114,3.388
8032,radiografia,0,noun,2114,3.388
8033,comprei-te,0,unk,2113,3.387
8034,parâmetro,0,noun,2113,3.387
8035,retaliar,0,verb,2112,3.385
8036,amigão,0,noun,2111,3.383
8037,can,0,unk,2111,3.383
8038,extravagante,0,unk,2111,3.383
8039,hobbit,0,unk,2111,3.383
8040,incendiário,0,noun,2111,3.383
8041,nádega,0,noun,2111,3.383
8042,distorcer,0,verb,2110,3.382
8043,amputar,0,verb,2109,3.380
8044,desimpedir,0,verb,2109,3.380
8045,jornalismo,0,noun,2109,3.380
8046,piça,0,noun,2109,3.380
8047,lagos,0,unk,2108,3.379
8048,manejar,0,verb,2108,3.379
8049,traga-o,0,unk,2108,3.379
8050,compositor,0,unk,2107,3.377
8051,matadouro,0,noun,2107,3.377
8052,obra-prima,0,noun,2107,3.377
8053,recusou-se,0,unk,2107,3.377
8054,destrutivo,0,noun,2106,3.375
8055,espalhem-se,0,unk,2106,3.375
8056,aflito,0,noun,2105,3.374
8057,matar-vos,0,unk,2104,3.372
8058,abri-lo,0,noun,2103,3.371
8059,mandíbula,0,noun,2103,3.371
8060,recinto,0,noun,2103,3.371
8061,trate-me,0,unk,2103,3.371
8062,carinha,0,adj,2102,3.369
8063,precipício,0,noun,2102,3.369
8064,sarcástico,0,adj,2102,3.369
8065,escondam-se,0,unk,2101,3.367
8066,galão,0,noun,2101,3.367
8067,hospício,0,noun,2101,3.367
8068,oui,0,unk,2101,3.367
8069,reconhecimento facial,1,mwe,2101,3.367
8070,ritmo cardíaco,1,mwe,2100,3.366
8071,germe,0,unk,2099,3.364
8072,olímpico,0,adj,2099,3.364
8073,perdi-me,0,unk,2099,3.364
8074,polvo,0,noun,2099,3.364
8075,trago-te,0,unk,2099,3.364
8076,craniano,0,adj,2098,3.363
8077,higiene,0,unk,2098,3.363
8078,projétil,0,unk,2098,3.363
8079,leopardo,0,noun,2097,3.361
8080,purgatório,0,noun,2097,3.361
8081,tona,0,noun,2097,3.361
8082,felicitar,0,verb,2096,3.359
8083,got,0,unk,2096,3.359
8084,hidrogénio,0,noun,2096,3.359
8085,demanda,0,noun,2095,3.358
8086,extenso,0,noun,2095,3.358
8087,marechal,0,adj,2095,3.358
8088,curativo,0,noun,2094,3.356
8089,rótulo,0,noun,2094,3.356
8090,balneário,0,noun,2093,3.355
8091,domar,0,verb,2093,3.355
8092,encontraram-no,0,unk,2093,3.355
8093,entregar-me,0,unk,2093,3.355
8094,gafanhoto,0,noun,2093,3.355
8095,ajoelha-te,0,unk,2092,3.353
8096,carnaval,0,adj,2092,3.353
8097,luminoso,0,adj,2092,3.353
8098,pontual,0,adj,2092,3.353
8099,transpirar,0,verb,2092,3.353
8100,anseio,0,noun,2091,3.351
8101,tens-me,0,unk,2091,3.351
8102,diarreia,0,noun,2090,3.350
8103,divida,0,noun,2090,3.350
8104,instantaneamente,0,adv,2090,3.350
8105,junte-se,0,unk,2090,3.350
8106,maldoso,0,adj,2090,3.350
8107,canhoto,0,noun,2089,3.348
8108,retroceder,0,verb,2089,3.348
8109,trouxeste-me,0,unk,2089,3.348
8110,beijar-me,0,unk,2088,3.347
8111,encontrei-te,0,unk,2088,3.347
8112,ouvir-nos,0,unk,2088,3.347
8113,satisfatório,0,noun,2088,3.347
8114,falante,0,unk,2087,3.345
8115,içar,0,verb,2087,3.345
8116,perdoar-me,0,unk,2087,3.345
8117,soja,0,noun,2087,3.345
8118,chamas-te,0,unk,2086,3.343
8119,mercador,0,noun,2086,3.343
8120,pomba,0,unk,2086,3.343
8121,calminha,0,adj,2084,3.340
8122,dominante,0,unk,2084,3.340
8123,faz-lhe,0,unk,2084,3.340
8124,mandá-la,0,noun,2084,3.340
8125,reunido,0,noun,2084,3.340
8126,separámo-nos,0,unk,2084,3.340
8127,habitat,0,unk,2083,3.339
8128,semanal,0,adj,2083,3.339
8129,critério,0,noun,2082,3.337
8130,levar-vos,0,unk,2082,3.337
8131,abre-a,0,unk,2081,3.335
8132,fá-la,0,noun,2081,3.335
8133,ilustre,0,unk,2081,3.335
8134,voçês,0,adj,2081,3.335
8135,coagir,0,verb,2080,3.334
8136,descontrai-te,0,unk,2079,3.332
8137,eclipse,0,unk,2079,3.332
8138,maluquice,0,noun,2079,3.332
8139,microondas,0,unk,2079,3.332
8140,visualizar,0,verb,2079,3.332
8141,empatia,0,noun,2078,3.331
8142,penhor,0,unk,2078,3.331
8143,compatriota,0,noun,2077,3.329
8144,mija,0,noun,2077,3.329
8145,pingar,0,verb,2077,3.329
8146,tem-no,0,unk,2077,3.329
8147,way,0,unk,2077,3.329
8148,angústia,0,noun,2076,3.327
8149,micro,0,noun,2075,3.326
8150,mimo,0,noun,2074,3.324
8151,hippie,0,unk,2073,3.323
8152,leve-a,0,unk,2073,3.323
8153,democrático,0,adj,2072,3.321
8154,indígena,0,noun,2072,3.321
8155,sigilo,0,noun,2072,3.321
8156,ir-te,0,unk,2071,3.319
8157,fodeste,0,unk,2070,3.318
8158,hot,0,unk,2070,3.318
8159,paralisia,0,noun,2070,3.318
8160,vaqueiro,0,noun,2070,3.318
8161,acasalar,0,verb,2068,3.315
8162,manipulador,0,noun,2068,3.315
8163,voluntariamente,0,adv,2068,3.315
8164,matilha,0,noun,2067,3.313
8165,místico,0,adj,2067,3.313
8166,tombar,0,verb,2067,3.313
8167,autografar,0,verb,2066,3.311
8168,limitação,0,noun,2066,3.311
8169,rifle,0,unk,2066,3.311
8170,deformar,0,verb,2065,3.310
8171,destacamento,0,noun,2065,3.310
8172,gesso,0,noun,2064,3.308
8173,lavatório,0,noun,2064,3.308
8174,like,0,unk,2064,3.308
8175,perdemo-lo,0,noun,2063,3.307
8176,toa,0,noun,2063,3.307
8177,estilhaço,0,noun,2062,3.305
8178,paralisar,0,verb,2060,3.302
8179,sequestrador,0,noun,2060,3.302
8180,tumba,0,unk,2060,3.302
8181,vietnamita,0,noun,2059,3.300
8182,cinturão,0,noun,2058,3.299
8183,colidir,0,verb,2058,3.299
8184,estaleiro,0,noun,2058,3.299
8185,canil,0,unk,2057,3.297
8186,efetivo,0,noun,2057,3.297
8187,ribeiro,0,noun,2056,3.295
8188,ofereceu-se,0,unk,2055,3.294
8189,santificar,0,verb,2055,3.294
8190,subjugar,0,verb,2055,3.294
8191,conhecia-o,0,unk,2054,3.292
8192,otários,0,unk,2054,3.292
8193,besteira,0,noun,2053,3.291
8194,empolgante,0,unk,2053,3.291
8195,contagem decrescente,1,mwe,2052,3.289
8196,preocupar-te,0,unk,2052,3.289
8197,infelicidade,0,noun,2051,3.287
8198,levantamento,0,noun,2050,3.286
8199,dá-ma,0,noun,2049,3.284
8200,comprem,0,noun,2048,3.283
8201,molde,0,noun,2048,3.283
8202,visar,0,verb,2048,3.283
8203,doninha,0,adj,2047,3.281
8204,apressado,0,noun,2046,3.279
8205,elenco,0,noun,2046,3.279
8206,pontapear,0,verb,2046,3.279
8207,refeitório,0,noun,2046,3.279
8208,virou-se,0,unk,2046,3.279
8209,amava-a,0,unk,2045,3.278
8210,pediste-me,0,unk,2044,3.276
8211,contrabandear,0,verb,2043,3.275
8212,suprimir,0,verb,2043,3.275
8213,aprendizagem,0,noun,2042,3.273
8214,estou-lhe,0,unk,2042,3.273
8215,formato,0,noun,2042,3.273
8216,motivado,0,noun,2042,3.273
8217,sociopata,0,noun,2042,3.273
8218,arrepiante,0,unk,2041,3.271
8219,hesitação,0,noun,2041,3.271
8220,pauzinho,0,adj,2041,3.271
8221,aneurisma,0,noun,2040,3.270
8222,bagunça,0,noun,2040,3.270
8223,banhar,0,verb,2039,3.268
8224,intrigante,0,unk,2039,3.268
8225,remotamente,0,adv,2039,3.268
8226,surpreendentemente,0,adv,2038,3.266
8227,adiantamento,0,noun,2036,3.263
8228,apanhei-a,0,unk,2036,3.263
8229,encontrou-a,0,unk,2036,3.263
8230,repreender,0,verb,2036,3.263
8231,adaga,0,noun,2035,3.262
8232,capricho,0,noun,2035,3.262
8233,desamarrar,0,verb,2035,3.262
8234,perdoai-me,0,unk,2035,3.262
8235,comporta,0,noun,2034,3.260
8236,folgar,0,verb,2034,3.260
8237,galáctico,0,adj,2034,3.260
8238,mate-o,0,unk,2034,3.260
8239,punk,0,unk,2034,3.260
8240,sentiu-se,0,unk,2034,3.260
8241,truz,0,unk,2034,3.260
8242,dêem-nos,0,unk,2033,3.258
8243,genro,0,noun,2033,3.258
8244,auto-estima,0,noun,2032,3.257
8245,aquecimento global,1,mwe,2029,3.252
8246,comunicador,0,noun,2028,3.250
8247,evasivo,0,noun,2028,3.250
8248,patim,0,unk,2028,3.250
8249,separem-se,0,unk,2028,3.250
8250,itinerário,0,noun,2027,3.249
8251,just,0,unk,2027,3.249
8252,cota,0,noun,2026,3.247
8253,ficção científica,1,mwe,2026,3.247
8254,graduação,0,noun,2026,3.247
8255,segure-se,0,unk,2026,3.247
8256,trip,0,unk,2026,3.247
8257,acudir,0,verb,2025,3.246
8258,maternidade,0,noun,2025,3.246
8259,pose,0,unk,2025,3.246
8260,colono,0,noun,2024,3.244
8261,destruí-la,0,noun,2024,3.244
8262,enzima,0,noun,2023,3.242
8263,hip-hop,0,unk,2023,3.242
8264,dinâmica,0,adj,2022,3.241
8265,trela,0,noun,2021,3.239
8266,ativista,0,noun,2020,3.238
8267,chinelo,0,noun,2020,3.238
8268,intravenoso,0,adj,2020,3.238
8269,decididamente,0,adv,2019,3.236
8270,proeza,0,noun,2019,3.236
8271,sódio,0,noun,2019,3.236
8272,arcebispo,0,noun,2018,3.234
8273,requisito,0,noun,2018,3.234
8274,íman,0,unk,2018,3.234
8275,esqueço-me,0,unk,2017,3.233
8276,hobbits,0,unk,2017,3.233
8277,lasanha,0,noun,2017,3.233
8278,triplicar,0,verb,2017,3.233
8279,viu-a,0,unk,2017,3.233
8280,elmo,0,noun,2015,3.230
8281,una,0,unk,2015,3.230
8282,caloria,0,noun,2014,3.228
8283,demente,0,adv,2014,3.228
8284,shot,0,unk,2014,3.228
8285,égua,0,noun,2014,3.228
8286,chefiar,0,verb,2013,3.226
8287,saír,0,unk,2013,3.226
8288,aptidão,0,noun,2012,3.225
8289,estéril,0,unk,2012,3.225
8290,rebento,0,noun,2012,3.225
8291,surfista,0,noun,2012,3.225
8292,modificação,0,noun,2011,3.223
8293,prendam-no,0,unk,2010,3.222
8294,apresentador,0,noun,2009,3.220
8295,couve,0,unk,2009,3.220
8296,mpenaf,0,unk,2009,3.220
8297,boi,0,unk,2007,3.217
8298,catastrófico,0,adj,2007,3.217
8299,consentir,0,verb,2007,3.217
8300,ow,0,unk,2007,3.217
8301,cato,0,noun,2004,3.212
8302,intimação,0,noun,2004,3.212
8303,rebaixar,0,verb,2004,3.212
8304,vigiá-lo,0,noun,2003,3.210
8305,good,0,unk,2002,3.209
8306,apresentar-me,0,unk,2001,3.207
8307,cachecol,0,unk,2001,3.207
8308,digitar,0,verb,2001,3.207
8309,medíocre,0,unk,2001,3.207
8310,cuidados médicos,1,mwe,2000,3.206
8311,dilatar,0,verb,2000,3.206
8312,empilhar,0,verb,2000,3.206
8313,morteiro,0,noun,2000,3.206
8314,barro,0,noun,1998,3.202
8315,jazer,0,verb,1998,3.202
8316,vão-me,0,unk,1997,3.201
8317,biopsia,0,noun,1996,3.199
8318,polígrafo,0,noun,1996,3.199
8319,aderir,0,verb,1995,3.198
8320,bato,0,noun,1995,3.198
8321,carrego,0,noun,1994,3.196
8322,dróide,0,noun,1994,3.196
8323,enxofre,0,unk,1994,3.196
8324,húngaro,0,noun,1994,3.196
8325,morno,0,noun,1994,3.196
8326,participante,0,unk,1994,3.196
8327,patinar,0,verb,1994,3.196
8328,convencê-la,0,noun,1991,3.191
8329,torradeira,0,noun,1991,3.191
8330,moralidade,0,noun,1990,3.190
8331,verbal,0,adj,1990,3.190
8332,blusão,0,noun,1989,3.188
8333,cordelinho,0,adj,1989,3.188
8334,ferrar,0,verb,1989,3.188
8335,maia,0,noun,1989,3.188
8336,convidá-la,0,noun,1988,3.186
8337,dá-lo,0,noun,1988,3.186
8338,primeiros socorros,1,mwe,1988,3.186
8339,baixe-se,0,unk,1987,3.185
8340,là,0,unk,1987,3.185
8341,pioneiro,0,noun,1987,3.185
8342,eficiência,0,noun,1986,3.183
8343,rusga,0,noun,1986,3.183
8344,velejar,0,verb,1986,3.183
8345,puré,0,unk,1985,3.182
8346,colonial,0,adj,1984,3.180
8347,acessível,0,adj,1983,3.178
8348,broca,0,noun,1983,3.178
8349,remodelar,0,verb,1983,3.178
8350,yoga,0,noun,1983,3.178
8351,barbatana,0,adj,1982,3.177
8352,cortejar,0,verb,1982,3.177
8353,mata-te,0,unk,1982,3.177
8354,blog,0,unk,1981,3.175
8355,ensanguentar,0,verb,1981,3.175
8356,impedi-los,0,unk,1981,3.175
8357,reformatório,0,noun,1981,3.175
8358,whiskey,0,unk,1981,3.175
8359,humildade,0,noun,1980,3.174
8360,arranjá-lo,0,noun,1979,3.172
8361,assediar,0,verb,1979,3.172
8362,decreto,0,noun,1979,3.172
8363,amadurecer,0,verb,1978,3.170
8364,cozido,0,noun,1978,3.170
8365,escrituras,0,unk,1978,3.170
8366,índice,0,noun,1978,3.170
8367,amarelas,0,unk,1977,3.169
8368,alhada,0,noun,1976,3.167
8369,estrelar,0,verb,1976,3.167
8370,brutalmente,0,adv,1975,3.166
8371,fossa,0,noun,1975,3.166
8372,meditação,0,noun,1975,3.166
8373,plateia,0,noun,1975,3.166
8374,lona,0,noun,1974,3.164
8375,sutura,0,noun,1974,3.164
8376,colocar-te,0,unk,1973,3.162
8377,prometeste-me,0,unk,1972,3.161
8378,viking,0,unk,1971,3.159
8379,fazemo-lo,0,noun,1970,3.157
8380,exercitar,0,verb,1969,3.156
8381,inquieto,0,noun,1969,3.156
8382,emendar,0,verb,1968,3.154
8383,floco,0,noun,1968,3.154
8384,fode-me,0,unk,1968,3.154
8385,guarda-chuva,0,noun,1968,3.154
8386,infligir,0,verb,1968,3.154
8387,peido,0,noun,1968,3.154
8388,preocupa-te,0,unk,1968,3.154
8389,cataratas,0,unk,1967,3.153
8390,atestar,0,verb,1966,3.151
8391,brincalhão,0,noun,1966,3.151
8392,masmorra,0,noun,1966,3.151
8393,negociador,0,noun,1966,3.151
8394,bracelete,0,unk,1965,3.149
8395,certifiquem-se,0,unk,1965,3.149
8396,coloca-o,0,unk,1965,3.149
8397,abram alas,1,mwe,1964,3.148
8398,clique,0,unk,1964,3.148
8399,manha,0,noun,1964,3.148
8400,salvei-te,0,unk,1964,3.148
8401,are,0,unk,1963,3.146
8402,chips,0,unk,1963,3.146
8403,cuide-se,0,unk,1963,3.146
8404,governanta,0,noun,1963,3.146
8405,levantou-se,0,unk,1962,3.145
8406,prover,0,verb,1962,3.145
8407,apavorado,0,noun,1961,3.143
8408,atirar-me,0,unk,1961,3.143
8409,coroar,0,verb,1961,3.143
8410,sulista,0,noun,1961,3.143
8411,trimestre,0,unk,1961,3.143
8412,preocupas-te,0,unk,1960,3.141
8413,visitá-la,0,noun,1960,3.141
8414,mestiço,0,noun,1959,3.140
8415,cascata,0,noun,1958,3.138
8416,contribuinte,0,unk,1958,3.138
8417,suculento,0,noun,1958,3.138
8418,telefonou-me,0,unk,1958,3.138
8419,esmola,0,noun,1956,3.135
8420,pastilha elástica,1,mwe,1956,3.135
8421,cliché,0,unk,1955,3.133
8422,iluminado,0,noun,1955,3.133
8423,levaram-me,0,unk,1955,3.133
8424,lingerie,0,unk,1955,3.133
8425,t-shirts,0,unk,1955,3.133
8426,visitar-te,0,unk,1955,3.133
8427,animação,0,noun,1954,3.132
8428,involuntário,0,noun,1954,3.132
8429,regente,0,adj,1954,3.132
8430,retardado,0,noun,1954,3.132
8431,desculpar-me,0,unk,1953,3.130
8432,palito,0,noun,1953,3.130
8433,soprano,0,adj,1953,3.130
8434,azeite,0,unk,1952,3.129
8435,inadequado,0,noun,1952,3.129
8436,sentenciar,0,verb,1952,3.129
8437,sórdido,0,noun,1952,3.129
8438,täo,0,unk,1952,3.129
8439,levantar-me,0,unk,1951,3.127
8440,lótus,0,unk,1951,3.127
8441,magoaste,0,unk,1951,3.127
8442,mudar-te,0,unk,1951,3.127
8443,conhecer-vos,0,unk,1950,3.125
8444,furto,0,noun,1950,3.125
8445,malcriado,0,noun,1950,3.125
8446,costa oeste,1,mwe,1949,3.124
8447,teclado,0,noun,1949,3.124
8448,consecutivo,0,noun,1948,3.122
8449,gaivota,0,noun,1948,3.122
8450,transforma-se,0,unk,1948,3.122
8451,trouxe-nos,0,unk,1948,3.122
8452,alheio,0,noun,1947,3.121
8453,ariano,0,adj,1947,3.121
8454,embarcação,0,noun,1947,3.121
8455,intriga,0,noun,1947,3.121
8456,jarra,0,noun,1947,3.121
8457,retratar,0,verb,1947,3.121
8458,tê-las,0,unk,1947,3.121
8459,êxtase,0,unk,1946,3.119
8460,enferrujado,0,noun,1945,3.117
8461,estímulo,0,noun,1945,3.117
8462,vocação,0,noun,1945,3.117
8463,cafetaria,0,noun,1944,3.116
8464,despensa,0,noun,1944,3.116
8465,tê-lo-ia,0,noun,1944,3.116
8466,interação,0,noun,1943,3.114
8467,jet,0,unk,1943,3.114
8468,velhice,0,noun,1943,3.114
8469,canino,0,adj,1942,3.113
8470,convidar-me,0,unk,1941,3.111
8471,ralo,0,noun,1941,3.111
8472,sento-me,0,unk,1941,3.111
8473,evaporar,0,verb,1940,3.109
8474,sucessor,0,unk,1940,3.109
8475,transfusão,0,noun,1940,3.109
8476,unica,0,adj,1940,3.109
8477,apresentar-lhe,0,unk,1939,3.108
8478,arrepender-te,0,unk,1939,3.108
8479,buscá-las,0,unk,1939,3.108
8480,próspero,0,noun,1939,3.108
8481,sorvete,0,unk,1939,3.108
8482,alinhamento,0,noun,1938,3.106
8483,empenho,0,noun,1938,3.106
8484,empreendimento,0,noun,1937,3.105
8485,pantera,0,noun,1937,3.105
8486,jacuzzi,0,unk,1936,3.103
8487,prévio,0,noun,1936,3.103
8488,discursar,0,verb,1935,3.101
8489,plausível,0,adj,1934,3.100
8490,troll,0,unk,1934,3.100
8491,dava-lhe,0,unk,1932,3.097
8492,prender-te,0,unk,1932,3.097
8493,bater-te,0,unk,1931,3.095
8494,brutalidade,0,noun,1931,3.095
8495,encarnar,0,verb,1931,3.095
8496,strippers,0,unk,1930,3.093
8497,apresentar-vos,0,unk,1929,3.092
8498,irresistível,0,adj,1929,3.092
8499,pseudónimo,0,noun,1929,3.092
8500,rogar,0,verb,1929,3.092
8501,baronesa,0,adj,1928,3.090
8502,arrepiar,0,verb,1927,3.089
8503,campeã,0,unk,1927,3.089
8504,chefia,0,noun,1927,3.089
8505,nómada,0,noun,1927,3.089
8506,ouviu-me,0,unk,1927,3.089
8507,propulsão,0,noun,1927,3.089
8508,traste,0,unk,1927,3.089
8509,esgotamento,0,noun,1926,3.087
8510,originar,0,verb,1926,3.087
8511,biquíni,0,unk,1925,3.085
8512,meticuloso,0,adj,1925,3.085
8513,definido,0,noun,1924,3.084
8514,extrato,0,noun,1924,3.084
8515,prova-o,0,unk,1924,3.084
8516,danar,0,verb,1923,3.082
8517,derivar,0,verb,1923,3.082
8518,gema,0,noun,1923,3.082
8519,musa,0,noun,1923,3.082
8520,encenação,0,noun,1922,3.081
8521,incapacidade,0,noun,1922,3.081
8522,potencialmente,0,adv,1922,3.081
8523,aldrabão,0,noun,1921,3.079
8524,mandou-te,0,unk,1921,3.079
8525,adepto,0,noun,1919,3.076
8526,anexo,0,noun,1919,3.076
8527,deixam-me,0,unk,1918,3.074
8528,gel,0,adj,1917,3.073
8529,sentou-se,0,unk,1917,3.073
8530,inalar,0,verb,1916,3.071
8531,killer,0,verb,1916,3.071
8532,imperdoável,0,adj,1914,3.068
8533,tailandês,0,adj,1914,3.068
8534,tormento,0,noun,1914,3.068
8535,obediência,0,noun,1911,3.063
8536,levaram-na,0,unk,1910,3.061
8537,atirou-se,0,unk,1909,3.060
8538,budista,0,noun,1909,3.060
8539,comover,0,verb,1909,3.060
8540,filial,0,adj,1909,3.060
8541,loiça,0,noun,1909,3.060
8542,metê-lo,0,noun,1909,3.060
8543,nota-se,0,unk,1909,3.060
8544,sair-se,0,unk,1909,3.060
8545,efetivamente,0,adv,1908,3.058
8546,impressora,0,noun,1908,3.058
8547,assistente social,1,mwe,1907,3.057
8548,deram-nos,0,unk,1907,3.057
8549,fúnebre,0,unk,1907,3.057
8550,abraça-me,0,unk,1906,3.055
8551,carnificina,0,adj,1905,3.053
8552,explico-te,0,unk,1905,3.053
8553,gasosa,0,noun,1903,3.050
8554,reunir-se,0,unk,1902,3.049
8555,over,0,verb,1901,3.047
8556,encontra-me,0,unk,1900,3.045
8557,postar,0,verb,1900,3.045
8558,prêmio,0,noun,1900,3.045
8559,põe-na,0,unk,1900,3.045
8560,substancial,0,adj,1900,3.045
8561,banal,0,adj,1899,3.044
8562,certinho,0,adj,1899,3.044
8563,papão,0,noun,1899,3.044
8564,desarrumar,0,verb,1898,3.042
8565,literário,0,noun,1898,3.042
8566,originalmente,0,adv,1898,3.042
8567,prodígio,0,noun,1898,3.042
8568,segui-los,0,unk,1898,3.042
8569,cremar,0,verb,1897,3.040
8570,depilar,0,verb,1897,3.040
8571,d'água,0,noun,1896,3.039
8572,penal,0,adj,1896,3.039
8573,validade,0,noun,1896,3.039
8574,western,0,unk,1896,3.039
8575,cerrar,0,verb,1894,3.036
8576,premiar,0,verb,1894,3.036
8577,soltem-me,0,unk,1894,3.036
8578,nobreza,0,noun,1893,3.034
8579,realçar,0,verb,1893,3.034
8580,auscultador,0,noun,1892,3.032
8581,ver-se,0,unk,1892,3.032
8582,encontrei-me,0,unk,1891,3.031
8583,enquadrar,0,verb,1891,3.031
8584,fórum,0,unk,1891,3.031
8585,maionese,0,unk,1891,3.031
8586,reino unido,1,mwe,1891,3.031
8587,virada,0,noun,1891,3.031
8588,filho-da-puta,0,noun,1890,3.029
8589,menta,0,noun,1890,3.029
8590,persuasivo,0,noun,1890,3.029
8591,ponche,0,unk,1890,3.029
8592,rubi,0,unk,1890,3.029
8593,mordidela,0,noun,1889,3.028
8594,pretensioso,0,adj,1889,3.028
8595,vikings,0,unk,1889,3.028
8596,direitos civis,1,mwe,1888,3.026
8597,pareço-te,0,unk,1888,3.026
8598,obstruir,0,verb,1887,3.024
8599,classificação,0,noun,1886,3.023
8600,roubá-lo,0,noun,1886,3.023
8601,temporizador,0,noun,1886,3.023
8602,travessura,0,noun,1885,3.021
8603,armazenamento,0,noun,1883,3.018
8604,dominus,0,unk,1883,3.018
8605,estática,0,adj,1883,3.018
8606,impedi-la,0,noun,1883,3.018
8607,travesti,0,unk,1883,3.018
8608,feitiçaria,0,noun,1882,3.016
8609,setor,0,unk,1882,3.016
8610,contou-lhe,0,unk,1881,3.015
8611,omitir,0,verb,1881,3.015
8612,espeto,0,noun,1880,3.013
8613,farejar,0,verb,1880,3.013
8614,garanto-vos,0,unk,1880,3.013
8615,guardá-lo,0,noun,1880,3.013
8616,usar-te,0,unk,1880,3.013
8617,egípcios,0,unk,1879,3.012
8618,relaxante,0,unk,1879,3.012
8619,sorridente,0,adj,1879,3.012
8620,jaguar,0,verb,1878,3.010
8621,ocorreu-me,0,unk,1877,3.008
8622,sentei-me,0,unk,1877,3.008
8623,conversação,0,noun,1876,3.007
8624,karaoke,0,unk,1876,3.007
8625,petrolífero,0,noun,1876,3.007
8626,inflamar,0,verb,1875,3.005
8627,mataste-a,0,unk,1875,3.005
8628,serve-te,0,unk,1875,3.005
8629,sondar,0,verb,1875,3.005
8630,trazer-lhe,0,unk,1875,3.005
8631,protegê-los,0,unk,1873,3.002
8632,solta-o,0,unk,1873,3.002
8633,cimeira,0,noun,1872,3.000
8634,massivo,0,noun,1872,3.000
8635,verídico,0,adj,1872,3.000
8636,asfixiar,0,verb,1871,2.999
8637,bolinha,0,adj,1871,2.999
8638,escasso,0,noun,1871,2.999
8639,parágrafo,0,noun,1871,2.999
8640,atarefar,0,verb,1870,2.997
8641,now,0,unk,1870,2.997
8642,prometi-lhe,0,unk,1870,2.997
8643,baseball,0,unk,1869,2.996
8644,doutra,0,noun,1869,2.996
8645,levei-o,0,unk,1869,2.996
8646,murmurar,0,verb,1869,2.996
8647,anjinho,0,adj,1868,2.994
8648,deixo-vos,0,unk,1868,2.994
8649,vazar,0,verb,1868,2.994
8650,imaculado,0,noun,1867,2.992
8651,insulina,0,adj,1867,2.992
8652,medonho,0,noun,1867,2.992
8653,control,0,unk,1866,2.991
8654,cosmos,0,unk,1866,2.991
8655,joalharia,0,noun,1866,2.991
8656,mate-me,0,unk,1866,2.991
8657,protagonista,0,noun,1866,2.991
8658,true,0,unk,1866,2.991
8659,consumar,0,verb,1865,2.989
8660,figa,0,noun,1865,2.989
8661,guarnição,0,noun,1865,2.989
8662,longínquo,0,noun,1865,2.989
8663,choramingar,0,verb,1864,2.988
8664,compressão,0,noun,1864,2.988
8665,adoro-a,0,unk,1863,2.986
8666,cirurgiã,0,unk,1863,2.986
8667,documentação,0,noun,1863,2.986
8668,inventor,0,unk,1863,2.986
8669,mindinho,0,adj,1863,2.986
8670,san francisco,1,mwe,1863,2.986
8671,website,0,unk,1863,2.986
8672,enganou-se,0,unk,1862,2.984
8673,escravidão,0,noun,1862,2.984
8674,impasse,0,unk,1862,2.984
8675,farra,0,noun,1861,2.983
8676,plutónio,0,noun,1861,2.983
8677,fazê-las,0,unk,1859,2.980
8678,fez-lhe,0,unk,1859,2.980
8679,prestação,0,noun,1859,2.980
8680,amava-o,0,unk,1858,2.978
8681,desenhos animados,1,mwe,1858,2.978
8682,dei-lhes,0,unk,1857,2.976
8683,implementar,0,verb,1857,2.976
8684,parece-lhe,0,unk,1857,2.976
8685,pousada,0,noun,1856,2.975
8686,sepultar,0,verb,1856,2.975
8687,televisor,0,unk,1856,2.975
8688,galho,0,noun,1855,2.973
8689,reciclar,0,verb,1855,2.973
8690,assimilar,0,verb,1854,2.972
8691,sexualidade,0,noun,1854,2.972
8692,expiatório,0,noun,1853,2.970
8693,flutuante,0,unk,1852,2.968
8694,mudar-nos,0,unk,1852,2.968
8695,reanimar,0,verb,1852,2.968
8696,salsa,0,noun,1852,2.968
8697,contradizer,0,verb,1851,2.967
8698,especado,0,noun,1851,2.967
8699,esterilizar,0,verb,1851,2.967
8700,amava-te,0,unk,1850,2.965
8701,boa-noite,0,unk,1850,2.965
8702,champô,0,unk,1850,2.965
8703,orador,0,noun,1850,2.965
8704,sagrados,0,unk,1849,2.964
8705,binóculo,0,noun,1848,2.962
8706,enforcamento,0,noun,1848,2.962
8707,esterco,0,noun,1848,2.962
8708,mortinho,0,adj,1848,2.962
8709,cortaste,0,unk,1847,2.960
8710,escória,0,noun,1847,2.960
8711,sustento,0,noun,1847,2.960
8712,meteorológico,0,adj,1846,2.959
8713,serial,0,adj,1846,2.959
8714,juntou-se,0,unk,1845,2.957
8715,impenetrável,0,adj,1844,2.956
8716,olimpíadas,0,unk,1844,2.956
8717,prosperidade,0,noun,1844,2.956
8718,ameixa,0,noun,1843,2.954
8719,carcaça,0,noun,1842,2.952
8720,dominador,0,noun,1842,2.952
8721,enfadonho,0,noun,1842,2.952
8722,deitar-te,0,unk,1841,2.951
8723,grado,0,noun,1841,2.951
8724,pianista,0,noun,1841,2.951
8725,reagrupar,0,verb,1841,2.951
8726,fénix,0,unk,1840,2.949
8727,manchete,0,unk,1840,2.949
8728,emprestas-me,0,unk,1838,2.946
8729,clonar,0,verb,1837,2.944
8730,sanidade,0,noun,1837,2.944
8731,cianeto,0,noun,1836,2.943
8732,grana,0,adj,1835,2.941
8733,bode expiatório,1,mwe,1834,2.940
8734,câncer,0,verb,1833,2.938
8735,névoa,0,noun,1833,2.938
8736,eletrocutar,0,verb,1832,2.936
8737,prior,0,unk,1832,2.936
8738,condescendente,0,adj,1831,2.935
8739,gravitacional,0,adj,1831,2.935
8740,oferenda,0,noun,1831,2.935
8741,séc,0,unk,1831,2.935
8742,vagabunda,0,noun,1831,2.935
8743,berro,0,noun,1830,2.933
8744,cripta,0,noun,1830,2.933
8745,intencional,0,adj,1830,2.933
8746,mola,0,noun,1830,2.933
8747,robusto,0,noun,1829,2.932
8748,demos-lhe,0,unk,1828,2.930
8749,inovador,0,noun,1828,2.930
8750,amar-me,0,unk,1827,2.928
8751,controverso,0,noun,1827,2.928
8752,gerência,0,noun,1827,2.928
8753,rural,0,adj,1827,2.928
8754,torna-te,0,unk,1827,2.928
8755,empresta-me,0,unk,1826,2.927
8756,anzol,0,unk,1825,2.925
8757,cortador,0,noun,1825,2.925
8758,elegância,0,noun,1825,2.925
8759,rales,0,unk,1825,2.925
8760,atrasado mental,1,mwe,1824,2.923
8761,cláusula,0,noun,1824,2.923
8762,florista,0,noun,1824,2.923
8763,inspeccionar,0,verb,1824,2.923
8764,parto-te,0,unk,1824,2.923
8765,reencontrar,0,verb,1824,2.923
8766,adulterar,0,verb,1823,2.922
8767,atrelar,0,verb,1821,2.919
8768,jeans,0,unk,1821,2.919
8769,pontas soltas,1,mwe,1821,2.919
8770,publico,0,adj,1821,2.919
8771,astro,0,noun,1820,2.917
8772,glândula,0,noun,1819,2.915
8773,pavilhão,0,noun,1819,2.915
8774,acusá-lo,0,noun,1818,2.914
8775,missionário,0,noun,1818,2.914
8776,enferrujar,0,verb,1817,2.912
8777,flexão,0,noun,1817,2.912
8778,genocídio,0,noun,1817,2.912
8779,incorporar,0,verb,1816,2.911
8780,agrícola,0,noun,1815,2.909
8781,farmacêutico,0,adj,1815,2.909
8782,milady,0,unk,1815,2.909
8783,superintendente,0,adj,1815,2.909
8784,zarpar,0,verb,1815,2.909
8785,desgastar,0,verb,1814,2.907
8786,jardinagem,0,noun,1814,2.907
8787,prescrever,0,verb,1814,2.907
8788,registos telefónicos,1,mwe,1814,2.907
8789,back,0,unk,1813,2.906
8790,canguru,0,unk,1813,2.906
8791,encurtar,0,verb,1813,2.906
8792,fartei-me,0,unk,1813,2.906
8793,certeiro,0,noun,1812,2.904
8794,eie,0,unk,1812,2.904
8795,hidráulico,0,adj,1812,2.904
8796,islâmico,0,adj,1812,2.904
8797,mm-hmm,0,unk,1812,2.904
8798,bárbara,0,noun,1810,2.901
8799,reprodução,0,noun,1810,2.901
8800,pareces-me,0,unk,1809,2.899
8801,perecer,0,verb,1809,2.899
8802,desbloquear,0,verb,1808,2.898
8803,integral,0,adj,1808,2.898
8804,relaxado,0,noun,1808,2.898
8805,recuperá-lo,0,noun,1807,2.896
8806,biografia,0,noun,1806,2.895
8807,intocável,0,adj,1806,2.895
8808,justificação,0,noun,1806,2.895
8809,popularidade,0,noun,1806,2.895
8810,afastar-te,0,unk,1805,2.893
8811,cortar-te,0,unk,1805,2.893
8812,deu-mo,0,noun,1805,2.893
8813,empunhar,0,verb,1805,2.893
8814,inchado,0,noun,1805,2.893
8815,ortodoxo,0,noun,1805,2.893
8816,esquecer-te,0,unk,1804,2.891
8817,sífilis,0,unk,1804,2.891
8818,primeira-dama,0,noun,1803,2.890
8819,cabeludo,0,adj,1802,2.888
8820,deixei-me,0,unk,1802,2.888
8821,insígnia,0,noun,1802,2.888
8822,livrar-te,0,unk,1802,2.888
8823,pulverizar,0,verb,1802,2.888
8824,acolá,0,adv,1801,2.887
8825,agrado,0,noun,1801,2.887
8826,clemência,0,noun,1801,2.887
8827,fio dental,1,mwe,1801,2.887
8828,marginal,0,adj,1801,2.887
8829,tremar,0,verb,1801,2.887
8830,fictício,0,noun,1800,2.885
8831,meia-idade,0,noun,1800,2.885
8832,bronco,0,noun,1799,2.883
8833,lavabo,0,noun,1799,2.883
8834,portaste-te,0,unk,1799,2.883
8835,psiquiatria,0,noun,1799,2.883
8836,tradutor,0,unk,1799,2.883
8837,acre,0,unk,1798,2.882
8838,atrocidade,0,noun,1798,2.882
8839,baterista,0,noun,1798,2.882
8840,mai,0,unk,1798,2.882
8841,arduamente,0,adv,1797,2.880
8842,baloiço,0,noun,1797,2.880
8843,congregação,0,noun,1797,2.880
8844,guru,0,unk,1797,2.880
8845,prémio nobel,1,mwe,1797,2.880
8846,super-heróis,0,unk,1797,2.880
8847,assustá-lo,0,noun,1796,2.879
8848,odiar-me,0,unk,1796,2.879
8849,antecedência,0,noun,1795,2.877
8850,demito-me,0,unk,1795,2.877
8851,escandaloso,0,adj,1795,2.877
8852,sarjeta,0,noun,1795,2.877
8853,sauna,0,unk,1795,2.877
8854,vénia,0,noun,1795,2.877
8855,yakuza,0,noun,1795,2.877
8856,intrigado,0,noun,1794,2.875
8857,procurei-te,0,unk,1794,2.875
8858,candidata,0,noun,1793,2.874
8859,apavorar,0,verb,1792,2.872
8860,autocolante,0,unk,1792,2.872
8861,holograma,0,noun,1792,2.872
8862,telefonista,0,noun,1792,2.872
8863,abundância,0,noun,1790,2.869
8864,cólera,0,noun,1790,2.869
8865,fita adesiva,1,mwe,1790,2.869
8866,historiador,0,noun,1790,2.869
8867,acerto,0,noun,1789,2.867
8868,cupão,0,noun,1789,2.867
8869,natureza humana,1,mwe,1789,2.867
8870,valete,0,unk,1789,2.867
8871,afinar,0,verb,1788,2.866
8872,malcheiroso,0,adj,1788,2.866
8873,titânio,0,noun,1788,2.866
8874,vin,0,unk,1788,2.866
8875,igualzinho,0,adj,1787,2.864
8876,adolescência,0,noun,1786,2.863
8877,cesta,0,noun,1786,2.863
8878,intencionalmente,0,adv,1786,2.863
8879,mete-o,0,unk,1786,2.863
8880,preparar-te,0,unk,1786,2.863
8881,ricaço,0,noun,1786,2.863
8882,apanho-te,0,unk,1785,2.861
8883,núpcias,0,unk,1785,2.861
8884,vejo-os,0,unk,1785,2.861
8885,aldrabar,0,verb,1784,2.859
8886,delicadeza,0,noun,1784,2.859
8887,hierarquia,0,noun,1784,2.859
8888,dá-se,0,unk,1783,2.858
8889,sapatilha,0,noun,1783,2.858
8890,atinar,0,verb,1782,2.856
8891,dizei-me,0,unk,1782,2.856
8892,escadaria,0,noun,1782,2.856
8893,pago-lhe,0,unk,1782,2.856
8894,aconchegar,0,verb,1781,2.855
8895,asar,0,verb,1781,2.855
8896,mostrar-nos,0,unk,1781,2.855
8897,oferecer-me,0,unk,1781,2.855
8898,televisivo,0,noun,1781,2.855
8899,assombrado,0,noun,1780,2.853
8900,lotar,0,verb,1780,2.853
8901,comprá-lo,0,noun,1779,2.851
8902,druida,0,noun,1779,2.851
8903,raso,0,unk,1779,2.851
8904,tinha-se,0,unk,1779,2.851
8905,concussão,0,noun,1778,2.850
8906,identificá-lo,0,noun,1778,2.850
8907,imparável,0,adj,1778,2.850
8908,senta-se,0,unk,1778,2.850
8909,but,0,unk,1777,2.848
8910,intitular,0,verb,1777,2.848
8911,maninho,0,adj,1777,2.848
8912,parcialmente,0,adv,1777,2.848
8913,paróquia,0,noun,1777,2.848
8914,soneca,0,noun,1776,2.847
8915,mármore,0,unk,1775,2.845
8916,pocilga,0,noun,1775,2.845
8917,saloio,0,noun,1774,2.843
8918,segurá-lo,0,noun,1774,2.843
8919,especificação,0,noun,1773,2.842
8920,nadador,0,noun,1773,2.842
8921,manda-os,0,unk,1772,2.840
8922,xelim,0,unk,1772,2.840
8923,púrpura,0,noun,1771,2.839
8924,arranco-te,0,unk,1770,2.837
8925,atlético,0,adj,1770,2.837
8926,fá-los,0,unk,1770,2.837
8927,magricela,0,noun,1769,2.835
8928,bip,0,unk,1768,2.834
8929,catalogar,0,verb,1768,2.834
8930,indiciar,0,verb,1768,2.834
8931,tiraram-me,0,unk,1768,2.834
8932,capanga,0,noun,1767,2.832
8933,perseguir-me,0,unk,1767,2.832
8934,reprovar,0,verb,1767,2.832
8935,viste-me,0,unk,1767,2.832
8936,acompanha-me,0,unk,1766,2.831
8937,arrepender-se,0,unk,1766,2.831
8938,consola,0,noun,1766,2.831
8939,costurar,0,verb,1766,2.831
8940,embaraçar,0,verb,1765,2.829
8941,furado,0,noun,1765,2.829
8942,retardar,0,verb,1764,2.827
8943,suicidar-se,0,unk,1764,2.827
8944,usa-o,0,unk,1764,2.827
8945,goela,0,noun,1763,2.826
8946,operações especiais,1,mwe,1763,2.826
8947,er,0,unk,1762,2.824
8948,fantasiar,0,verb,1762,2.824
8949,leucemia,0,noun,1762,2.824
8950,mariscar,0,verb,1762,2.824
8951,porem,0,noun,1762,2.824
8952,queridinha,0,adj,1762,2.824
8953,reconciliar,0,verb,1762,2.824
8954,vingativo,0,noun,1762,2.824
8955,herpes,0,unk,1761,2.823
8956,quecas,0,unk,1761,2.823
8957,encontrou-me,0,unk,1760,2.821
8958,minimizar,0,verb,1760,2.821
8959,anulação,0,noun,1759,2.819
8960,touchdown,0,unk,1759,2.819
8961,tranquilidade,0,noun,1759,2.819
8962,córtex,0,unk,1758,2.818
8963,agarrem-se,0,unk,1757,2.816
8964,condiz,0,unk,1757,2.816
8965,livrar-nos,0,unk,1757,2.816
8966,desvanecer,0,verb,1756,2.815
8967,paranóica,0,adj,1755,2.813
8968,tuberculose,0,unk,1755,2.813
8969,viação,0,noun,1755,2.813
8970,mamute,0,unk,1754,2.811
8971,bate-lhe,0,unk,1753,2.810
8972,gritaria,0,noun,1753,2.810
8973,reparo,0,noun,1753,2.810
8974,desproteger,0,verb,1752,2.808
8975,assegurar-me,0,unk,1751,2.806
8976,nerd,0,unk,1751,2.806
8977,porcelana,0,adj,1751,2.806
8978,queixar-se,0,unk,1750,2.805
8979,incerteza,0,noun,1749,2.803
8980,talhante,0,unk,1749,2.803
8981,tardio,0,noun,1749,2.803
8982,descuidar,0,verb,1748,2.802
8983,piloto automático,1,mwe,1748,2.802
8984,areias,0,unk,1747,2.800
8985,contaste-lhe,0,unk,1747,2.800
8986,watts,0,unk,1747,2.800
8987,whoo,0,unk,1747,2.800
8988,escritura,0,noun,1746,2.798
8989,fertilidade,0,noun,1746,2.798
8990,polir,0,verb,1746,2.798
8991,verruga,0,noun,1746,2.798
8992,franqueza,0,noun,1745,2.797
8993,partiu-se,0,unk,1745,2.797
8994,pôr-lhe,0,unk,1745,2.797
8995,chicotear,0,verb,1744,2.795
8996,digam-lhe,0,unk,1744,2.795
8997,encontra-te,0,unk,1744,2.795
8998,jangada,0,noun,1744,2.795
8999,mantém-nos,0,unk,1744,2.795
9000,prioritário,0,noun,1744,2.795
9001,ruir,0,verb,1744,2.795
9002,úlcera,0,noun,1744,2.795
9003,envia-me,0,unk,1743,2.794
9004,inclinação,0,noun,1743,2.794
9005,advertir,0,verb,1742,2.792
9006,afegão,0,noun,1742,2.792
9007,conhaque,0,unk,1742,2.792
9008,run,0,unk,1742,2.792
9009,apostador,0,noun,1741,2.790
9010,desentendimento,0,noun,1741,2.790
9011,tinha-te,0,unk,1741,2.790
9012,trilha,0,noun,1741,2.790
9013,comemoração,0,noun,1740,2.789
9014,laceração,0,noun,1740,2.789
9015,duradouro,0,noun,1739,2.787
9016,ruga,0,noun,1739,2.787
9017,ético,0,adj,1739,2.787
9018,firewall,0,unk,1738,2.786
9019,filho-da-mãe,0,unk,1737,2.784
9020,pedal,0,adj,1737,2.784
9021,beijinhos,0,unk,1735,2.781
9022,lixívia,0,noun,1735,2.781
9023,ponha-o,0,unk,1735,2.781
9024,call,0,unk,1734,2.779
9025,ejetar,0,verb,1734,2.779
9026,potássio,0,noun,1734,2.779
9027,redigir,0,verb,1734,2.779
9028,vão-te,0,unk,1734,2.779
9029,posterior,0,unk,1733,2.778
9030,casar-nos,0,unk,1732,2.776
9031,disputar,0,verb,1732,2.776
9032,heróico,0,adj,1732,2.776
9033,informal,0,adj,1732,2.776
9034,oval,0,adj,1732,2.776
9035,rupia,0,noun,1732,2.776
9036,dissecar,0,verb,1731,2.774
9037,espantalho,0,noun,1731,2.774
9038,estante,0,unk,1731,2.774
9039,decepcionado,0,noun,1730,2.773
9040,medusa,0,noun,1730,2.773
9041,depravado,0,noun,1729,2.771
9042,maçaneta,0,noun,1729,2.771
9043,batoteiro,0,noun,1728,2.770
9044,caraíba,0,unk,1728,2.770
9045,focinho,0,adj,1728,2.770
9046,homenagear,0,verb,1728,2.770
9047,mostra-te,0,unk,1728,2.770
9048,pertence-me,0,unk,1728,2.770
9049,recordes,0,unk,1728,2.770
9050,sucessão,0,noun,1728,2.770
9051,ausentar,0,verb,1727,2.768
9052,cetro,0,noun,1727,2.768
9053,d'artagnan,0,unk,1727,2.768
9054,despoletar,0,verb,1727,2.768
9055,sucção,0,noun,1727,2.768
9056,zelador,0,noun,1727,2.768
9057,acho-o,0,unk,1726,2.766
9058,criatividade,0,noun,1726,2.766
9059,finalidade,0,noun,1726,2.766
9060,pobrezinho,0,adj,1726,2.766
9061,cessar-fogo,0,noun,1725,2.765
9062,corar,0,verb,1725,2.765
9063,microscópio,0,noun,1725,2.765
9064,obsoleto,0,noun,1725,2.765
9065,canoa,0,noun,1724,2.763
9066,caótico,0,adj,1724,2.763
9067,erradicar,0,verb,1724,2.763
9068,programador,0,noun,1724,2.763
9069,turbo,0,noun,1724,2.763
9070,belíssimo,0,noun,1723,2.762
9071,place,0,unk,1723,2.762
9072,maçarico,0,adj,1721,2.758
9073,pedreira,0,noun,1721,2.758
9074,roupeiro,0,noun,1721,2.758
9075,tratar-te,0,unk,1721,2.758
9076,vagamente,0,adv,1721,2.758
9077,gelar,0,verb,1720,2.757
9078,hélio,0,noun,1720,2.757
9079,matrimonial,0,adj,1720,2.757
9080,soda,0,noun,1719,2.755
9081,xeque-mate,0,unk,1719,2.755
9082,chamamento,0,noun,1717,2.752
9083,girafa,0,unk,1717,2.752
9084,violeta,0,noun,1717,2.752
9085,descontente,0,adj,1716,2.750
9086,põe-nos,0,unk,1716,2.750
9087,sabotagem,0,noun,1716,2.750
9088,simbólico,0,adj,1716,2.750
9089,suplente,0,adj,1716,2.750
9090,vestir-me,0,unk,1716,2.750
9091,van der,1,mwe,1715,2.749
9092,asteróide,0,noun,1714,2.747
9093,desacreditar,0,verb,1714,2.747
9094,cc,0,unk,1713,2.746
9095,densidade,0,noun,1713,2.746
9096,gangsters,0,unk,1713,2.746
9097,moldura,0,noun,1713,2.746
9098,utilização,0,noun,1713,2.746
9099,órfã,0,unk,1713,2.746
9100,comprar-te,0,unk,1712,2.744
9101,filtrar,0,verb,1712,2.744
9102,paternidade,0,noun,1712,2.744
9103,truta,0,noun,1712,2.744
9104,bofetada,0,noun,1711,2.742
9105,vão-nos,0,unk,1711,2.742
9106,chapada,0,noun,1710,2.741
9107,olhar-me,0,unk,1710,2.741
9108,personalizar,0,verb,1710,2.741
9109,lagoa,0,noun,1709,2.739
9110,not,0,unk,1709,2.739
9111,sanitário,0,noun,1709,2.739
9112,fodi,0,unk,1708,2.738
9113,maminha,0,adj,1708,2.738
9114,piercing,0,unk,1708,2.738
9115,sussurro,0,noun,1708,2.738
9116,mantém-na,0,unk,1707,2.736
9117,nazista,0,noun,1707,2.736
9118,oca,0,unk,1707,2.736
9119,provocação,0,noun,1707,2.736
9120,imoral,0,adj,1706,2.734
9121,fazia-me,0,unk,1705,2.733
9122,informá-lo,0,noun,1705,2.733
9123,ligá-lo,0,noun,1705,2.733
9124,performance,0,unk,1705,2.733
9125,salva-me,0,unk,1705,2.733
9126,ter-me-ia,0,noun,1705,2.733
9127,domicílio,0,noun,1704,2.731
9128,entalado,0,noun,1704,2.731
9129,singular,0,verb,1704,2.731
9130,totós,0,unk,1704,2.731
9131,trolls,0,unk,1704,2.731
9132,encontram-se,0,unk,1703,2.730
9133,abaixe-se,0,unk,1702,2.728
9134,amamentar,0,verb,1702,2.728
9135,lacaio,0,noun,1702,2.728
9136,marine,0,unk,1702,2.728
9137,nasal,0,adj,1702,2.728
9138,sardinha,0,adj,1701,2.726
9139,pavor,0,unk,1700,2.725
9140,calmante,0,unk,1699,2.723
9141,eliminação,0,noun,1699,2.723
9142,retirar-se,0,unk,1699,2.723
9143,umbigo,0,noun,1699,2.723
9144,fertilizante,0,unk,1698,2.722
9145,negligenciar,0,verb,1698,2.722
9146,diplomacia,0,noun,1697,2.720
9147,esqueceram-se,0,unk,1697,2.720
9148,indestrutível,0,adj,1697,2.720
9149,apanhámo-los,0,unk,1696,2.718
9150,irritar-me,0,unk,1696,2.718
9151,simpatizar,0,verb,1696,2.718
9152,aceleração,0,noun,1695,2.717
9153,caucasiano,0,adj,1695,2.717
9154,guloseima,0,noun,1695,2.717
9155,ensina-me,0,unk,1694,2.715
9156,ganga,0,noun,1694,2.715
9157,mande-o,0,unk,1694,2.715
9158,buzina,0,adj,1693,2.714
9159,cinzeiro,0,noun,1693,2.714
9160,deliberar,0,verb,1693,2.714
9161,ipod,0,unk,1693,2.714
9162,pepino,0,adj,1693,2.714
9163,socialista,0,noun,1693,2.714
9164,capataz,0,unk,1692,2.712
9165,deslize,0,unk,1692,2.712
9166,ocasional,0,adj,1692,2.712
9167,recuperá-la,0,noun,1692,2.712
9168,abre-o,0,unk,1691,2.710
9169,dirigem-se,0,unk,1691,2.710
9170,presidir,0,verb,1691,2.710
9171,caução,0,noun,1690,2.709
9172,discernimento,0,noun,1690,2.709
9173,fabrico,0,adj,1690,2.709
9174,gracias,0,unk,1690,2.709
9175,jackpot,0,unk,1690,2.709
9176,liguei-te,0,unk,1690,2.709
9177,manifestante,0,unk,1690,2.709
9178,rigor,0,unk,1690,2.709
9179,visibilidade,0,noun,1690,2.709
9180,coxear,0,verb,1689,2.707
9181,fez-se,0,unk,1689,2.707
9182,luxuoso,0,adj,1689,2.707
9183,petisco,0,noun,1689,2.707
9184,separatistas,0,unk,1689,2.707
9185,convidar-te,0,unk,1687,2.704
9186,habilidoso,0,adj,1686,2.702
9187,optimo,0,noun,1686,2.702
9188,burocrata,0,noun,1685,2.701
9189,atentamente,0,adv,1684,2.699
9190,gestor,0,unk,1683,2.697
9191,rapariguinha,0,adj,1683,2.697
9192,redação,0,noun,1683,2.697
9193,atacador,0,noun,1682,2.696
9194,maravilhosamente,0,adv,1682,2.696
9195,renal,0,adj,1682,2.696
9196,aviador,0,noun,1681,2.694
9197,encontrámo-la,0,noun,1681,2.694
9198,mandou-o,0,unk,1681,2.694
9199,normalidade,0,noun,1681,2.694
9200,ecografia,0,noun,1680,2.693
9201,ensinamento,0,noun,1680,2.693
9202,retórica,0,adj,1680,2.693
9203,transtorno,0,noun,1680,2.693
9204,visionário,0,noun,1680,2.693
9205,brusco,0,noun,1679,2.691
9206,nuns,0,unk,1679,2.691
9207,falso alarme,1,mwe,1678,2.689
9208,amo-vos,0,unk,1677,2.688
9209,licenciatura,0,noun,1677,2.688
9210,corto-te,0,unk,1676,2.686
9211,letreiro,0,noun,1675,2.685
9212,margarida,0,noun,1675,2.685
9213,monopólio,0,noun,1675,2.685
9214,vacilar,0,verb,1675,2.685
9215,who,0,noun,1675,2.685
9216,avental,0,adj,1674,2.683
9217,mal-educado,0,noun,1674,2.683
9218,reembolso,0,unk,1674,2.683
9219,põe-se,0,unk,1673,2.681
9220,emissário,0,noun,1672,2.680
9221,extradição,0,noun,1672,2.680
9222,grilo,0,noun,1672,2.680
9223,reto,0,noun,1672,2.680
9224,apitar,0,verb,1671,2.678
9225,mudei-me,0,unk,1671,2.678
9226,mäe,0,unk,1671,2.678
9227,tratá-la,0,noun,1671,2.678
9228,parecem-me,0,unk,1670,2.677
9229,praguejar,0,verb,1670,2.677
9230,racismo,0,noun,1670,2.677
9231,dou-lhes,0,unk,1669,2.675
9232,encharcar,0,verb,1669,2.675
9233,mandou-nos,0,unk,1669,2.675
9234,mensal,0,adj,1669,2.675
9235,sobrecarga,0,noun,1669,2.675
9236,chico,0,adj,1668,2.673
9237,escudeiro,0,noun,1668,2.673
9238,formalmente,0,adv,1668,2.673
9239,machete,0,unk,1668,2.673
9240,processador,0,noun,1668,2.673
9241,despedaçado,0,noun,1667,2.672
9242,paga-me,0,unk,1667,2.672
9243,pilhar,0,verb,1666,2.670
9244,enganaste-me,0,unk,1665,2.669
9245,matou-os,0,unk,1665,2.669
9246,mestrado,0,noun,1665,2.669
9247,alfabeto,0,noun,1663,2.665
9248,cabeceira,0,noun,1663,2.665
9249,diferenciar,0,verb,1663,2.665
9250,esfrega,0,noun,1663,2.665
9251,glaciar,0,verb,1663,2.665
9252,aquecedor,0,noun,1662,2.664
9253,despedir-te,0,unk,1662,2.664
9254,part-time,0,unk,1662,2.664
9255,recital,0,adj,1662,2.664
9256,simbolizar,0,verb,1662,2.664
9257,hut,0,unk,1661,2.662
9258,insónia,0,noun,1661,2.662
9259,milorde,0,noun,1661,2.662
9260,rosado,0,noun,1661,2.662
9261,abate,0,unk,1660,2.661
9262,rascunho,0,noun,1660,2.661
9263,supersticioso,0,adj,1660,2.661
9264,della,0,noun,1659,2.659
9265,ravina,0,adj,1658,2.657
9266,reflexão,0,noun,1658,2.657
9267,comprei-o,0,unk,1657,2.656
9268,consegui-lo,0,noun,1657,2.656
9269,tomografia,0,noun,1657,2.656
9270,velório,0,noun,1657,2.656
9271,águias,0,unk,1657,2.656
9272,esgueirar,0,verb,1656,2.654
9273,exercito,0,noun,1656,2.654
9274,falador,0,noun,1656,2.654
9275,carrossel,0,adj,1655,2.653
9276,deram-te,0,unk,1655,2.653
9277,despejo,0,noun,1655,2.653
9278,ensopado,0,noun,1655,2.653
9279,fizeram-no,0,unk,1655,2.653
9280,buffet,0,unk,1654,2.651
9281,constipado,0,noun,1654,2.651
9282,violoncelo,0,noun,1654,2.651
9283,abominável,0,adj,1653,2.649
9284,two,0,unk,1653,2.649
9285,zé,0,unk,1653,2.649
9286,divindade,0,noun,1652,2.648
9287,mortalidade,0,noun,1651,2.646
9288,recolher obrigatório,1,mwe,1651,2.646
9289,arrojado,0,noun,1650,2.645
9290,borbulha,0,noun,1650,2.645
9291,turbina,0,adj,1650,2.645
9292,hospedado,0,noun,1649,2.643
9293,babar,0,verb,1648,2.641
9294,endurecer,0,verb,1648,2.641
9295,mostrem-me,0,unk,1648,2.641
9296,deseja-me,0,unk,1647,2.640
9297,fiasco,0,noun,1647,2.640
9298,honorários,0,unk,1647,2.640
9299,merci,0,unk,1647,2.640
9300,adormecida,0,noun,1646,2.638
9301,dolares,0,unk,1646,2.638
9302,hábil,0,unk,1646,2.638
9303,recém,0,unk,1646,2.638
9304,slogan,0,unk,1646,2.638
9305,surra,0,noun,1646,2.638
9306,deitem-se,0,unk,1645,2.637
9307,interrogá-lo,0,noun,1645,2.637
9308,malha,0,noun,1645,2.637
9309,tique,0,unk,1645,2.637
9310,velhinha,0,adj,1645,2.637
9311,casar-te,0,unk,1644,2.635
9312,enganou-me,0,unk,1644,2.635
9313,palheiro,0,noun,1644,2.635
9314,paquistanês,0,adj,1644,2.635
9315,tosta,0,noun,1644,2.635
9316,marada,0,noun,1643,2.633
9317,navegador,0,noun,1643,2.633
9318,orla,0,noun,1643,2.633
9319,campónio,0,noun,1642,2.632
9320,co-piloto,0,noun,1642,2.632
9321,conformar,0,verb,1642,2.632
9322,touros,0,unk,1642,2.632
9323,coroação,0,noun,1641,2.630
9324,enlatar,0,verb,1640,2.629
9325,grisalho,0,noun,1640,2.629
9326,rendo-me,0,unk,1640,2.629
9327,substituí-lo,0,noun,1640,2.629
9328,alface,0,unk,1639,2.627
9329,defender-se,0,unk,1639,2.627
9330,recorte,0,unk,1639,2.627
9331,vocabulário,0,noun,1639,2.627
9332,ágil,0,unk,1639,2.627
9333,dependência,0,noun,1638,2.625
9334,libertar-me,0,unk,1638,2.625
9335,hemisfério,0,noun,1637,2.624
9336,hélice,0,noun,1637,2.624
9337,renascimento,0,noun,1637,2.624
9338,subtitles,0,unk,1637,2.624
9339,bisavô,0,unk,1636,2.622
9340,enredo,0,noun,1636,2.622
9341,suplemento,0,noun,1636,2.622
9342,planícies,0,unk,1635,2.621
9343,sentimo-nos,0,unk,1635,2.621
9344,levei-a,0,unk,1634,2.619
9345,movam-se,0,unk,1634,2.619
9346,permitam-me,0,unk,1634,2.619
9347,drástico,0,adj,1633,2.617
9348,minucioso,0,adj,1633,2.617
9349,orgulho-me,0,unk,1633,2.617
9350,engraxar,0,verb,1632,2.616
9351,enterrá-lo,0,noun,1632,2.616
9352,meti-me,0,unk,1632,2.616
9353,pm,0,unk,1632,2.616
9354,reconquistar,0,verb,1632,2.616
9355,flora,0,noun,1631,2.614
9356,ninjas,0,unk,1631,2.614
9357,desolar,0,verb,1630,2.613
9358,renovação,0,noun,1630,2.613
9359,vestir-se,0,unk,1630,2.613
9360,kiss,0,unk,1629,2.611
9361,largue-a,0,unk,1629,2.611
9362,marfim,0,unk,1628,2.609
9363,requintar,0,verb,1628,2.609
9364,vestiário,0,noun,1628,2.609
9365,alarido,0,noun,1627,2.608
9366,divertiste-te,0,unk,1627,2.608
9367,epinefrina,0,adj,1627,2.608
9368,lesionar,0,verb,1627,2.608
9369,tour,0,unk,1627,2.608
9370,coiso,0,noun,1626,2.606
9371,esquivar,0,verb,1626,2.606
9372,protejo-te,0,unk,1626,2.606
9373,carnívoro,0,noun,1625,2.605
9374,intérprete,0,unk,1625,2.605
9375,extremista,0,noun,1624,2.603
9376,inimaginável,0,adj,1624,2.603
9377,lordes,0,unk,1624,2.603
9378,afogamento,0,noun,1623,2.601
9379,operadora,0,noun,1623,2.601
9380,provávelmente,0,adv,1623,2.601
9381,zé-ninguém,0,unk,1623,2.601
9382,cãibra,0,noun,1622,2.600
9383,ensinar-lhe,0,unk,1622,2.600
9384,epá,0,unk,1622,2.600
9385,fazer-lhes,0,unk,1622,2.600
9386,lasca,0,unk,1622,2.600
9387,mister,0,verb,1622,2.600
9388,sujidade,0,noun,1622,2.600
9389,espreitadela,0,noun,1621,2.598
9390,politicamente,0,adv,1621,2.598
9391,comunhão,0,noun,1620,2.597
9392,ianques,0,unk,1620,2.597
9393,colado,0,noun,1619,2.595
9394,ferroviário,0,noun,1619,2.595
9395,fixamente,0,adv,1619,2.595
9396,game,0,unk,1619,2.595
9397,mentalidade,0,noun,1619,2.595
9398,virilha,0,noun,1619,2.595
9399,ativação,0,noun,1618,2.593
9400,inacabado,0,noun,1618,2.593
9401,reaparecer,0,verb,1618,2.593
9402,desenrolar,0,verb,1617,2.592
9403,encontrem-no,0,unk,1617,2.592
9404,levou-nos,0,unk,1617,2.592
9405,penthouse,0,unk,1617,2.592
9406,silenciosamente,0,adv,1617,2.592
9407,convencê-los,0,unk,1616,2.590
9408,foi-nos,0,unk,1616,2.590
9409,ninjitis,0,unk,1616,2.590
9410,saga,0,noun,1616,2.590
9411,solteirão,0,noun,1615,2.589
9412,viagra,0,noun,1615,2.589
9413,descarar,0,verb,1614,2.587
9414,berma,0,noun,1613,2.585
9415,castrar,0,verb,1613,2.585
9416,porta-aviões,0,noun,1613,2.585
9417,sí,0,unk,1613,2.585
9418,tocar-te,0,unk,1613,2.585
9419,afogou-se,0,unk,1612,2.584
9420,fay,0,unk,1612,2.584
9421,betão,0,noun,1611,2.582
9422,conversinha,0,adj,1611,2.582
9423,estafeta,0,noun,1611,2.582
9424,pedi-las,0,unk,1611,2.582
9425,proferir,0,verb,1611,2.582
9426,ris,0,unk,1611,2.582
9427,ç,0,unk,1611,2.582
9428,faço-lhe,0,unk,1610,2.580
9429,interface,0,unk,1610,2.580
9430,sandália,0,noun,1610,2.580
9431,combustão,0,noun,1609,2.579
9432,incapacitado,0,noun,1609,2.579
9433,status,0,unk,1609,2.579
9434,canário,0,noun,1608,2.577
9435,diâmetro,0,noun,1608,2.577
9436,prá,0,unk,1607,2.576
9437,ventoinha,0,adj,1607,2.576
9438,perdi-a,0,unk,1605,2.572
9439,reservatório,0,noun,1605,2.572
9440,sintonia,0,noun,1605,2.572
9441,ía,0,unk,1605,2.572
9442,compensar-te,0,unk,1604,2.571
9443,damasco,0,noun,1603,2.569
9444,hobby,0,unk,1603,2.569
9445,poluição,0,noun,1603,2.569
9446,torácico,0,adj,1603,2.569
9447,court,0,unk,1601,2.566
9448,irritação,0,noun,1601,2.566
9449,ranhoso,0,adj,1601,2.566
9450,ananás,0,unk,1600,2.564
9451,atirar-se,0,unk,1600,2.564
9452,cobre-me,0,unk,1600,2.564
9453,convidá-lo,0,noun,1600,2.564
9454,ter-te-ia,0,noun,1600,2.564
9455,acordá-lo,0,noun,1599,2.563
9456,admiti-lo,0,noun,1599,2.563
9457,arrecadação,0,noun,1599,2.563
9458,elevação,0,noun,1599,2.563
9459,encontrámo-nos,0,unk,1599,2.563
9460,estalagem,0,noun,1599,2.563
9461,bem-vindas,0,unk,1598,2.561
9462,sím,0,unk,1598,2.561
9463,tontura,0,noun,1598,2.561
9464,banha,0,noun,1597,2.560
9465,elixir,0,verb,1597,2.560
9466,emprestar-me,0,unk,1597,2.560
9467,esquartejar,0,verb,1597,2.560
9468,levas-me,0,unk,1597,2.560
9469,non,0,unk,1597,2.560
9470,pechincha,0,noun,1597,2.560
9471,ridicularizar,0,verb,1597,2.560
9472,tire-o,0,unk,1597,2.560
9473,viga,0,noun,1597,2.560
9474,baga,0,noun,1596,2.558
9475,alicate,0,unk,1594,2.555
9476,esconder-nos,0,unk,1594,2.555
9477,mos,0,unk,1594,2.555
9478,preguiça,0,noun,1594,2.555
9479,encantamento,0,noun,1593,2.553
9480,intoxicação,0,noun,1593,2.553
9481,usar-me,0,unk,1593,2.553
9482,invólucro,0,noun,1592,2.552
9483,escombros,0,unk,1591,2.550
9484,logótipo,0,noun,1591,2.550
9485,perguntava-me,0,unk,1591,2.550
9486,conheci-a,0,unk,1590,2.548
9487,preparo,0,noun,1590,2.548
9488,aceitá-lo,0,noun,1589,2.547
9489,bonjour,0,unk,1589,2.547
9490,situar,0,verb,1589,2.547
9491,travesseiro,0,noun,1589,2.547
9492,remoção,0,noun,1588,2.545
9493,benção,0,noun,1587,2.544
9494,intelecto,0,noun,1587,2.544
9495,mórbido,0,noun,1587,2.544
9496,controlar-me,0,unk,1586,2.542
9497,czar,0,verb,1586,2.542
9498,dissipar,0,verb,1586,2.542
9499,pobrezinha,0,adj,1586,2.542
9500,apresente-se,0,unk,1585,2.540
9501,pessimista,0,noun,1585,2.540
9502,apêndice,0,noun,1584,2.539
9503,mato-a,0,unk,1584,2.539
9504,piranha,0,noun,1583,2.537
9505,puseram-me,0,unk,1583,2.537
9506,detetada,0,noun,1582,2.536
9507,pulha,0,noun,1582,2.536
9508,trampa,0,noun,1582,2.536
9509,anarquia,0,noun,1581,2.534
9510,aceitação,0,noun,1579,2.531
9511,batismo,0,noun,1579,2.531
9512,diabético,0,adj,1579,2.531
9513,hipnose,0,unk,1579,2.531
9514,abominação,0,noun,1578,2.529
9515,conta-lhes,0,unk,1578,2.529
9516,medicinal,0,adj,1578,2.529
9517,distrital,0,adj,1577,2.528
9518,narcisista,0,noun,1577,2.528
9519,oportuno,0,unk,1577,2.528
9520,embaraço,0,noun,1575,2.524
9521,metanfetamina,0,adj,1575,2.524
9522,perdurar,0,verb,1575,2.524
9523,she,0,unk,1575,2.524
9524,ºc,0,unk,1575,2.524
9525,aspirante,0,unk,1574,2.523
9526,devorador,0,noun,1574,2.523
9527,janta,0,noun,1574,2.523
9528,constelação,0,noun,1573,2.521
9529,engodo,0,noun,1573,2.521
9530,esquecimento,0,noun,1573,2.521
9531,loucamente,0,adv,1573,2.521
9532,otimismo,0,noun,1573,2.521
9533,relâmpagos,0,unk,1573,2.521
9534,tiraste-me,0,unk,1573,2.521
9535,descapotável,0,adj,1572,2.520
9536,fumaça,0,noun,1572,2.520
9537,agressividade,0,noun,1571,2.518
9538,conceção,0,noun,1571,2.518
9539,enviá-lo,0,noun,1571,2.518
9540,louvor,0,unk,1571,2.518
9541,vibrador,0,noun,1571,2.518
9542,valeria,0,noun,1570,2.516
9543,correria,0,noun,1569,2.515
9544,encontraste-o,0,unk,1569,2.515
9545,enviar-lhe,0,unk,1569,2.515
9546,have,0,unk,1569,2.515
9547,poluir,0,verb,1569,2.515
9548,processamento,0,noun,1569,2.515
9549,salvou-nos,0,unk,1569,2.515
9550,conte-nos,0,unk,1568,2.513
9551,cruzador,0,noun,1568,2.513
9552,wi-fi,0,unk,1568,2.513
9553,ciao,0,unk,1567,2.512
9554,defrontar,0,verb,1567,2.512
9555,embaraçado,0,noun,1567,2.512
9556,enguia,0,noun,1567,2.512
9557,estrume,0,unk,1567,2.512
9558,evangelho,0,noun,1567,2.512
9559,mordeu-me,0,unk,1567,2.512
9560,despertador,0,noun,1566,2.510
9561,liguei-lhe,0,unk,1566,2.510
9562,amistoso,0,adj,1565,2.508
9563,bam,0,unk,1565,2.508
9564,conhece-a,0,unk,1565,2.508
9565,eleitoral,0,adj,1565,2.508
9566,leva-te,0,unk,1565,2.508
9567,mandá-los,0,unk,1565,2.508
9568,matricula,0,noun,1565,2.508
9569,texugo,0,noun,1565,2.508
9570,you're,0,unk,1565,2.508
9571,advertência,0,noun,1564,2.507
9572,apaixonou-se,0,unk,1564,2.507
9573,charlatão,0,noun,1564,2.507
9574,enganar-te,0,unk,1564,2.507
9575,passar-te,0,unk,1564,2.507
9576,hi,0,unk,1563,2.505
9577,nítido,0,noun,1563,2.505
9578,quietinho,0,adj,1563,2.505
9579,timing,0,unk,1563,2.505
9580,incontrolável,0,adj,1562,2.504
9581,odioso,0,adj,1562,2.504
9582,vergar,0,verb,1562,2.504
9583,dezanove,0,num,1561,2.502
9584,bendito,0,noun,1560,2.500
9585,desmancha-prazeres,0,unk,1560,2.500
9586,lagarta,0,noun,1559,2.499
9587,trama,0,noun,1558,2.497
9588,jacaré,0,unk,1557,2.496
9589,memorável,0,adj,1557,2.496
9590,paspalho,0,noun,1557,2.496
9591,ícone,0,unk,1557,2.496
9592,cético,0,adj,1556,2.494
9593,espasmo,0,noun,1556,2.494
9594,leoa,0,noun,1556,2.494
9595,ancorar,0,verb,1555,2.492
9596,implicação,0,noun,1555,2.492
9597,mer,0,unk,1555,2.492
9598,miligrama,0,noun,1555,2.492
9599,operativo,0,noun,1555,2.492
9600,tem-nos,0,unk,1555,2.492
9601,desejo-lhe,0,unk,1554,2.491
9602,fornalha,0,noun,1554,2.491
9603,montante,0,unk,1554,2.491
9604,palavra-passe,0,unk,1554,2.491
9605,pegá-lo,0,noun,1554,2.491
9606,alegadamente,0,adv,1553,2.489
9607,amabilidade,0,noun,1553,2.489
9608,cubículo,0,noun,1553,2.489
9609,extorquir,0,verb,1552,2.488
9610,apanharam-me,0,unk,1551,2.486
9611,arqueólogo,0,noun,1551,2.486
9612,interditar,0,verb,1551,2.486
9613,piora,0,noun,1551,2.486
9614,despedir-se,0,unk,1550,2.484
9615,imprevisto,0,noun,1550,2.484
9616,paradoxo,0,noun,1550,2.484
9617,perjúrio,0,noun,1550,2.484
9618,pinga,0,noun,1550,2.484
9619,socapa,0,noun,1550,2.484
9620,tentáculo,0,noun,1550,2.484
9621,feno,0,noun,1549,2.483
9622,obsessivo,0,noun,1549,2.483
9623,veludo,0,adj,1549,2.483
9624,accionistas,0,unk,1548,2.481
9625,comedor,0,noun,1547,2.480
9626,esqueces-te,0,unk,1546,2.478
9627,masturbação,0,noun,1546,2.478
9628,sebo,0,noun,1546,2.478
9629,débil,0,unk,1545,2.476
9630,trajeto,0,noun,1545,2.476
9631,desastroso,0,adj,1544,2.475
9632,posso-lhe,0,unk,1544,2.475
9633,baril,0,unk,1543,2.473
9634,estrear,0,verb,1543,2.473
9635,porta-luvas,0,unk,1543,2.473
9636,batimento cardíaco,1,mwe,1542,2.472
9637,certificar-se,0,unk,1542,2.472
9638,horda,0,noun,1542,2.472
9639,anfitriã,0,unk,1541,2.470
9640,recaída,0,noun,1541,2.470
9641,varíola,0,noun,1541,2.470
9642,coleccionador,0,noun,1539,2.467
9643,comer-te,0,unk,1539,2.467
9644,concentrem-se,0,unk,1539,2.467
9645,descartável,0,adj,1539,2.467
9646,encontra-a,0,unk,1539,2.467
9647,indeciso,0,noun,1539,2.467
9648,lembrou-se,0,unk,1539,2.467
9649,leve-nos,0,unk,1539,2.467
9650,traíste-me,0,unk,1539,2.467
9651,contar-vos,0,unk,1538,2.465
9652,esmagador,0,noun,1538,2.465
9653,filhinha,0,adj,1538,2.465
9654,giz,0,unk,1538,2.465
9655,infiltração,0,noun,1538,2.465
9656,mitzvah,0,unk,1538,2.465
9657,ouvi-a,0,unk,1538,2.465
9658,enganas-te,0,unk,1537,2.463
9659,fútil,0,unk,1537,2.463
9660,guardiã,0,unk,1536,2.462
9661,ia-me,0,unk,1536,2.462
9662,mexerico,0,adj,1536,2.462
9663,planetário,0,noun,1536,2.462
9664,vitela,0,noun,1536,2.462
9665,proveniente,0,adj,1535,2.460
9666,saciar,0,verb,1535,2.460
9667,sérvio,0,noun,1535,2.460
9668,talho,0,noun,1535,2.460
9669,treinamento,0,noun,1535,2.460
9670,articulação,0,noun,1534,2.459
9671,salvadora,0,noun,1534,2.459
9672,conhecer-me,0,unk,1533,2.457
9673,criancinha,0,adj,1533,2.457
9674,cus,0,unk,1533,2.457
9675,saldar,0,verb,1533,2.457
9676,adora-te,0,unk,1532,2.455
9677,ding,0,unk,1532,2.455
9678,escoceses,0,unk,1532,2.455
9679,ponho-te,0,unk,1532,2.455
9680,prejudicial,0,adj,1532,2.455
9681,avisá-los,0,unk,1531,2.454
9682,barca,0,unk,1531,2.454
9683,clientela,0,noun,1531,2.454
9684,desintoxicação,0,noun,1531,2.454
9685,pincel,0,adj,1531,2.454
9686,acho-te,0,unk,1530,2.452
9687,designer,0,verb,1530,2.452
9688,estilista,0,noun,1530,2.452
9689,humm,0,unk,1530,2.452
9690,insuficiência,0,noun,1530,2.452
9691,pôs-se,0,unk,1530,2.452
9692,ratinho,0,adj,1530,2.452
9693,conto-lhe,0,unk,1529,2.451
9694,medroso,0,adj,1529,2.451
9695,aproxime-se,0,unk,1528,2.449
9696,contou-nos,0,unk,1528,2.449
9697,especificar,0,verb,1528,2.449
9698,horizontal,0,adj,1528,2.449
9699,paixoneta,0,noun,1528,2.449
9700,transtornado,0,noun,1528,2.449
9701,altruísta,0,noun,1527,2.447
9702,datar,0,verb,1527,2.447
9703,diagrama,0,noun,1527,2.447
9704,pio,0,noun,1527,2.447
9705,ro,0,unk,1527,2.447
9706,trabalhinho,0,adj,1527,2.447
9707,apaixonar-se,0,unk,1526,2.446
9708,detetores,0,unk,1526,2.446
9709,fala-se,0,unk,1526,2.446
9710,transe,0,unk,1526,2.446
9711,avalanche,0,unk,1525,2.444
9712,bobina,0,adj,1525,2.444
9713,buscar-nos,0,unk,1525,2.444
9714,vértebra,0,noun,1525,2.444
9715,desci,0,unk,1524,2.443
9716,despedimento,0,noun,1524,2.443
9717,enganador,0,noun,1524,2.443
9718,encontrou-se,0,unk,1523,2.441
9719,estrondo,0,noun,1523,2.441
9720,honroso,0,adj,1523,2.441
9721,século xx,1,mwe,1523,2.441
9722,crês,0,adj,1522,2.439
9723,desforra,0,noun,1522,2.439
9724,dás-nos,0,unk,1522,2.439
9725,menosprezar,0,verb,1522,2.439
9726,turismo,0,noun,1522,2.439
9727,infantário,0,noun,1521,2.438
9728,aeródromo,0,noun,1520,2.436
9729,amêndoa,0,noun,1520,2.436
9730,calçada,0,noun,1520,2.436
9731,encarcerar,0,verb,1520,2.436
9732,hipoteticamente,0,adv,1520,2.436
9733,indesejado,0,noun,1520,2.436
9734,inverso,0,noun,1520,2.436
9735,regulador,0,noun,1520,2.436
9736,adultério,0,noun,1519,2.435
9737,sobrepor,0,unk,1519,2.435
9738,tiro-te,0,unk,1519,2.435
9739,distorcido,0,noun,1518,2.433
9740,levantar-te,0,unk,1518,2.433
9741,tira-os,0,unk,1518,2.433
9742,virar-se,0,unk,1518,2.433
9743,informante,0,unk,1517,2.431
9744,acalmar-te,0,unk,1516,2.430
9745,sensei,0,unk,1516,2.430
9746,acaba-se,0,unk,1515,2.428
9747,esgotar-se,0,unk,1515,2.428
9748,lira,0,noun,1515,2.428
9749,sobressair,0,verb,1515,2.428
9750,aspiração,0,noun,1514,2.427
9751,clarificar,0,verb,1514,2.427
9752,andróide,0,noun,1513,2.425
9753,contei-te,0,unk,1513,2.425
9754,meramente,0,adv,1513,2.425
9755,nitrato,0,noun,1513,2.425
9756,segmento,0,noun,1513,2.425
9757,when,0,unk,1513,2.425
9758,assustá-la,0,noun,1512,2.423
9759,encriptação,0,noun,1512,2.423
9760,espalhou-se,0,unk,1512,2.423
9761,chanfrado,0,noun,1511,2.422
9762,defeituoso,0,adj,1511,2.422
9763,indianos,0,unk,1511,2.422
9764,indigno,0,unk,1511,2.422
9765,intensificar,0,verb,1511,2.422
9766,deixem-se,0,unk,1510,2.420
9767,equivaler,0,verb,1510,2.420
9768,desafio-te,0,unk,1509,2.419
9769,how,0,unk,1509,2.419
9770,lubrificante,0,unk,1508,2.417
9771,pode-nos,0,unk,1508,2.417
9772,volt,0,unk,1508,2.417
9773,arménio,0,noun,1507,2.415
9774,comunismo,0,noun,1507,2.415
9775,enviar-me,0,unk,1507,2.415
9776,esperteza,0,noun,1507,2.415
9777,manequim,0,unk,1507,2.415
9778,lesma,0,noun,1506,2.414
9779,advocacia,0,noun,1505,2.412
9780,bem-sucedido,0,noun,1505,2.412
9781,cegueira,0,noun,1505,2.412
9782,demo,0,noun,1505,2.412
9783,habituar-me,0,unk,1505,2.412
9784,inexperiente,0,adj,1505,2.412
9785,àquelas,0,unk,1505,2.412
9786,anti,0,unk,1504,2.411
9787,bi,0,unk,1504,2.411
9788,imperativo,0,noun,1504,2.411
9789,pestana,0,adj,1504,2.411
9790,uh-huh,0,unk,1504,2.411
9791,ante,0,prep,1503,2.409
9792,deixá-las,0,unk,1503,2.409
9793,inesquecível,0,adj,1503,2.409
9794,mordo,0,noun,1503,2.409
9795,serrar,0,verb,1503,2.409
9796,desfecho,0,noun,1502,2.407
9797,rouge,0,unk,1502,2.407
9798,saltos altos,1,mwe,1502,2.407
9799,segui-o,0,unk,1502,2.407
9800,stand,0,unk,1502,2.407
9801,fodeu,0,unk,1501,2.406
9802,pênis,0,unk,1501,2.406
9803,solidariedade,0,noun,1500,2.404
9804,son,0,unk,1500,2.404
9805,totalidade,0,noun,1500,2.404
9806,deitar-se,0,unk,1499,2.403
9807,entregar-te,0,unk,1499,2.403
9808,fui-me,0,unk,1499,2.403
9809,hackers,0,unk,1499,2.403
9810,impedir-te,0,unk,1499,2.403
9811,rixa,0,noun,1499,2.403
9812,adoramos-te,0,unk,1498,2.401
9813,colesterol,0,unk,1498,2.401
9814,habitualmente,0,adv,1498,2.401
9815,il,0,unk,1498,2.401
9816,pastelaria,0,noun,1498,2.401
9817,oco,0,adj,1497,2.399
9818,people,0,unk,1497,2.399
9819,ponha-me,0,unk,1497,2.399
9820,cuidados intensivos,1,mwe,1496,2.398
9821,aflição,0,noun,1495,2.396
9822,anos-luz,0,unk,1495,2.396
9823,scooter,0,verb,1495,2.396
9824,infalível,0,adj,1494,2.395
9825,rabinho,0,adj,1494,2.395
9826,continental,0,adj,1493,2.393
9827,ucraniano,0,adj,1493,2.393
9828,apaixonar-me,0,unk,1492,2.391
9829,desconforto,0,noun,1492,2.391
9830,esforçar-me,0,unk,1492,2.391
9831,sedutor,0,unk,1492,2.391
9832,traumatizado,0,noun,1492,2.391
9833,tração,0,noun,1492,2.391
9834,coitadinha,0,adj,1491,2.390
9835,lavagem cerebral,1,mwe,1491,2.390
9836,right,0,unk,1491,2.390
9837,blackjack,0,unk,1490,2.388
9838,chamá-los,0,unk,1490,2.388
9839,magoar-se,0,unk,1490,2.388
9840,deteção,0,noun,1489,2.387
9841,medicar,0,verb,1489,2.387
9842,move-se,0,unk,1489,2.387
9843,muleta,0,noun,1489,2.387
9844,preferível,0,adj,1489,2.387
9845,baralhado,0,noun,1488,2.385
9846,desapertar,0,verb,1488,2.385
9847,passadeira,0,noun,1488,2.385
9848,premeditar,0,verb,1488,2.385
9849,roleta,0,noun,1488,2.385
9850,silo,0,noun,1488,2.385
9851,solenemente,0,adv,1488,2.385
9852,conjugal,0,adj,1487,2.383
9853,destaque,0,unk,1487,2.383
9854,boche,0,unk,1486,2.382
9855,hispânico,0,adj,1486,2.382
9856,pasto,0,noun,1486,2.382
9857,afogar-se,0,unk,1485,2.380
9858,conas,0,unk,1485,2.380
9859,deixaram-no,0,unk,1485,2.380
9860,desfigurar,0,verb,1485,2.380
9861,exclusivamente,0,adv,1485,2.380
9862,refrescante,0,unk,1485,2.380
9863,mitologia,0,noun,1484,2.379
9864,orientador,0,noun,1484,2.379
9865,delegacia,0,noun,1483,2.377
9866,egocêntrico,0,adj,1483,2.377
9867,revoltado,0,noun,1483,2.377
9868,segurem-no,0,unk,1483,2.377
9869,tosco,0,noun,1483,2.377
9870,camuflar,0,verb,1482,2.375
9871,pipa,0,noun,1482,2.375
9872,submergir,0,verb,1482,2.375
9873,trio,0,noun,1482,2.375
9874,dorminhoco,0,noun,1481,2.374
9875,massagista,0,noun,1481,2.374
9876,omeleta,0,noun,1481,2.374
9877,safar-te,0,unk,1481,2.374
9878,trivial,0,adj,1481,2.374
9879,inflamável,0,adj,1479,2.371
9880,malária,0,noun,1479,2.371
9881,menção,0,noun,1479,2.371
9882,radiador,0,noun,1479,2.371
9883,bichinho,0,adj,1478,2.369
9884,prevenção,0,noun,1478,2.369
9885,ajeitar,0,verb,1477,2.367
9886,autoestrada,0,noun,1477,2.367
9887,baseia-se,0,unk,1477,2.367
9888,embater,0,verb,1477,2.367
9889,retorcer,0,verb,1477,2.367
9890,apelidar,0,verb,1476,2.366
9891,biológicas,0,unk,1476,2.366
9892,clicar,0,verb,1476,2.366
9893,vestuário,0,noun,1476,2.366
9894,voilá,0,unk,1476,2.366
9895,domesticar,0,verb,1475,2.364
9896,hardware,0,unk,1475,2.364
9897,pilinha,0,adj,1475,2.364
9898,pombinho,0,adj,1475,2.364
9899,sedução,0,noun,1475,2.364
9900,tragam-na,0,unk,1475,2.364
9901,aura,0,noun,1474,2.363
9902,cansaço,0,noun,1474,2.363
9903,censura,0,noun,1474,2.363
9904,talismã,0,unk,1474,2.363
9905,apanhaste-o,0,unk,1473,2.361
9906,compulsivo,0,noun,1473,2.361
9907,reorganizar,0,verb,1473,2.361
9908,crepe,0,unk,1472,2.359
9909,esbarrar,0,verb,1472,2.359
9910,puramente,0,adv,1472,2.359
9911,tirem-na,0,unk,1472,2.359
9912,trailer,0,verb,1472,2.359
9913,cortar-lhe,0,unk,1471,2.358
9914,intimidado,0,noun,1471,2.358
9915,juntar-nos,0,unk,1471,2.358
9916,licitação,0,noun,1471,2.358
9917,platina,0,adj,1471,2.358
9918,quebra-cabeças,0,unk,1471,2.358
9919,amiguinha,0,adj,1470,2.356
9920,beldade,0,noun,1470,2.356
9921,chamou-lhe,0,unk,1470,2.356
9922,cilindro,0,noun,1470,2.356
9923,colocá-los,0,unk,1469,2.355
9924,cosmético,0,adj,1469,2.355
9925,nudez,0,unk,1469,2.355
9926,aguentar-se,0,unk,1468,2.353
9927,aloha,0,noun,1468,2.353
9928,amén,0,unk,1468,2.353
9929,ring,0,unk,1468,2.353
9930,comício,0,noun,1467,2.351
9931,corroborar,0,verb,1467,2.351
9932,curandeiro,0,noun,1467,2.351
9933,descongelar,0,verb,1467,2.351
9934,iniciação,0,noun,1467,2.351
9935,acompanhá-lo,0,noun,1466,2.350
9936,alastrar,0,verb,1466,2.350
9937,leproso,0,adj,1466,2.350
9938,blogue,0,unk,1465,2.348
9939,estratégico,0,adj,1465,2.348
9940,natalício,0,noun,1465,2.348
9941,opressão,0,noun,1465,2.348
9942,transbordar,0,verb,1465,2.348
9943,atropelamento,0,noun,1464,2.346
9944,bateu-lhe,0,unk,1464,2.346
9945,blasfémia,0,noun,1464,2.346
9946,esquizofrenia,0,noun,1464,2.346
9947,hebreu,0,unk,1464,2.346
9948,negociável,0,adj,1464,2.346
9949,perguntei-te,0,unk,1464,2.346
9950,pronúncia,0,noun,1464,2.346
9951,hepatite,0,unk,1463,2.345
9952,lamechar,0,verb,1463,2.345
9953,viu-te,0,unk,1463,2.345
9954,declínio,0,noun,1462,2.343
9955,idolatrar,0,verb,1462,2.343
9956,magnifico,0,adj,1462,2.343
9957,passivo,0,noun,1462,2.343
9958,áspero,0,noun,1462,2.343
9959,crosta,0,noun,1461,2.342
9960,hamster,0,verb,1461,2.342
9961,heroísmo,0,noun,1461,2.342
9962,hip,0,unk,1460,2.340
9963,profissionalmente,0,adv,1460,2.340
9964,maturidade,0,noun,1459,2.338
9965,afeição,0,noun,1458,2.337
9966,assédio sexual,1,mwe,1458,2.337
9967,atendimento,0,noun,1458,2.337
9968,atlas,0,unk,1458,2.337
9969,firmeza,0,noun,1457,2.335
9970,mu,0,unk,1457,2.335
9971,numeroso,0,adj,1457,2.335
9972,regenerar,0,verb,1457,2.335
9973,dar-te-ei,0,unk,1456,2.334
9974,negligente,0,adj,1456,2.334
9975,perverter,0,verb,1456,2.334
9976,torná-la,0,noun,1456,2.334
9977,adiamento,0,noun,1455,2.332
9978,enfrentá-lo,0,noun,1455,2.332
9979,marquês,0,adj,1455,2.332
9980,melancia,0,noun,1455,2.332
9981,caco,0,noun,1454,2.330
9982,adereço,0,noun,1453,2.329
9983,aguenta firme,1,mwe,1453,2.329
9984,aterra,0,noun,1453,2.329
9985,obrigá-lo,0,noun,1453,2.329
9986,submerso,0,noun,1453,2.329
9987,beneficência,0,noun,1452,2.327
9988,champagne,0,unk,1452,2.327
9989,comportado,0,noun,1452,2.327
9990,lacuna,0,unk,1452,2.327
9991,observar-nos,0,unk,1452,2.327
9992,paranoico,0,adj,1452,2.327
9993,acha-se,0,unk,1451,2.326
9994,rolha,0,noun,1451,2.326
9995,assustar-te,0,unk,1450,2.324
9996,bordar,0,verb,1450,2.324
9997,abadia,0,noun,1449,2.322
9998,casei-me,0,unk,1449,2.322
9999,cheiroso,0,adj,1449,2.322
10000,inquietar,0,verb,1449,2.322
