rank,lemma,is_mwe,pos_guess,raw_freq,freq_per_million
1,o,0,det,27761722,44496.246
2,ser,0,verb,23645352,37898.564
3,que,0,conj,22332750,35794.737
4,a,0,det,21990620,35246.374
5,não,0,adv,17927087,28733.379
6,de,0,prep,15387163,24662.411
7,um,0,det,13939963,22342.851
8,estar,0,verb,13237034,21216.203
9,e,0,conj,10295329,16501.264
10,eu,0,pron,9529722,15274.155
11,ter,0,verb,9357538,14998.180
12,ir,0,verb,8371033,13417.019
13,para,0,prep,7212234,11559.706
14,fazer,0,verb,4834389,7748.517
15,meu,0,pron,4786029,7671.006
16,se,0,conj,4708220,7546.294
17,com,0,prep,4680140,7501.288
18,poder,0,verb,4496545,7207.023
19,do,0,det,4494223,7203.301
20,ele,0,pron,4375996,7013.808
21,saber,0,verb,4345545,6965.002
22,por,0,prep,4231757,6782.623
23,o que,1,mwe,4104678,6578.942
24,tu,0,pron,4064606,6514.715
25,querer,0,verb,3773359,6047.907
26,bem,0,adv,3675637,5891.279
27,em,0,prep,3631615,5820.721
28,mas,0,conj,3602828,5774.581
29,da,0,det,3451307,5531.725
30,isso,0,pron,3438865,5511.783
31,dizer,0,verb,3349634,5368.764
32,como,0,adv,3285225,5265.530
33,sim,0,adv,2839627,4551.329
34,no,0,unk,2668044,4276.318
35,mais,0,adv,2560955,4104.676
36,muito,0,adv,2522053,4042.325
37,seu,0,pron,2494549,3998.241
38,na,0,unk,2482248,3978.525
39,aqui,0,pron,2355966,3776.122
40,este,0,pron,2344457,3757.675
41,ver,0,verb,2123212,3403.066
42,haver,0,verb,2092780,3354.290
43,ela,0,pron,2082791,3338.279
44,todo,0,pron,2074113,3324.370
45,isto,0,pron,2064783,3309.416
46,já,0,adv,1862357,2984.970
47,bom,0,intj,1841045,2950.811
48,coisa,0,noun,1811145,2902.887
49,à,0,det,1741554,2791.348
50,só,0,adv,1723933,2763.105
51,ao,0,det,1697494,2720.729
52,tudo,0,adj,1643412,2634.046
53,ficar,0,verb,1621576,2599.048
54,achar,0,verb,1584820,2540.136
55,vir,0,verb,1566860,2511.350
56,porque,0,conj,1552691,2488.640
57,agora,0,adv,1524160,2442.910
58,falar,0,verb,1507241,2415.793
59,lá,0,pron,1481862,2375.115
60,quando,0,conj,1480828,2373.458
61,é que,1,mwe,1462674,2344.361
62,precisar,0,verb,1397031,2239.149
63,dever,0,verb,1387166,2223.338
64,não é,1,mwe,1350152,2164.012
65,onde,0,pron,1313879,2105.874
66,algum,0,pron,1311557,2102.152
67,quem,0,pron,1305285,2092.099
68,pensar,0,verb,1285143,2059.816
69,então,0,conj,1283740,2057.567
70,nada,0,noun,1264544,2026.800
71,é o,1,mwe,1241823,1990.383
72,mesmo,0,pron,1239748,1987.057
73,dar,0,verb,1194111,1913.911
74,ou,0,conj,1188655,1905.166
75,outro,0,pron,1161044,1860.911
76,conseguir,0,verb,1160136,1859.456
77,teu,0,pron,1131125,1812.957
78,que não,1,mwe,1128481,1808.720
79,o meu,1,mwe,1113764,1785.131
80,vez,0,unk,1107554,1775.178
81,esse,0,pron,1093299,1752.330
82,voltar,0,verb,1089366,1746.026
83,eles,0,unk,1082315,1734.725
84,obrigar,0,verb,1057833,1695.486
85,nosso,0,pron,1053174,1688.018
86,nós,0,pron,994000,1593.175
87,dos,0,det,988359,1584.133
88,tua,0,noun,964395,1545.724
89,pai,0,unk,962367,1542.473
90,nos,0,unk,959619,1538.069
91,casa,0,noun,954165,1529.327
92,está bem,1,mwe,952160,1526.114
93,dia,0,noun,945696,1515.753
94,nunca,0,adv,924693,1482.090
95,tempo,0,noun,919205,1473.294
96,passar,0,verb,914417,1465.620
97,gostar,0,verb,911951,1461.667
98,até,0,prep,905563,1451.428
99,homem,0,noun,893112,1431.472
100,assim,0,conj,877772,1406.885
101,ainda,0,adv,865825,1387.737
102,é um,1,mwe,851394,1364.607
103,ouvir,0,verb,840574,1347.265
104,ano,0,unk,823809,1320.394
105,deixar,0,verb,821318,1316.401
106,dois,0,num,820786,1315.549
107,parecer,0,verb,815130,1306.483
108,sair,0,verb,808383,1295.669
109,também,0,conj,801558,1284.730
110,quê,0,unk,801351,1284.398
111,pessoa,0,noun,798644,1280.060
112,favor,0,unk,791845,1269.162
113,sobre,0,prep,770490,1234.935
114,certo,0,noun,766829,1229.067
115,olhar,0,verb,758019,1214.946
116,melhor,0,adv,745055,1194.168
117,acontecer,0,verb,742403,1189.917
118,desculpar,0,verb,741550,1188.550
119,tão,0,adv,730474,1170.797
120,chegar,0,verb,729840,1169.781
121,noite,0,unk,729438,1169.137
122,depois,0,adv,725711,1163.163
123,vida,0,noun,717284,1149.657
124,mãe,0,unk,716000,1147.599
125,tentar,0,verb,712998,1142.787
126,andar,0,verb,709910,1137.838
127,talvez,0,adv,708110,1134.953
128,olá,0,intj,703258,1127.176
129,por favor,1,mwe,695108,1114.113
130,encontrar,0,verb,694323,1112.855
131,é uma,1,mwe,694192,1112.645
132,sempre,0,adv,691215,1107.873
133,alguém,0,unk,680592,1090.847
134,nem,0,conj,677800,1086.372
135,esperar,0,verb,670079,1073.997
136,dele,0,pron,659552,1057.124
137,sem,0,prep,648525,1039.450
138,acabar,0,verb,640119,1025.977
139,aquele,0,pron,632720,1014.118
140,senhor,0,unk,631530,1012.211
141,das,0,det,622139,997.159
142,tipo,0,noun,604665,969.152
143,novo,0,noun,603785,967.741
144,pelo,0,noun,578096,926.567
145,amigo,0,noun,577686,925.910
146,matar,0,verb,574398,920.640
147,claro,0,noun,568622,911.382
148,levar,0,verb,565246,905.971
149,algo,0,noun,565023,905.614
150,conhecer,0,verb,564249,904.373
151,morrer,0,verb,562053,900.854
152,grande,0,noun,561836,900.506
153,filho,0,noun,544943,873.430
154,começar,0,verb,532578,853.611
155,rapaz,0,unk,530191,849.786
156,verdade,0,noun,528877,847.679
157,primeiro,0,num,527953,846.198
158,parar,0,verb,526482,843.841
159,chamar,0,verb,526162,843.328
160,mulher,0,verb,525315,841.970
161,antes,0,adv,525289,841.929
162,sentir,0,verb,509864,817.206
163,ninguém,0,unk,506619,812.005
164,trabalho,0,noun,505613,810.392
165,hora,0,noun,504258,808.220
166,entrar,0,verb,503381,806.815
167,apenas,0,adv,495701,794.505
168,espera,0,noun,491437,787.671
169,acreditar,0,verb,488024,782.201
170,aí,0,pron,485559,778.250
171,pouco,0,adv,480919,770.813
172,problema,0,noun,476516,763.756
173,comigo,0,pron,472957,758.051
174,quanto,0,pron,472801,757.801
175,por isso,1,mwe,466786,748.161
176,qual,0,pron,466245,747.293
177,pois,0,conj,460895,738.718
178,perder,0,verb,455842,730.620
179,eu sei,1,mwe,450703,722.383
180,querido,0,noun,440770,706.462
181,tudo bem,1,mwe,440216,705.574
182,qualquer,0,pron,439599,704.585
183,dinheiro,0,noun,439058,703.718
184,pela,0,noun,436915,700.284
185,cá,0,pron,422545,677.251
186,nome,0,unk,422153,676.623
187,merda,0,noun,420755,674.382
188,num,0,unk,418663,671.029
189,disso,0,noun,416537,667.622
190,daqui,0,unk,410162,657.404
191,trabalhar,0,verb,407769,653.569
192,usar,0,verb,403123,646.122
193,fora,0,noun,395976,634.667
194,sério,0,noun,394156,631.750
195,alguma coisa,1,mwe,393129,630.104
196,hoje,0,adv,391335,627.228
197,dela,0,pron,388261,622.301
198,muito bem,1,mwe,383148,614.106
199,pedir,0,verb,377792,605.522
200,vosso,0,pron,376552,603.534
201,nenhum,0,pron,376344,603.201
202,continuar,0,verb,375903,602.494
203,perceber,0,verb,374559,600.340
204,carro,0,noun,370286,593.491
205,morto,0,noun,370039,593.095
206,certeza,0,noun,366676,587.705
207,às,0,det,363993,583.405
208,ajudar,0,verb,360910,578.463
209,pronto,0,noun,359771,576.638
210,mal,0,adv,356980,572.164
211,tomar,0,verb,353650,566.827
212,mundo,0,noun,353057,565.877
213,lado,0,noun,350260,561.394
214,oh,0,intj,344626,552.364
215,último,0,noun,344329,551.888
216,contigo,0,noun,344143,551.589
217,três,0,num,343205,550.086
218,meu deus,1,mwe,339391,543.973
219,embora,0,conj,338809,543.040
220,porquê,0,adv,332277,532.571
221,numa,0,noun,331158,530.777
222,menos,0,adv,330748,530.120
223,mão,0,noun,330321,529.436
224,todos os,1,mwe,329574,528.238
225,parte,0,unk,328740,526.902
226,lugar,0,verb,322962,517.641
227,arma,0,noun,322328,516.625
228,ideia,0,noun,321667,515.565
229,tanto,0,adv,320623,513.892
230,nas,0,unk,319226,511.653
231,uma coisa,1,mwe,315631,505.891
232,família,0,noun,314738,504.459
233,aos,0,det,312831,501.403
234,viver,0,verb,311315,498.973
235,dentro,0,adv,311304,498.955
236,razão,0,noun,310013,496.886
237,entender,0,verb,308743,494.851
238,tirar,0,verb,307889,493.482
239,minuto,0,noun,307834,493.394
240,abrir,0,verb,306257,490.866
241,único,0,adj,302669,485.115
242,polícia,0,noun,298898,479.071
243,trazer,0,verb,295194,473.134
244,ali,0,pron,289728,464.374
245,ligar,0,verb,287295,460.474
246,tratar,0,verb,283948,455.109
247,contar,0,verb,280724,449.942
248,descobrir,0,verb,279277,447.623
249,se passa,1,mwe,278310,446.073
250,mudar,0,verb,276294,442.842
251,ele está,1,mwe,276128,442.576
252,segundo,0,prep,273796,438.838
253,pequeno,0,noun,272398,436.597
254,correr,0,verb,272237,436.339
255,caso,0,conj,266320,426.855
256,cabeça,0,noun,266090,426.487
257,apanhar,0,verb,265788,426.003
258,si,0,pron,264240,423.522
259,irmão,0,noun,263984,423.111
260,semana,0,adj,263770,422.768
261,raio,0,noun,263042,421.601
262,momento,0,noun,262814,421.236
263,aquilo,0,pron,262484,420.707
264,onde está,1,mwe,260467,417.474
265,forma,0,noun,259579,416.051
266,atrás,0,adv,258469,414.272
267,tal,0,pron,257209,412.252
268,comer,0,verb,256627,411.320
269,olho,0,noun,255242,409.100
270,cidade,0,noun,255151,408.954
271,pôr,0,verb,253897,406.944
272,porta,0,noun,247032,395.941
273,pagar,0,verb,246247,394.683
274,deles,0,unk,245895,394.118
275,esquecer,0,verb,244903,392.528
276,entre,0,prep,244322,391.597
277,dormir,0,verb,241159,386.528
278,amor,0,unk,240334,385.205
279,com ele,1,mwe,238338,382.006
280,frente,0,adj,238285,381.921
281,senhora,0,noun,237388,380.483
282,vivo,0,noun,236182,378.550
283,desde,0,prep,235544,377.528
284,gente,0,adj,234646,376.089
285,ok,0,intj,234157,375.305
286,próprio,0,pron,232124,372.046
287,conta,0,noun,229610,368.017
288,tarde,0,adv,228673,366.515
289,os meus,1,mwe,228162,365.696
290,criança,0,noun,224514,359.849
291,morte,0,unk,223425,358.104
292,seguir,0,verb,223046,357.496
293,maneira,0,noun,221921,355.693
294,vá lá,1,mwe,220681,353.706
295,mandar,0,verb,220652,353.659
296,próximo,0,noun,220346,353.169
297,feliz,0,unk,220052,352.697
298,cima,0,noun,218878,350.816
299,ganhar,0,verb,218763,350.631
300,junto,0,noun,216541,347.070
301,durante,0,prep,215459,345.336
302,velho,0,noun,215242,344.988
303,quase,0,adv,214533,343.852
304,caminho,0,adj,214263,343.419
305,lamentar,0,verb,214256,343.408
306,preocupar,0,verb,213497,342.191
307,sozinho,0,adj,213447,342.111
308,adorar,0,verb,212907,341.245
309,história,0,noun,212890,341.218
310,todas as,1,mwe,212043,339.861
311,ajuda,0,noun,212030,339.840
312,óptimo,0,noun,211951,339.713
313,amanhã,0,adv,211690,339.295
314,contra,0,prep,210906,338.038
315,medo,0,noun,210831,337.918
316,procurar,0,verb,210688,337.689
317,receber,0,verb,208997,334.979
318,arranjar,0,verb,208955,334.911
319,as pessoas,1,mwe,207516,332.605
320,meio,0,num,207409,332.433
321,pergunta,0,noun,206613,331.158
322,importar,0,verb,206272,330.611
323,cara,0,noun,205646,329.608
324,quarto,0,num,205276,329.015
325,mês,0,adj,205214,328.915
326,agente,0,adj,204815,328.276
327,manter,0,verb,203905,326.817
328,partir,0,verb,203385,325.984
329,da minha,1,mwe,202940,325.270
330,enquanto,0,conj,202707,324.897
331,pode ser,1,mwe,202266,324.190
332,meu pai,1,mwe,202241,324.150
333,desta,0,noun,198387,317.973
334,pessoal,0,adj,198224,317.712
335,filha,0,noun,198206,317.683
336,neste,0,unk,196559,315.043
337,cuidado,0,noun,193250,309.739
338,importante,0,unk,192790,309.002
339,difícil,0,unk,190740,305.716
340,cada,0,noun,190452,305.255
341,sorte,0,unk,190451,305.253
342,palavra,0,noun,190332,305.062
343,as coisas,1,mwe,189753,304.134
344,significar,0,verb,189750,304.130
345,causa,0,noun,189493,303.718
346,jogo,0,noun,188871,302.721
347,disto,0,noun,188102,301.488
348,desaparecer,0,verb,186913,299.583
349,fugir,0,verb,186828,299.446
350,calmo,0,noun,186004,298.126
351,lembrar,0,verb,185232,296.888
352,vós,0,pron,184902,296.359
353,mau,0,unk,183882,294.724
354,beber,0,verb,182962,293.250
355,estranho,0,noun,182392,292.336
356,corpo,0,noun,181558,291.000
357,perguntar,0,verb,180269,288.934
358,número,0,noun,180051,288.584
359,sangue,0,unk,179792,288.169
360,água,0,noun,179575,287.821
361,existir,0,verb,179312,287.400
362,passado,0,noun,176692,283.200
363,lindo,0,noun,175832,281.822
364,força,0,noun,175405,281.138
365,rápido,0,noun,175174,280.767
366,plano,0,adj,174350,279.447
367,errar,0,verb,174063,278.987
368,adeus,0,intj,172834,277.017
369,manhã,0,unk,172553,276.566
370,terra,0,noun,171137,274.297
371,ei,0,unk,170319,272.986
372,perto,0,adv,169961,272.412
373,cair,0,verb,169562,271.772
374,bonito,0,noun,168934,270.766
375,guerra,0,noun,167809,268.963
376,baixo,0,noun,167697,268.783
377,confiar,0,verb,167685,268.764
378,amar,0,verb,167433,268.360
379,comprar,0,verb,166812,267.365
380,salvar,0,verb,164745,264.052
381,ler,0,verb,164743,264.049
382,seguro,0,noun,163873,262.654
383,miúdo,0,noun,163841,262.603
384,cinco,0,num,163659,262.311
385,altura,0,noun,163653,262.302
386,segurança,0,noun,163469,262.007
387,equipa,0,noun,163421,261.930
388,roubar,0,verb,163139,261.478
389,aparecer,0,verb,162615,260.638
390,outra vez,1,mwe,162329,260.180
391,tocar,0,verb,162027,259.695
392,escrever,0,verb,161745,259.243
393,dólar,0,verb,161558,258.944
394,idiota,0,noun,161213,258.391
395,médico,0,adj,160690,257.553
396,procura,0,noun,159906,256.296
397,chefe,0,unk,159261,255.262
398,quer dizer,1,mwe,158013,253.262
399,aceitar,0,verb,157416,252.305
400,funcionar,0,verb,157294,252.109
401,fim,0,unk,157177,251.922
402,deixa-me,0,unk,156935,251.534
403,prender,0,verb,156450,250.757
404,brincar,0,verb,156445,250.749
405,coração,0,noun,155378,249.039
406,nisso,0,noun,154902,248.276
407,menina,0,adj,153418,245.897
408,diferente,0,adj,152584,244.560
409,preparar,0,verb,150834,241.755
410,deste,0,unk,150176,240.701
411,fechar,0,verb,150035,240.475
412,pé,0,unk,149008,238.829
413,vamos lá,1,mwe,148166,237.479
414,maior,0,unk,146603,234.974
415,livro,0,noun,145955,233.935
416,escola,0,noun,145925,233.887
417,festa,0,noun,145709,233.541
418,quatro,0,num,145177,232.688
419,capitão,0,noun,144957,232.336
420,suficiente,0,adj,144733,231.977
421,irmã,0,unk,144335,231.339
422,minha mãe,1,mwe,144143,231.031
423,possível,0,adj,144121,230.996
424,estado,0,noun,144086,230.940
425,ar,0,unk,143127,229.403
426,pegar,0,verb,142583,228.531
427,presidente,0,adj,142329,228.124
428,ontem,0,adv,142295,228.069
429,logo,0,conj,142188,227.898
430,acordo,0,noun,141879,227.402
431,escolher,0,verb,141862,227.375
432,jogar,0,verb,141323,226.511
433,negócio,0,noun,141146,226.228
434,marido,0,noun,140713,225.534
435,vai ser,1,mwe,140621,225.386
436,na verdade,1,mwe,140307,224.883
437,alto,0,noun,139440,223.493
438,ordem,0,noun,139140,223.012
439,buscar,0,verb,138954,222.714
440,decidir,0,verb,138557,222.078
441,acordar,0,verb,138555,222.075
442,bebé,0,unk,137982,221.156
443,lutar,0,verb,137594,220.534
444,realmente,0,adv,137475,220.344
445,humano,0,adj,134876,216.178
446,esta noite,1,mwe,134744,215.967
447,pena,0,noun,134124,214.973
448,bater,0,verb,133899,214.612
449,compreender,0,verb,133602,214.136
450,depressa,0,adv,133448,213.889
451,criar,0,verb,133059,213.266
452,mil,0,num,132805,212.859
453,à noite,1,mwe,132794,212.841
454,aprender,0,verb,132721,212.724
455,dá-me,0,unk,132676,212.652
456,imaginar,0,verb,132563,212.471
457,enviar,0,verb,132476,212.331
458,nesta,0,noun,132408,212.222
459,prazer,0,verb,132307,212.061
460,colocar,0,verb,132009,211.583
461,na minha,1,mwe,131876,211.370
462,fácil,0,unk,131001,209.967
463,tuas,0,unk,130797,209.640
464,luz,0,unk,130722,209.520
465,prova,0,noun,130234,208.738
466,prometer,0,verb,129379,207.368
467,demasiado,0,adv,129242,207.148
468,miúda,0,noun,128838,206.500
469,verdadeiro,0,noun,128646,206.193
470,terminar,0,verb,128460,205.895
471,tu és,1,mwe,128363,205.739
472,forte,0,unk,128228,205.523
473,minha vida,1,mwe,127696,204.670
474,telefone,0,unk,127675,204.636
475,longe,0,adv,127409,204.210
476,local,0,adj,125440,201.054
477,mostrar,0,verb,125036,200.407
478,louco,0,adj,125013,200.370
479,trás,0,prep,124977,200.312
480,tornar,0,verb,124947,200.264
481,valer,0,verb,124810,200.044
482,jantar,0,verb,124772,199.983
483,belo,0,noun,124550,199.628
484,esconder,0,verb,123996,198.740
485,cão,0,noun,123778,198.390
486,milhão,0,num,123699,198.264
487,muito tempo,1,mwe,123661,198.203
488,porra,0,noun,122754,196.749
489,rua,0,noun,122329,196.068
490,ponto,0,noun,122129,195.747
491,rei,0,unk,121972,195.496
492,teu pai,1,mwe,121899,195.379
493,filme,0,unk,121537,194.798
494,meter,0,verb,121397,194.574
495,responder,0,verb,120968,193.886
496,exactamente,0,adv,120806,193.627
497,sinal,0,adj,120613,193.317
498,especial,0,adj,120559,193.231
499,sítio,0,noun,120494,193.127
500,sentar,0,verb,120317,192.843
501,direito,0,noun,119921,192.208
502,qualquer coisa,1,mwe,119838,192.075
503,sala,0,noun,119793,192.003
504,paz,0,unk,119538,191.594
505,assassino,0,adj,119289,191.195
506,mentir,0,verb,118689,190.234
507,servir,0,verb,118528,189.976
508,bom dia,1,mwe,118507,189.942
509,culpa,0,noun,117848,188.886
510,informação,0,noun,117565,188.432
511,fazer isto,1,mwe,117116,187.713
512,além,0,adv,116045,185.996
513,seis,0,num,115628,185.328
514,resolver,0,verb,115308,184.815
515,destruir,0,verb,115282,184.773
516,notícia,0,noun,114775,183.960
517,escutar,0,verb,114669,183.790
518,vender,0,verb,114629,183.726
519,disparar,0,verb,114380,183.327
520,jovem,0,noun,114087,182.858
521,estúpido,0,noun,113878,182.523
522,país,0,unk,112877,180.918
523,casamento,0,noun,112868,180.904
524,cama,0,noun,112029,179.559
525,pelos,0,unk,111931,179.402
526,deve ser,1,mwe,111568,178.820
527,cheio,0,noun,111253,178.315
528,boa noite,1,mwe,111195,178.222
529,resto,0,noun,110889,177.732
530,falta,0,noun,110807,177.600
531,licença,0,noun,110685,177.405
532,diz-me,0,unk,110555,177.197
533,pelo menos,1,mwe,110374,176.906
534,oportunidade,0,noun,110339,176.850
535,quero dizer,1,mwe,109895,176.139
536,sequer,0,adv,108648,174.140
537,atenção,0,noun,108117,173.289
538,comida,0,noun,107891,172.927
539,bastante,0,adv,107295,171.971
540,diabo,0,noun,106732,171.069
541,tua mãe,1,mwe,106380,170.505
542,capaz,0,unk,106313,170.398
543,mensagem,0,noun,106213,170.237
544,fogo,0,noun,106123,170.093
545,prisão,0,noun,105596,169.248
546,dizem,0,noun,105547,169.170
547,bola,0,noun,105523,169.131
548,ah,0,intj,105207,168.625
549,atirar,0,verb,104817,168.000
550,sistema,0,noun,104398,167.328
551,pior,0,adv,104333,167.224
552,má,0,unk,104243,167.080
553,demais,0,unk,104112,166.870
554,sonho,0,noun,103953,166.615
555,sentido,0,noun,103569,165.999
556,quanto tempo,1,mwe,103543,165.958
557,portanto,0,conj,103258,165.501
558,hospital,0,adj,102744,164.677
559,proteger,0,verb,102092,163.632
560,relação,0,noun,101575,162.804
561,interessar,0,verb,101453,162.608
562,fazê-lo,0,noun,101342,162.430
563,crime,0,unk,100881,161.691
564,preferir,0,verb,100621,161.274
565,provavelmente,0,adv,100605,161.249
566,amiga,0,noun,100439,160.983
567,cortar,0,verb,100392,160.907
568,explicar,0,verb,100302,160.763
569,à espera,1,mwe,100241,160.665
570,ambos,0,unk,100022,160.314
571,mexer,0,verb,99939,160.181
572,livre,0,unk,99773,159.915
573,aguentar,0,verb,99579,159.604
574,crer,0,verb,99401,159.319
575,assunto,0,noun,99323,159.194
576,carta,0,noun,98593,158.024
577,casar,0,verb,98567,157.982
578,connosco,0,noun,98541,157.941
579,chave,0,unk,98384,157.689
580,facto,0,noun,98358,157.647
581,resposta,0,noun,98336,157.612
582,h,0,unk,98318,157.583
583,questão,0,noun,97565,156.376
584,roupa,0,noun,97292,155.939
585,serviço,0,noun,97251,155.873
586,fantástico,0,adj,97017,155.498
587,droga,0,noun,96998,155.468
588,situação,0,noun,96669,154.940
589,subir,0,verb,96254,154.275
590,atacar,0,verb,96070,153.980
591,negro,0,noun,95523,153.103
592,americano,0,adj,94566,151.570
593,odiar,0,verb,94501,151.465
594,ataque,0,unk,93878,150.467
595,à procura,1,mwe,93815,150.366
596,boca,0,noun,93747,150.257
597,futuro,0,noun,93110,149.236
598,erro,0,noun,93050,149.140
599,café,0,unk,93018,149.088
600,avião,0,noun,92916,148.925
601,música,0,adj,92595,148.410
602,cheirar,0,verb,92519,148.289
603,demorar,0,verb,92012,147.476
604,linha,0,adj,91625,146.856
605,encontro,0,noun,91606,146.825
606,verificar,0,verb,91588,146.796
607,dor,0,unk,90533,145.106
608,dez,0,num,90399,144.891
609,câmara,0,noun,90348,144.809
610,hipótese,0,unk,90251,144.654
611,conversa,0,noun,90019,144.282
612,real,0,adj,89814,143.953
613,és tu,1,mwe,89726,143.812
614,apostar,0,verb,89690,143.754
615,fundo,0,noun,89681,143.740
616,viagem,0,noun,89485,143.426
617,guarda,0,noun,89415,143.314
618,crescer,0,verb,88975,142.608
619,te preocupes,1,mwe,88754,142.254
620,às vezes,1,mwe,88551,141.929
621,vítima,0,noun,88548,141.924
622,nisto,0,pron,88517,141.874
623,merecer,0,verb,88264,141.469
624,normal,0,adj,88168,141.315
625,grupo,0,noun,87983,141.018
626,antigo,0,noun,87941,140.951
627,esposa,0,noun,87875,140.845
628,sexo,0,noun,87665,140.509
629,sob,0,prep,87656,140.494
630,segredo,0,noun,87533,140.297
631,campo,0,noun,87452,140.167
632,longo,0,noun,86175,138.121
633,tiro,0,noun,86133,138.053
634,nem sequer,1,mwe,85812,137.539
635,cabelo,0,noun,85431,136.928
636,animal,0,adj,84922,136.112
637,vista,0,noun,84812,135.936
638,desligar,0,verb,84809,135.931
639,escolha,0,noun,84595,135.588
640,missão,0,noun,84520,135.468
641,cedo,0,adv,84325,135.155
642,maldito,0,noun,84310,135.131
643,doente,0,adj,84290,135.099
644,gajo,0,noun,84285,135.091
645,nascer,0,verb,84257,135.046
646,desistir,0,verb,84156,134.885
647,perfeito,0,noun,83940,134.538
648,enganar,0,verb,83827,134.357
649,concordar,0,verb,83707,134.165
650,chão,0,noun,83682,134.125
651,costa,0,noun,83615,134.017
652,costumar,0,verb,83356,133.602
653,caixa,0,noun,82946,132.945
654,final,0,adj,82733,132.604
655,nave,0,unk,82686,132.528
656,levantar,0,verb,82377,132.033
657,vontade,0,noun,82307,131.921
658,largar,0,verb,82299,131.908
659,ocupar,0,verb,82199,131.748
660,banho,0,noun,82063,131.530
661,barco,0,noun,81786,131.086
662,presente,0,adj,81203,130.151
663,fixe,0,unk,81160,130.083
664,magoar,0,verb,80683,129.318
665,cavalo,0,noun,80664,129.288
666,preocupado,0,noun,80660,129.281
667,lá fora,1,mwe,80638,129.246
668,advogado,0,noun,80558,129.118
669,emprego,0,noun,80448,128.941
670,convidar,0,verb,80384,128.839
671,finalmente,0,adv,80335,128.760
672,lista,0,noun,80217,128.571
673,ter sido,1,mwe,80203,128.549
674,ferir,0,verb,79942,128.130
675,bebida,0,noun,79905,128.071
676,regressar,0,verb,79625,127.622
677,cala-te,0,unk,79615,127.606
678,breve,0,unk,79523,127.459
679,entregar,0,verb,79448,127.339
680,perigoso,0,adj,79445,127.334
681,bocado,0,noun,79246,127.015
682,respeito,0,noun,79015,126.645
683,agradecer,0,verb,78931,126.510
684,papá,0,unk,78887,126.439
685,perna,0,noun,78837,126.359
686,sobreviver,0,verb,78795,126.292
687,conversar,0,verb,78729,126.186
688,soldado,0,noun,78702,126.143
689,lei,0,unk,78637,126.039
690,foto,0,noun,78624,126.018
691,tom,0,unk,78558,125.912
692,escritório,0,noun,78445,125.731
693,alguma vez,1,mwe,78117,125.205
694,mente,0,adv,78003,125.023
695,construir,0,verb,77314,123.918
696,julgar,0,verb,77238,123.796
697,conduzir,0,verb,77200,123.735
698,lembras-te,0,unk,77071,123.529
699,cuidar,0,verb,76818,123.123
700,permitir,0,verb,76815,123.118
701,pelas,0,unk,76788,123.075
702,chorar,0,verb,76444,122.524
703,acidente,0,adj,76379,122.420
704,cliente,0,adj,76376,122.415
705,regra,0,noun,76201,122.134
706,papel,0,adj,75998,121.809
707,deve ter,1,mwe,75901,121.653
708,simples,0,unk,75880,121.620
709,exército,0,noun,75648,121.248
710,tio,0,noun,75601,121.173
711,controlar,0,verb,75327,120.733
712,assustar,0,verb,75205,120.538
713,novamente,0,adv,75027,120.253
714,braço,0,noun,74974,120.168
715,inimigo,0,noun,74838,119.950
716,vai-te,0,unk,74800,119.889
717,decisão,0,noun,74700,119.729
718,á,0,unk,74668,119.677
719,ai,0,unk,74609,119.583
720,branco,0,noun,74432,119.299
721,voz,0,unk,74378,119.212
722,luta,0,noun,73988,118.587
723,completamente,0,adv,73852,118.369
724,professor,0,unk,73793,118.275
725,banco,0,noun,73622,118.001
726,máquina,0,adj,73410,117.661
727,engraçado,0,noun,73386,117.622
728,bomba,0,unk,73273,117.441
729,passo,0,noun,73259,117.419
730,modo,0,noun,73010,117.020
731,esquerdo,0,noun,72976,116.965
732,puta,0,noun,72885,116.819
733,cena,0,noun,72832,116.734
734,mesa,0,adj,72633,116.416
735,maluco,0,adj,72584,116.337
736,teste,0,unk,72487,116.182
737,calar,0,verb,72385,116.018
738,incrível,0,adj,72143,115.630
739,graças,0,unk,72111,115.579
740,desejar,0,verb,71943,115.310
741,posição,0,noun,71855,115.169
742,reunião,0,noun,71769,115.031
743,doutor,0,unk,71410,114.455
744,general,0,adj,71374,114.398
745,lixar,0,verb,71373,114.396
746,frio,0,noun,71302,114.282
747,amo-te,0,unk,71289,114.261
748,programa,0,noun,71285,114.255
749,menino,0,adj,71089,113.941
750,inteiro,0,noun,71076,113.920
751,sair daqui,1,mwe,70746,113.391
752,envolver,0,verb,70454,112.923
753,queres dizer,1,mwe,70330,112.724
754,provar,0,verb,70303,112.681
755,mamã,0,unk,69988,112.176
756,loja,0,noun,69955,112.123
757,espaço,0,noun,69936,112.093
758,contacto,0,noun,69819,111.905
759,telemóvel,0,adj,69748,111.791
760,deixe-me,0,unk,69641,111.620
761,hotel,0,adj,69569,111.505
762,sofrer,0,verb,68871,110.386
763,sete,0,num,68784,110.246
764,público,0,adj,68772,110.227
765,divertido,0,noun,68575,109.911
766,motivo,0,noun,68552,109.875
767,assim tão,1,mwe,67941,108.895
768,reparar,0,verb,67909,108.844
769,fotografia,0,noun,67777,108.632
770,empresa,0,adj,67608,108.362
771,alma,0,noun,67437,108.087
772,cantar,0,verb,67221,107.741
773,nele,0,unk,67113,107.568
774,piada,0,noun,67110,107.563
775,povo,0,noun,67101,107.549
776,cometer,0,verb,67069,107.498
777,deitar,0,verb,67036,107.445
778,guardar,0,verb,66975,107.347
779,base,0,unk,66910,107.243
780,idade,0,noun,66859,107.161
781,considerar,0,verb,66816,107.092
782,última vez,1,mwe,66805,107.074
783,estrela,0,noun,66801,107.068
784,cabo,0,noun,66697,106.901
785,excelente,0,adj,66625,106.786
786,descer,0,verb,66552,106.669
787,respirar,0,verb,66551,106.667
788,avançar,0,verb,66456,106.515
789,primeira vez,1,mwe,66431,106.475
790,sol,0,unk,66399,106.424
791,dançar,0,verb,66372,106.380
792,governo,0,noun,66340,106.329
793,vermelho,0,noun,66302,106.268
794,s,0,unk,66301,106.267
795,duro,0,noun,66099,105.943
796,saída,0,noun,66027,105.828
797,discutir,0,verb,65949,105.702
798,deter,0,verb,65948,105.701
799,após,0,prep,65718,105.332
800,devia ter,1,mwe,65592,105.130
801,recuperar,0,verb,65591,105.129
802,maravilhoso,0,adj,65366,104.768
803,fome,0,unk,65065,104.286
804,estrada,0,noun,64998,104.178
805,avisar,0,verb,64949,104.100
806,horrível,0,adj,64828,103.906
807,energia,0,noun,64798,103.858
808,apresentar,0,verb,64772,103.816
809,controlo,0,noun,64644,103.611
810,imenso,0,noun,64565,103.484
811,impossível,0,adj,64517,103.407
812,alvo,0,noun,64369,103.170
813,ver-te,0,unk,64212,102.918
814,companhia,0,noun,64131,102.789
815,código,0,noun,64033,102.632
816,nessa,0,noun,63990,102.563
817,simplesmente,0,adv,63916,102.444
818,dessa,0,noun,63832,102.309
819,comandante,0,unk,63599,101.936
820,daí,0,unk,63563,101.878
821,the,0,unk,63527,101.821
822,dúvida,0,noun,63387,101.596
823,homicídio,0,noun,63387,101.596
824,metro,0,noun,63381,101.587
825,escapar,0,verb,63223,101.333
826,disse-me,0,unk,63097,101.131
827,eles estão,1,mwe,63089,101.118
828,juro,0,noun,63038,101.037
829,norte,0,unk,62876,100.777
830,interessante,0,unk,62821,100.689
831,atingir,0,verb,62532,100.226
832,parabéns,0,unk,62470,100.126
833,lançar,0,verb,62449,100.093
834,gritar,0,verb,62413,100.035
835,surpresa,0,adj,62202,99.697
836,centro,0,noun,62175,99.654
837,quero saber,1,mwe,62046,99.447
838,bala,0,noun,62001,99.375
839,quente,0,adj,61808,99.065
840,limpar,0,verb,61750,98.972
841,saltar,0,verb,61670,98.844
842,bar,0,unk,61662,98.831
843,namorada,0,noun,61619,98.762
844,vê-lo,0,noun,61258,98.184
845,aula,0,noun,61232,98.142
846,nesse,0,unk,61142,97.998
847,culpar,0,verb,61115,97.955
848,assinar,0,verb,61082,97.902
849,naquela,0,pron,61031,97.820
850,pra,0,noun,60922,97.645
851,esperança,0,noun,60920,97.642
852,metade,0,num,60730,97.338
853,lidar,0,verb,60721,97.323
854,janela,0,noun,60609,97.144
855,rico,0,adj,60605,97.137
856,abandonar,0,verb,60533,97.022
857,neste momento,1,mwe,60477,96.932
858,destino,0,adj,60438,96.869
859,através,0,prep,60351,96.730
860,ensinar,0,verb,60341,96.714
861,desse,0,unk,60325,96.688
862,mestre,0,unk,60131,96.377
863,peça,0,noun,60111,96.345
864,perigo,0,noun,60053,96.252
865,mala,0,noun,60047,96.243
866,experiência,0,noun,60033,96.220
867,conselho,0,noun,59736,95.744
868,desta vez,1,mwe,59679,95.653
869,ora,0,adv,59650,95.607
870,acerca,0,unk,59577,95.489
871,risco,0,noun,59530,95.414
872,monte,0,unk,59489,95.348
873,libertar,0,verb,59470,95.318
874,agir,0,verb,59209,94.900
875,mentira,0,noun,59042,94.632
876,tradução,0,noun,58939,94.467
877,pobre,0,unk,58819,94.275
878,simpático,0,adj,58743,94.153
879,planeta,0,noun,58631,93.973
880,oferecer,0,verb,58499,93.762
881,apartamento,0,noun,58416,93.629
882,dedo,0,noun,58370,93.555
883,mar,0,unk,58357,93.534
884,igual,0,adj,58329,93.489
885,sinto-me,0,unk,58316,93.468
886,suspeito,0,noun,58274,93.401
887,pertencer,0,verb,58259,93.377
888,imediatamente,0,adv,58245,93.355
889,honra,0,noun,58226,93.324
890,árvore,0,unk,58129,93.169
891,impedir,0,verb,58122,93.157
892,oito,0,num,57954,92.888
893,céu,0,unk,57891,92.787
894,nível,0,adj,57851,92.723
895,afastar,0,verb,57821,92.675
896,carregar,0,verb,57769,92.592
897,treta,0,noun,57716,92.507
898,memória,0,noun,57670,92.433
899,atrasado,0,noun,57612,92.340
900,resultar,0,verb,57392,91.987
901,direita,0,noun,57314,91.862
902,necessário,0,noun,57279,91.806
903,inferno,0,noun,57265,91.784
904,contente,0,adj,57205,91.688
905,área,0,unk,57078,91.484
906,computador,0,noun,57060,91.455
907,espécie,0,unk,57022,91.394
908,casado,0,noun,57010,91.375
909,preto,0,noun,56851,91.120
910,fingir,0,verb,56506,90.567
911,tenente,0,adj,56341,90.303
912,padre,0,unk,56126,89.958
913,inteligente,0,adj,56083,89.889
914,vencer,0,verb,55972,89.711
915,retirar,0,verb,55811,89.453
916,ligação,0,noun,55589,89.098
917,rainha,0,adj,55384,88.769
918,imagem,0,noun,55352,88.718
919,dos meus,1,mwe,55243,88.543
920,sul,0,unk,55072,88.269
921,pista,0,noun,55023,88.190
922,bastar,0,verb,55007,88.165
923,oficial,0,adj,54985,88.129
924,cerveja,0,noun,54964,88.096
925,outro lado,1,mwe,54899,87.992
926,evitar,0,verb,54895,87.985
927,este tipo,1,mwe,54782,87.804
928,debaixo,0,noun,54751,87.754
929,planear,0,verb,54674,87.631
930,coronel,0,adj,54657,87.604
931,admitir,0,verb,54572,87.468
932,cérebro,0,noun,54556,87.442
933,ilha,0,noun,54508,87.365
934,parede,0,noun,54455,87.280
935,reconhecer,0,verb,54369,87.142
936,aonde,0,pron,54239,86.934
937,ouro,0,noun,54160,86.807
938,confirmar,0,verb,54152,86.794
939,inglês,0,adj,54143,86.780
940,cerca,0,unk,54115,86.735
941,herói,0,unk,54110,86.727
942,falar contigo,1,mwe,53978,86.515
943,par,0,unk,53940,86.455
944,delas,0,unk,53937,86.450
945,justo,0,noun,53867,86.338
946,voar,0,verb,53854,86.317
947,pá,0,unk,53725,86.110
948,vestir,0,verb,53621,85.943
949,cartão,0,noun,53580,85.878
950,paciente,0,adj,53488,85.730
951,cabrão,0,noun,53411,85.607
952,causar,0,verb,53393,85.578
953,triste,0,unk,53374,85.547
954,supor,0,unk,53360,85.525
955,doido,0,noun,53311,85.446
956,cansado,0,noun,53296,85.422
957,visita,0,noun,53212,85.288
958,naquele,0,pron,53209,85.283
959,abaixo,0,adv,53177,85.232
960,liberdade,0,noun,53146,85.182
961,terrível,0,adj,53094,85.099
962,detective,0,unk,53039,85.010
963,atender,0,verb,53013,84.969
964,zona,0,noun,52997,84.943
965,pedra,0,noun,52953,84.873
966,diferença,0,noun,52870,84.740
967,monstro,0,noun,52704,84.474
968,repetir,0,verb,52693,84.456
969,falhar,0,verb,52651,84.389
970,comboio,0,noun,52619,84.337
971,entrada,0,noun,52563,84.248
972,falar sobre,1,mwe,52440,84.050
973,boa sorte,1,mwe,52409,84.001
974,relatório,0,noun,52405,83.994
975,tribunal,0,adj,52341,83.892
976,carne,0,unk,52324,83.864
977,suposto,0,noun,52309,83.840
978,juntar,0,verb,52258,83.759
979,saco,0,noun,52254,83.752
980,espírito,0,noun,52130,83.554
981,sugerir,0,verb,52080,83.473
982,cumprir,0,verb,52077,83.469
983,azul,0,unk,51964,83.287
984,igreja,0,noun,51961,83.283
985,destes,0,unk,51906,83.194
986,vestido,0,noun,51901,83.186
987,falso,0,unk,51891,83.170
988,custar,0,verb,51803,83.029
989,descansar,0,verb,51793,83.013
990,esperto,0,noun,51461,82.481
991,testemunha,0,noun,51264,82.165
992,colega,0,noun,51159,81.997
993,faz mal,1,mwe,51041,81.808
994,tens razão,1,mwe,51041,81.808
995,sente-se,0,unk,50974,81.701
996,responsável,0,adj,50966,81.688
997,resultado,0,noun,50939,81.645
998,agarrar,0,verb,50915,81.606
999,desejo,0,noun,50856,81.512
1000,cabra,0,noun,50848,81.499
1001,namorado,0,noun,50705,81.270
1002,acaso,0,unk,50512,80.960
1003,º,0,unk,50416,80.806
1004,posto,0,noun,50381,80.750
1005,aniversário,0,noun,50358,80.713
1006,queimar,0,verb,50351,80.702
1007,fato,0,noun,50275,80.580
1008,enorme,0,unk,50245,80.532
1009,terceiro,0,num,50133,80.353
1010,näo,0,unk,50131,80.350
1011,principal,0,adj,50097,80.295
1012,nova iorque,1,mwe,50005,80.148
1013,copo,0,noun,49912,79.999
1014,marca,0,unk,49896,79.973
1015,senta-te,0,unk,49862,79.918
1016,seguinte,0,unk,49799,79.817
1017,clube,0,unk,49759,79.753
1018,maioria,0,noun,49657,79.590
1019,socorro,0,noun,49638,79.559
1020,algum tempo,1,mwe,49630,79.547
1021,comando,0,noun,49533,79.391
1022,contrário,0,noun,49431,79.228
1023,gozar,0,verb,49419,79.208
1024,unidade,0,noun,49388,79.159
1025,inocente,0,adj,49239,78.920
1026,viajar,0,verb,48983,78.510
1027,disse-te,0,unk,48978,78.502
1028,pedido,0,noun,48952,78.460
1029,estudar,0,verb,48817,78.243
1030,avó,0,unk,48607,77.907
1031,doce,0,unk,48579,77.862
1032,buraco,0,noun,48574,77.854
1033,preço,0,noun,48512,77.755
1034,estragar,0,verb,48505,77.743
1035,rio,0,noun,48319,77.445
1036,foda-se,0,unk,48095,77.086
1037,investigação,0,noun,48045,77.006
1038,sargento,0,noun,47955,76.862
1039,ir embora,1,mwe,47881,76.743
1040,telefonar,0,verb,47857,76.705
1041,edifício,0,noun,47847,76.689
1042,nervoso,0,adj,47836,76.671
1043,propósito,0,noun,47796,76.607
1044,dente,0,adj,47794,76.604
1045,calhar,0,verb,47784,76.588
1046,dizer-me,0,unk,47756,76.543
1047,loucura,0,noun,47731,76.503
1048,lembro-me,0,unk,47654,76.379
1049,investigar,0,verb,47387,75.951
1050,chama-se,0,unk,47382,75.943
1051,deve estar,1,mwe,47283,75.785
1052,adivinhar,0,verb,47046,75.405
1053,saúde,0,noun,46997,75.326
1054,registo,0,noun,46948,75.248
1055,membro,0,noun,46844,75.081
1056,dizer-te,0,unk,46802,75.014
1057,defesa,0,adj,46685,74.826
1058,vídeo,0,noun,46636,74.748
1059,talvez seja,1,mwe,46525,74.570
1060,garantir,0,verb,46470,74.482
1061,limpo,0,noun,46412,74.389
1062,armar,0,verb,46263,74.150
1063,explodir,0,verb,46198,74.046
1064,destas,0,unk,46144,73.959
1065,parece-me,0,unk,46126,73.930
1066,russo,0,noun,46091,73.874
1067,navio,0,noun,46066,73.834
1068,anda cá,1,mwe,46048,73.805
1069,contratar,0,verb,45895,73.560
1070,ias,0,unk,45795,73.400
1071,líder,0,verb,45740,73.312
1072,toque,0,unk,45720,73.280
1073,jornal,0,adj,45700,73.248
1074,puxar,0,verb,45665,73.191
1075,céus,0,unk,45641,73.153
1076,acima,0,adv,45639,73.150
1077,sapato,0,noun,45503,72.932
1078,secreto,0,noun,45486,72.905
1079,peixe,0,unk,45464,72.869
1080,foder,0,verb,45457,72.858
1081,faltar,0,verb,45433,72.820
1082,marcar,0,verb,45433,72.820
1083,bilhete,0,unk,45333,72.659
1084,além disso,1,mwe,45258,72.539
1085,atravessar,0,verb,45250,72.526
1086,cor,0,unk,45078,72.251
1087,acesso,0,noun,45068,72.235
1088,completo,0,noun,45019,72.156
1089,parceiro,0,noun,45017,72.153
1090,fumar,0,verb,44921,71.999
1091,estação,0,noun,44903,71.970
1092,diga-me,0,unk,44901,71.967
1093,opinião,0,noun,44875,71.925
1094,saudade,0,noun,44672,71.600
1095,operação,0,noun,44620,71.517
1096,batalha,0,noun,44582,71.456
1097,nota,0,noun,44517,71.351
1098,enfrentar,0,verb,44499,71.323
1099,quieto,0,noun,44393,71.153
1100,afinal,0,adj,44359,71.098
1101,termos,0,unk,44317,71.031
1102,despedir,0,verb,44219,70.874
1103,realidade,0,noun,44189,70.826
1104,espada,0,noun,44178,70.808
1105,assumir,0,verb,44158,70.776
1106,obter,0,verb,44142,70.750
1107,poderoso,0,adj,44078,70.648
1108,peço desculpa,1,mwe,44059,70.617
1109,militar,0,verb,44030,70.571
1110,direcção,0,noun,43929,70.409
1111,incomodar,0,verb,43877,70.326
1112,fraco,0,noun,43855,70.290
1113,vem cá,1,mwe,43855,70.290
1114,cavalheiro,0,noun,43846,70.276
1115,lavar,0,verb,43818,70.231
1116,interessado,0,noun,43694,70.032
1117,experimentar,0,verb,43691,70.028
1118,vinho,0,adj,43675,70.002
1119,giro,0,noun,43666,69.987
1120,bem-vindo,0,noun,43560,69.818
1121,informar,0,verb,43518,69.750
1122,francês,0,adj,43472,69.677
1123,fartar,0,verb,43426,69.603
1124,carrinha,0,adj,43405,69.569
1125,senão,0,conj,43397,69.556
1126,apesar,0,verb,43394,69.552
1127,dar-lhe,0,unk,43361,69.499
1128,separar,0,verb,43228,69.285
1129,porcaria,0,noun,43220,69.273
1130,graça,0,noun,43203,69.245
1131,fantasma,0,noun,43142,69.148
1132,comum,0,unk,43105,69.088
1133,arriscar,0,verb,43099,69.079
1134,ameaça,0,noun,43068,69.029
1135,rabo,0,noun,43043,68.989
1136,gato,0,noun,43017,68.947
1137,apontar,0,verb,42996,68.914
1138,televisão,0,noun,42951,68.841
1139,restar,0,verb,42947,68.835
1140,montanha,0,noun,42873,68.716
1141,exemplo,0,noun,42864,68.702
1142,rádio,0,noun,42826,68.641
1143,prestar,0,verb,42741,68.505
1144,sentimento,0,noun,42721,68.473
1145,valor,0,unk,42570,68.231
1146,vazio,0,noun,42557,68.210
1147,virar,0,verb,42471,68.072
1148,avô,0,unk,42464,68.061
1149,treinar,0,verb,42456,68.048
1150,flor,0,unk,42425,67.998
1151,disse-lhe,0,unk,42385,67.934
1152,depender,0,verb,42372,67.913
1153,cozinha,0,adj,42355,67.886
1154,doença,0,noun,42264,67.740
1155,arte,0,unk,42256,67.728
1156,totalmente,0,adv,42235,67.694
1157,zangado,0,noun,42227,67.681
1158,departamento,0,noun,42202,67.641
1159,morar,0,verb,42038,67.378
1160,m,0,unk,42035,67.373
1161,diz-lhe,0,unk,41999,67.316
1162,rir,0,verb,41967,67.264
1163,transformar,0,verb,41967,67.264
1164,porreiro,0,noun,41939,67.219
1165,movimento,0,noun,41935,67.213
1166,corrida,0,noun,41932,67.208
1167,emergência,0,noun,41913,67.178
1168,pele,0,unk,41898,67.154
1169,trocar,0,verb,41859,67.091
1170,ª,0,unk,41844,67.067
1171,opção,0,noun,41809,67.011
1172,troca,0,noun,41695,66.828
1173,jeito,0,noun,41634,66.731
1174,aumentar,0,verb,41582,66.647
1175,faca,0,unk,41513,66.537
1176,devolver,0,verb,41506,66.525
1177,impressão,0,noun,41494,66.506
1178,assassinar,0,verb,41455,66.444
1179,verde,0,noun,41432,66.407
1180,cobrir,0,verb,41396,66.349
1181,almoço,0,noun,41327,66.239
1182,mudança,0,noun,41304,66.202
1183,xerife,0,unk,41163,65.976
1184,cada vez,1,mwe,41095,65.867
1185,nela,0,noun,41083,65.847
1186,laboratório,0,noun,41007,65.726
1187,incluir,0,verb,40944,65.625
1188,recusar,0,verb,40855,65.482
1189,início,0,noun,40853,65.479
1190,combinar,0,verb,40833,65.447
1191,lixo,0,noun,40774,65.352
1192,gastar,0,verb,40732,65.285
1193,fonte,0,unk,40682,65.205
1194,restaurante,0,unk,40680,65.202
1195,nove,0,num,40671,65.187
1196,pesar,0,verb,40651,65.155
1197,caramba,0,intj,40591,65.059
1198,silêncio,0,noun,40587,65.052
1199,som,0,unk,40488,64.894
1200,dizer-lhe,0,unk,40427,64.796
1201,km,0,unk,40396,64.746
1202,privado,0,noun,40377,64.716
1203,apertar,0,verb,40369,64.703
1204,criminoso,0,adj,40302,64.596
1205,chá,0,unk,40296,64.586
1206,ridículo,0,noun,40237,64.492
1207,partilhar,0,verb,40236,64.490
1208,devagar,0,adv,40153,64.357
1209,língua,0,noun,40120,64.304
1210,brilhante,0,unk,40110,64.288
1211,complicado,0,noun,40096,64.266
1212,verão,0,noun,40060,64.208
1213,confiança,0,noun,40058,64.205
1214,voo,0,unk,39989,64.094
1215,anel,0,adj,39921,63.985
1216,relaxar,0,verb,39908,63.964
1217,rezar,0,verb,39710,63.647
1218,orgulhoso,0,adj,39670,63.583
1219,calça,0,noun,39659,63.565
1220,sacana,0,adj,39657,63.562
1221,justiça,0,noun,39606,63.480
1222,pressão,0,noun,39602,63.474
1223,branca,0,unk,39434,63.204
1224,repente,0,adj,39384,63.124
1225,combate,0,unk,39327,63.033
1226,sonhar,0,verb,39311,63.007
1227,acertar,0,verb,39147,62.744
1228,enterrar,0,verb,39115,62.693
1229,daquela,0,noun,39074,62.627
1230,gelo,0,noun,38965,62.453
1231,ajudá-lo,0,noun,38948,62.426
1232,apoio,0,noun,38920,62.381
1233,processo,0,noun,38901,62.350
1234,daquele,0,unk,38856,62.278
1235,escuro,0,noun,38816,62.214
1236,outra pessoa,1,mwe,38798,62.185
1237,magia,0,noun,38783,62.161
1238,série,0,unk,38767,62.135
1239,ajuda-me,0,unk,38727,62.071
1240,inventar,0,verb,38704,62.034
1241,prestes,0,unk,38649,61.946
1242,interesse,0,unk,38630,61.916
1243,parque,0,unk,38565,61.812
1244,boa ideia,1,mwe,38502,61.711
1245,aproximar,0,verb,38411,61.565
1246,chamo-me,0,unk,38411,61.565
1247,caralho,0,noun,38404,61.554
1248,visão,0,noun,38390,61.531
1249,identificar,0,verb,38383,61.520
1250,dessas,0,unk,38333,61.440
1251,acção,0,noun,38264,61.329
1252,autocarro,0,noun,38238,61.288
1253,canção,0,noun,38231,61.276
1254,observar,0,verb,38170,61.179
1255,universidade,0,noun,38152,61.150
1256,osso,0,noun,38151,61.148
1257,coragem,0,noun,38139,61.129
1258,porco,0,noun,38105,61.074
1259,salvo,0,prep,38061,61.004
1260,casaco,0,noun,37923,60.783
1261,tia,0,noun,37794,60.576
1262,cadeira,0,noun,37792,60.573
1263,profissional,0,adj,37786,60.563
1264,visitar,0,verb,37654,60.352
1265,ama,0,noun,37638,60.326
1266,defender,0,verb,37630,60.313
1267,hey,0,unk,37466,60.050
1268,pedaço,0,noun,37464,60.047
1269,apagar,0,verb,37248,59.701
1270,compra,0,noun,37246,59.698
1271,fé,0,unk,37211,59.641
1272,duvidar,0,verb,37180,59.592
1273,lua,0,noun,37091,59.449
1274,disposto,0,noun,37050,59.383
1275,tamanho,0,noun,37032,59.355
1276,dança,0,noun,37029,59.350
1277,floresta,0,noun,36925,59.183
1278,ponte,0,unk,36782,58.954
1279,parecido,0,noun,36720,58.854
1280,dê-me,0,unk,36709,58.837
1281,gordo,0,noun,36667,58.770
1282,infelizmente,0,adv,36638,58.723
1283,efeito,0,noun,36625,58.702
1284,acusar,0,verb,36570,58.614
1285,devido,0,noun,36561,58.600
1286,pescoço,0,noun,36470,58.454
1287,óbvio,0,noun,36468,58.451
1288,irão,0,noun,36450,58.422
1289,espectáculo,0,noun,36441,58.407
1290,ovo,0,noun,36279,58.148
1291,convencer,0,verb,36112,57.880
1292,camião,0,noun,36032,57.752
1293,máximo,0,noun,35990,57.684
1294,quão,0,noun,35973,57.657
1295,ajudar-te,0,unk,35968,57.649
1296,dono,0,noun,35943,57.609
1297,relógio,0,noun,35937,57.600
1298,condição,0,noun,35936,57.598
1299,partido,0,noun,35874,57.499
1300,quebrar,0,verb,35689,57.202
1301,juiz,0,unk,35687,57.199
1302,famoso,0,adj,35648,57.136
1303,perdão,0,noun,35577,57.023
1304,meus pais,1,mwe,35543,56.968
1305,perseguir,0,verb,35518,56.928
1306,vergonha,0,noun,35466,56.845
1307,grávido,0,noun,35435,56.795
1308,beijar,0,verb,35431,56.788
1309,nariz,0,unk,35348,56.655
1310,duas vezes,1,mwe,35230,56.466
1311,alemão,0,noun,35207,56.429
1312,malta,0,noun,35183,56.391
1313,gabinete,0,unk,35181,56.388
1314,dum,0,unk,35159,56.353
1315,histórias,0,unk,35155,56.346
1316,férias,0,unk,35151,56.340
1317,central,0,adj,35111,56.276
1318,ladrão,0,noun,35106,56.268
1319,várias,0,unk,35106,56.268
1320,distância,0,noun,35016,56.123
1321,beijo,0,noun,35008,56.111
1322,princesa,0,adj,34957,56.029
1323,sucesso,0,noun,34820,55.809
1324,velocidade,0,noun,34801,55.779
1325,exame,0,unk,34759,55.711
1326,busca,0,unk,34756,55.707
1327,matá-lo,0,noun,34711,55.634
1328,medir,0,verb,34658,55.550
1329,barulho,0,noun,34643,55.525
1330,arrancar,0,verb,34530,55.344
1331,montar,0,verb,34530,55.344
1332,vais ficar,1,mwe,34439,55.199
1333,corte,0,unk,34283,54.948
1334,rede,0,noun,34221,54.849
1335,dar-te,0,unk,34209,54.830
1336,levanta-te,0,unk,34207,54.827
1337,vê-la,0,noun,34182,54.787
1338,caro,0,noun,34160,54.751
1339,milhar,0,verb,34149,54.734
1340,aproveitar,0,verb,34057,54.586
1341,natureza,0,noun,34050,54.575
1342,localizar,0,verb,34046,54.569
1343,honesto,0,noun,34026,54.537
1344,excepto,0,noun,33967,54.442
1345,prisioneiro,0,noun,33956,54.424
1346,bruxa,0,noun,33952,54.418
1347,familiar,0,verb,33919,54.365
1348,praia,0,noun,33855,54.262
1349,dois anos,1,mwe,33805,54.182
1350,limite,0,unk,33767,54.121
1351,mapa,0,noun,33744,54.085
1352,teoria,0,noun,33744,54.085
1353,faz sentido,1,mwe,33738,54.075
1354,apaixonado,0,noun,33733,54.067
1355,chateado,0,noun,33727,54.057
1356,melhorar,0,verb,33680,53.982
1357,carreira,0,noun,33654,53.940
1358,torre,0,unk,33479,53.660
1359,companheiro,0,noun,33449,53.612
1360,julgamento,0,noun,33439,53.596
1361,derrotar,0,verb,33391,53.519
1362,meus amigos,1,mwe,33376,53.495
1363,propriedade,0,noun,33373,53.490
1364,desses,0,unk,33331,53.423
1365,príncipe,0,unk,33315,53.397
1366,mentiroso,0,adj,33234,53.267
1367,correcto,0,noun,33203,53.217
1368,grave,0,unk,33185,53.189
1369,certamente,0,adv,33113,53.073
1370,banda,0,noun,33110,53.068
1371,perdoar,0,verb,33074,53.011
1372,revelar,0,verb,33048,52.969
1373,normalmente,0,adv,33028,52.937
1374,representar,0,verb,33027,52.935
1375,perda,0,noun,32972,52.847
1376,faculdade,0,noun,32968,52.841
1377,receio,0,noun,32942,52.799
1378,estados,0,unk,32888,52.713
1379,unidos,0,unk,32862,52.671
1380,truque,0,unk,32860,52.668
1381,bolo,0,noun,32827,52.615
1382,baixar,0,verb,32824,52.610
1383,contactar,0,verb,32822,52.607
1384,baixa,0,noun,32811,52.589
1385,confusão,0,noun,32797,52.567
1386,material,0,adj,32760,52.507
1387,director,0,unk,32750,52.491
1388,ouvido,0,noun,32738,52.472
1389,vemo-nos,0,unk,32646,52.325
1390,dois dias,1,mwe,32547,52.166
1391,segurar,0,verb,32528,52.136
1392,tragar,0,verb,32485,52.067
1393,dar-me,0,unk,32471,52.044
1394,rosto,0,noun,32447,52.006
1395,rato,0,noun,32446,52.004
1396,garrafa,0,unk,32435,51.987
1397,especialmente,0,adv,32391,51.916
1398,demónio,0,noun,32339,51.833
1399,li,0,unk,32337,51.829
1400,vampiro,0,noun,32320,51.802
1401,vento,0,noun,32313,51.791
1402,via,0,noun,32305,51.778
1403,interior,0,unk,32274,51.728
1404,acompanhar,0,verb,32241,51.676
1405,condenar,0,verb,32226,51.652
1406,chinês,0,adj,32203,51.615
1407,nacional,0,adj,32128,51.494
1408,responsabilidade,0,noun,32062,51.389
1409,esquisito,0,noun,32043,51.358
1410,alimentar,0,verb,31988,51.270
1411,oferta,0,noun,31977,51.252
1412,escada,0,noun,31937,51.188
1413,partida,0,noun,31865,51.073
1414,acusação,0,noun,31838,51.030
1415,policia,0,noun,31815,50.993
1416,táxi,0,unk,31810,50.985
1417,cu,0,unk,31753,50.893
1418,agradável,0,adj,31709,50.823
1419,chapéu,0,unk,31672,50.764
1420,pensamento,0,noun,31671,50.762
1421,criatura,0,noun,31665,50.752
1422,peso,0,unk,31624,50.687
1423,bêbado,0,noun,31559,50.582
1424,piloto,0,noun,31558,50.581
1425,cancelar,0,verb,31542,50.555
1426,sexual,0,adj,31525,50.528
1427,peito,0,noun,31459,50.422
1428,feio,0,noun,31350,50.248
1429,mágico,0,adj,31315,50.191
1430,reino,0,adj,31271,50.121
1431,data,0,noun,31260,50.103
1432,terrorista,0,noun,31253,50.092
1433,motor,0,unk,31249,50.086
1434,total,0,adj,31206,50.017
1435,autoridade,0,noun,31205,50.015
1436,indicar,0,verb,31188,49.988
1437,ligado,0,noun,31110,49.863
1438,pretender,0,verb,31100,49.847
1439,fuga,0,noun,31056,49.776
1440,treino,0,adj,30989,49.669
1441,faz-me,0,unk,30987,49.666
1442,negar,0,verb,30969,49.637
1443,matar-me,0,unk,30880,49.494
1444,corredor,0,noun,30871,49.480
1445,entanto,0,noun,30815,49.390
1446,natural,0,adj,30811,49.384
1447,intenção,0,noun,30810,49.382
1448,estilo,0,noun,30777,49.329
1449,gravar,0,verb,30773,49.323
1450,hei,0,unk,30746,49.279
1451,reunir,0,verb,30676,49.167
1452,ficheiro,0,noun,30661,49.143
1453,perfazer,0,verb,30659,49.140
1454,macaco,0,noun,30657,49.137
1455,cadeia,0,noun,30646,49.119
1456,gelado,0,noun,30590,49.029
1457,gay,0,unk,30558,48.978
1458,aposta,0,noun,30515,48.909
1459,vários,0,unk,30491,48.871
1460,beleza,0,noun,30447,48.800
1461,iniciar,0,verb,30438,48.786
1462,duma,0,noun,30413,48.746
1463,dirigir,0,verb,30375,48.685
1464,quinta,0,noun,30341,48.630
1465,mil dólares,1,mwe,30283,48.537
1466,assustador,0,noun,30242,48.472
1467,primo,0,noun,30217,48.432
1468,venda,0,noun,30148,48.321
1469,jurar,0,verb,30111,48.262
1470,sujo,0,noun,30088,48.225
1471,conter,0,verb,30085,48.220
1472,judeu,0,unk,30060,48.180
1473,aeroporto,0,noun,30020,48.116
1474,século,0,noun,30019,48.114
1475,sorrir,0,verb,29955,48.012
1476,página,0,adj,29951,48.005
1477,mercado,0,noun,29914,47.946
1478,santo,0,noun,29886,47.901
1479,apoiar,0,verb,29848,47.840
1480,ouve-me,0,unk,29839,47.826
1481,género,0,noun,29821,47.797
1482,vizinho,0,adj,29815,47.787
1483,presa,0,adj,29811,47.781
1484,conhecimento,0,noun,29804,47.770
1485,pássaro,0,noun,29802,47.766
1486,mencionar,0,verb,29791,47.749
1487,vitória,0,noun,29753,47.688
1488,bordo,0,noun,29747,47.678
1489,obviamente,0,adv,29734,47.657
1490,dá-lhe,0,unk,29726,47.645
1491,contrato,0,noun,29659,47.537
1492,oeste,0,unk,29637,47.502
1493,maldição,0,noun,29539,47.345
1494,patrão,0,noun,29530,47.330
1495,temer,0,verb,29469,47.233
1496,solução,0,noun,29448,47.199
1497,útil,0,unk,29426,47.164
1498,aguardar,0,verb,29417,47.149
1499,vou-me,0,unk,29355,47.050
1500,nojento,0,noun,29352,47.045
1501,vigiar,0,verb,29338,47.023
1502,vinte,0,num,29311,46.979
1503,puro,0,noun,29298,46.959
1504,rapidamente,0,adv,29271,46.915
1505,favorito,0,noun,29264,46.904
1506,necessidade,0,noun,29245,46.874
1507,lembra-te,0,unk,29216,46.827
1508,físico,0,adj,29177,46.765
1509,tê-lo,0,noun,29132,46.693
1510,pesquisa,0,noun,29123,46.678
1511,ciência,0,noun,29115,46.665
1512,bocadinho,0,adj,29107,46.652
1513,major,0,unk,29079,46.608
1514,gás,0,unk,29053,46.566
1515,adulto,0,noun,28980,46.449
1516,tempestade,0,noun,28949,46.399
1517,instante,0,unk,28941,46.386
1518,vingança,0,noun,28937,46.380
1519,mostra,0,noun,28862,46.260
1520,organizar,0,verb,28822,46.196
1521,ajudar-me,0,unk,28787,46.140
1522,algures,0,unk,28781,46.130
1523,exacto,0,noun,28759,46.095
1524,assassinato,0,noun,28750,46.080
1525,levá-lo,0,noun,28742,46.067
1526,afasta-te,0,unk,28734,46.055
1527,calor,0,unk,28734,46.055
1528,atrair,0,verb,28703,46.005
1529,divertir,0,verb,28696,45.994
1530,cego,0,noun,28689,45.982
1531,assalto,0,noun,28661,45.938
1532,ouvir-me,0,unk,28658,45.933
1533,classe,0,unk,28619,45.870
1534,corda,0,noun,28567,45.787
1535,explosão,0,noun,28566,45.785
1536,baile,0,unk,28563,45.781
1537,orgulho,0,noun,28562,45.779
1538,documento,0,noun,28538,45.740
1539,bolso,0,unk,28505,45.688
1540,princípio,0,noun,28505,45.688
1541,admirar,0,verb,28464,45.622
1542,credo,0,noun,28458,45.612
1543,provocar,0,verb,28456,45.609
1544,época,0,noun,28409,45.534
1545,convosco,0,noun,28358,45.452
1546,confuso,0,unk,28299,45.357
1547,prémio,0,noun,28237,45.258
1548,permanecer,0,verb,28234,45.253
1549,política,0,adj,28198,45.196
1550,acalma-te,0,unk,28195,45.191
1551,selvagem,0,noun,28148,45.115
1552,morada,0,noun,28144,45.109
1553,leste,0,unk,28114,45.061
1554,artigo,0,noun,28096,45.032
1555,digital,0,adj,28088,45.019
1556,desconhecer,0,verb,28072,44.994
1557,assistente,0,adj,28038,44.939
1558,tecnologia,0,noun,28030,44.926
1559,original,0,adj,28012,44.897
1560,apreciar,0,verb,27986,44.856
1561,cofre,0,unk,27962,44.817
1562,superior,0,unk,27958,44.811
1563,sensação,0,noun,27868,44.667
1564,lar,0,unk,27864,44.660
1565,duas semanas,1,mwe,27829,44.604
1566,universo,0,noun,27818,44.586
1567,forçar,0,verb,27793,44.546
1568,pessoalmente,0,adv,27786,44.535
1569,boleia,0,noun,27722,44.433
1570,confessar,0,verb,27708,44.410
1571,golpe,0,unk,27697,44.393
1572,uso,0,unk,27653,44.322
1573,lobo,0,noun,27645,44.309
1574,sir,0,unk,27590,44.221
1575,nu,0,unk,27570,44.189
1576,mexam-se,0,unk,27556,44.167
1577,ocorrer,0,verb,27556,44.167
1578,aéreo,0,noun,27522,44.112
1579,sarilho,0,noun,27521,44.110
1580,noiva,0,noun,27520,44.109
1581,raptar,0,verb,27512,44.096
1582,bem-vindos,0,unk,27498,44.074
1583,absolutamente,0,adv,27482,44.048
1584,capacidade,0,noun,27482,44.048
1585,social,0,adj,27464,44.019
1586,aviso,0,noun,27463,44.017
1587,cigarro,0,noun,27378,43.881
1588,pesadelo,0,noun,27375,43.876
1589,equipamento,0,noun,27307,43.767
1590,caça,0,noun,27293,43.745
1591,foi-se,0,unk,27293,43.745
1592,pintar,0,verb,27280,43.724
1593,leite,0,unk,27264,43.699
1594,insistir,0,verb,27213,43.617
1595,rebentar,0,verb,27171,43.549
1596,ameaçar,0,verb,27168,43.545
1597,possibilidade,0,noun,27168,43.545
1598,modelo,0,noun,27165,43.540
1599,soar,0,verb,27143,43.505
1600,interromper,0,verb,27121,43.469
1601,aldeia,0,noun,27086,43.413
1602,ter-te,0,unk,27082,43.407
1603,caçar,0,verb,27077,43.399
1604,crédito,0,noun,27046,43.349
1605,aspecto,0,noun,26984,43.250
1606,respeitar,0,verb,26971,43.229
1607,daqueles,0,unk,26969,43.226
1608,objectivo,0,noun,26959,43.210
1609,caraça,0,noun,26943,43.184
1610,civil,0,unk,26941,43.181
1611,portão,0,noun,26907,43.126
1612,ultrapassar,0,verb,26898,43.112
1613,camisa,0,noun,26891,43.101
1614,encontrá-lo,0,noun,26871,43.069
1615,enfermeira,0,noun,26853,43.040
1616,mover,0,verb,26850,43.035
1617,negociar,0,verb,26815,42.979
1618,secretária,0,noun,26815,42.979
1619,fronteira,0,noun,26749,42.873
1620,conhecê-lo,0,noun,26682,42.766
1621,imprensa,0,noun,26653,42.719
1622,soltar,0,verb,26646,42.708
1623,helicóptero,0,noun,26639,42.697
1624,filmar,0,verb,26631,42.684
1625,quadro,0,noun,26606,42.644
1626,futebol,0,unk,26586,42.612
1627,exatamente,0,adv,26577,42.597
1628,génio,0,noun,26573,42.591
1629,tentativa,0,noun,26562,42.573
1630,arrumar,0,verb,26539,42.536
1631,morder,0,verb,26521,42.508
1632,lição,0,noun,26512,42.493
1633,abençoar,0,verb,26507,42.485
1634,poupar,0,verb,26483,42.447
1635,espalhar,0,verb,26470,42.426
1636,detalhe,0,unk,26461,42.411
1637,dragão,0,noun,26459,42.408
1638,comunicação,0,noun,26447,42.389
1639,projecto,0,noun,26442,42.381
1640,ignorar,0,verb,26433,42.367
1641,cavaleiro,0,noun,26427,42.357
1642,recordar,0,verb,26417,42.341
1643,controle,0,unk,26402,42.317
1644,deixá-lo,0,noun,26351,42.235
1645,arder,0,verb,26337,42.213
1646,protecção,0,noun,26337,42.213
1647,empurrar,0,verb,26334,42.208
1648,deu-me,0,unk,26328,42.198
1649,lado nenhum,1,mwe,26328,42.198
1650,curto,0,noun,26324,42.192
1651,bairro,0,noun,26307,42.165
1652,jardim,0,unk,26278,42.118
1653,cinema,0,noun,26264,42.096
1654,dividir,0,verb,26250,42.073
1655,deixem-me,0,unk,26241,42.059
1656,estudo,0,adj,26240,42.057
1657,faço ideia,1,mwe,26239,42.056
1658,prédio,0,noun,26226,42.035
1659,fã,0,unk,26211,42.011
1660,assistir,0,verb,26194,41.984
1661,estados unidos,1,mwe,26173,41.950
1662,promessa,0,noun,26104,41.839
1663,péssimo,0,noun,25973,41.629
1664,algum problema,1,mwe,25920,41.544
1665,alerta,0,noun,25919,41.543
1666,vírus,0,unk,25918,41.541
1667,raiva,0,noun,25855,41.440
1668,ó,0,unk,25852,41.435
1669,empregado,0,noun,25835,41.408
1670,sangrar,0,verb,25829,41.398
1671,chocolate,0,unk,25792,41.339
1672,joelho,0,noun,25781,41.322
1673,caminhar,0,verb,25777,41.315
1674,obra,0,noun,25765,41.296
1675,discurso,0,noun,25758,41.285
1676,imbecil,0,unk,25725,41.232
1677,eliminar,0,verb,25720,41.224
1678,entrevista,0,noun,25717,41.219
1679,referir,0,verb,25698,41.189
1680,talento,0,noun,25681,41.161
1681,alterar,0,verb,25674,41.150
1682,casal,0,adj,25625,41.072
1683,cozinhar,0,verb,25580,40.999
1684,encher,0,verb,25560,40.967
1685,cinco minutos,1,mwe,25541,40.937
1686,jogador,0,noun,25519,40.902
1687,fresco,0,noun,25504,40.878
1688,gigante,0,unk,25502,40.874
1689,presença,0,noun,25502,40.874
1690,voto,0,noun,25491,40.857
1691,recolher,0,verb,25456,40.801
1692,inútil,0,unk,25430,40.759
1693,ilegal,0,adj,25417,40.738
1694,durar,0,verb,25406,40.721
1695,violar,0,verb,25377,40.674
1696,cirurgia,0,noun,25362,40.650
1697,despacha-te,0,unk,25353,40.636
1698,autorização,0,noun,25296,40.544
1699,centena,0,noun,25292,40.538
1700,tratamento,0,noun,25280,40.519
1701,surgir,0,verb,25263,40.491
1702,cheque,0,unk,25252,40.474
1703,cópia,0,noun,25251,40.472
1704,atrever,0,verb,25236,40.448
1705,esqueci-me,0,unk,25234,40.445
1706,brincadeira,0,noun,25231,40.440
1707,formar,0,verb,25225,40.430
1708,reserva,0,noun,25215,40.414
1709,tomate,0,unk,25190,40.374
1710,diante,0,unk,25169,40.341
1711,livrar,0,verb,25166,40.336
1712,máscara,0,noun,25014,40.092
1713,carga,0,noun,25013,40.091
1714,resistir,0,verb,25003,40.075
1715,urso,0,noun,24987,40.049
1716,barato,0,noun,24963,40.010
1717,agência,0,noun,24937,39.969
1718,revista,0,noun,24911,39.927
1719,falha,0,noun,24897,39.905
1720,enfiar,0,verb,24882,39.881
1721,desenhar,0,verb,24880,39.877
1722,mama,0,noun,24880,39.877
1723,invadir,0,verb,24876,39.871
1724,corajoso,0,adj,24872,39.865
1725,entrega,0,noun,24872,39.865
1726,corrente,0,adj,24826,39.791
1727,possuir,0,verb,24802,39.752
1728,cancro,0,noun,24777,39.712
1729,cadáver,0,verb,24774,39.708
1730,acalmar,0,verb,24769,39.700
1731,erva,0,noun,24767,39.696
1732,aparentemente,0,adv,24763,39.690
1733,interno,0,noun,24745,39.661
1734,rosa,0,noun,24743,39.658
1735,exigir,0,verb,24708,39.602
1736,pequeno-almoço,0,noun,24701,39.591
1737,eis,0,unk,24684,39.563
1738,trancar,0,verb,24673,39.546
1739,internet,0,unk,24662,39.528
1740,suportar,0,verb,24650,39.509
1741,lago,0,noun,24616,39.454
1742,neve,0,unk,24610,39.445
1743,parvo,0,noun,24609,39.443
1744,chato,0,noun,24599,39.427
1745,amostra,0,noun,24534,39.323
1746,anteriormente,0,adv,24525,39.308
1747,padrão,0,noun,24501,39.270
1748,disco,0,noun,24484,39.243
1749,pressa,0,noun,24438,39.169
1750,uh,0,unk,24394,39.098
1751,p,0,unk,24379,39.074
1752,sai daqui,1,mwe,24377,39.071
1753,terreno,0,noun,24362,39.047
1754,utilizar,0,verb,24352,39.031
1755,canal,0,adj,24333,39.001
1756,recuar,0,verb,24310,38.964
1757,fazer-te,0,unk,24297,38.943
1758,super,0,verb,24295,38.940
1759,castelo,0,noun,24272,38.903
1760,duplo,0,num,24269,38.898
1761,dívida,0,noun,24232,38.839
1762,bolsa,0,noun,24224,38.826
1763,milagre,0,unk,24201,38.789
1764,mina,0,adj,24181,38.757
1765,cela,0,noun,24167,38.735
1766,campeão,0,noun,24145,38.699
1767,puto,0,noun,24098,38.624
1768,parado,0,noun,24076,38.589
1769,vou-te,0,unk,24066,38.573
1770,sábado,0,noun,24051,38.549
1771,guiar,0,verb,24046,38.541
1772,escrito,0,noun,24027,38.510
1773,veículo,0,noun,24022,38.502
1774,profundo,0,noun,24009,38.481
1775,deserto,0,noun,24007,38.478
1776,treinador,0,noun,24002,38.470
1777,analisar,0,verb,23989,38.449
1778,perfeitamente,0,adv,23984,38.441
1779,combater,0,verb,23982,38.438
1780,sincero,0,noun,23935,38.363
1781,jamais,0,adv,23909,38.321
1782,irritar,0,verb,23890,38.291
1783,senador,0,noun,23873,38.263
1784,lembra-se,0,unk,23848,38.223
1785,chuva,0,noun,23844,38.217
1786,passagem,0,noun,23831,38.196
1787,determinar,0,verb,23822,38.182
1788,localização,0,noun,23815,38.170
1789,túnel,0,adj,23801,38.148
1790,substituir,0,verb,23793,38.135
1791,ansioso,0,adj,23740,38.050
1792,funeral,0,adj,23731,38.036
1793,produto,0,noun,23688,37.967
1794,esquadra,0,noun,23686,37.964
1795,político,0,adj,23686,37.964
1796,botão,0,noun,23677,37.949
1797,expulsar,0,verb,23637,37.885
1798,roubo,0,noun,23626,37.868
1799,moeda,0,noun,23594,37.816
1800,transferir,0,verb,23594,37.816
1801,pó,0,unk,23579,37.792
1802,escravo,0,noun,23573,37.783
1803,capturar,0,verb,23556,37.755
1804,garota,0,noun,23545,37.738
1805,domingo,0,noun,23542,37.733
1806,telhado,0,noun,23533,37.718
1807,diário,0,noun,23506,37.675
1808,zero,0,num,23502,37.669
1809,incêndio,0,noun,23471,37.619
1810,curar,0,verb,23467,37.613
1811,canto,0,noun,23459,37.600
1812,artista,0,noun,23373,37.462
1813,adormecer,0,verb,23336,37.403
1814,cruzar,0,verb,23332,37.396
1815,dano,0,adj,23319,37.375
1816,participar,0,verb,23311,37.363
1817,pela primeira,1,mwe,23297,37.340
1818,aluno,0,unk,23283,37.318
1819,pecado,0,noun,23243,37.254
1820,tomar conta,1,mwe,23166,37.130
1821,prato,0,noun,23137,37.084
1822,passeio,0,noun,23124,37.063
1823,muitas vezes,1,mwe,23069,36.975
1824,tarefa,0,unk,23046,36.938
1825,ultimamente,0,adv,23046,36.938
1826,amante,0,unk,23044,36.935
1827,sociedade,0,noun,23012,36.883
1828,doer,0,verb,22980,36.832
1829,comportamento,0,noun,22917,36.731
1830,nuclear,0,verb,22898,36.701
1831,divisão,0,noun,22896,36.698
1832,emprestar,0,verb,22881,36.673
1833,fila,0,noun,22866,36.649
1834,evento,0,noun,22852,36.627
1835,alternativa,0,noun,22848,36.621
1836,fábrica,0,adj,22848,36.621
1837,liceu,0,unk,22843,36.613
1838,ano passado,1,mwe,22842,36.611
1839,tornou-se,0,unk,22840,36.608
1840,curioso,0,adj,22831,36.593
1841,preocupação,0,noun,22826,36.585
1842,cientista,0,noun,22824,36.582
1843,digo-te,0,unk,22820,36.576
1844,traseira,0,noun,22815,36.568
1845,extra,0,noun,22798,36.540
1846,notar,0,verb,22770,36.496
1847,los angeles,1,mwe,22754,36.470
1848,limpa,0,noun,22736,36.441
1849,arquivo,0,noun,22731,36.433
1850,dou-te,0,unk,22709,36.398
1851,médio,0,noun,22699,36.382
1852,diamante,0,unk,22691,36.369
1853,identidade,0,noun,22663,36.324
1854,nadar,0,verb,22657,36.314
1855,pão,0,noun,22655,36.311
1856,prostituta,0,noun,22651,36.305
1857,atirador,0,noun,22649,36.302
1858,solteiro,0,noun,22639,36.286
1859,fio,0,noun,22619,36.254
1860,autorizar,0,verb,22600,36.223
1861,correio,0,noun,22584,36.197
1862,seis meses,1,mwe,22568,36.172
1863,telefonema,0,noun,22557,36.154
1864,vigilância,0,noun,22513,36.084
1865,pânico,0,adj,22494,36.053
1866,impressionante,0,unk,22492,36.050
1867,maior parte,1,mwe,22489,36.045
1868,vomitar,0,verb,22483,36.036
1869,cura,0,noun,22472,36.018
1870,acabou-se,0,unk,22445,35.975
1871,anterior,0,unk,22434,35.957
1872,duas horas,1,mwe,22404,35.909
1873,dom,0,unk,22399,35.901
1874,refém,0,unk,22395,35.895
1875,roda,0,noun,22355,35.830
1876,proposta,0,noun,22336,35.800
1877,vejo-te,0,unk,22312,35.761
1878,grau,0,unk,22297,35.737
1879,concentrar,0,verb,22275,35.702
1880,vencedor,0,noun,22212,35.601
1881,semana passada,1,mwe,22187,35.561
1882,testar,0,verb,22182,35.553
1883,desperdiçar,0,verb,22162,35.521
1884,n,0,unk,22158,35.515
1885,chatear,0,verb,22139,35.484
1886,vaca,0,unk,22128,35.467
1887,declarar,0,verb,22111,35.439
1888,ponta,0,noun,22109,35.436
1889,descrever,0,verb,22106,35.431
1890,directamente,0,adv,22104,35.428
1891,esforço,0,noun,22076,35.383
1892,quilómetro,0,noun,22061,35.359
1893,palhaço,0,noun,22044,35.332
1894,mundial,0,adj,22029,35.308
1895,aterrar,0,verb,22028,35.306
1896,violência,0,noun,21996,35.255
1897,tesouro,0,noun,21989,35.244
1898,registar,0,verb,21981,35.231
1899,ombro,0,noun,21974,35.220
1900,cardíaco,0,noun,21951,35.183
1901,legenda,0,noun,21926,35.143
1902,deixa-o,0,unk,21914,35.124
1903,faremos,0,unk,21910,35.117
1904,expor,0,unk,21888,35.082
1905,novidade,0,noun,21874,35.059
1906,armadilha,0,noun,21845,35.013
1907,cem,0,num,21835,34.997
1908,cidadão,0,noun,21824,34.979
1909,estrangeiro,0,noun,21824,34.979
1910,ires,0,unk,21820,34.973
1911,topo,0,noun,21814,34.963
1912,consciência,0,noun,21779,34.907
1913,anjo,0,noun,21771,34.894
1914,tropa,0,noun,21764,34.883
1915,discussão,0,noun,21763,34.882
1916,noutro,0,noun,21746,34.854
1917,meus filhos,1,mwe,21734,34.835
1918,teus amigos,1,mwe,21729,34.827
1919,aprovar,0,verb,21714,34.803
1920,recurso,0,noun,21684,34.755
1921,espião,0,noun,21683,34.753
1922,tenha sido,1,mwe,21669,34.731
1923,sede,0,noun,21657,34.712
1924,armário,0,noun,21640,34.684
1925,carteira,0,noun,21633,34.673
1926,alarme,0,unk,21622,34.656
1927,vantagem,0,noun,21617,34.648
1928,batata,0,noun,21598,34.617
1929,curso,0,noun,21576,34.582
1930,três dias,1,mwe,21573,34.577
1931,mortal,0,adj,21564,34.563
1932,fá-lo,0,noun,21561,34.558
1933,episódio,0,noun,21524,34.498
1934,diversão,0,noun,21509,34.474
1935,emoção,0,noun,21506,34.470
1936,bravo,0,intj,21501,34.462
1937,identificação,0,noun,21500,34.460
1938,proibir,0,verb,21466,34.406
1939,fase,0,unk,21465,34.404
1940,humanidade,0,noun,21460,34.396
1941,piscina,0,adj,21430,34.348
1942,revisão,0,noun,21383,34.272
1943,garoto,0,noun,21352,34.223
1944,elevador,0,noun,21340,34.204
1945,particular,0,verb,21253,34.064
1946,felicidade,0,noun,21244,34.050
1947,medicamento,0,noun,21236,34.037
1948,burro,0,noun,21155,33.907
1949,comprimido,0,noun,21155,33.907
1950,sócio,0,noun,21136,33.877
1951,perante,0,prep,21131,33.869
1952,análise,0,unk,21118,33.848
1953,ajudá-la,0,noun,21092,33.806
1954,queijo,0,noun,21086,33.796
1955,bando,0,noun,21077,33.782
1956,ferro,0,noun,21070,33.771
1957,confortável,0,adj,21068,33.768
1958,vires,0,unk,21061,33.756
1959,despachar,0,verb,21059,33.753
1960,afastem-se,0,unk,21021,33.692
1961,suficientemente,0,adv,21017,33.686
1962,disparate,0,unk,20956,33.588
1963,sabor,0,unk,20944,33.569
1964,matar-te,0,unk,20916,33.524
1965,alcançar,0,verb,20881,33.468
1966,cujo,0,pron,20872,33.453
1967,queixa,0,noun,20871,33.452
1968,cobra,0,noun,20850,33.418
1969,realizar,0,verb,20841,33.404
1970,directo,0,noun,20818,33.367
1971,estudante,0,unk,20801,33.340
1972,federal,0,adj,20800,33.338
1973,agradar,0,verb,20784,33.312
1974,negativo,0,noun,20779,33.304
1975,choque,0,unk,20743,33.247
1976,alinhar,0,verb,20740,33.242
1977,caçador,0,noun,20690,33.162
1978,ambulância,0,noun,20634,33.072
1979,vidro,0,noun,20606,33.027
1980,tripulação,0,noun,20575,32.977
1981,suicídio,0,noun,20564,32.960
1982,praticar,0,verb,20550,32.937
1983,planta,0,noun,20520,32.889
1984,folha,0,noun,20516,32.883
1985,solo,0,noun,20514,32.880
1986,geral,0,adj,20512,32.876
1987,importância,0,noun,20495,32.849
1988,basear,0,verb,20494,32.848
1989,acampamento,0,noun,20415,32.721
1990,votar,0,verb,20411,32.715
1991,levá-la,0,noun,20405,32.705
1992,óculos,0,unk,20393,32.686
1993,traidor,0,noun,20377,32.660
1994,prever,0,verb,20374,32.655
1995,tolo,0,noun,20328,32.582
1996,reduzir,0,verb,20294,32.527
1997,adorável,0,adj,20289,32.519
1998,transporte,0,unk,20287,32.516
1999,daquilo,0,noun,20270,32.489
2000,regresso,0,noun,20262,32.476
2001,executar,0,verb,20249,32.455
2002,arruinar,0,verb,20231,32.426
2003,ordenar,0,verb,20218,32.405
2004,romântico,0,adj,20198,32.373
2005,chance,0,unk,20180,32.344
2006,entretanto,0,conj,20178,32.341
2007,comparar,0,verb,20177,32.340
2008,satélite,0,unk,20146,32.290
2009,definitivamente,0,adv,20098,32.213
2010,explicação,0,noun,20094,32.206
2011,necessitar,0,verb,20086,32.194
2012,comunidade,0,noun,20048,32.133
2013,sorriso,0,noun,20044,32.126
2014,surpreendido,0,noun,20042,32.123
2015,adoro-te,0,unk,20019,32.086
2016,queda,0,noun,19991,32.041
2017,turno,0,noun,19988,32.037
2018,armazém,0,unk,19972,32.011
2019,disponível,0,adj,19945,31.968
2020,sagrado,0,noun,19943,31.964
2021,recentemente,0,adv,19934,31.950
2022,passa contigo,1,mwe,19910,31.912
2023,letra,0,noun,19899,31.894
2024,lixado,0,noun,19846,31.809
2025,uns dias,1,mwe,19841,31.801
2026,fazer-me,0,unk,19811,31.753
2027,mínimo,0,noun,19811,31.753
2028,tarde demais,1,mwe,19779,31.702
2029,acções,0,noun,19760,31.671
2030,garganta,0,noun,19760,31.671
2031,levar-te,0,unk,19749,31.654
2032,deve haver,1,mwe,19719,31.605
2033,raro,0,noun,19667,31.522
2034,menor,0,unk,19633,31.468
2035,comunicar,0,verb,19617,31.442
2036,gravação,0,noun,19605,31.423
2037,jogada,0,noun,19532,31.306
2038,dispositivo,0,noun,19529,31.301
2039,dificuldade,0,noun,19520,31.286
2040,encerrar,0,verb,19498,31.251
2041,declaração,0,noun,19458,31.187
2042,almoçar,0,verb,19453,31.179
2043,abater,0,verb,19445,31.166
2044,cave,0,unk,19428,31.139
2045,fim-de-semana,0,adj,19392,31.081
2046,bota,0,noun,19367,31.041
2047,aborrecido,0,noun,19347,31.009
2048,positivo,0,noun,19326,30.976
2049,pagamento,0,noun,19324,30.972
2050,fumo,0,noun,19315,30.958
2051,fita,0,noun,19298,30.931
2052,saudável,0,adj,19294,30.924
2053,sinceramente,0,adv,19257,30.865
2054,claramente,0,adv,19238,30.834
2055,japonês,0,adj,19237,30.833
2056,amizade,0,noun,19221,30.807
2057,brinquedo,0,noun,19221,30.807
2058,pistola,0,noun,19215,30.798
2059,teus pais,1,mwe,19213,30.794
2060,namorar,0,verb,19202,30.777
2061,governador,0,noun,19198,30.770
2062,palco,0,adj,19191,30.759
2063,noivo,0,noun,19173,30.730
2064,britânico,0,adj,19171,30.727
2065,meta,0,noun,19164,30.716
2066,muita gente,1,mwe,19160,30.709
2067,reagir,0,verb,19149,30.692
2068,provável,0,adj,19147,30.689
2069,prenda,0,noun,19145,30.685
2070,desenvolver,0,verb,19128,30.658
2071,operações,0,noun,19110,30.629
2072,tanque,0,unk,19102,30.617
2073,bloquear,0,verb,19076,30.575
2074,furioso,0,adj,19075,30.573
2075,tinta,0,noun,19035,30.509
2076,oceano,0,adj,19017,30.480
2077,crise,0,unk,19011,30.471
2078,arrastar,0,verb,19009,30.467
2079,violento,0,noun,19002,30.456
2080,qualidade,0,noun,18998,30.450
2081,cinto,0,noun,18989,30.435
2082,anúncio,0,noun,18984,30.427
2083,álcool,0,unk,18930,30.341
2084,campanha,0,noun,18927,30.336
2085,ena,0,unk,18924,30.331
2086,italiano,0,adj,18917,30.320
2087,extraordinário,0,noun,18894,30.283
2088,atrasar,0,verb,18872,30.248
2089,rasto,0,noun,18854,30.219
2090,permissão,0,noun,18841,30.198
2091,mistério,0,noun,18838,30.193
2092,apaixonar,0,verb,18832,30.184
2093,asa,0,noun,18821,30.166
2094,desculpe-me,0,unk,18820,30.165
2095,feitiço,0,noun,18807,30.144
2096,transmitir,0,verb,18789,30.115
2097,espantoso,0,adj,18777,30.096
2098,versão,0,noun,18775,30.092
2099,uau,0,intj,18766,30.078
2100,gentil,0,unk,18735,30.028
2101,salto,0,noun,18720,30.004
2102,dedicar,0,verb,18708,29.985
2103,implorar,0,verb,18705,29.980
2104,cruel,0,adj,18700,29.972
2105,importa-se,0,unk,18699,29.971
2106,sofá,0,unk,18682,29.943
2107,veneno,0,noun,18681,29.942
2108,refeição,0,noun,18671,29.926
2109,alugar,0,verb,18634,29.866
2110,dominar,0,verb,18633,29.865
2111,operar,0,verb,18626,29.854
2112,aos outros,1,mwe,18615,29.836
2113,coincidência,0,noun,18599,29.810
2114,sobrar,0,verb,18578,29.777
2115,atraso,0,unk,18572,29.767
2116,consequência,0,noun,18571,29.765
2117,porto,0,noun,18571,29.765
2118,basicamente,0,adv,18570,29.764
2119,recompensa,0,noun,18560,29.748
2120,nobre,0,unk,18556,29.741
2121,sessão,0,noun,18551,29.733
2122,estabelecer,0,verb,18542,29.719
2123,rock,0,unk,18526,29.693
2124,lenda,0,noun,18525,29.692
2125,celebrar,0,verb,18506,29.661
2126,exagerar,0,verb,18481,29.621
2127,apetecer,0,verb,18476,29.613
2128,nas mãos,1,mwe,18468,29.600
2129,produzir,0,verb,18465,29.596
2130,molhar,0,verb,18438,29.552
2131,sombra,0,noun,18436,29.549
2132,escuridão,0,noun,18425,29.531
2133,exercício,0,noun,18409,29.506
2134,aventura,0,noun,18381,29.461
2135,testemunhar,0,verb,18371,29.445
2136,inverno,0,noun,18339,29.394
2137,desenho,0,noun,18336,29.389
2138,santa,0,noun,18333,29.384
2139,território,0,noun,18314,29.354
2140,estômago,0,noun,18306,29.341
2141,lata,0,noun,18272,29.286
2142,mexe-te,0,unk,18266,29.277
2143,madeira,0,noun,18192,29.158
2144,derrubar,0,verb,18163,29.111
2145,habilidade,0,noun,18153,29.095
2146,presumo,0,noun,18115,29.035
2147,suspeita,0,noun,18107,29.022
2148,facilmente,0,adv,18106,29.020
2149,geração,0,noun,18097,29.006
2150,encantador,0,noun,18074,28.969
2151,desafio,0,noun,18068,28.959
2152,garagem,0,noun,18065,28.954
2153,ter-me,0,unk,18058,28.943
2154,delicioso,0,adj,18055,28.938
2155,dispensar,0,verb,18052,28.934
2156,congelar,0,verb,18045,28.922
2157,quantidade,0,noun,18037,28.910
2158,humor,0,unk,18036,28.908
2159,título,0,noun,18023,28.887
2160,idéia,0,noun,18010,28.866
2161,período,0,noun,18005,28.858
2162,alegria,0,noun,17997,28.845
2163,especialista,0,noun,17973,28.807
2164,comprometer,0,verb,17965,28.794
2165,liderar,0,verb,17950,28.770
2166,recente,0,adj,17950,28.770
2167,disseram-me,0,unk,17944,28.760
2168,relacionar,0,verb,17934,28.744
2169,jornalista,0,noun,17928,28.735
2170,pulso,0,unk,17907,28.701
2171,círculo,0,noun,17898,28.687
2172,explosivo,0,noun,17896,28.684
2173,sofrimento,0,noun,17893,28.679
2174,raça,0,noun,17892,28.677
2175,paciência,0,noun,17882,28.661
2176,professora,0,noun,17870,28.642
2177,daquelas,0,unk,17864,28.632
2178,examinar,0,verb,17860,28.626
2179,coma,0,noun,17857,28.621
2180,pila,0,noun,17855,28.618
2181,imediato,0,noun,17852,28.613
2182,mental,0,adj,17842,28.597
2183,boas notícias,1,mwe,17807,28.541
2184,espelho,0,noun,17784,28.504
2185,ganho,0,noun,17772,28.485
2186,coelho,0,noun,17763,28.470
2187,gémeo,0,noun,17758,28.462
2188,enlouquecer,0,verb,17757,28.461
2189,orelha,0,noun,17750,28.450
2190,atitude,0,noun,17745,28.442
2191,colar,0,verb,17716,28.395
2192,exterior,0,unk,17704,28.376
2193,policial,0,adj,17674,28.328
2194,circunstância,0,noun,17649,28.288
2195,ministro,0,noun,17644,28.280
2196,of,0,unk,17642,28.276
2197,abrigo,0,noun,17637,28.268
2198,interrogar,0,verb,17625,28.249
2199,míssil,0,unk,17619,28.240
2200,romano,0,adj,17618,28.238
2201,empregada,0,noun,17616,28.235
2202,importas-te,0,unk,17608,28.222
2203,liga-me,0,unk,17596,28.203
2204,organização,0,noun,17593,28.198
2205,superar,0,verb,17589,28.191
2206,audiência,0,noun,17585,28.185
2207,teatro,0,noun,17582,28.180
2208,gasolina,0,adj,17581,28.179
2209,ripar,0,verb,17581,28.179
2210,and,0,unk,17577,28.172
2211,vela,0,noun,17569,28.159
2212,sacrifício,0,noun,17564,28.151
2213,alcance,0,unk,17537,28.108
2214,ver-me,0,unk,17537,28.108
2215,nação,0,noun,17535,28.105
2216,legendagem,0,noun,17530,28.097
2217,to,0,unk,17510,28.065
2218,fada,0,noun,17496,28.042
2219,traficante,0,unk,17494,28.039
2220,firme,0,unk,17492,28.036
2221,rever,0,verb,17478,28.014
2222,juntas,0,unk,17472,28.004
2223,ajudem-me,0,unk,17468,27.998
2224,acender,0,verb,17458,27.982
2225,aquecer,0,verb,17457,27.980
2226,piorar,0,verb,17456,27.978
2227,biblioteca,0,noun,17445,27.961
2228,acelerar,0,verb,17428,27.933
2229,mato,0,noun,17419,27.919
2230,pacote,0,unk,17418,27.917
2231,pressionar,0,verb,17391,27.874
2232,madame,0,unk,17375,27.848
2233,isolar,0,verb,17340,27.792
2234,larga-me,0,unk,17328,27.773
2235,ambiente,0,adj,17320,27.760
2236,imperador,0,noun,17284,27.703
2237,bateria,0,noun,17272,27.683
2238,alvejar,0,verb,17249,27.647
2239,deixar-me,0,unk,17229,27.614
2240,combustível,0,adj,17227,27.611
2241,inteligência,0,noun,17223,27.605
2242,esmagar,0,verb,17222,27.603
2243,processar,0,verb,17222,27.603
2244,reforço,0,noun,17217,27.595
2245,milha,0,noun,17200,27.568
2246,fortuna,0,unk,17197,27.563
2247,instrução,0,noun,17184,27.542
2248,anunciar,0,verb,17181,27.538
2249,vi-o,0,unk,17161,27.506
2250,bicicleta,0,noun,17153,27.493
2251,escritor,0,unk,17130,27.456
2252,pediu-me,0,unk,17128,27.453
2253,fazer-lhe,0,unk,17107,27.419
2254,jesus cristo,1,mwe,17107,27.419
2255,adiantar,0,verb,17102,27.411
2256,crítico,0,adj,17090,27.392
2257,virgem,0,noun,17079,27.374
2258,sexy,0,unk,17062,27.347
2259,remover,0,verb,17061,27.345
2260,adolescente,0,adj,17060,27.344
2261,incidente,0,adj,17059,27.342
2262,rebelde,0,noun,17043,27.316
2263,aliança,0,noun,17037,27.307
2264,motorista,0,noun,17023,27.284
2265,deixar-te,0,unk,17019,27.278
2266,despedida,0,noun,17018,27.276
2267,trabalhador,0,noun,16998,27.244
2268,índio,0,noun,16993,27.236
2269,pirata,0,noun,16989,27.230
2270,quantas vezes,1,mwe,16989,27.230
2271,limpeza,0,noun,16958,27.180
2272,publicar,0,verb,16957,27.179
2273,velhote,0,unk,16935,27.143
2274,espanhol,0,unk,16931,27.137
2275,internacional,0,adj,16922,27.122
2276,pizza,0,noun,16916,27.113
2277,cassete,0,unk,16914,27.110
2278,bandido,0,noun,16909,27.102
2279,moda,0,noun,16872,27.042
2280,secção,0,noun,16844,26.997
2281,besta,0,noun,16840,26.991
2282,lamento imenso,1,mwe,16828,26.972
2283,lábio,0,noun,16828,26.972
2284,convite,0,unk,16826,26.969
2285,transportar,0,verb,16820,26.959
2286,símbolo,0,noun,16817,26.954
2287,prosseguir,0,verb,16801,26.928
2288,inacreditável,0,adj,16791,26.912
2289,patrulha,0,noun,16771,26.880
2290,conquistar,0,verb,16766,26.872
2291,museu,0,unk,16764,26.869
2292,estacionar,0,verb,16762,26.866
2293,satisfeito,0,noun,16759,26.861
2294,escudo,0,adj,16758,26.860
2295,conjunto,0,noun,16725,26.807
2296,ofender,0,verb,16712,26.786
2297,lançamento,0,noun,16704,26.773
2298,assaltar,0,verb,16697,26.762
2299,engolir,0,verb,16688,26.747
2300,precioso,0,adj,16676,26.728
2301,marinha,0,adj,16644,26.677
2302,praticamente,0,adv,16640,26.670
2303,recado,0,noun,16627,26.650
2304,clínica,0,adj,16609,26.621
2305,conhecer-te,0,unk,16609,26.621
2306,técnica,0,adj,16592,26.594
2307,maricas,0,unk,16584,26.581
2308,x,0,unk,16580,26.574
2309,desfazer,0,verb,16567,26.553
2310,pau,0,unk,16562,26.545
2311,quilo,0,noun,16551,26.528
2312,meia hora,1,mwe,16546,26.520
2313,esquina,0,adj,16543,26.515
2314,asneira,0,noun,16528,26.491
2315,questionar,0,verb,16515,26.470
2316,metal,0,adj,16505,26.454
2317,fez-me,0,unk,16495,26.438
2318,amarelo,0,noun,16474,26.404
2319,espacial,0,adj,16474,26.404
2320,comercial,0,adj,16416,26.311
2321,nossas vidas,1,mwe,16352,26.209
2322,sobrevivente,0,adj,16349,26.204
2323,comissão,0,noun,16342,26.193
2324,aperceber,0,verb,16311,26.143
2325,palácio,0,noun,16301,26.127
2326,areia,0,noun,16293,26.114
2327,tender,0,verb,16250,26.045
2328,estúdio,0,noun,16235,26.021
2329,sitio,0,noun,16224,26.004
2330,propor,0,unk,16215,25.989
2331,reputação,0,noun,16213,25.986
2332,produção,0,noun,16204,25.972
2333,conhecê-la,0,noun,16202,25.968
2334,desastre,0,unk,16199,25.964
2335,fantasia,0,noun,16186,25.943
2336,júri,0,unk,16167,25.912
2337,tonto,0,noun,16157,25.896
2338,traduzir,0,verb,16153,25.890
2339,assassínio,0,noun,16151,25.887
2340,instinto,0,noun,16151,25.887
2341,brilhar,0,verb,16133,25.858
2342,plástico,0,adj,16110,25.821
2343,sono,0,noun,16093,25.794
2344,compromisso,0,noun,16092,25.792
2345,conferência,0,noun,16086,25.783
2346,somente,0,adv,16077,25.768
2347,lento,0,noun,16067,25.752
2348,grato,0,noun,16046,25.718
2349,passear,0,verb,16031,25.694
2350,bem-vinda,0,noun,16018,25.674
2351,bêbedo,0,noun,16006,25.654
2352,encontramo-nos,0,unk,15967,25.592
2353,paragem,0,noun,15966,25.590
2354,passageiro,0,noun,15955,25.573
2355,engano,0,adj,15935,25.540
2356,ferramenta,0,noun,15926,25.526
2357,coordenar,0,verb,15925,25.524
2358,divórcio,0,noun,15907,25.496
2359,tubarão,0,noun,15876,25.446
2360,depósito,0,noun,15875,25.444
2361,pausa,0,noun,15866,25.430
2362,cobertura,0,noun,15864,25.427
2363,noutra,0,noun,15863,25.425
2364,leão,0,noun,15852,25.407
2365,educação,0,noun,15849,25.403
2366,popular,0,verb,15824,25.363
2367,falhado,0,noun,15818,25.353
2368,frequência,0,noun,15813,25.345
2369,traseiro,0,noun,15805,25.332
2370,paixão,0,noun,15803,25.329
2371,esclarecer,0,verb,15792,25.311
2372,superfície,0,unk,15762,25.263
2373,progresso,0,noun,15754,25.250
2374,instalação,0,noun,15747,25.239
2375,sopa,0,noun,15721,25.197
2376,tatuagem,0,noun,15717,25.191
2377,assegurar,0,verb,15715,25.188
2378,tubo,0,noun,15710,25.180
2379,encontrá-la,0,noun,15706,25.173
2380,temperatura,0,noun,15705,25.172
2381,glória,0,noun,15704,25.170
2382,frase,0,unk,15702,25.167
2383,demonstrar,0,verb,15696,25.157
2384,protocolo,0,noun,15696,25.157
2385,personagem,0,noun,15679,25.130
2386,cretino,0,adj,15675,25.124
2387,mel,0,adj,15667,25.111
2388,função,0,noun,15649,25.082
2389,recomendar,0,verb,15622,25.039
2390,paraíso,0,unk,15589,24.986
2391,buscá-lo,0,noun,15573,24.960
2392,célula,0,noun,15564,24.946
2393,ciúme,0,unk,15560,24.939
2394,maravilha,0,noun,15560,24.939
2395,remédio,0,noun,15540,24.907
2396,grito,0,noun,15535,24.899
2397,cobarde,0,noun,15528,24.888
2398,cargo,0,noun,15519,24.874
2399,infeliz,0,unk,15512,24.862
2400,estacionamento,0,noun,15508,24.856
2401,acto,0,noun,15507,24.854
2402,violação,0,noun,15502,24.846
2403,inspirar,0,verb,15500,24.843
2404,frota,0,noun,15458,24.776
2405,munição,0,noun,15450,24.763
2406,tramar,0,verb,15427,24.726
2407,papa,0,noun,15426,24.725
2408,mostrar-te,0,unk,15412,24.702
2409,tornar-se,0,unk,15410,24.699
2410,origem,0,noun,15408,24.696
2411,diga-lhe,0,unk,15401,24.685
2412,império,0,noun,15401,24.685
2413,resistência,0,noun,15396,24.677
2414,desmaiar,0,verb,15385,24.659
2415,tê-la,0,noun,15383,24.656
2416,meia-noite,0,unk,15377,24.646
2417,imposto,0,noun,15373,24.640
2418,rocha,0,noun,15373,24.640
2419,significado,0,noun,15369,24.633
2420,aplicar,0,verb,15355,24.611
2421,uniforme,0,unk,15353,24.608
2422,método,0,noun,15351,24.604
2423,distrair,0,verb,15350,24.603
2424,mostra-me,0,unk,15350,24.603
2425,lealdade,0,noun,15348,24.600
2426,ferimento,0,noun,15292,24.510
2427,afirmar,0,verb,15279,24.489
2428,sal,0,adj,15255,24.451
2429,ódio,0,noun,15239,24.425
2430,robô,0,unk,15230,24.411
2431,nesse caso,1,mwe,15229,24.409
2432,extremamente,0,adv,15228,24.407
2433,quarteirão,0,noun,15228,24.407
2434,rota,0,noun,15223,24.399
2435,champanhe,0,unk,15198,24.359
2436,sincronizar,0,verb,15170,24.314
2437,tencionar,0,verb,15149,24.281
2438,preencher,0,verb,15141,24.268
2439,chover,0,verb,15125,24.242
2440,resgate,0,unk,15123,24.239
2441,marco,0,noun,15097,24.197
2442,denunciar,0,verb,15089,24.185
2443,nuvem,0,noun,15084,24.177
2444,amado,0,noun,15083,24.175
2445,barba,0,unk,15070,24.154
2446,açúcar,0,verb,15056,24.132
2447,surpreender,0,verb,15052,24.125
2448,absoluto,0,noun,15036,24.100
2449,lágrima,0,noun,15028,24.087
2450,barriga,0,noun,15021,24.076
2451,solta,0,noun,15018,24.071
2452,sensível,0,adj,15015,24.066
2453,dúzia,0,noun,14993,24.031
2454,misterioso,0,adj,14991,24.027
2455,destruição,0,noun,14953,23.967
2456,patético,0,adj,14953,23.967
2457,rumor,0,unk,14952,23.965
2458,envenenar,0,verb,14933,23.934
2459,sexta,0,noun,14930,23.930
2460,fornecer,0,verb,14926,23.923
2461,sobretudo,0,adj,14926,23.923
2462,nestas,0,unk,14924,23.920
2463,educar,0,verb,14912,23.901
2464,bloco,0,noun,14901,23.883
2465,pormenor,0,unk,14891,23.867
2466,multidão,0,noun,14879,23.848
2467,ritmo,0,noun,14878,23.846
2468,cachorro,0,noun,14870,23.834
2469,frango,0,noun,14865,23.825
2470,obedecer,0,verb,14851,23.803
2471,elemento,0,noun,14849,23.800
2472,viciar,0,verb,14845,23.793
2473,procedimento,0,noun,14837,23.781
2474,medicina,0,adj,14836,23.779
2475,safar,0,verb,14836,23.779
2476,figura,0,noun,14834,23.776
2477,explorar,0,verb,14817,23.749
2478,cagar,0,verb,14798,23.718
2479,suceder,0,verb,14787,23.700
2480,traição,0,noun,14785,23.697
2481,específico,0,adj,14781,23.691
2482,ideal,0,adj,14768,23.670
2483,cerebral,0,adj,14756,23.651
2484,juízo,0,unk,14749,23.640
2485,pousar,0,verb,14744,23.632
2486,sentem-se,0,unk,14741,23.627
2487,rejeitar,0,verb,14737,23.620
2488,potencial,0,adj,14733,23.614
2489,prata,0,noun,14691,23.547
2490,nestes,0,unk,14674,23.519
2491,caber,0,verb,14666,23.507
2492,libra,0,noun,14666,23.507
2493,suspender,0,verb,14659,23.495
2494,aliás,0,unk,14658,23.494
2495,ramo,0,noun,14655,23.489
2496,coroa,0,noun,14651,23.482
2497,luva,0,noun,14646,23.474
2498,entusiasmar,0,verb,14645,23.473
2499,guia,0,noun,14611,23.418
2500,molho,0,noun,14606,23.410
2501,neles,0,unk,14598,23.398
2502,funcionário,0,noun,14583,23.374
2503,sacrificar,0,verb,14573,23.357
2504,posse,0,unk,14557,23.332
2505,hei-de,0,noun,14550,23.321
2506,complexo,0,noun,14548,23.317
2507,instalar,0,verb,14548,23.317
2508,impressões digitais,1,mwe,14544,23.311
2509,seca,0,noun,14544,23.311
2510,desviar,0,verb,14543,23.309
2511,anormal,0,adj,14540,23.305
2512,pulmão,0,noun,14538,23.301
2513,valioso,0,adj,14535,23.297
2514,lucro,0,noun,14534,23.295
2515,galinha,0,adj,14530,23.289
2516,dobrar,0,verb,14523,23.277
2517,espectacular,0,verb,14520,23.273
2518,perturbar,0,verb,14520,23.273
2519,atento,0,noun,14510,23.257
2520,passa-se,0,unk,14508,23.253
2521,moral,0,adj,14503,23.245
2522,foda,0,noun,14499,23.239
2523,deixá-la,0,noun,14491,23.226
2524,vila,0,noun,14466,23.186
2525,ave,0,unk,14463,23.181
2526,fico feliz,1,mwe,14462,23.180
2527,clássico,0,adj,14457,23.172
2528,argumento,0,noun,14455,23.168
2529,cueca,0,noun,14441,23.146
2530,you,0,unk,14433,23.133
2531,trinta,0,num,14432,23.131
2532,romance,0,unk,14430,23.128
2533,sumo,0,noun,14423,23.117
2534,abraço,0,noun,14413,23.101
2535,camarada,0,noun,14411,23.098
2536,financeiro,0,noun,14410,23.096
2537,ajudar-nos,0,unk,14404,23.087
2538,atraente,0,adj,14402,23.083
2539,decente,0,adj,14400,23.080
2540,igualmente,0,adv,14382,23.051
2541,suicidar,0,verb,14382,23.051
2542,arrepender,0,verb,14379,23.047
2543,satisfazer,0,verb,14379,23.047
2544,preparem-se,0,unk,14322,22.955
2545,mijar,0,verb,14316,22.946
2546,folga,0,noun,14301,22.922
2547,desgraçado,0,noun,14299,22.918
2548,conceder,0,verb,14285,22.896
2549,limitar,0,verb,14275,22.880
2550,transmissão,0,noun,14274,22.878
2551,disfarce,0,unk,14270,22.872
2552,digo-lhe,0,unk,14269,22.870
2553,castigo,0,noun,14263,22.861
2554,expressão,0,noun,14259,22.854
2555,aliviar,0,verb,14247,22.835
2556,templo,0,noun,14238,22.821
2557,desporto,0,noun,14234,22.814
2558,onda,0,noun,14227,22.803
2559,secretos,0,unk,14210,22.776
2560,urgente,0,adj,14208,22.772
2561,reservar,0,verb,14207,22.771
2562,científico,0,adj,14202,22.763
2563,vê-los,0,unk,14145,22.671
2564,trânsito,0,noun,14138,22.660
2565,dose,0,unk,14133,22.652
2566,generoso,0,adj,14132,22.651
2567,concerto,0,noun,14131,22.649
2568,heroína,0,unk,14110,22.615
2569,feminino,0,adj,14103,22.604
2570,bandeira,0,noun,14101,22.601
2571,pisar,0,verb,14101,22.601
2572,gerente,0,adj,14090,22.583
2573,aparelho,0,noun,14074,22.558
2574,tecido,0,noun,14052,22.522
2575,receita,0,noun,14033,22.492
2576,prioridade,0,noun,14030,22.487
2577,deixa-te,0,unk,13960,22.375
2578,magnífico,0,adj,13935,22.335
2579,horário,0,noun,13933,22.332
2580,condutor,0,unk,13928,22.324
2581,bastardo,0,noun,13920,22.311
2582,enfim,0,unk,13914,22.301
2583,meritíssimo,0,noun,13909,22.293
2584,prazo,0,unk,13903,22.284
2585,consertar,0,verb,13901,22.280
2586,detestar,0,verb,13889,22.261
2587,eleição,0,noun,13888,22.260
2588,misturar,0,verb,13864,22.221
2589,azar,0,verb,13860,22.215
2590,passaporte,0,unk,13848,22.195
2591,calcular,0,verb,13845,22.191
2592,pasta,0,noun,13841,22.184
2593,doze,0,num,13835,22.175
2594,mexicano,0,adj,13818,22.147
2595,torturar,0,verb,13809,22.133
2596,sexta-feira,0,noun,13805,22.127
2597,selar,0,verb,13794,22.109
2598,protegido,0,noun,13793,22.107
2599,sujeito,0,noun,13790,22.102
2600,ceder,0,verb,13771,22.072
2601,costume,0,unk,13753,22.043
2602,uns tempos,1,mwe,13742,22.026
2603,sincronia,0,noun,13736,22.016
2604,febre,0,unk,13716,21.984
2605,extraterrestre,0,unk,13712,21.977
2606,cabana,0,adj,13709,21.973
2607,show,0,unk,13709,21.973
2608,caos,0,unk,13704,21.965
2609,convencido,0,noun,13685,21.934
2610,moderno,0,noun,13684,21.933
2611,face,0,unk,13679,21.925
2612,salão,0,noun,13660,21.894
2613,terapia,0,noun,13655,21.886
2614,afaste-se,0,unk,13651,21.880
2615,eterno,0,noun,13631,21.848
2616,fabuloso,0,adj,13628,21.843
2617,adequado,0,noun,13617,21.825
2618,ficha,0,noun,13608,21.811
2619,tradição,0,noun,13607,21.809
2620,brinde,0,noun,13597,21.793
2621,estes tipos,1,mwe,13596,21.792
2622,reclamar,0,verb,13591,21.784
2623,travar,0,verb,13591,21.784
2624,aceder,0,verb,13588,21.779
2625,frigorífico,0,adj,13578,21.763
2626,trata-se,0,unk,13566,21.743
2627,construção,0,noun,13550,21.718
2628,trair,0,verb,13532,21.689
2629,desculpa-me,0,unk,13511,21.655
2630,hábito,0,noun,13510,21.654
2631,conta-me,0,unk,13507,21.649
2632,caverna,0,noun,13503,21.642
2633,guerreiro,0,noun,13502,21.641
2634,cento,0,num,13501,21.639
2635,concluir,0,verb,13492,21.625
2636,leitura,0,noun,13471,21.591
2637,chegada,0,noun,13470,21.590
2638,brigar,0,verb,13464,21.580
2639,caneta,0,noun,13448,21.554
2640,cruz,0,unk,13448,21.554
2641,capa,0,noun,13443,21.546
2642,cumprimento,0,noun,13441,21.543
2643,pequenino,0,adj,13434,21.532
2644,investir,0,verb,13398,21.474
2645,vossa majestade,1,mwe,13390,21.461
2646,cultura,0,noun,13373,21.434
2647,reacção,0,noun,13369,21.428
2648,dou-lhe,0,unk,13367,21.425
2649,cercar,0,verb,13366,21.423
2650,concurso,0,noun,13361,21.415
2651,região,0,noun,13360,21.413
2652,portal,0,adj,13358,21.410
2653,detetive,0,unk,13350,21.397
2654,troco,0,noun,13341,21.383
2655,saudades tuas,1,mwe,13340,21.381
2656,custo,0,noun,13318,21.346
2657,ajude-me,0,unk,13300,21.317
2658,interpretar,0,verb,13297,21.312
2659,yeah,0,unk,13294,21.308
2660,psiquiatra,0,noun,13281,21.287
2661,curtir,0,verb,13280,21.285
2662,tragédia,0,noun,13277,21.280
2663,técnico,0,adj,13266,21.263
2664,pneu,0,unk,13264,21.259
2665,pénis,0,unk,13264,21.259
2666,e-mail,0,unk,13255,21.245
2667,única maneira,1,mwe,13246,21.231
2668,gatilho,0,noun,13231,21.207
2669,amarrar,0,verb,13230,21.205
2670,adaptação,0,noun,13224,21.195
2671,confundir,0,verb,13217,21.184
2672,perfil,0,unk,13205,21.165
2673,poço,0,noun,13200,21.157
2674,sentes-te,0,unk,13198,21.154
2675,teria sido,1,mwe,13197,21.152
2676,mo,0,unk,13182,21.128
2677,inspector,0,unk,13179,21.123
2678,cinza,0,noun,13176,21.118
2679,egoísta,0,noun,13169,21.107
2680,matá-la,0,noun,13153,21.082
2681,nessa altura,1,mwe,13135,21.053
2682,salário,0,noun,13135,21.053
2683,interferir,0,verb,13122,21.032
2684,preferido,0,noun,13118,21.025
2685,unha,0,noun,13100,20.997
2686,cerimónia,0,noun,13099,20.995
2687,ensaio,0,noun,13094,20.987
2688,bombeiro,0,noun,13090,20.981
2689,infância,0,noun,13081,20.966
2690,tiroteio,0,noun,13081,20.966
2691,cale-se,0,unk,13080,20.965
2692,infiltrar,0,verb,13074,20.955
2693,neto,0,noun,13070,20.948
2694,compensar,0,verb,13069,20.947
2695,tema,0,noun,13068,20.945
2696,evacuar,0,verb,13063,20.937
2697,desafiar,0,verb,13060,20.932
2698,doutora,0,noun,13059,20.931
2699,corrigir,0,verb,13058,20.929
2700,transferência,0,noun,13054,20.923
2701,contou-me,0,unk,13029,20.883
2702,selva,0,noun,13029,20.883
2703,dez minutos,1,mwe,13027,20.880
2704,pontapé,0,unk,13027,20.880
2705,leal,0,adj,13019,20.867
2706,afogar,0,verb,13015,20.860
2707,felizmente,0,adv,13013,20.857
2708,indivíduo,0,noun,13006,20.846
2709,oficialmente,0,adv,12984,20.811
2710,seco,0,adj,12973,20.793
2711,cêntimo,0,noun,12950,20.756
2712,requerer,0,verb,12941,20.742
2713,intervalo,0,noun,12935,20.732
2714,beco,0,adj,12927,20.719
2715,apanhá-lo,0,noun,12913,20.697
2716,ação,0,noun,12906,20.686
2717,feliz natal,1,mwe,12902,20.679
2718,uns minutos,1,mwe,12901,20.678
2719,bosque,0,unk,12894,20.666
2720,muro,0,noun,12890,20.660
2721,matemática,0,adj,12884,20.650
2722,casino,0,adj,12871,20.630
2723,enforcar,0,verb,12862,20.615
2724,vão-se,0,unk,12856,20.605
2725,primavera,0,noun,12852,20.599
2726,endereço,0,noun,12820,20.548
2727,arranjo,0,noun,12819,20.546
2728,impressionado,0,noun,12811,20.533
2729,óleo,0,noun,12810,20.532
2730,existência,0,noun,12807,20.527
2731,palerma,0,noun,12807,20.527
2732,diminuir,0,verb,12803,20.521
2733,tensão,0,noun,12798,20.513
2734,capital,0,adj,12787,20.495
2735,união,0,noun,12772,20.471
2736,ocasião,0,noun,12771,20.469
2737,cicatriz,0,unk,12768,20.464
2738,oxigénio,0,noun,12754,20.442
2739,altamente,0,adv,12738,20.416
2740,básico,0,adj,12724,20.394
2741,miserável,0,adj,12715,20.379
2742,diz-lhes,0,unk,12713,20.376
2743,ha,0,unk,12703,20.360
2744,arrasar,0,verb,12701,20.357
2745,frito,0,noun,12698,20.352
2746,ligo-te,0,unk,12692,20.343
2747,voluntário,0,noun,12692,20.343
2748,invasão,0,noun,12669,20.306
2749,placa,0,unk,12647,20.271
2750,apropriar,0,verb,12646,20.269
2751,vendedor,0,noun,12641,20.261
2752,nalgum,0,unk,12638,20.256
2753,pintura,0,noun,12638,20.256
2754,tranquilo,0,noun,12637,20.254
2755,neste caso,1,mwe,12635,20.251
2756,parente,0,adj,12622,20.230
2757,turma,0,noun,12622,20.230
2758,confissão,0,noun,12618,20.224
2759,governar,0,verb,12613,20.216
2760,aparência,0,noun,12611,20.213
2761,recordação,0,noun,12601,20.197
2762,custódia,0,noun,12573,20.152
2763,chupar,0,verb,12570,20.147
2764,literalmente,0,adv,12563,20.136
2765,põe-te,0,unk,12560,20.131
2766,amoroso,0,adj,12555,20.123
2767,certos,0,unk,12552,20.118
2768,sobrinho,0,adj,12552,20.118
2769,dali,0,unk,12544,20.105
2770,consumir,0,verb,12542,20.102
2771,papai,0,unk,12534,20.089
2772,perímetro,0,noun,12527,20.078
2773,toalha,0,noun,12521,20.069
2774,detrás,0,unk,12520,20.067
2775,abrandar,0,verb,12496,20.028
2776,contudo,0,conj,12486,20.012
2777,abraçar,0,verb,12485,20.011
2778,principalmente,0,adv,12481,20.004
2779,gerir,0,verb,12480,20.003
2780,deixa-a,0,unk,12472,19.990
2781,fraqueza,0,noun,12468,19.984
2782,estratégia,0,noun,12465,19.979
2783,conclusão,0,noun,12457,19.966
2784,castigar,0,verb,12445,19.947
2785,prima,0,noun,12426,19.916
2786,encaixar,0,verb,12417,19.902
2787,dei-lhe,0,unk,12410,19.891
2788,destinar,0,verb,12408,19.887
2789,coluna,0,unk,12401,19.876
2790,deixou-me,0,unk,12401,19.876
2791,conde,0,noun,12399,19.873
2792,anjos,0,unk,12397,19.870
2793,urgência,0,noun,12396,19.868
2794,definir,0,verb,12395,19.867
2795,imaginação,0,noun,12383,19.847
2796,porém,0,conj,12373,19.831
2797,temporada,0,noun,12366,19.820
2798,associar,0,verb,12358,19.807
2799,solitário,0,noun,12356,19.804
2800,histórico,0,adj,12353,19.799
2801,candidato,0,noun,12351,19.796
2802,precisamente,0,adv,12345,19.786
2803,invisível,0,adj,12325,19.754
2804,suspeitar,0,verb,12323,19.751
2805,ala,0,noun,12315,19.738
2806,comandar,0,verb,12310,19.730
2807,encarar,0,verb,12310,19.730
2808,agitar,0,verb,12303,19.719
2809,uísque,0,unk,12301,19.716
2810,impacto,0,noun,12300,19.714
2811,esquema,0,noun,12287,19.693
2812,rodear,0,verb,12284,19.689
2813,unir,0,verb,12278,19.679
2814,taco,0,noun,12255,19.642
2815,vai-se,0,unk,12253,19.639
2816,dar-nos,0,unk,12248,19.631
2817,colher,0,verb,12243,19.623
2818,vingar,0,verb,12235,19.610
2819,competição,0,noun,12234,19.609
2820,leva-me,0,unk,12227,19.597
2821,estupidez,0,unk,12218,19.583
2822,república,0,adj,12204,19.560
2823,seguida,0,noun,12199,19.552
2824,digno,0,unk,12188,19.535
2825,camisola,0,noun,12183,19.527
2826,recomeçar,0,verb,12174,19.512
2827,tarte,0,unk,12169,19.504
2828,ondas,0,unk,12161,19.492
2829,hum,0,intj,12159,19.488
2830,bestial,0,adj,12158,19.487
2831,tapar,0,verb,12150,19.474
2832,comentário,0,noun,12136,19.451
2833,senhorita,0,noun,12132,19.445
2834,trono,0,noun,12131,19.443
2835,confidencial,0,adj,12128,19.439
2836,duche,0,unk,12122,19.429
2837,noção,0,noun,12119,19.424
2838,fraude,0,noun,12115,19.418
2839,pendurar,0,verb,12112,19.413
2840,sortudo,0,adj,12069,19.344
2841,feiticeiro,0,noun,12066,19.339
2842,adiar,0,verb,12056,19.323
2843,golfe,0,unk,12039,19.296
2844,irlandês,0,adj,12036,19.291
2845,disparo,0,noun,12035,19.290
2846,desesperar,0,verb,12031,19.283
2847,probabilidade,0,noun,12020,19.266
2848,compor,0,unk,12016,19.259
2849,aliado,0,noun,12012,19.253
2850,renda,0,noun,12011,19.251
2851,químico,0,adj,12010,19.250
2852,há-de,0,noun,12000,19.233
2853,estrutura,0,noun,11990,19.217
2854,promover,0,verb,11990,19.217
2855,disfarçar,0,verb,11987,19.213
2856,sintoma,0,noun,11969,19.184
2857,formação,0,noun,11966,19.179
2858,vigia,0,noun,11963,19.174
2859,espingarda,0,noun,11950,19.153
2860,secundário,0,noun,11949,19.152
2861,absurdo,0,noun,11924,19.112
2862,cowboy,0,unk,11916,19.099
2863,influência,0,noun,11915,19.097
2864,motel,0,adj,11915,19.097
2865,parvalhão,0,noun,11892,19.060
2866,terror,0,unk,11887,19.052
2867,cavar,0,verb,11884,19.048
2868,obcecado,0,noun,11876,19.035
2869,pescar,0,verb,11876,19.035
2870,dama,0,noun,11873,19.030
2871,dá-nos,0,unk,11866,19.019
2872,tecnicamente,0,adv,11849,18.991
2873,fruta,0,noun,11829,18.959
2874,atropelar,0,verb,11828,18.958
2875,aranha,0,noun,11826,18.955
2876,raios partam,1,mwe,11816,18.939
2877,avaliar,0,verb,11807,18.924
2878,fugitivo,0,noun,11800,18.913
2879,tapete,0,unk,11795,18.905
2880,descarregar,0,verb,11794,18.903
2881,nazi,0,unk,11793,18.902
2882,afundar,0,verb,11781,18.882
2883,comissário,0,noun,11780,18.881
2884,sentir-se,0,unk,11774,18.871
2885,feira,0,noun,11772,18.868
2886,conspiração,0,noun,11757,18.844
2887,estável,0,adj,11753,18.838
2888,criada,0,noun,11748,18.830
2889,década,0,noun,11747,18.828
2890,drogado,0,noun,11746,18.826
2891,revolução,0,noun,11742,18.820
2892,medalha,0,noun,11738,18.814
2893,cobrar,0,verb,11735,18.809
2894,administração,0,noun,11728,18.798
2895,lembrem-se,0,unk,11726,18.794
2896,elevar,0,verb,11722,18.788
2897,fino,0,adj,11722,18.788
2898,lama,0,noun,11721,18.786
2899,agulha,0,noun,11718,18.782
2900,combinação,0,noun,11712,18.772
2901,genial,0,adj,11707,18.764
2902,bife,0,unk,11700,18.753
2903,religião,0,noun,11685,18.729
2904,dizê-lo,0,noun,11676,18.714
2905,cocaína,0,unk,11675,18.713
2906,relacionamento,0,noun,11669,18.703
2907,propriamente,0,adv,11664,18.695
2908,encostar,0,verb,11662,18.692
2909,personalidade,0,noun,11647,18.668
2910,pergunto-me,0,unk,11642,18.660
2911,inconsciente,0,adj,11640,18.656
2912,amável,0,adj,11636,18.650
2913,emitir,0,verb,11636,18.650
2914,setembro,0,noun,11630,18.640
2915,piso,0,noun,11626,18.634
2916,pastor,0,unk,11625,18.632
2917,acontecimento,0,noun,11623,18.629
2918,interrogatório,0,noun,11615,18.616
2919,manteiga,0,noun,11610,18.608
2920,visual,0,adj,11605,18.600
2921,franco,0,noun,11600,18.592
2922,linguagem,0,noun,11600,18.592
2923,nascimento,0,noun,11598,18.589
2924,trato disto,1,mwe,11596,18.586
2925,luxo,0,noun,11592,18.580
2926,nojo,0,noun,11591,18.578
2927,possivelmente,0,adv,11584,18.567
2928,nomear,0,verb,11581,18.562
2929,perito,0,noun,11572,18.548
2930,firma,0,noun,11558,18.525
2931,habitual,0,adj,11554,18.519
2932,laranja,0,noun,11554,18.519
2933,religioso,0,adj,11554,18.519
2934,exposição,0,noun,11530,18.480
2935,rumo,0,noun,11530,18.480
2936,huh,0,unk,11515,18.456
2937,excitado,0,noun,11507,18.443
2938,canhão,0,noun,11490,18.416
2939,encomenda,0,noun,11470,18.384
2940,ritual,0,adj,11470,18.384
2941,embaixador,0,noun,11455,18.360
2942,alienígena,0,noun,11441,18.338
2943,lesão,0,noun,11440,18.336
2944,detenção,0,noun,11439,18.334
2945,depoimento,0,noun,11438,18.333
2946,condicional,0,adj,11435,18.328
2947,caridade,0,noun,11426,18.313
2948,mochila,0,noun,11422,18.307
2949,apresentação,0,noun,11420,18.304
2950,cemitério,0,noun,11401,18.273
2951,okay,0,unk,11399,18.270
2952,hã,0,unk,11397,18.267
2953,genético,0,adj,11392,18.259
2954,radiação,0,noun,11390,18.256
2955,competir,0,verb,11384,18.246
2956,olhadela,0,noun,11384,18.246
2957,abelha,0,noun,11373,18.229
2958,órgão,0,noun,11369,18.222
2959,reconhecimento,0,noun,11368,18.221
2960,agradecido,0,noun,11366,18.217
2961,colina,0,adj,11365,18.216
2962,actividade,0,noun,11358,18.205
2963,boneca,0,noun,11354,18.198
2964,doloroso,0,adj,11340,18.176
2965,distante,0,unk,11339,18.174
2966,fascinante,0,unk,11339,18.174
2967,mergulhar,0,verb,11337,18.171
2968,vice-presidente,0,adj,11336,18.169
2969,basebol,0,unk,11333,18.164
2970,sector,0,unk,11327,18.155
2971,vital,0,adj,11327,18.155
2972,respiração,0,noun,11325,18.152
2973,direção,0,noun,11321,18.145
2974,jóias,0,unk,11310,18.128
2975,cenário,0,noun,11299,18.110
2976,manipular,0,verb,11296,18.105
2977,lembrança,0,noun,11282,18.083
2978,pesquisar,0,verb,11281,18.081
2979,submarino,0,adj,11281,18.081
2980,pacífico,0,adj,11275,18.071
2981,caixão,0,noun,11270,18.063
2982,ámen,0,unk,11266,18.057
2983,email,0,unk,11254,18.038
2984,almirante,0,unk,11249,18.030
2985,solar,0,verb,11249,18.030
2986,rapto,0,noun,11248,18.028
2987,empréstimo,0,noun,11246,18.025
2988,ginásio,0,noun,11237,18.011
2989,redor,0,noun,11237,18.011
2990,típico,0,adj,11221,17.985
2991,petróleo,0,noun,11214,17.974
2992,academia,0,noun,11212,17.970
2993,perguntar-te,0,unk,11208,17.964
2994,tribo,0,noun,11200,17.951
2995,barra,0,noun,11192,17.938
2996,delicado,0,noun,11185,17.927
2997,sobrevivência,0,noun,11177,17.914
2998,músculo,0,noun,11175,17.911
2999,legítimo,0,noun,11170,17.903
3000,túmulo,0,noun,11168,17.900
3001,audição,0,noun,11167,17.898
3002,vi-te,0,unk,11148,17.868
3003,kg,0,unk,11135,17.847
3004,extremo,0,noun,11119,17.821
3005,fiel,0,adj,11118,17.820
3006,conflito,0,noun,11111,17.809
3007,derreter,0,verb,11105,17.799
3008,gravidade,0,noun,11102,17.794
3009,lâmina,0,adj,11102,17.794
3010,manual,0,adj,11102,17.794
3011,vaga,0,noun,11101,17.793
3012,biscoito,0,noun,11082,17.762
3013,honrar,0,verb,11078,17.756
3014,mando,0,noun,11048,17.708
3015,prática,0,adj,11047,17.706
3016,população,0,noun,11043,17.700
3017,psicopata,0,noun,11039,17.693
3018,palpite,0,unk,11038,17.692
3019,excitante,0,unk,11036,17.688
3020,matar-nos,0,unk,11030,17.679
3021,oiça,0,noun,11019,17.661
3022,aço,0,noun,11016,17.656
3023,usá-lo,0,noun,10999,17.629
3024,contagem,0,noun,10998,17.627
3025,geralmente,0,adv,10997,17.626
3026,dizer-nos,0,unk,10994,17.621
3027,lembre-se,0,unk,10989,17.613
3028,desagradável,0,adj,10984,17.605
3029,site,0,unk,10984,17.605
3030,sensual,0,adj,10980,17.599
3031,ira,0,noun,10972,17.586
3032,dás-me,0,unk,10970,17.583
3033,excelência,0,noun,10968,17.579
3034,gravata,0,noun,10957,17.562
3035,assinatura,0,noun,10948,17.547
3036,infantil,0,unk,10948,17.547
3037,fígado,0,noun,10940,17.535
3038,oração,0,noun,10932,17.522
3039,inicial,0,adj,10931,17.520
3040,descanso,0,noun,10929,17.517
3041,elegante,0,unk,10916,17.496
3042,gota,0,noun,10897,17.466
3043,crânio,0,noun,10869,17.421
3044,esquadrão,0,noun,10853,17.395
3045,lutador,0,noun,10847,17.385
3046,hemorragia,0,noun,10844,17.381
3047,taça,0,noun,10844,17.381
3048,matéria,0,noun,10837,17.369
3049,percorrer,0,verb,10831,17.360
3050,tirá-lo,0,noun,10828,17.355
3051,piano,0,adj,10822,17.345
3052,guardião,0,noun,10820,17.342
3053,habituado,0,noun,10819,17.341
3054,buscá-la,0,noun,10815,17.334
3055,sai daí,1,mwe,10812,17.329
3056,malvado,0,noun,10810,17.326
3057,esconderijo,0,noun,10809,17.325
3058,agenda,0,noun,10804,17.317
3059,razoável,0,adj,10788,17.291
3060,levar-me,0,unk,10786,17.288
3061,chamar-me,0,unk,10766,17.256
3062,lutar contra,1,mwe,10762,17.249
3063,teus olhos,1,mwe,10762,17.249
3064,sombras,0,unk,10759,17.244
3065,despertar,0,verb,10755,17.238
3066,mancha,0,noun,10755,17.238
3067,sensor,0,unk,10746,17.224
3068,verme,0,unk,10740,17.214
3069,anão,0,noun,10739,17.212
3070,alô,0,unk,10737,17.209
3071,honestamente,0,adv,10734,17.204
3072,tenda,0,noun,10731,17.200
3073,circo,0,noun,10728,17.195
3074,treva,0,noun,10716,17.176
3075,consulta,0,noun,10714,17.172
3076,emocional,0,adj,10710,17.166
3077,federais,0,unk,10709,17.164
3078,dessa maneira,1,mwe,10695,17.142
3079,tremer,0,verb,10690,17.134
3080,minhas mãos,1,mwe,10681,17.119
3081,taxa,0,noun,10679,17.116
3082,garantia,0,noun,10677,17.113
3083,espancar,0,verb,10674,17.108
3084,torto,0,noun,10674,17.108
3085,festejar,0,verb,10669,17.100
3086,render,0,verb,10662,17.089
3087,dona,0,noun,10656,17.079
3088,telefónico,0,adj,10656,17.079
3089,danificar,0,verb,10654,17.076
3090,sábio,0,noun,10638,17.050
3091,diverte-te,0,unk,10627,17.033
3092,demitir,0,verb,10619,17.020
3093,mato-te,0,unk,10616,17.015
3094,mamãe,0,unk,10609,17.004
3095,embaixada,0,noun,10605,16.998
3096,apanhei-te,0,unk,10602,16.993
3097,laço,0,noun,10584,16.964
3098,verdadeiramente,0,adv,10582,16.961
3099,luto,0,noun,10581,16.959
3100,perguntar-lhe,0,unk,10581,16.959
3101,contar-me,0,unk,10576,16.951
3102,secretário,0,noun,10574,16.948
3103,congresso,0,noun,10570,16.942
3104,tarado,0,noun,10567,16.937
3105,instrumento,0,noun,10566,16.935
3106,colónia,0,noun,10560,16.925
3107,cristal,0,adj,10556,16.919
3108,capítulo,0,noun,10555,16.917
3109,apressar,0,verb,10552,16.913
3110,contar-te,0,unk,10528,16.874
3111,julho,0,noun,10526,16.871
3112,mantém-te,0,unk,10521,16.863
3113,aumento,0,noun,10512,16.849
3114,investimento,0,noun,10511,16.847
3115,mira,0,noun,10504,16.836
3116,oposto,0,noun,10504,16.836
3117,criminal,0,adj,10500,16.829
3118,conheço-te,0,unk,10493,16.818
3119,acalme-se,0,unk,10482,16.800
3120,amanhecer,0,verb,10477,16.792
3121,abaixar,0,verb,10470,16.781
3122,distrito,0,noun,10466,16.775
3123,animar,0,verb,10456,16.759
3124,enrolar,0,verb,10452,16.752
3125,boneco,0,adj,10422,16.704
3126,muralha,0,noun,10416,16.695
3127,misericórdia,0,noun,10407,16.680
3128,rotina,0,adj,10404,16.675
3129,gene,0,unk,10403,16.674
3130,banheira,0,noun,10392,16.656
3131,intenso,0,noun,10389,16.651
3132,privacidade,0,noun,10389,16.651
3133,tchau,0,intj,10386,16.647
3134,alimento,0,noun,10383,16.642
3135,palma,0,noun,10375,16.629
3136,cirurgião,0,noun,10368,16.618
3137,completar,0,verb,10363,16.610
3138,más notícias,1,mwe,10356,16.599
3139,dobro,0,noun,10354,16.595
3140,equipe,0,unk,10354,16.595
3141,sais,0,unk,10349,16.587
3142,aproximar-se,0,unk,10345,16.581
3143,tortura,0,noun,10338,16.570
3144,abanar,0,verb,10332,16.560
3145,mota,0,noun,10310,16.525
3146,traz-me,0,unk,10310,16.525
3147,radar,0,verb,10300,16.509
3148,termo,0,noun,10300,16.509
3149,ambos sabemos,1,mwe,10297,16.504
3150,chip,0,unk,10297,16.504
3151,escala,0,noun,10292,16.496
3152,descoberta,0,noun,10287,16.488
3153,tirar-te,0,unk,10287,16.488
3154,revistar,0,verb,10286,16.486
3155,insultar,0,verb,10275,16.469
3156,torna-se,0,unk,10265,16.453
3157,íntimo,0,noun,10243,16.417
3158,ângulo,0,noun,10236,16.406
3159,condução,0,noun,10227,16.392
3160,pato,0,noun,10227,16.392
3161,juramento,0,noun,10222,16.384
3162,hein,0,unk,10219,16.379
3163,feliz aniversário,1,mwe,10215,16.373
3164,elefante,0,unk,10212,16.368
3165,engenheiro,0,noun,10212,16.368
3166,margem,0,noun,10201,16.350
3167,recear,0,verb,10185,16.324
3168,esforçar,0,verb,10172,16.304
3169,economia,0,noun,10169,16.299
3170,mostrar-lhe,0,unk,10169,16.299
3171,pô-lo,0,noun,10168,16.297
3172,cano,0,adj,10166,16.294
3173,actor,0,unk,10164,16.291
3174,naquilo,0,pron,10158,16.281
3175,beira,0,noun,10149,16.267
3176,curiosidade,0,noun,10144,16.259
3177,curva,0,noun,10142,16.256
3178,horror,0,unk,10130,16.236
3179,tigre,0,unk,10119,16.219
3180,salada,0,noun,10110,16.204
3181,próxima semana,1,mwe,10107,16.199
3182,pata,0,noun,10106,16.198
3183,guerreiros,0,unk,10103,16.193
3184,semente,0,adv,10088,16.169
3185,deixá-los,0,unk,10085,16.164
3186,impressionar,0,verb,10084,16.163
3187,distintivo,0,noun,10081,16.158
3188,cuspir,0,verb,10076,16.150
3189,reverendo,0,noun,10076,16.150
3190,corresponder,0,verb,10072,16.143
3191,pressentimento,0,noun,10069,16.139
3192,profissão,0,noun,10069,16.139
3193,sugestão,0,noun,10064,16.130
3194,êxito,0,noun,10063,16.129
3195,ilusão,0,noun,10042,16.095
3196,viúva,0,noun,10040,16.092
3197,acrescentar,0,verb,10038,16.089
3198,supremo,0,noun,10034,16.082
3199,execução,0,noun,10030,16.076
3200,obrigação,0,noun,10025,16.068
3201,eleger,0,verb,10022,16.063
3202,suas mãos,1,mwe,10022,16.063
3203,suar,0,verb,10011,16.046
3204,alfa,0,unk,10009,16.042
3205,recepção,0,noun,10004,16.034
3206,stress,0,unk,10004,16.034
3207,poema,0,noun,9996,16.022
3208,publicidade,0,noun,9992,16.015
3209,tumor,0,unk,9990,16.012
3210,suave,0,unk,9989,16.010
3211,monsieur,0,unk,9988,16.009
3212,vestígio,0,noun,9988,16.009
3213,ex,0,unk,9987,16.007
3214,bolacha,0,noun,9984,16.002
3215,descrição,0,noun,9980,15.996
3216,masculino,0,adj,9974,15.986
3217,quinze,0,num,9963,15.969
3218,conduta,0,noun,9958,15.961
3219,pareceu-me,0,unk,9945,15.940
3220,vá-se,0,unk,9929,15.914
3221,advogada,0,noun,9924,15.906
3222,global,0,adj,9920,15.900
3223,constar,0,verb,9911,15.885
3224,in,0,unk,9911,15.885
3225,campeonato,0,noun,9910,15.884
3226,agressivo,0,noun,9899,15.866
3227,líquido,0,noun,9888,15.848
3228,implicar,0,verb,9884,15.842
3229,parada,0,noun,9878,15.832
3230,àquele,0,unk,9872,15.823
3231,ninho,0,adj,9863,15.808
3232,garra,0,noun,9856,15.797
3233,hambúrguer,0,verb,9855,15.796
3234,punho,0,noun,9839,15.770
3235,sacar,0,verb,9823,15.744
3236,executivo,0,noun,9817,15.735
3237,mosca,0,unk,9804,15.714
3238,sentença,0,noun,9803,15.712
3239,restante,0,unk,9802,15.711
3240,frasco,0,noun,9799,15.706
3241,francamente,0,adv,9796,15.701
3242,olhada,0,noun,9792,15.695
3243,correto,0,noun,9787,15.687
3244,despir,0,verb,9786,15.685
3245,murro,0,noun,9783,15.680
3246,encobrir,0,verb,9779,15.674
3247,ofensa,0,noun,9769,15.658
3248,circuito,0,noun,9758,15.640
3249,naturalmente,0,adv,9751,15.629
3250,mata-o,0,unk,9744,15.618
3251,segunda-feira,0,noun,9720,15.579
3252,matrícula,0,noun,9712,15.566
3253,semelhante,0,unk,9694,15.537
3254,adquirir,0,verb,9680,15.515
3255,repórter,0,verb,9671,15.501
3256,inferior,0,unk,9669,15.497
3257,tristeza,0,noun,9662,15.486
3258,acorde,0,noun,9661,15.485
3259,desaparecida,0,noun,9657,15.478
3260,inveja,0,noun,9652,15.470
3261,papelada,0,noun,9649,15.465
3262,desfrutar,0,verb,9648,15.464
3263,objecto,0,noun,9641,15.453
3264,infecção,0,noun,9635,15.443
3265,actual,0,adj,9627,15.430
3266,sequência,0,noun,9624,15.425
3267,temporário,0,noun,9623,15.424
3268,impulso,0,unk,9621,15.420
3269,granada,0,noun,9620,15.419
3270,rasgar,0,verb,9616,15.412
3271,elogio,0,noun,9613,15.408
3272,eternidade,0,noun,9609,15.401
3273,surdo,0,noun,9601,15.388
3274,reformar,0,verb,9599,15.385
3275,conselheiro,0,noun,9595,15.379
3276,alegar,0,verb,9587,15.366
3277,duque,0,unk,9570,15.339
3278,abertura,0,noun,9565,15.331
3279,noticia,0,noun,9565,15.331
3280,quero-te,0,unk,9565,15.331
3281,envelhecer,0,verb,9560,15.323
3282,flash,0,unk,9555,15.315
3283,trouxe-te,0,unk,9554,15.313
3284,desarmar,0,verb,9550,15.307
3285,almofada,0,noun,9545,15.299
3286,avaliação,0,noun,9535,15.283
3287,reis,0,unk,9528,15.271
3288,pedir-lhe,0,unk,9514,15.249
3289,prejudicar,0,verb,9514,15.249
3290,gado,0,noun,9512,15.246
3291,sentir-me,0,unk,9509,15.241
3292,nervo,0,noun,9506,15.236
3293,incendiar,0,verb,9502,15.230
3294,gerar,0,verb,9483,15.199
3295,máfia,0,noun,9478,15.191
3296,ouvir-te,0,unk,9475,15.186
3297,adiante,0,adv,9462,15.166
3298,resgatar,0,verb,9456,15.156
3299,cristão,0,noun,9449,15.145
3300,prepara-te,0,unk,9447,15.142
3301,perseguição,0,noun,9432,15.118
3302,álibi,0,unk,9419,15.097
3303,grátis,0,unk,9416,15.092
3304,ruim,0,unk,9415,15.090
3305,meio-dia,0,noun,9407,15.077
3306,baleia,0,noun,9394,15.057
3307,plataforma,0,noun,9389,15.049
3308,criação,0,noun,9388,15.047
3309,pedir-te,0,unk,9387,15.045
3310,colaborar,0,verb,9381,15.036
3311,recorde,0,noun,9378,15.031
3312,zangar,0,verb,9378,15.031
3313,agressão,0,noun,9367,15.013
3314,anotar,0,verb,9363,15.007
3315,automático,0,adj,9357,14.997
3316,galáxia,0,noun,9351,14.988
3317,disposição,0,noun,9348,14.983
3318,encomendar,0,verb,9348,14.983
3319,dica,0,adj,9340,14.970
3320,desgraça,0,noun,9334,14.960
3321,rim,0,unk,9329,14.952
3322,despachem-se,0,unk,9328,14.951
3323,sandes,0,unk,9325,14.946
3324,leva-o,0,unk,9323,14.943
3325,mistura,0,noun,9320,14.938
3326,reforma,0,noun,9313,14.927
3327,hóspede,0,noun,9311,14.924
3328,lanterna,0,noun,9311,14.924
3329,cúmplice,0,noun,9310,14.922
3330,química,0,adj,9303,14.911
3331,capacete,0,unk,9286,14.884
3332,encurralar,0,verb,9276,14.867
3333,estátua,0,noun,9276,14.867
3334,anónimo,0,noun,9274,14.864
3335,fechadura,0,noun,9274,14.864
3336,álbum,0,unk,9268,14.855
3337,presumir,0,verb,9264,14.848
3338,abusar,0,verb,9256,14.835
3339,envergonhado,0,noun,9252,14.829
3340,falecido,0,noun,9245,14.818
3341,sólido,0,noun,9245,14.818
3342,culpada,0,noun,9242,14.813
3343,vulnerável,0,adj,9230,14.794
3344,distribuir,0,verb,9229,14.792
3345,apuro,0,noun,9217,14.773
3346,miolo,0,noun,9214,14.768
3347,fico contente,1,mwe,9213,14.767
3348,pesca,0,unk,9208,14.759
3349,lógica,0,adj,9207,14.757
3350,lentamente,0,adv,9195,14.738
3351,adversário,0,noun,9192,14.733
3352,boas-vindas,0,unk,9191,14.731
3353,tímido,0,noun,9183,14.718
3354,drama,0,noun,9171,14.699
3355,comprido,0,noun,9170,14.698
3356,perdoa-me,0,unk,9167,14.693
3357,pilotar,0,verb,9161,14.683
3358,justificar,0,verb,9155,14.674
3359,levem-no,0,unk,9155,14.674
3360,tuas mãos,1,mwe,9152,14.669
3361,praga,0,noun,9148,14.662
3362,referência,0,noun,9145,14.658
3363,macho,0,noun,9143,14.654
3364,discreto,0,noun,9138,14.646
3365,gerador,0,noun,9135,14.641
3366,electricidade,0,noun,9133,14.638
3367,plantar,0,verb,9133,14.638
3368,velhos tempos,1,mwe,9125,14.625
3369,ultimo,0,noun,9122,14.621
3370,biológico,0,adj,9115,14.609
3371,piedade,0,noun,9115,14.609
3372,esfaquear,0,verb,9111,14.603
3373,senti-me,0,unk,9109,14.600
3374,permanente,0,adj,9105,14.593
3375,banana,0,adj,9103,14.590
3376,estender,0,verb,9103,14.590
3377,sobremesa,0,adj,9103,14.590
3378,procurador,0,noun,9100,14.585
3379,divino,0,adj,9096,14.579
3380,raiz,0,unk,9095,14.577
3381,concentra-te,0,unk,9092,14.573
3382,sigam-me,0,unk,9092,14.573
3383,excluir,0,verb,9090,14.569
3384,eventualmente,0,adv,9088,14.566
3385,testamento,0,noun,9082,14.557
3386,armada,0,noun,9081,14.555
3387,escuta-me,0,unk,9081,14.555
3388,sanduíche,0,unk,9072,14.541
3389,laser,0,verb,9064,14.528
3390,negociação,0,noun,9062,14.524
3391,ma,0,unk,9060,14.521
3392,convocar,0,verb,9057,14.516
3393,aborrecer,0,verb,9052,14.508
3394,espetar,0,verb,9052,14.508
3395,ajustar,0,verb,9049,14.504
3396,deu-lhe,0,unk,9047,14.500
3397,pastilha,0,noun,9041,14.491
3398,àquela,0,noun,9039,14.488
3399,autêntico,0,adj,9031,14.475
3400,derramar,0,verb,9028,14.470
3401,informador,0,noun,9022,14.460
3402,musical,0,adj,9021,14.459
3403,peru,0,unk,9015,14.449
3404,oxalá,0,intj,9004,14.432
3405,ajudá-los,0,unk,9002,14.428
3406,independente,0,adj,8996,14.419
3407,lembrar-me,0,unk,8995,14.417
3408,aconselhar,0,verb,8994,14.416
3409,erguer,0,verb,8993,14.414
3410,cooperar,0,verb,8977,14.388
3411,comportar,0,verb,8976,14.387
3412,portátil,0,unk,8973,14.382
3413,cápsula,0,noun,8972,14.380
3414,profundamente,0,adv,8969,14.375
3415,esticar,0,verb,8964,14.367
3416,benefício,0,noun,8963,14.366
3417,gancho,0,noun,8962,14.364
3418,aberração,0,noun,8960,14.361
3419,protesto,0,noun,8959,14.359
3420,despesa,0,adj,8953,14.350
3421,embaraçoso,0,adj,8949,14.343
3422,colecção,0,noun,8948,14.342
3423,martelo,0,noun,8946,14.339
3424,algema,0,noun,8939,14.327
3425,recrutar,0,verb,8936,14.323
3426,incapaz,0,unk,8934,14.319
3427,civilização,0,noun,8926,14.307
3428,dêem-me,0,unk,8925,14.305
3429,mata-me,0,unk,8919,14.295
3430,creme,0,unk,8918,14.294
3431,residência,0,noun,8916,14.290
3432,grego,0,noun,8915,14.289
3433,condado,0,noun,8906,14.274
3434,bagagem,0,noun,8904,14.271
3435,rapazinho,0,adj,8902,14.268
3436,envergonhar,0,verb,8901,14.266
3437,cortina,0,adj,8899,14.263
3438,man,0,unk,8896,14.258
3439,testemunho,0,noun,8894,14.255
3440,conheço-o,0,unk,8884,14.239
3441,comunista,0,noun,8883,14.238
3442,marinheiro,0,noun,8883,14.238
3443,lésbico,0,adj,8879,14.231
3444,navegar,0,verb,8862,14.204
3445,cinquenta,0,num,8860,14.201
3446,briga,0,noun,8852,14.188
3447,hesitar,0,verb,8850,14.185
3448,comité,0,unk,8841,14.170
3449,mantê-lo,0,noun,8838,14.165
3450,sincronização,0,noun,8833,14.157
3451,dar-lhes,0,unk,8826,14.146
3452,lençol,0,unk,8826,14.146
3453,balão,0,noun,8820,14.137
3454,desaparecimento,0,noun,8820,14.137
3455,servidor,0,noun,8818,14.133
3456,lobisomem,0,noun,8813,14.125
3457,mandou-me,0,unk,8813,14.125
3458,indústria,0,noun,8809,14.119
3459,algumas perguntas,1,mwe,8808,14.117
3460,estou-me,0,unk,8808,14.117
3461,proprietário,0,noun,8807,14.116
3462,ocidental,0,adj,8799,14.103
3463,sensato,0,noun,8798,14.101
3464,corrupto,0,noun,8789,14.087
3465,bênção,0,noun,8781,14.074
3466,vamo-nos,0,unk,8775,14.064
3467,estimar,0,verb,8774,14.063
3468,norma,0,noun,8766,14.050
3469,abril,0,unk,8757,14.036
3470,essencial,0,adj,8750,14.024
3471,trazê-lo,0,noun,8749,14.023
3472,desenvolvimento,0,noun,8747,14.020
3473,lamber,0,verb,8744,14.015
3474,fogueira,0,noun,8728,13.989
3475,cumprimentar,0,verb,8721,13.978
3476,levante-se,0,unk,8717,13.972
3477,juntamente,0,adv,8715,13.968
3478,pregar,0,verb,8713,13.965
3479,brutal,0,adj,8712,13.964
3480,disseste-me,0,unk,8710,13.960
3481,novato,0,noun,8710,13.960
3482,constante,0,unk,8709,13.959
3483,privilégio,0,noun,8700,13.944
3484,sabedoria,0,noun,8694,13.935
3485,cinzento,0,noun,8686,13.922
3486,operacional,0,adj,8684,13.919
3487,divulgar,0,verb,8682,13.915
3488,bilião,0,num,8673,13.901
3489,visitante,0,unk,8673,13.901
3490,tira-me,0,unk,8672,13.899
3491,autópsia,0,noun,8671,13.898
3492,fazê-la,0,noun,8670,13.896
3493,boato,0,noun,8668,13.893
3494,colete,0,unk,8664,13.887
3495,ovelha,0,noun,8663,13.885
3496,riqueza,0,noun,8658,13.877
3497,massagem,0,noun,8649,13.863
3498,ténis,0,unk,8649,13.863
3499,online,0,unk,8640,13.848
3500,queixar,0,verb,8639,13.847
3501,cansar,0,verb,8637,13.843
3502,subestimar,0,verb,8637,13.843
3503,direto,0,noun,8636,13.842
3504,encontrei-o,0,unk,8634,13.838
3505,promoção,0,noun,8630,13.832
3506,ecrã,0,unk,8626,13.826
3507,ousar,0,verb,8620,13.816
3508,apelido,0,noun,8618,13.813
3509,consultar,0,verb,8615,13.808
3510,sóbrio,0,noun,8615,13.808
3511,dizer-lhes,0,unk,8613,13.805
3512,homossexual,0,adj,8610,13.800
3513,ácido,0,noun,8610,13.800
3514,tardar,0,verb,8606,13.794
3515,facilitar,0,verb,8605,13.792
3516,jaula,0,noun,8598,13.781
3517,converter,0,verb,8590,13.768
3518,comemorar,0,verb,8587,13.763
3519,faço-o,0,unk,8586,13.762
3520,sentar-se,0,unk,8585,13.760
3521,bebê,0,unk,8579,13.750
3522,gesto,0,noun,8579,13.750
3523,bancário,0,noun,8574,13.742
3524,acostumar,0,verb,8571,13.738
3525,tornado,0,noun,8569,13.734
3526,agente especial,1,mwe,8567,13.731
3527,representante,0,unk,8564,13.726
3528,atar,0,verb,8562,13.723
3529,capitã,0,unk,8557,13.715
3530,multa,0,noun,8553,13.709
3531,produtor,0,unk,8542,13.691
3532,habituar,0,verb,8541,13.689
3533,teimoso,0,adj,8537,13.683
3534,feijão,0,noun,8531,13.673
3535,monitor,0,unk,8530,13.672
3536,tonelada,0,noun,8524,13.662
3537,exausto,0,noun,8523,13.661
3538,avanço,0,noun,8518,13.653
3539,engravidar,0,verb,8514,13.646
3540,pode-se,0,unk,8510,13.640
3541,marcha,0,noun,8506,13.633
3542,flutuar,0,verb,8502,13.627
3543,espetáculo,0,noun,8500,13.624
3544,sugar,0,verb,8498,13.621
3545,recuperação,0,noun,8497,13.619
3546,evidência,0,noun,8491,13.609
3547,parva,0,noun,8488,13.604
3548,aguenta-te,0,unk,8478,13.588
3549,juventude,0,noun,8475,13.584
3550,maçã,0,unk,8475,13.584
3551,magro,0,noun,8471,13.577
3552,alteração,0,noun,8466,13.569
3553,baby,0,unk,8466,13.569
3554,padrinho,0,adj,8465,13.568
3555,equilíbrio,0,noun,8464,13.566
3556,gaja,0,noun,8459,13.558
3557,arrogante,0,unk,8456,13.553
3558,carruagem,0,noun,8455,13.552
3559,embarcar,0,verb,8455,13.552
3560,ausência,0,noun,8444,13.534
3561,estragado,0,noun,8439,13.526
3562,alegre,0,unk,8432,13.515
3563,onze,0,num,8431,13.513
3564,trancado,0,noun,8429,13.510
3565,cauda,0,noun,8428,13.508
3566,salsicha,0,noun,8425,13.504
3567,barreira,0,noun,8424,13.502
3568,barril,0,unk,8423,13.500
3569,valente,0,adj,8423,13.500
3570,trauma,0,noun,8422,13.499
3571,inesperado,0,noun,8421,13.497
3572,centímetro,0,noun,8416,13.489
3573,árabe,0,unk,8415,13.487
3574,tolerar,0,verb,8413,13.484
3575,conhecemo-nos,0,unk,8408,13.476
3576,objetivo,0,noun,8408,13.476
3577,directa,0,noun,8403,13.468
3578,tecto,0,noun,8401,13.465
3579,encontrar-me,0,unk,8396,13.457
3580,junho,0,noun,8395,13.455
3581,emocionante,0,unk,8392,13.451
3582,medicação,0,noun,8385,13.439
3583,automóvel,0,adj,8384,13.438
3584,sino,0,adj,8384,13.438
3585,esvaziar,0,verb,8383,13.436
3586,observação,0,noun,8380,13.431
3587,conceber,0,verb,8369,13.414
3588,coisinha,0,adj,8368,13.412
3589,buscar-te,0,unk,8355,13.391
3590,usá-la,0,noun,8354,13.390
3591,nora,0,noun,8347,13.378
3592,captar,0,verb,8345,13.375
3593,balear,0,verb,8343,13.372
3594,podre,0,unk,8343,13.372
3595,reportar,0,verb,8333,13.356
3596,vestida,0,noun,8323,13.340
3597,apetite,0,unk,8306,13.313
3598,covarde,0,noun,8306,13.313
3599,herdeiro,0,noun,8301,13.305
3600,kit,0,unk,8300,13.303
3601,núcleo,0,noun,8300,13.303
3602,apodrecer,0,verb,8298,13.300
3603,serviços secretos,1,mwe,8278,13.268
3604,bates,0,unk,8270,13.255
3605,enfermaria,0,noun,8270,13.255
3606,castanho,0,noun,8267,13.250
3607,correcta,0,noun,8261,13.241
3608,aterragem,0,noun,8258,13.236
3609,clã,0,unk,8258,13.236
3610,tartaruga,0,noun,8258,13.236
3611,fabricar,0,verb,8254,13.229
3612,confiante,0,unk,8253,13.228
3613,maio,0,noun,8252,13.226
3614,veia,0,noun,8251,13.225
3615,calem-se,0,unk,8250,13.223
3616,ouvi-lo,0,noun,8244,13.213
3617,girar,0,verb,8237,13.202
3618,prometo-te,0,unk,8237,13.202
3619,fofo,0,noun,8235,13.199
3620,esfregar,0,verb,8226,13.185
3621,remoto,0,noun,8223,13.180
3622,moto,0,noun,8221,13.177
3623,fiança,0,noun,8219,13.173
3624,imprimir,0,verb,8203,13.148
3625,perfume,0,unk,8203,13.148
3626,arriscado,0,noun,8202,13.146
3627,ataque cardíaco,1,mwe,8196,13.136
3628,espiritual,0,adj,8195,13.135
3629,pegada,0,noun,8193,13.132
3630,isco,0,noun,8191,13.128
3631,amendoim,0,unk,8188,13.124
3632,chatice,0,noun,8185,13.119
3633,certifica-te,0,unk,8181,13.112
3634,festival,0,adj,8179,13.109
3635,caravana,0,adj,8170,13.095
3636,bondade,0,noun,8168,13.092
3637,mansão,0,noun,8166,13.088
3638,matá-los,0,unk,8152,13.066
3639,cabine,0,unk,8142,13.050
3640,perdoe-me,0,unk,8141,13.048
3641,piscar,0,verb,8130,13.031
3642,colégio,0,noun,8128,13.027
3643,escorregar,0,verb,8127,13.026
3644,realização,0,noun,8127,13.026
3645,levo-te,0,unk,8126,13.024
3646,cobertor,0,unk,8124,13.021
3647,arco,0,noun,8116,13.008
3648,carregamento,0,noun,8111,13.000
3649,liderança,0,noun,8103,12.987
3650,celeiro,0,noun,8101,12.984
3651,contar-lhe,0,unk,8098,12.979
3652,pancada,0,noun,8098,12.979
3653,bingo,0,noun,8094,12.973
3654,fi-lo,0,noun,8093,12.971
3655,encontrar-te,0,unk,8089,12.965
3656,pátio,0,noun,8088,12.963
3657,despejar,0,verb,8084,12.957
3658,marchar,0,verb,8083,12.955
3659,investigador,0,noun,8073,12.939
3660,afiar,0,verb,8072,12.938
3661,namorados,0,unk,8072,12.938
3662,q,0,unk,8065,12.927
3663,milho,0,noun,8064,12.925
3664,chávena,0,noun,8063,12.923
3665,microfone,0,unk,8063,12.923
3666,desperdício,0,noun,8050,12.902
3667,reconstruir,0,verb,8048,12.899
3668,oficina,0,adj,8046,12.896
3669,poesia,0,noun,8046,12.896
3670,atmosfera,0,noun,8043,12.891
3671,torneio,0,noun,8042,12.890
3672,selo,0,noun,8038,12.883
3673,esgoto,0,noun,8032,12.874
3674,expressar,0,verb,8029,12.869
3675,proteger-te,0,unk,8027,12.866
3676,ciente,0,adj,8025,12.862
3677,assar,0,verb,8023,12.859
3678,incrivelmente,0,adv,8017,12.850
3679,vulgar,0,verb,8017,12.850
3680,secar,0,verb,8016,12.848
3681,gaveta,0,noun,8015,12.846
3682,dieta,0,noun,8014,12.845
3683,ciclo,0,noun,8010,12.838
3684,forense,0,unk,8010,12.838
3685,fardo,0,noun,8008,12.835
3686,autor,0,unk,8006,12.832
3687,delegado,0,noun,8005,12.830
3688,vagina,0,adj,8002,12.826
3689,comentar,0,verb,7998,12.819
3690,compartilhar,0,verb,7985,12.798
3691,extrair,0,verb,7977,12.785
3692,animado,0,noun,7976,12.784
3693,trágico,0,adj,7972,12.777
3694,concentração,0,noun,7963,12.763
3695,herdar,0,verb,7959,12.757
3696,terça-feira,0,noun,7952,12.745
3697,rígido,0,noun,7948,12.739
3698,punir,0,verb,7946,12.736
3699,dinossauro,0,noun,7941,12.728
3700,hall,0,unk,7933,12.715
3701,relva,0,noun,7925,12.702
3702,novembro,0,noun,7923,12.699
3703,segurança nacional,1,mwe,7921,12.696
3704,pelotão,0,noun,7918,12.691
3705,guerras,0,unk,7912,12.681
3706,pilha,0,noun,7911,12.680
3707,fodido,0,noun,7904,12.668
3708,cadela,0,noun,7903,12.667
3709,citar,0,verb,7902,12.665
3710,pensa nisso,1,mwe,7897,12.657
3711,quinta-feira,0,noun,7895,12.654
3712,aterrorizar,0,verb,7892,12.649
3713,turista,0,noun,7890,12.646
3714,formidável,0,adj,7885,12.638
3715,conosco,0,pron,7879,12.628
3716,solitária,0,noun,7875,12.622
3717,comprador,0,noun,7874,12.620
3718,insectos,0,unk,7874,12.620
3719,mandato,0,noun,7866,12.608
3720,instituição,0,noun,7864,12.604
3721,injusto,0,noun,7854,12.588
3722,solicitar,0,verb,7853,12.587
3723,conceito,0,noun,7851,12.584
3724,fecho,0,noun,7850,12.582
3725,nessas,0,unk,7849,12.580
3726,acampar,0,verb,7847,12.577
3727,tramado,0,noun,7846,12.576
3728,amigável,0,adj,7843,12.571
3729,sobrinha,0,adj,7834,12.556
3730,abordar,0,verb,7831,12.551
3731,sapo,0,noun,7828,12.547
3732,cola,0,noun,7824,12.540
3733,soco,0,noun,7822,12.537
3734,constantemente,0,adv,7817,12.529
3735,desconto,0,noun,7815,12.526
3736,honrado,0,noun,7808,12.515
3737,soprar,0,verb,7806,12.511
3738,falecer,0,verb,7801,12.503
3739,sindicato,0,noun,7799,12.500
3740,criador,0,noun,7798,12.499
3741,manobra,0,noun,7796,12.495
3742,defeito,0,noun,7793,12.491
3743,deprimido,0,noun,7791,12.487
3744,espiar,0,verb,7786,12.479
3745,vizinhança,0,noun,7777,12.465
3746,doca,0,noun,7776,12.463
3747,mercadoria,0,noun,7772,12.457
3748,deixa-nos,0,unk,7767,12.449
3749,colheita,0,noun,7762,12.441
3750,sustentar,0,verb,7762,12.441
3751,adicionar,0,verb,7760,12.438
3752,cale,0,unk,7758,12.434
3753,vira-te,0,unk,7758,12.434
3754,flecha,0,noun,7752,12.425
3755,romper,0,verb,7752,12.425
3756,brasa,0,noun,7748,12.418
3757,sufocar,0,verb,7744,12.412
3758,decerto,0,adv,7743,12.410
3759,adaptar,0,verb,7742,12.409
3760,ensaiar,0,verb,7739,12.404
3761,ajudante,0,unk,7736,12.399
3762,filmagem,0,noun,7735,12.398
3763,tenso,0,noun,7734,12.396
3764,pleno,0,noun,7732,12.393
3765,certificar,0,verb,7721,12.375
3766,actos,0,unk,7713,12.362
3767,mensageiro,0,noun,7713,12.362
3768,restaurar,0,verb,7707,12.353
3769,desesperado,0,noun,7706,12.351
3770,xadrez,0,unk,7700,12.341
3771,lembrei-me,0,unk,7699,12.340
3772,sotaque,0,unk,7690,12.325
3773,distinguir,0,verb,7688,12.322
3774,terrestre,0,unk,7685,12.317
3775,contentor,0,unk,7684,12.316
3776,intervenção,0,noun,7679,12.308
3777,financiar,0,verb,7675,12.301
3778,objectos,0,unk,7674,12.300
3779,precaução,0,noun,7672,12.297
3780,substituto,0,noun,7668,12.290
3781,cm,0,unk,7667,12.289
3782,panqueca,0,noun,7667,12.289
3783,dignidade,0,noun,7665,12.285
3784,fama,0,noun,7665,12.285
3785,estrago,0,noun,7662,12.281
3786,painel,0,adj,7662,12.281
3787,promete-me,0,unk,7660,12.277
3788,diz-nos,0,unk,7658,12.274
3789,levá-los,0,unk,7658,12.274
3790,pensão,0,noun,7651,12.263
3791,reter,0,verb,7648,12.258
3792,lenço,0,noun,7645,12.253
3793,abuso,0,unk,7643,12.250
3794,excepção,0,noun,7643,12.250
3795,atrapalhar,0,verb,7639,12.244
3796,quintal,0,adj,7639,12.244
3797,riscar,0,verb,7635,12.237
3798,penetrar,0,verb,7633,12.234
3799,mago,0,noun,7632,12.233
3800,retrato,0,noun,7629,12.228
3801,bófia,0,noun,7627,12.224
3802,vi-a,0,unk,7621,12.215
3803,recorrer,0,verb,7616,12.207
3804,dentista,0,noun,7615,12.205
3805,pro,0,noun,7608,12.194
3806,consciente,0,adj,7606,12.191
3807,mero,0,noun,7600,12.181
3808,domínio,0,noun,7596,12.175
3809,tampa,0,noun,7593,12.170
3810,descontrair,0,verb,7582,12.152
3811,ruivo,0,noun,7578,12.146
3812,moça,0,noun,7577,12.144
3813,armadura,0,noun,7576,12.143
3814,divirtam-se,0,unk,7574,12.140
3815,associação,0,noun,7570,12.133
3816,português,0,adj,7565,12.125
3817,variar,0,verb,7564,12.124
3818,ida,0,noun,7563,12.122
3819,reflexo,0,noun,7558,12.114
3820,atribuir,0,verb,7547,12.096
3821,cálculo,0,noun,7547,12.096
3822,eléctrica,0,adj,7547,12.096
3823,imortal,0,adj,7547,12.096
3824,encantado,0,noun,7543,12.090
3825,fundação,0,noun,7541,12.087
3826,diagnóstico,0,adj,7536,12.079
3827,esqueceste-te,0,unk,7535,12.077
3828,imobiliário,0,noun,7530,12.069
3829,manga,0,noun,7530,12.069
3830,agosto,0,noun,7528,12.066
3831,canalha,0,noun,7528,12.066
3832,psicológico,0,adj,7525,12.061
3833,sombrio,0,noun,7524,12.059
3834,frágil,0,unk,7519,12.051
3835,importe,0,unk,7514,12.043
3836,espreitar,0,verb,7513,12.042
3837,balde,0,noun,7512,12.040
3838,escondidas,0,unk,7510,12.037
3839,encontrar-nos,0,unk,7509,12.035
3840,sermão,0,noun,7507,12.032
3841,conforto,0,noun,7502,12.024
3842,porrada,0,noun,7499,12.019
3843,machado,0,noun,7498,12.018
3844,praça,0,noun,7496,12.015
3845,juntar-se,0,unk,7494,12.011
3846,terminal,0,adj,7494,12.011
3847,antepassado,0,noun,7493,12.010
3848,águia,0,noun,7493,12.010
3849,compaixão,0,noun,7492,12.008
3850,fracasso,0,noun,7487,12.000
3851,ligar-lhe,0,unk,7478,11.986
3852,câmera,0,noun,7477,11.984
3853,seio,0,noun,7477,11.984
3854,valha-me,0,unk,7477,11.984
3855,actriz,0,unk,7476,11.982
3856,projeto,0,noun,7475,11.981
3857,encontrar-se,0,unk,7472,11.976
3858,von,0,unk,7469,11.971
3859,batota,0,noun,7467,11.968
3860,ter-se,0,unk,7466,11.966
3861,susto,0,noun,7465,11.965
3862,whisky,0,unk,7462,11.960
3863,envelope,0,unk,7458,11.954
3864,fala-me,0,unk,7452,11.944
3865,dimensão,0,noun,7444,11.931
3866,portar,0,verb,7444,11.931
3867,intacto,0,noun,7441,11.926
3868,amiguinho,0,adj,7434,11.915
3869,fruto,0,noun,7431,11.910
3870,auto-estrada,0,noun,7428,11.906
3871,diretor,0,unk,7428,11.906
3872,retirada,0,noun,7427,11.904
3873,gorjeta,0,noun,7426,11.902
3874,perspectiva,0,noun,7424,11.899
3875,banir,0,verb,7408,11.873
3876,postal,0,adj,7407,11.872
3877,vilão,0,noun,7401,11.862
3878,arroz,0,unk,7400,11.861
3879,vagabundo,0,noun,7395,11.853
3880,telefona,0,noun,7394,11.851
3881,disse-lhes,0,unk,7393,11.849
3882,senso,0,noun,7393,11.849
3883,costela,0,noun,7391,11.846
3884,anular,0,verb,7385,11.837
3885,divorciar,0,verb,7385,11.837
3886,alertar,0,verb,7384,11.835
3887,arca,0,unk,7383,11.833
3888,acenar,0,verb,7381,11.830
3889,introduzir,0,verb,7379,11.827
3890,serpente,0,adj,7374,11.819
3891,desconfortável,0,adj,7373,11.817
3892,lavagem,0,noun,7367,11.808
3893,fralda,0,noun,7364,11.803
3894,deslocar,0,verb,7359,11.795
3895,morgue,0,unk,7355,11.789
3896,debate,0,unk,7354,11.787
3897,mito,0,noun,7353,11.785
3898,orçamento,0,noun,7353,11.785
3899,mecânico,0,adj,7352,11.784
3900,fêmea,0,unk,7350,11.781
3901,evacuação,0,noun,7349,11.779
3902,topar,0,verb,7347,11.776
3903,tornozelo,0,noun,7345,11.773
3904,doentio,0,noun,7341,11.766
3905,crença,0,noun,7339,11.763
3906,volante,0,unk,7339,11.763
3907,blá,0,unk,7333,11.753
3908,esgotar,0,verb,7332,11.752
3909,divertir-se,0,unk,7317,11.728
3910,deixe-o,0,unk,7314,11.723
3911,irritante,0,unk,7312,11.720
3912,quarenta,0,noun,7312,11.720
3913,residente,0,adj,7311,11.718
3914,parceira,0,noun,7309,11.715
3915,instável,0,adj,7307,11.712
3916,quinto,0,num,7306,11.710
3917,rude,0,noun,7304,11.707
3918,predador,0,noun,7303,11.705
3919,one,0,unk,7300,11.700
3920,guitarra,0,noun,7295,11.692
3921,fatal,0,adj,7294,11.691
3922,escavar,0,verb,7291,11.686
3923,móvel,0,adj,7291,11.686
3924,suite,0,unk,7291,11.686
3925,qualificar,0,verb,7289,11.683
3926,saudação,0,noun,7286,11.678
3927,resumir,0,verb,7282,11.672
3928,salvação,0,noun,7279,11.667
3929,pântano,0,adj,7276,11.662
3930,hostil,0,unk,7267,11.647
3931,chama-me,0,unk,7264,11.643
3932,largo,0,noun,7264,11.643
3933,maquilhagem,0,noun,7254,11.627
3934,tomas,0,unk,7253,11.625
3935,vadia,0,noun,7253,11.625
3936,esquilo,0,noun,7252,11.623
3937,assentar,0,verb,7250,11.620
3938,pornografia,0,noun,7250,11.620
3939,loira,0,noun,7244,11.611
3940,teres vindo,1,mwe,7243,11.609
3941,torcer,0,verb,7243,11.609
3942,ruína,0,unk,7237,11.599
3943,amaldiçoar,0,verb,7236,11.598
3944,activo,0,noun,7235,11.596
3945,nesses,0,unk,7235,11.596
3946,traçar,0,verb,7234,11.595
3947,rata,0,noun,7231,11.590
3948,bigode,0,noun,7228,11.585
3949,bico,0,adj,7227,11.583
3950,desconfiar,0,verb,7218,11.569
3951,múltiplo,0,noun,7218,11.569
3952,copiar,0,verb,7216,11.566
3953,potência,0,noun,7214,11.563
3954,cartaz,0,unk,7205,11.548
3955,mi,0,unk,7205,11.548
3956,dourar,0,verb,7202,11.543
3957,escândalo,0,noun,7191,11.526
3958,encosta,0,noun,7189,11.522
3959,levar-nos,0,unk,7188,11.521
3960,ronda,0,noun,7187,11.519
3961,rancho,0,noun,7184,11.514
3962,bloqueio,0,noun,7182,11.511
3963,careca,0,noun,7179,11.506
3964,varrer,0,verb,7178,11.505
3965,promotor,0,unk,7175,11.500
3966,ensinou-me,0,unk,7171,11.494
3967,segura-te,0,unk,7166,11.486
3968,sujar,0,verb,7163,11.481
3969,avenida,0,noun,7156,11.470
3970,cozinheiro,0,noun,7156,11.470
3971,estupor,0,unk,7155,11.468
3972,glorioso,0,adj,7155,11.468
3973,gatinho,0,adj,7148,11.457
3974,vodka,0,unk,7148,11.457
3975,empatar,0,verb,7144,11.450
3976,carrinho,0,adj,7140,11.444
3977,arrependido,0,noun,7138,11.441
3978,exato,0,noun,7126,11.421
3979,baixa-te,0,unk,7122,11.415
3980,circular,0,verb,7122,11.415
3981,lorque,0,unk,7117,11.407
3982,sanguíneo,0,noun,7111,11.397
3983,ladrar,0,verb,7105,11.388
3984,perdoe,0,unk,7102,11.383
3985,programar,0,verb,7102,11.383
3986,independentemente,0,adv,7100,11.380
3987,nações,0,noun,7100,11.380
3988,vasculhar,0,verb,7100,11.380
3989,abortar,0,verb,7096,11.373
3990,mergulho,0,noun,7096,11.373
3991,ressuscitar,0,verb,7094,11.370
3992,media,0,noun,7088,11.361
3993,órbita,0,noun,7086,11.357
3994,olha-me,0,unk,7085,11.356
3995,frequentar,0,verb,7081,11.349
3996,libertação,0,noun,7079,11.346
3997,troféu,0,unk,7069,11.330
3998,entrevistar,0,verb,7066,11.325
3999,faz-te,0,unk,7063,11.321
4000,dramático,0,adj,7058,11.313
4001,guião,0,noun,7057,11.311
4002,infinito,0,noun,7056,11.309
4003,março,0,noun,7052,11.303
4004,especialidade,0,noun,7051,11.301
4005,profecia,0,noun,7049,11.298
4006,raptor,0,unk,7043,11.288
4007,preservativo,0,noun,7038,11.280
4008,balcão,0,noun,7037,11.279
4009,finalista,0,noun,7036,11.277
4010,iluminar,0,verb,7031,11.269
4011,está-se,0,unk,7028,11.264
4012,congressista,0,noun,7026,11.261
4013,vê-se,0,unk,7017,11.247
4014,talentoso,0,adj,7016,11.245
4015,brevemente,0,adv,7011,11.237
4016,legado,0,noun,7011,11.237
4017,pulseira,0,noun,7011,11.237
4018,massacre,0,unk,7009,11.234
4019,restringir,0,verb,7007,11.231
4020,euro,0,noun,7006,11.229
4021,universitário,0,noun,7006,11.229
4022,arrombar,0,verb,7002,11.223
4023,passa-me,0,unk,6999,11.218
4024,radical,0,adj,6997,11.215
4025,assistência,0,noun,6994,11.210
4026,tráfico,0,adj,6994,11.210
4027,actividades,0,unk,6993,11.208
4028,texto,0,noun,6989,11.202
4029,actualmente,0,adv,6985,11.195
4030,encorajar,0,verb,6985,11.195
4031,cartel,0,adj,6981,11.189
4032,ver-nos,0,unk,6978,11.184
4033,rodar,0,verb,6967,11.167
4034,convés,0,unk,6966,11.165
4035,disciplina,0,adj,6963,11.160
4036,dizer-vos,0,unk,6962,11.159
4037,proteção,0,noun,6962,11.159
4038,diz-se,0,unk,6956,11.149
4039,emboscada,0,noun,6956,11.149
4040,falir,0,verb,6948,11.136
4041,fúria,0,noun,6946,11.133
4042,externo,0,noun,6940,11.123
4043,brinco,0,noun,6936,11.117
4044,borboleta,0,noun,6935,11.115
4045,supostamente,0,adv,6934,11.114
4046,excitar,0,verb,6933,11.112
4047,confrontar,0,verb,6932,11.111
4048,centro comercial,1,mwe,6927,11.103
4049,gordura,0,noun,6924,11.098
4050,profundidade,0,noun,6922,11.095
4051,ambição,0,noun,6918,11.088
4052,cereal,0,adj,6909,11.074
4053,edição,0,noun,6909,11.074
4054,sentar-me,0,unk,6907,11.070
4055,exibir,0,verb,6905,11.067
4056,galeria,0,noun,6903,11.064
4057,mutante,0,unk,6900,11.059
4058,foguete,0,unk,6895,11.051
4059,humilde,0,noun,6895,11.051
4060,terça,0,noun,6893,11.048
4061,colo,0,noun,6888,11.040
4062,esqueceu-se,0,unk,6884,11.034
4063,barão,0,noun,6880,11.027
4064,putas,0,unk,6878,11.024
4065,quantia,0,noun,6875,11.019
4066,manutenção,0,noun,6872,11.014
4067,demonstração,0,noun,6868,11.008
4068,janeiro,0,noun,6858,10.992
4069,it,0,unk,6855,10.987
4070,grandalhão,0,noun,6854,10.986
4071,inevitável,0,adj,6850,10.979
4072,estelar,0,verb,6844,10.970
4073,monge,0,unk,6841,10.965
4074,odeio-te,0,unk,6841,10.965
4075,cesto,0,noun,6840,10.963
4076,lavandaria,0,noun,6836,10.957
4077,dei-te,0,unk,6832,10.950
4078,agricultor,0,unk,6831,10.949
4079,chamava-se,0,unk,6828,10.944
4080,seres humanos,1,mwe,6827,10.942
4081,gravidez,0,unk,6826,10.941
4082,expectativa,0,noun,6825,10.939
4083,consideração,0,noun,6824,10.937
4084,vai-me,0,unk,6822,10.934
4085,forno,0,noun,6820,10.931
4086,irmandade,0,noun,6820,10.931
4087,sanita,0,noun,6818,10.928
4088,ego,0,noun,6811,10.917
4089,ligar-te,0,unk,6809,10.913
4090,coberto,0,noun,6804,10.905
4091,supervisor,0,unk,6803,10.904
4092,vacina,0,adj,6803,10.904
4093,aturar,0,verb,6799,10.897
4094,bacon,0,unk,6799,10.897
4095,fê-lo,0,noun,6798,10.896
4096,europeu,0,unk,6797,10.894
4097,y,0,unk,6797,10.894
4098,preguiçoso,0,adj,6794,10.889
4099,alívio,0,noun,6787,10.878
4100,santos,0,unk,6786,10.877
4101,inserir,0,verb,6779,10.865
4102,pelos vistos,1,mwe,6777,10.862
4103,grade,0,noun,6776,10.861
4104,tendência,0,noun,6776,10.861
4105,inclinar,0,verb,6766,10.844
4106,caminhada,0,noun,6764,10.841
4107,salvador,0,noun,6761,10.836
4108,destacar,0,verb,6756,10.828
4109,nesta sala,1,mwe,6755,10.827
4110,quero-o,0,unk,6754,10.825
4111,vaguear,0,verb,6749,10.817
4112,fortaleza,0,noun,6747,10.814
4113,profeta,0,noun,6742,10.806
4114,volume,0,unk,6741,10.804
4115,coitar,0,verb,6740,10.803
4116,psiquiátrico,0,adj,6740,10.803
4117,outono,0,noun,6737,10.798
4118,bolha,0,noun,6729,10.785
4119,poção,0,noun,6721,10.772
4120,fuzileiros,0,unk,6719,10.769
4121,perfeição,0,noun,6718,10.768
4122,lembram-se,0,unk,6717,10.766
4123,coca,0,noun,6715,10.763
4124,clima,0,noun,6711,10.756
4125,otário,0,noun,6711,10.756
4126,incriminar,0,verb,6710,10.755
4127,detectives,0,unk,6703,10.744
4128,mm,0,unk,6697,10.734
4129,hmm,0,intj,6694,10.729
4130,poeta,0,noun,6690,10.723
4131,grosso,0,noun,6685,10.715
4132,sob controlo,1,mwe,6685,10.715
4133,ex-mulher,0,verb,6683,10.711
4134,editor,0,unk,6682,10.710
4135,apanhei-o,0,unk,6677,10.702
4136,ato,0,noun,6676,10.700
4137,deram-me,0,unk,6675,10.699
4138,veado,0,noun,6671,10.692
4139,antecipar,0,verb,6670,10.691
4140,corvo,0,noun,6670,10.691
4141,queixo,0,noun,6668,10.687
4142,astronauta,0,noun,6667,10.686
4143,continente,0,adj,6666,10.684
4144,dezembro,0,noun,6666,10.684
4145,instituto,0,noun,6664,10.681
4146,viajante,0,unk,6662,10.678
4147,fórmula,0,noun,6660,10.675
4148,descolar,0,verb,6654,10.665
4149,terem vindo,1,mwe,6652,10.662
4150,aquecimento,0,noun,6650,10.659
4151,travão,0,noun,6649,10.657
4152,litro,0,noun,6644,10.649
4153,evoluir,0,verb,6631,10.628
4154,carroça,0,noun,6630,10.627
4155,eficaz,0,unk,6617,10.606
4156,precipitar,0,verb,6612,10.598
4157,atleta,0,noun,6611,10.596
4158,comes,0,unk,6610,10.594
4159,júnior,0,unk,6609,10.593
4160,agredir,0,verb,6607,10.590
4161,on,0,unk,6602,10.582
4162,espere espere,1,mwe,6599,10.577
4163,ópera,0,noun,6598,10.575
4164,ligue-me,0,unk,6594,10.569
4165,by,0,unk,6593,10.567
4166,ouça-me,0,unk,6592,10.566
4167,deusa,0,noun,6586,10.556
4168,discoteca,0,noun,6584,10.553
4169,reabilitação,0,noun,6581,10.548
4170,fatia,0,noun,6580,10.546
4171,surpreendente,0,adj,6578,10.543
4172,pérola,0,noun,6577,10.542
4173,alérgico,0,adj,6575,10.538
4174,matou-o,0,unk,6575,10.538
4175,obstáculo,0,noun,6575,10.538
4176,modificar,0,verb,6574,10.537
4177,cais,0,unk,6571,10.532
4178,hong kong,1,mwe,6569,10.529
4179,seduzir,0,verb,6569,10.529
4180,renunciar,0,verb,6567,10.526
4181,arena,0,noun,6565,10.522
4182,calibre,0,unk,6561,10.516
4183,correspondência,0,noun,6560,10.514
4184,liberdade condicional,1,mwe,6545,10.490
4185,relatar,0,verb,6541,10.484
4186,queimadura,0,noun,6538,10.479
4187,aprovação,0,noun,6537,10.477
4188,ligou-me,0,unk,6537,10.477
4189,sofisticado,0,noun,6537,10.477
4190,asiático,0,adj,6534,10.473
4191,deixem-no,0,unk,6530,10.466
4192,primeiro-ministro,0,noun,6528,10.463
4193,pedrado,0,noun,6527,10.461
4194,impor,0,unk,6519,10.449
4195,bispo,0,noun,6511,10.436
4196,ocultar,0,verb,6509,10.433
4197,fazes-me,0,unk,6508,10.431
4198,desespero,0,noun,6502,10.421
4199,detonar,0,verb,6498,10.415
4200,fotografar,0,verb,6497,10.413
4201,músico,0,adj,6492,10.405
4202,sentir-te,0,unk,6492,10.405
4203,invulgar,0,verb,6491,10.404
4204,afetar,0,verb,6489,10.401
4205,veterano,0,adj,6486,10.396
4206,absorver,0,verb,6485,10.394
4207,brilho,0,noun,6484,10.392
4208,insignificante,0,unk,6483,10.391
4209,abalar,0,verb,6481,10.388
4210,bacano,0,adj,6478,10.383
4211,morcego,0,noun,6476,10.380
4212,testa,0,noun,6476,10.380
4213,depressão,0,noun,6468,10.367
4214,regular,0,verb,6464,10.360
4215,acompanhante,0,unk,6463,10.359
4216,divertir-nos,0,unk,6455,10.346
4217,comércio,0,noun,6454,10.344
4218,faixa,0,noun,6454,10.344
4219,estou-te,0,unk,6453,10.343
4220,faça-o,0,unk,6449,10.336
4221,orientação,0,noun,6449,10.336
4222,suporte,0,unk,6449,10.336
4223,cadastro,0,noun,6441,10.324
4224,recruta,0,noun,6440,10.322
4225,bicho,0,noun,6431,10.308
4226,cuidadoso,0,adj,6431,10.308
4227,exigência,0,noun,6431,10.308
4228,boxe,0,unk,6427,10.301
4229,magnético,0,adj,6427,10.301
4230,tareia,0,noun,6427,10.301
4231,sepultura,0,noun,6426,10.300
4232,recibo,0,noun,6425,10.298
4233,substância,0,noun,6425,10.298
4234,leva-a,0,unk,6420,10.290
4235,ruído,0,noun,6420,10.290
4236,decorrer,0,verb,6418,10.287
4237,lindo menino,1,mwe,6416,10.284
4238,encarregar,0,verb,6415,10.282
4239,escolar,0,verb,6414,10.280
4240,fibra,0,noun,6412,10.277
4241,rolar,0,verb,6412,10.277
4242,acalmem-se,0,unk,6405,10.266
4243,gruta,0,noun,6405,10.266
4244,jornada,0,noun,6403,10.263
4245,quarentena,0,noun,6403,10.263
4246,tijolo,0,noun,6401,10.259
4247,aceso,0,unk,6399,10.256
4248,confirmação,0,noun,6397,10.253
4249,dourado,0,noun,6397,10.253
4250,parvoíce,0,unk,6396,10.251
4251,fósforo,0,noun,6390,10.242
4252,auxiliar,0,verb,6376,10.219
4253,freira,0,noun,6375,10.218
4254,nativo,0,noun,6374,10.216
4255,intruso,0,unk,6373,10.215
4256,sossegado,0,noun,6372,10.213
4257,chocar,0,verb,6367,10.205
4258,narcótico,0,adj,6366,10.203
4259,activar,0,verb,6365,10.202
4260,soro,0,noun,6362,10.197
4261,imitar,0,verb,6357,10.189
4262,prevenir,0,verb,6356,10.187
4263,rolo,0,noun,6355,10.186
4264,limão,0,noun,6352,10.181
4265,parasita,0,noun,6350,10.178
4266,aposento,0,noun,6347,10.173
4267,inspiração,0,noun,6344,10.168
4268,contribuir,0,verb,6340,10.162
4269,notável,0,adj,6340,10.162
4270,paramédico,0,adj,6340,10.162
4271,celebridade,0,noun,6338,10.158
4272,atentado,0,noun,6337,10.157
4273,guarda-costas,0,unk,6335,10.154
4274,buscar-me,0,unk,6334,10.152
4275,segue-me,0,unk,6332,10.149
4276,pendurado,0,noun,6331,10.147
4277,evidente,0,adj,6330,10.146
4278,silencioso,0,adj,6330,10.146
4279,senha,0,noun,6326,10.139
4280,louvar,0,verb,6324,10.136
4281,exceto,0,prep,6323,10.134
4282,terrorismo,0,noun,6323,10.134
4283,exclusivo,0,noun,6315,10.122
4284,descansado,0,noun,6313,10.118
4285,raramente,0,adv,6313,10.118
4286,retornar,0,verb,6312,10.117
4287,aproxima-se,0,unk,6306,10.107
4288,quarta-feira,0,noun,6305,10.106
4289,temporal,0,adj,6305,10.106
4290,dantes,0,unk,6304,10.104
4291,ensino,0,adj,6302,10.101
4292,borla,0,noun,6301,10.099
4293,rastejar,0,verb,6298,10.094
4294,chamá-lo,0,noun,6293,10.086
4295,anomalia,0,noun,6289,10.080
4296,captura,0,noun,6287,10.077
4297,camada,0,noun,6286,10.075
4298,alucinação,0,noun,6284,10.072
4299,avisa-me,0,unk,6282,10.069
4300,leilão,0,noun,6282,10.069
4301,avariado,0,noun,6279,10.064
4302,bolinho,0,adj,6279,10.064
4303,conferir,0,verb,6277,10.061
4304,estrangular,0,verb,6276,10.059
4305,chanceler,0,verb,6275,10.058
4306,ficção,0,noun,6275,10.058
4307,cortesia,0,noun,6273,10.054
4308,municipal,0,adj,6271,10.051
4309,my,0,unk,6271,10.051
4310,prego,0,noun,6260,10.033
4311,charuto,0,noun,6259,10.032
4312,bang,0,unk,6255,10.025
4313,arranhão,0,noun,6247,10.013
4314,estás-me,0,unk,6246,10.011
4315,fenda,0,noun,6245,10.009
4316,deixar-nos,0,unk,6236,9.995
4317,lâmpada,0,noun,6236,9.995
4318,pôr-me,0,unk,6236,9.995
4319,casa-de-banho,0,noun,6232,9.989
4320,tolice,0,noun,6227,9.981
4321,crescimento,0,noun,6224,9.976
4322,discordar,0,verb,6217,9.965
4323,machucar,0,verb,6217,9.965
4324,actuar,0,verb,6216,9.963
4325,tirá-la,0,noun,6213,9.958
4326,tinhas dito,1,mwe,6212,9.957
4327,humilhar,0,verb,6211,9.955
4328,retribuir,0,verb,6209,9.952
4329,véspera,0,noun,6209,9.952
4330,fracassar,0,verb,6208,9.950
4331,desiludir,0,verb,6202,9.941
4332,fusão,0,noun,6199,9.936
4333,fixar,0,verb,6198,9.934
4334,lindamente,0,adv,6198,9.934
4335,caseiro,0,noun,6197,9.932
4336,levou-me,0,unk,6192,9.924
4337,pólvora,0,noun,6192,9.924
4338,fluxo,0,noun,6191,9.923
4339,habitante,0,unk,6189,9.920
4340,invenção,0,noun,6186,9.915
4341,lápis,0,unk,6181,9.907
4342,batatas fritas,1,mwe,6180,9.905
4343,aluna,0,unk,6176,9.899
4344,chamar-lhe,0,unk,6171,9.891
4345,tradicional,0,adj,6170,9.889
4346,preservar,0,verb,6163,9.878
4347,mercenário,0,noun,6155,9.865
4348,decifrar,0,verb,6147,9.852
4349,engenharia,0,noun,6145,9.849
4350,ter-lhe,0,unk,6142,9.844
4351,órfão,0,noun,6142,9.844
4352,encontrá-los,0,unk,6138,9.838
4353,estádio,0,noun,6138,9.838
4354,anoitecer,0,verb,6130,9.825
4355,conveniente,0,adj,6130,9.825
4356,vapor,0,unk,6125,9.817
4357,conforme,0,prep,6117,9.804
4358,terapeuta,0,noun,6117,9.804
4359,injecção,0,noun,6112,9.796
4360,cavalgar,0,verb,6108,9.790
4361,gripe,0,unk,6107,9.788
4362,democracia,0,noun,6106,9.787
4363,chocado,0,noun,6103,9.782
4364,assombrar,0,verb,6099,9.775
4365,quite,0,unk,6099,9.775
4366,mantenham-se,0,unk,6084,9.751
4367,nâo,0,unk,6081,9.747
4368,passarinho,0,adj,6080,9.745
4369,dezena,0,noun,6076,9.739
4370,letal,0,adj,6076,9.739
4371,ajudo-te,0,unk,6074,9.735
4372,pôr-te,0,unk,6074,9.735
4373,ratazana,0,adj,6071,9.731
4374,especificamente,0,adv,6069,9.727
4375,bizarro,0,noun,6067,9.724
4376,fotógrafo,0,noun,6067,9.724
4377,duplicar,0,verb,6065,9.721
4378,vais-me,0,unk,6060,9.713
4379,insulto,0,noun,6058,9.710
4380,mecanismo,0,noun,6056,9.707
4381,mole,0,unk,6055,9.705
4382,chuveiro,0,noun,6053,9.702
4383,arrefecer,0,verb,6051,9.698
4384,crocodilo,0,noun,6050,9.697
4385,lembra-me,0,unk,6045,9.689
4386,whoa,0,noun,6045,9.689
4387,ofensivo,0,noun,6041,9.682
4388,mês passado,1,mwe,6040,9.681
4389,club,0,unk,6039,9.679
4390,atormentar,0,verb,6038,9.678
4391,tomar banho,1,mwe,6034,9.671
4392,mostre-me,0,unk,6033,9.670
4393,pirâmide,0,noun,6033,9.670
4394,digam-me,0,unk,6032,9.668
4395,colapso,0,unk,6029,9.663
4396,furacão,0,noun,6029,9.663
4397,coco,0,noun,6021,9.650
4398,pinguim,0,unk,6021,9.650
4399,evolução,0,noun,6018,9.646
4400,donde,0,adv,6016,9.642
4401,gratidão,0,noun,6015,9.641
4402,insinuar,0,verb,6011,9.634
4403,unido,0,noun,6011,9.634
4404,aliar,0,verb,6010,9.633
4405,salvá-lo,0,noun,6007,9.628
4406,bastão,0,noun,6006,9.626
4407,separação,0,noun,6005,9.625
4408,vôo,0,unk,6004,9.623
4409,macio,0,noun,6003,9.622
4410,aproximadamente,0,adv,6002,9.620
4411,faminto,0,noun,6002,9.620
4412,fofinho,0,adj,5996,9.610
4413,aluguer,0,verb,5990,9.601
4414,centavo,0,noun,5989,9.599
4415,grama,0,noun,5988,9.598
4416,software,0,unk,5988,9.598
4417,influenciar,0,verb,5987,9.596
4418,apagado,0,noun,5986,9.594
4419,gajas,0,unk,5986,9.594
4420,obsessão,0,noun,5986,9.594
4421,ordenado,0,noun,5979,9.583
4422,brindar,0,verb,5975,9.577
4423,vício,0,noun,5971,9.570
4424,urina,0,adj,5967,9.564
4425,couro,0,noun,5964,9.559
4426,salvou-me,0,unk,5963,9.557
4427,formulário,0,noun,5957,9.548
4428,recompensar,0,verb,5949,9.535
4429,baixem-se,0,unk,5941,9.522
4430,camarão,0,noun,5941,9.522
4431,tropeçar,0,verb,5941,9.522
4432,garanto-te,0,unk,5939,9.519
4433,roupa interior,1,mwe,5936,9.514
4434,católico,0,adj,5931,9.506
4435,abdicar,0,verb,5927,9.500
4436,carácter,0,verb,5927,9.500
4437,artéria,0,noun,5914,9.479
4438,larguem-me,0,unk,5913,9.477
4439,turco,0,noun,5910,9.472
4440,maré,0,unk,5909,9.471
4441,sequestrar,0,verb,5909,9.471
4442,submeter,0,verb,5909,9.471
4443,fisicamente,0,adv,5906,9.466
4444,tóxico,0,adj,5905,9.464
4445,yo,0,unk,5901,9.458
4446,prendê-lo,0,noun,5900,9.456
4447,aquí,0,unk,5899,9.455
4448,facial,0,adj,5895,9.448
4449,sujeitar,0,verb,5892,9.444
4450,le,0,unk,5890,9.440
4451,time,0,unk,5886,9.434
4452,tronco,0,noun,5885,9.432
4453,desfile,0,unk,5882,9.428
4454,degrau,0,unk,5880,9.424
4455,deu-nos,0,unk,5880,9.424
4456,distinto,0,noun,5880,9.424
4457,empresário,0,noun,5880,9.424
4458,iniciativa,0,noun,5880,9.424
4459,touro,0,noun,5880,9.424
4460,chamou-me,0,unk,5875,9.416
4461,noivado,0,noun,5875,9.416
4462,torpedo,0,noun,5875,9.416
4463,organismo,0,noun,5872,9.412
4464,batalhão,0,noun,5864,9.399
4465,encarregado,0,noun,5863,9.397
4466,oriental,0,adj,5863,9.397
4467,vigilante,0,unk,5861,9.394
4468,fragmento,0,noun,5858,9.389
4469,preliminar,0,verb,5858,9.389
4470,hospedeiro,0,noun,5856,9.386
4471,vegetal,0,adj,5854,9.383
4472,farda,0,noun,5853,9.381
4473,furar,0,verb,5849,9.375
4474,sonda,0,noun,5849,9.375
4475,largue-me,0,unk,5848,9.373
4476,amador,0,noun,5847,9.372
4477,pijama,0,noun,5847,9.372
4478,raposa,0,noun,5847,9.372
4479,fixo,0,noun,5845,9.368
4480,marcial,0,adj,5840,9.360
4481,irrelevante,0,unk,5838,9.357
4482,lua-de-mel,0,adj,5829,9.343
4483,cor-de-rosa,0,noun,5827,9.339
4484,inofensivo,0,noun,5827,9.339
4485,soviético,0,adj,5826,9.338
4486,escalar,0,verb,5823,9.333
4487,sentar-te,0,unk,5816,9.322
4488,adeusinho,0,adj,5815,9.320
4489,pular,0,verb,5815,9.320
4490,retomar,0,verb,5812,9.315
4491,dispor,0,unk,5809,9.311
4492,junta,0,noun,5808,9.309
4493,perfurar,0,verb,5808,9.309
4494,depositar,0,verb,5806,9.306
4495,votação,0,noun,5805,9.304
4496,perpétuo,0,noun,5804,9.303
4497,óptimas,0,unk,5801,9.298
4498,peço imensa,1,mwe,5793,9.285
4499,voador,0,noun,5791,9.282
4500,transmissor,0,unk,5789,9.279
4501,ligeiro,0,noun,5786,9.274
4502,polegar,0,verb,5782,9.267
4503,sétimo,0,num,5782,9.267
4504,churrasco,0,noun,5778,9.261
4505,solto,0,noun,5777,9.259
4506,protegê-lo,0,noun,5776,9.258
4507,desportivo,0,noun,5774,9.255
4508,estimação,0,noun,5774,9.255
4509,embrulhar,0,verb,5771,9.250
4510,anedota,0,noun,5769,9.247
4511,perturbado,0,noun,5769,9.247
4512,opor,0,unk,5768,9.245
4513,permita-me,0,unk,5767,9.243
4514,cúpula,0,noun,5764,9.238
4515,doar,0,verb,5761,9.234
4516,mantê-la,0,noun,5761,9.234
4517,tabaco,0,noun,5761,9.234
4518,devorar,0,verb,5755,9.224
4519,protector,0,unk,5754,9.222
4520,aperto,0,noun,5753,9.221
4521,farol,0,unk,5753,9.221
4522,somar,0,verb,5751,9.218
4523,relevante,0,unk,5750,9.216
4524,africano,0,adj,5746,9.210
4525,campainha,0,adj,5746,9.210
4526,desapontado,0,noun,5746,9.210
4527,clone,0,unk,5745,9.208
4528,conteúdo,0,noun,5737,9.195
4529,subterrâneo,0,noun,5737,9.195
4530,comédia,0,noun,5733,9.189
4531,herança,0,noun,5729,9.182
4532,assento,0,noun,5728,9.181
4533,idoso,0,adj,5727,9.179
4534,pô-la,0,noun,5725,9.176
4535,interferência,0,noun,5721,9.170
4536,antídoto,0,noun,5719,9.166
4537,reforçar,0,verb,5716,9.162
4538,batedor,0,noun,5714,9.158
4539,alcoólico,0,adj,5713,9.157
4540,contaminar,0,verb,5710,9.152
4541,escova,0,noun,5707,9.147
4542,supermercado,0,noun,5705,9.144
4543,picar,0,verb,5703,9.141
4544,sub,0,unk,5701,9.138
4545,baía,0,unk,5698,9.133
4546,convincente,0,adj,5698,9.133
4547,excesso,0,noun,5698,9.133
4548,acolher,0,verb,5697,9.131
4549,cogumelo,0,noun,5688,9.117
4550,gaita,0,noun,5682,9.107
4551,maravilhas,0,unk,5682,9.107
4552,seguir-me,0,unk,5680,9.104
4553,ringue,0,unk,5678,9.101
4554,administrar,0,verb,5676,9.097
4555,galinhas,0,unk,5676,9.097
4556,ingénuo,0,noun,5676,9.097
4557,cardeal,0,adj,5675,9.096
4558,caçada,0,noun,5674,9.094
4559,minúsculo,0,noun,5674,9.094
4560,criticar,0,verb,5673,9.093
4561,bombardear,0,verb,5670,9.088
4562,contato,0,noun,5668,9.085
4563,obscuro,0,noun,5665,9.080
4564,pedir-me,0,unk,5664,9.078
4565,rastrear,0,verb,5664,9.078
4566,culto,0,noun,5662,9.075
4567,prateleira,0,noun,5661,9.073
4568,deixa-os,0,unk,5660,9.072
4569,sótão,0,noun,5658,9.069
4570,partículas,0,unk,5656,9.065
4571,queima,0,noun,5653,9.061
4572,bruto,0,noun,5651,9.057
4573,depor,0,unk,5644,9.046
4574,planar,0,verb,5643,9.045
4575,santuário,0,noun,5636,9.033
4576,calculo,0,noun,5635,9.032
4577,deita-te,0,unk,5635,9.032
4578,observador,0,noun,5634,9.030
4579,tê-los,0,unk,5633,9.029
4580,pipoca,0,noun,5632,9.027
4581,apunhalar,0,verb,5630,9.024
4582,racista,0,noun,5630,9.024
4583,paizinho,0,adj,5626,9.017
4584,senhoria,0,noun,5621,9.009
4585,agradecimento,0,noun,5614,8.998
4586,gang,0,unk,5613,8.996
4587,avatar,0,verb,5612,8.995
4588,expandir,0,verb,5609,8.990
4589,esfomeado,0,noun,5606,8.985
4590,basquetebol,0,unk,5603,8.980
4591,categoria,0,noun,5602,8.979
4592,cacifo,0,noun,5600,8.976
4593,dê-lhe,0,unk,5597,8.971
4594,deixem-nos,0,unk,5594,8.966
4595,aparar,0,verb,5593,8.964
4596,embaixo,0,noun,5592,8.963
4597,está-me,0,unk,5590,8.960
4598,expedição,0,noun,5590,8.960
4599,pacto,0,noun,5587,8.955
4600,suborno,0,noun,5586,8.953
4601,sangrento,0,noun,5579,8.942
4602,love,0,unk,5577,8.939
4603,nelas,0,unk,5577,8.939
4604,relato,0,noun,5575,8.936
4605,bónus,0,unk,5574,8.934
4606,seguidor,0,noun,5574,8.934
4607,convenção,0,noun,5573,8.932
4608,magoar-te,0,unk,5572,8.931
4609,finanças,0,unk,5567,8.923
4610,desiludido,0,noun,5566,8.921
4611,particularmente,0,adv,5566,8.921
4612,torno,0,noun,5564,8.918
4613,varanda,0,noun,5561,8.913
4614,perguntar-me,0,unk,5560,8.912
4615,fazenda,0,noun,5558,8.908
4616,designar,0,verb,5556,8.905
4617,óptimos,0,unk,5556,8.905
4618,perverso,0,noun,5554,8.902
4619,subornar,0,verb,5554,8.902
4620,mayor,0,unk,5553,8.900
4621,detonador,0,noun,5550,8.895
4622,sussurrar,0,verb,5547,8.891
4623,fax,0,unk,5545,8.887
4624,forjar,0,verb,5544,8.886
4625,pálido,0,noun,5544,8.886
4626,cultivar,0,verb,5543,8.884
4627,directora,0,noun,5543,8.884
4628,porteiro,0,noun,5543,8.884
4629,tola,0,noun,5541,8.881
4630,transplante,0,unk,5540,8.879
4631,gentileza,0,noun,5536,8.873
4632,investidor,0,noun,5532,8.867
4633,leitor,0,unk,5527,8.859
4634,improvisar,0,verb,5520,8.847
4635,c'um,0,unk,5519,8.846
4636,deixo-te,0,unk,5519,8.846
4637,vaso,0,unk,5519,8.846
4638,muitíssimo,0,noun,5518,8.844
4639,extinguir,0,verb,5516,8.841
4640,cocktail,0,unk,5515,8.839
4641,caixote,0,unk,5514,8.838
4642,pico,0,adj,5508,8.828
4643,elevado,0,noun,5506,8.825
4644,cavalaria,0,noun,5504,8.822
4645,rival,0,adj,5504,8.822
4646,idêntico,0,adj,5502,8.819
4647,põe-me,0,unk,5502,8.819
4648,levantem-se,0,unk,5501,8.817
4649,sumir,0,verb,5497,8.811
4650,envolvimento,0,noun,5490,8.799
4651,monitorizar,0,verb,5489,8.798
4652,bobo,0,noun,5486,8.793
4653,es,0,unk,5483,8.788
4654,arbusto,0,noun,5481,8.785
4655,deves-me,0,unk,5481,8.785
4656,cebola,0,noun,5479,8.782
4657,vasto,0,noun,5478,8.780
4658,apanhem-no,0,unk,5476,8.777
4659,incómodo,0,noun,5476,8.777
4660,realista,0,noun,5476,8.777
4661,focar,0,verb,5473,8.772
4662,artificial,0,adj,5472,8.770
4663,optar,0,verb,5470,8.767
4664,filosofia,0,noun,5469,8.766
4665,vou-lhe,0,unk,5467,8.762
4666,económico,0,adj,5466,8.761
4667,metralhadora,0,noun,5466,8.761
4668,antigamente,0,adv,5464,8.758
4669,invocar,0,verb,5464,8.758
4670,ir-se,0,unk,5464,8.758
4671,adoecer,0,verb,5463,8.756
4672,ora ora,1,mwe,5461,8.753
4673,industrial,0,adj,5460,8.751
4674,diga-lhes,0,unk,5456,8.745
4675,secundária,0,noun,5456,8.745
4676,peste,0,unk,5455,8.743
4677,peço-te,0,unk,5455,8.743
4678,vedação,0,noun,5454,8.742
4679,autógrafo,0,noun,5451,8.737
4680,carbono,0,noun,5449,8.734
4681,conservar,0,verb,5448,8.732
4682,corporal,0,adj,5448,8.732
4683,damas,0,unk,5448,8.732
4684,entusiasmo,0,noun,5445,8.727
4685,integridade,0,noun,5445,8.727
4686,trazê-la,0,noun,5444,8.726
4687,coincidir,0,verb,5439,8.718
4688,chumbo,0,noun,5438,8.716
4689,noticiário,0,noun,5435,8.711
4690,tira-o,0,unk,5433,8.708
4691,salvá-la,0,noun,5426,8.697
4692,deslizar,0,verb,5425,8.695
4693,decorar,0,verb,5424,8.694
4694,boy,0,unk,5423,8.692
4695,altitude,0,noun,5421,8.689
4696,quartel,0,adj,5420,8.687
4697,motim,0,unk,5418,8.684
4698,indiana,0,adj,5417,8.682
4699,pescador,0,noun,5414,8.678
4700,serra,0,noun,5412,8.674
4701,ho,0,unk,5411,8.673
4702,adrenalina,0,adj,5410,8.671
4703,prolongar,0,verb,5409,8.669
4704,seda,0,noun,5408,8.668
4705,borracha,0,noun,5407,8.666
4706,sun,0,unk,5406,8.665
4707,inscrever,0,verb,5405,8.663
4708,formiga,0,noun,5404,8.661
4709,sexto,0,num,5404,8.661
4710,triplo,0,num,5404,8.661
4711,refiro-me,0,unk,5403,8.660
4712,chutar,0,verb,5401,8.657
4713,procurá-lo,0,noun,5401,8.657
4714,rodada,0,noun,5393,8.644
4715,legião,0,noun,5392,8.642
4716,queca,0,noun,5389,8.637
4717,morro,0,noun,5383,8.628
4718,civilizado,0,noun,5377,8.618
4719,rã,0,unk,5374,8.613
4720,solidão,0,noun,5371,8.609
4721,descendente,0,adj,5370,8.607
4722,alemã,0,unk,5369,8.605
4723,case,0,unk,5368,8.604
4724,mastigar,0,verb,5368,8.604
4725,vizinha,0,adj,5368,8.604
4726,jazz,0,unk,5364,8.597
4727,broche,0,unk,5362,8.594
4728,missa,0,noun,5362,8.594
4729,escolta,0,noun,5357,8.586
4730,extensão,0,noun,5357,8.586
4731,riso,0,noun,5357,8.586
4732,mamilo,0,noun,5356,8.585
4733,passou-se,0,unk,5355,8.583
4734,t-shirt,0,unk,5354,8.581
4735,complicação,0,noun,5352,8.578
4736,realizador,0,noun,5347,8.570
4737,refúgio,0,noun,5346,8.569
4738,presta atenção,1,mwe,5345,8.567
4739,cubo,0,noun,5343,8.564
4740,encanto,0,noun,5342,8.562
4741,naval,0,adj,5336,8.552
4742,atendar,0,verb,5332,8.546
4743,drive,0,unk,5325,8.535
4744,inocência,0,noun,5321,8.528
4745,salvamento,0,noun,5318,8.524
4746,percurso,0,noun,5317,8.522
4747,certificar-me,0,unk,5316,8.520
4748,poupa-me,0,unk,5316,8.520
4749,confiscar,0,verb,5314,8.517
4750,elite,0,unk,5312,8.514
4751,obrigatório,0,noun,5312,8.514
4752,câmbio,0,noun,5311,8.512
4753,fôlego,0,noun,5311,8.512
4754,fazer-nos,0,unk,5308,8.508
4755,ligar-me,0,unk,5303,8.500
4756,vermelhas,0,unk,5298,8.492
4757,fornecedor,0,noun,5296,8.488
4758,garanto-lhe,0,unk,5296,8.488
4759,jurisdição,0,noun,5296,8.488
4760,contabilista,0,noun,5294,8.485
4761,enfraquecer,0,verb,5293,8.484
4762,jeitoso,0,adj,5293,8.484
4763,protegê-la,0,noun,5293,8.484
4764,afirmativo,0,noun,5290,8.479
4765,iludir,0,verb,5290,8.479
4766,bebes,0,unk,5288,8.476
4767,intervir,0,verb,5285,8.471
4768,parece-se,0,unk,5285,8.471
4769,acabaram-se,0,unk,5282,8.466
4770,improvável,0,adj,5282,8.466
4771,judicial,0,adj,5275,8.455
4772,necessariamente,0,adv,5275,8.455
4773,abordagem,0,noun,5274,8.453
4774,sabe-se,0,unk,5272,8.450
4775,aborto,0,noun,5270,8.447
4776,golo,0,noun,5268,8.444
4777,mascarar,0,verb,5268,8.444
4778,salvar-te,0,unk,5268,8.444
4779,modesto,0,noun,5265,8.439
4780,anca,0,unk,5264,8.437
4781,fizeste-me,0,unk,5264,8.437
4782,orgânico,0,adj,5264,8.437
4783,xixi,0,unk,5263,8.435
4784,gata,0,noun,5262,8.434
4785,válvula,0,noun,5258,8.427
4786,classificar,0,verb,5246,8.408
4787,top,0,unk,5242,8.402
4788,invés,0,unk,5241,8.400
4789,maldade,0,noun,5240,8.399
4790,consultório,0,noun,5238,8.395
4791,bowling,0,unk,5236,8.392
4792,cessar,0,verb,5235,8.391
4793,recluso,0,unk,5235,8.391
4794,cocó,0,unk,5234,8.389
4795,pílula,0,noun,5234,8.389
4796,jacto,0,noun,5233,8.387
4797,imundo,0,noun,5232,8.386
4798,duende,0,noun,5230,8.383
4799,demissão,0,noun,5229,8.381
4800,intrometer,0,verb,5229,8.381
4801,cigano,0,adj,5228,8.379
4802,orfanato,0,noun,5227,8.378
4803,corporação,0,noun,5226,8.376
4804,remorso,0,noun,5223,8.371
4805,inúmero,0,noun,5222,8.370
4806,ansiedade,0,noun,5218,8.363
4807,ya,0,unk,5217,8.362
4808,colocá-lo,0,noun,5216,8.360
4809,avariar,0,verb,5213,8.355
4810,lateral,0,adj,5212,8.354
4811,esperma,0,noun,5211,8.352
4812,chulo,0,noun,5207,8.346
4813,engatar,0,verb,5207,8.346
4814,perdedor,0,noun,5206,8.344
4815,madrugada,0,noun,5197,8.330
4816,tesoura,0,noun,5197,8.330
4817,aplauso,0,unk,5196,8.328
4818,póquer,0,verb,5194,8.325
4819,sentimental,0,adj,5193,8.323
4820,fazê-los,0,unk,5192,8.322
4821,desvio,0,noun,5190,8.318
4822,eficiente,0,adj,5190,8.318
4823,quebra,0,noun,5188,8.315
4824,robot,0,unk,5188,8.315
4825,correctamente,0,adv,5185,8.310
4826,orientar,0,verb,5185,8.310
4827,gangue,0,unk,5183,8.307
4828,porca,0,unk,5183,8.307
4829,currículo,0,noun,5180,8.302
4830,fevereiro,0,noun,5179,8.301
4831,agradecer-te,0,unk,5178,8.299
4832,desnecessário,0,noun,5178,8.299
4833,pervertido,0,noun,5177,8.298
4834,mimar,0,verb,5176,8.296
4835,deduzir,0,verb,5170,8.286
4836,lareira,0,noun,5169,8.285
4837,resíduo,0,noun,5168,8.283
4838,internar,0,verb,5167,8.282
4839,ver-vos,0,unk,5166,8.280
4840,legista,0,noun,5158,8.267
4841,grandioso,0,adj,5156,8.264
4842,greve,0,unk,5156,8.264
4843,morfina,0,adj,5156,8.264
4844,ferver,0,verb,5151,8.256
4845,neutralizar,0,verb,5150,8.254
4846,pt,0,unk,5146,8.248
4847,digo-vos,0,unk,5145,8.246
4848,estaca,0,unk,5144,8.245
4849,esplêndido,0,noun,5142,8.242
4850,lente,0,adj,5142,8.242
4851,sem-abrigo,0,noun,5142,8.242
4852,patife,0,unk,5141,8.240
4853,suor,0,unk,5139,8.237
4854,muçulmano,0,adj,5136,8.232
4855,condenação,0,noun,5135,8.230
4856,senadora,0,noun,5134,8.229
4857,passar-se,0,unk,5128,8.219
4858,elaborar,0,verb,5125,8.214
4859,deste-me,0,unk,5123,8.211
4860,apresento-te,0,unk,5122,8.209
4861,desculpem-me,0,unk,5117,8.201
4862,kung,0,unk,5117,8.201
4863,aplicação,0,noun,5116,8.200
4864,casco,0,noun,5116,8.200
4865,distracção,0,noun,5114,8.197
4866,primária,0,noun,5114,8.197
4867,noz,0,unk,5113,8.195
4868,foram-se,0,unk,5112,8.193
4869,dai,0,unk,5110,8.190
4870,imunidade,0,noun,5108,8.187
4871,latino,0,adj,5107,8.185
4872,arqueiro,0,noun,5105,8.182
4873,cú,0,unk,5104,8.181
4874,marcação,0,noun,5104,8.181
4875,falou-me,0,unk,5103,8.179
4876,bluff,0,unk,5100,8.174
4877,reparação,0,noun,5097,8.169
4878,colchão,0,noun,5096,8.168
4879,apanha-o,0,unk,5094,8.165
4880,donuts,0,unk,5094,8.165
4881,fu,0,unk,5093,8.163
4882,tornar-me,0,unk,5092,8.161
4883,verificação,0,noun,5086,8.152
4884,reconsiderar,0,verb,5082,8.145
4885,sesta,0,noun,5082,8.145
4886,definição,0,noun,5081,8.144
4887,ingrediente,0,adj,5081,8.144
4888,encontrei-a,0,unk,5080,8.142
4889,porno,0,noun,5080,8.142
4890,altar,0,verb,5078,8.139
4891,concorrer,0,verb,5078,8.139
4892,refugiado,0,noun,5075,8.134
4893,chef,0,unk,5070,8.126
4894,honestidade,0,noun,5069,8.125
4895,tirar-me,0,unk,5068,8.123
4896,massacrar,0,verb,5067,8.121
4897,indefeso,0,unk,5066,8.120
4898,pergunta-lhe,0,unk,5064,8.117
4899,alcunha,0,noun,5059,8.109
4900,gaiola,0,noun,5059,8.109
4901,consultor,0,unk,5058,8.107
4902,recomendação,0,noun,5057,8.105
4903,ponto final,1,mwe,5056,8.104
4904,anual,0,adj,5055,8.102
4905,conheces-me,0,unk,5055,8.102
4906,segui-lo,0,noun,5053,8.099
4907,maduro,0,noun,5050,8.094
4908,preocupo-me,0,unk,5046,8.088
4909,concreto,0,noun,5045,8.086
4910,republicano,0,adj,5043,8.083
4911,porão,0,noun,5041,8.080
4912,apanhámo-lo,0,noun,5040,8.078
4913,primitivo,0,noun,5038,8.075
4914,ouvi-la,0,noun,5035,8.070
4915,válido,0,noun,5035,8.070
4916,deu-te,0,unk,5030,8.062
4917,bébé,0,unk,5028,8.059
4918,mostro-te,0,unk,5027,8.057
4919,despistar,0,verb,5024,8.052
4920,terramoto,0,noun,5021,8.048
4921,equipar,0,verb,5018,8.043
4922,fulano,0,adj,5017,8.041
4923,lembrar-se,0,unk,5015,8.038
4924,patente,0,adj,5015,8.038
4925,tenho-o,0,unk,5015,8.038
4926,complicar,0,verb,5014,8.036
4927,formal,0,adj,5013,8.035
4928,hipoteca,0,noun,5013,8.035
4929,dói-me,0,unk,5009,8.028
4930,insecto,0,noun,5009,8.028
4931,claque,0,unk,5006,8.024
4932,aleatório,0,noun,5005,8.022
4933,feriado,0,noun,5005,8.022
4934,escotilha,0,noun,5004,8.020
4935,húmido,0,noun,5003,8.019
4936,equilibrar,0,verb,4998,8.011
4937,fundador,0,noun,4998,8.011
4938,mobília,0,noun,4997,8.009
4939,artilharia,0,noun,4994,8.004
4940,marijuana,0,adj,4993,8.003
4941,dentar,0,verb,4992,8.001
4942,ooh,0,unk,4991,8.000
4943,criativo,0,noun,4989,7.996
4944,morango,0,noun,4986,7.992
4945,etiqueta,0,noun,4983,7.987
4946,indicação,0,noun,4978,7.979
4947,tirem-no,0,unk,4965,7.958
4948,pontaria,0,noun,4961,7.951
4949,desapontar,0,verb,4955,7.942
4950,poeira,0,noun,4951,7.935
4951,amargo,0,noun,4949,7.932
4952,farmácia,0,noun,4947,7.929
4953,providenciar,0,verb,4947,7.929
4954,amo-a,0,unk,4943,7.923
4955,lunático,0,adj,4941,7.919
4956,conquista,0,noun,4940,7.918
4957,parece-te,0,unk,4938,7.915
4958,virtude,0,noun,4936,7.911
4959,revelação,0,noun,4934,7.908
4960,casar-se,0,unk,4933,7.907
4961,trégua,0,noun,4930,7.902
4962,atalho,0,noun,4927,7.897
4963,interruptor,0,unk,4925,7.894
4964,passatempo,0,noun,4924,7.892
4965,beneficiar,0,verb,4922,7.889
4966,jipe,0,unk,4920,7.886
4967,táctica,0,adj,4920,7.886
4968,coro,0,noun,4919,7.884
4969,aceitável,0,adj,4917,7.881
4970,estadual,0,adj,4917,7.881
4971,abrigar,0,verb,4916,7.879
4972,agradecer-lhe,0,unk,4915,7.878
4973,legalmente,0,adv,4915,7.878
4974,apercebi-me,0,unk,4913,7.875
4975,assustar-me,0,unk,4912,7.873
4976,telegrama,0,noun,4911,7.871
4977,fale-me,0,unk,4910,7.870
4978,milionário,0,noun,4910,7.870
4979,escrava,0,noun,4908,7.866
4980,fiz-te,0,unk,4907,7.865
4981,corrupção,0,noun,4900,7.854
4982,quântico,0,adj,4898,7.850
4983,genuíno,0,unk,4894,7.844
4984,preparação,0,noun,4894,7.844
4985,piquenique,0,unk,4892,7.841
4986,exercer,0,verb,4891,7.839
4987,ir-me,0,unk,4889,7.836
4988,relembrar,0,verb,4889,7.836
4989,carvão,0,noun,4886,7.831
4990,mantimento,0,noun,4885,7.830
4991,cantor,0,unk,4884,7.828
4992,cãozinho,0,adj,4883,7.826
4993,velhota,0,noun,4882,7.825
4994,pronunciar,0,verb,4878,7.818
4995,exacta,0,noun,4877,7.817
4996,relativamente,0,adv,4877,7.817
4997,holandês,0,adj,4874,7.812
4998,corno,0,noun,4872,7.809
4999,afectar,0,verb,4870,7.806
5000,mostrar-me,0,unk,4869,7.804
