rank	lemma	is_mwe	pos_guess	raw_freq	freq_per_million
5001	notificar	0	verb	4275	6.719
5002	precisão	0	noun	4275	6.719
5003	brandy	0	unk	4273	6.716
5004	carinho	0	adj	4273	6.716
5005	sarar	0	verb	4271	6.713
5006	chichi	0	unk	4268	6.708
5007	experiente	0	adj	4268	6.708
5008	progredir	0	verb	4268	6.708
5009	papagaio	0	noun	4267	6.707
5010	crack	0	unk	4264	6.702
5011	cereja	0	noun	4263	6.701
5012	mordomo	0	noun	4255	6.688
5013	regulamento	0	noun	4255	6.688
5014	vidente	0	adj	4255	6.688
5015	implacável	0	adj	4254	6.686
5016	comprimento	0	noun	4252	6.683
5017	ogiva	0	noun	4249	6.679
5018	recarregar	0	verb	4247	6.675
5019	dormitório	0	noun	4246	6.674
5020	atum	0	unk	4244	6.671
5021	fluir	0	verb	4243	6.669
5022	insensível	0	adj	4243	6.669
5023	loura	0	noun	4242	6.668
5024	doação	0	noun	4237	6.660
5025	ditado	0	noun	4234	6.655
5026	cilada	0	noun	4231	6.650
5027	viciar	0	verb	4231	6.650
5028	chocante	0	unk	4230	6.649
5029	bunker	0	verb	4228	6.646
5030	cintura	0	noun	4228	6.646
5031	aprendiz	0	unk	4221	6.635
5032	aparentar	0	verb	4220	6.633
5033	desmontar	0	verb	4220	6.633
5034	farmacêutico	0	adj	4218	6.630
5035	terço	0	noun	4217	6.628
5036	transformação	0	noun	4213	6.622
5037	afeto	0	noun	4210	6.617
5038	encolher	0	verb	4210	6.617
5039	hálito	0	noun	4208	6.614
5040	lagarto	0	noun	4208	6.614
5041	retaguarda	0	noun	4207	6.613
5042	stripper	0	verb	4204	6.608
5043	adicional	0	adj	4201	6.603
5044	combinado	0	noun	4201	6.603
5045	imaginário	0	noun	4199	6.600
5046	intelectual	0	adj	4199	6.600
5047	coitar	0	verb	4197	6.597
5048	desempenho	0	noun	4197	6.597
5049	dificilmente	0	adv	4192	6.589
5050	tipa	0	noun	4191	6.587
5051	malandro	0	noun	4187	6.581
5052	oitavo	0	num	4186	6.580
5053	sedativo	0	noun	4185	6.578
5054	tábua	0	noun	4185	6.578
5055	camelo	0	noun	4184	6.576
5056	inscrição	0	noun	4183	6.575
5057	falir	0	verb	4182	6.573
5058	cera	0	noun	4179	6.569
5059	tequila	0	noun	4177	6.565
5060	ginger	0	verb	4176	6.564
5061	estadia	0	noun	4172	6.558
5062	arsenal	0	adj	4171	6.556
5063	protestar	0	verb	4171	6.556
5064	ballet	0	unk	4169	6.553
5065	trovão	0	noun	4169	6.553
5066	linhagem	0	noun	4168	6.551
5067	dinamite	0	unk	4163	6.543
5068	san diego	1	mwe	4163	6.543
5069	desvendar	0	verb	4162	6.542
5070	fritar	0	verb	4162	6.542
5071	médio oriente	1	mwe	4155	6.531
5072	concretizar	0	verb	4153	6.528
5073	triângulo	0	noun	4153	6.528
5074	donzela	0	noun	4152	6.526
5075	infringir	0	verb	4150	6.523
5076	aurora	0	noun	4149	6.521
5077	esfera	0	noun	4149	6.521
5078	enjoado	0	noun	4148	6.520
5079	deficiente	0	adj	4147	6.518
5080	pelas costas	1	mwe	4144	6.514
5081	psíquico	0	adj	4144	6.514
5082	prancha	0	noun	4142	6.510
5083	mascarar	0	verb	4139	6.506
5084	destroço	0	noun	4138	6.504
5085	gravador	0	noun	4135	6.499
5086	aleluia	0	noun	4134	6.498
5087	mantem	0	noun	4131	6.493
5088	pátria	0	noun	4129	6.490
5089	superficial	0	adj	4129	6.490
5090	metáfora	0	noun	4128	6.488
5091	pudim	0	unk	4124	6.482
5092	vitamina	0	adj	4124	6.482
5093	abóbora	0	noun	4121	6.477
5094	coiro	0	noun	4121	6.477
5095	confronto	0	noun	4119	6.474
5096	sintético	0	adj	4119	6.474
5097	banqueiro	0	noun	4118	6.473
5098	estatal	0	adj	4117	6.471
5099	mineiro	0	noun	4116	6.470
5100	cotovelo	0	noun	4114	6.466
5101	pimenta	0	noun	4114	6.466
5102	aterrorizar	0	verb	4113	6.465
5103	pulsação	0	noun	4112	6.463
5104	contrabando	0	noun	4110	6.460
5105	biologia	0	noun	4107	6.455
5106	mãezinha	0	adj	4106	6.454
5107	contabilidade	0	noun	4102	6.448
5108	mangueira	0	noun	4101	6.446
5109	proporcionar	0	verb	4096	6.438
5110	súbito	0	noun	4096	6.438
5111	penteado	0	noun	4095	6.437
5112	desrespeitar	0	verb	4093	6.433
5113	gráfico	0	adj	4090	6.429
5114	ciumento	0	noun	4089	6.427
5115	testículo	0	noun	4089	6.427
5116	lendário	0	noun	4084	6.419
5117	invencível	0	adj	4073	6.402
5118	arredores	0	unk	4072	6.400
5119	beijinho	0	adj	4072	6.400
5120	condessa	0	noun	4071	6.399
5121	extinção	0	noun	4070	6.397
5122	alegação	0	noun	4066	6.391
5123	áudio	0	noun	4065	6.389
5124	atencioso	0	adj	4064	6.388
5125	arrebentar	0	verb	4060	6.381
5126	insuportável	0	adj	4058	6.378
5127	mação	0	noun	4058	6.378
5128	sobrenatural	0	adj	4055	6.374
5129	dane	0	unk	4048	6.363
5130	confiar nele	1	mwe	4045	6.358
5131	desilusão	0	noun	4045	6.358
5132	módulo	0	noun	4044	6.356
5133	campa	0	noun	4043	6.355
5134	boné	0	unk	4040	6.350
5135	caneca	0	noun	4039	6.348
5136	feroz	0	unk	4039	6.348
5137	iminente	0	adj	4039	6.348
5138	colateral	0	adj	4036	6.344
5139	pecar	0	verb	4035	6.342
5140	bordel	0	adj	4033	6.339
5141	paralelo	0	noun	4030	6.334
5142	reitor	0	unk	4029	6.333
5143	repugnante	0	unk	4028	6.331
5144	pára-quedas	0	unk	4024	6.325
5145	gestão	0	noun	4023	6.323
5146	conheçoa	0	noun	4019	6.317
5147	juíza	0	noun	4019	6.317
5148	marcador	0	noun	4017	6.314
5149	matoua	0	noun	4015	6.311
5150	refrescar	0	verb	4015	6.311
5151	padrasto	0	noun	4010	6.303
5152	compatível	0	adj	4009	6.301
5153	diagnosticar	0	verb	4008	6.300
5154	emocionalmente	0	adv	4008	6.300
5155	potente	0	adj	4006	6.297
5156	lsso	0	noun	4005	6.295
5157	contentar	0	verb	4004	6.293
5158	reproduzir	0	verb	4004	6.293
5159	peão	0	noun	4003	6.292
5160	sexualmente	0	adv	4002	6.290
5161	pequenote	0	unk	3999	6.286
5162	patroa	0	noun	3998	6.284
5163	redondo	0	noun	3998	6.284
5164	blusa	0	noun	3996	6.281
5165	contemplar	0	verb	3995	6.279
5166	imóvel	0	adj	3995	6.279
5167	posicionar	0	verb	3995	6.279
5168	batom	0	unk	3994	6.278
5169	apalpar	0	verb	3993	6.276
5170	lindíssimo	0	noun	3992	6.275
5171	tanga	0	noun	3992	6.275
5172	vossas vidas	1	mwe	3990	6.271
5173	digressão	0	noun	3988	6.268
5174	charme	0	unk	3986	6.265
5175	veterinário	0	noun	3986	6.265
5176	certificado	0	noun	3985	6.264
5177	ligeiramente	0	adv	3985	6.264
5178	barulhento	0	noun	3984	6.262
5179	classificar	0	verb	3981	6.257
5180	saudar	0	verb	3981	6.257
5181	desenrascar	0	verb	3979	6.254
5182	imigrante	0	unk	3979	6.254
5183	caranguejo	0	noun	3978	6.253
5184	comunitário	0	noun	3978	6.253
5185	respeitável	0	adj	3976	6.249
5186	namoro	0	noun	3975	6.248
5187	cordeiro	0	noun	3973	6.245
5188	fabricante	0	unk	3969	6.238
5189	incomum	0	unk	3968	6.237
5190	bondoso	0	adj	3967	6.235
5191	arame	0	unk	3965	6.232
5192	casca	0	unk	3965	6.232
5193	bloqueado	0	noun	3960	6.224
5194	cova	0	noun	3960	6.224
5195	elogiar	0	verb	3960	6.224
5196	pira	0	noun	3959	6.223
5197	lisonjeado	0	noun	3955	6.216
5198	pobreza	0	noun	3955	6.216
5199	suspensão	0	noun	3952	6.212
5200	piza	0	noun	3950	6.209
5201	duelo	0	noun	3949	6.207
5202	estatística	0	adj	3948	6.205
5203	dá-mo	0	noun	3944	6.199
5204	prece	0	unk	3944	6.199
5205	motivação	0	noun	3943	6.198
5206	nata	0	noun	3943	6.198
5207	clandestino	0	adj	3942	6.196
5208	terrivelmente	0	adv	3942	6.196
5209	coser	0	verb	3941	6.194
5210	matança	0	noun	3940	6.193
5211	palestra	0	noun	3939	6.191
5212	deparar	0	verb	3937	6.188
5213	impressão digital	1	mwe	3934	6.183
5214	saboroso	0	adj	3934	6.183
5215	enfermeiro	0	noun	3933	6.182
5216	ignição	0	noun	3933	6.182
5217	mademoiselle	0	unk	3933	6.182
5218	aterrorizado	0	noun	3932	6.180
5219	estibordo	0	noun	3932	6.180
5220	gama	0	noun	3932	6.180
5221	individual	0	adj	3932	6.180
5222	funerário	0	noun	3930	6.177
5223	contacto visual	1	mwe	3924	6.168
5224	rendimento	0	noun	3924	6.168
5225	sinistro	0	noun	3923	6.166
5226	lua cheia	1	mwe	3921	6.163
5227	concha	0	noun	3918	6.158
5228	coça	0	noun	3915	6.154
5229	entretenimento	0	noun	3915	6.154
5230	internar	0	verb	3915	6.154
5231	crachá	0	unk	3913	6.150
5232	mijo	0	noun	3911	6.147
5233	democrata	0	noun	3908	6.143
5234	espinha	0	adj	3908	6.143
5235	maltratar	0	verb	3907	6.141
5236	composto	0	noun	3906	6.139
5237	fiscal	0	adj	3905	6.138
5238	hospitalidade	0	noun	3904	6.136
5239	lanche	0	unk	3904	6.136
5240	plasma	0	noun	3904	6.136
5241	apreender	0	verb	3901	6.132
5242	alho	0	noun	3899	6.128
5243	descarga	0	noun	3899	6.128
5244	inconveniente	0	adj	3899	6.128
5245	globo	0	noun	3893	6.119
5246	divertimento	0	noun	3892	6.117
5247	inseguro	0	noun	3892	6.117
5248	comporta	0	noun	3891	6.116
5249	candeeiro	0	noun	3887	6.110
5250	diploma	0	noun	3887	6.110
5251	responsabilizar	0	verb	3887	6.110
5252	provisão	0	noun	3886	6.108
5253	carniceiro	0	noun	3884	6.105
5254	banda desenhada	1	mwe	3883	6.103
5255	formatura	0	noun	3882	6.102
5256	mercearia	0	noun	3882	6.102
5257	pendente	0	adj	3880	6.099
5258	hangar	0	verb	3878	6.095
5259	mutação	0	noun	3877	6.094
5260	harmonia	0	noun	3876	6.092
5261	consolo	0	noun	3875	6.091
5262	down	0	unk	3873	6.088
5263	imigração	0	noun	3873	6.088
5264	cantora	0	noun	3872	6.086
5265	durão	0	noun	3868	6.080
5266	fundir	0	verb	3868	6.080
5267	ancestral	0	adj	3867	6.078
5268	resolução	0	noun	3867	6.078
5269	conviver	0	verb	3866	6.077
5270	exceder	0	verb	3865	6.075
5271	humilhação	0	noun	3865	6.075
5272	problemático	0	adj	3865	6.075
5273	cozer	0	verb	3864	6.073
5274	confiável	0	adj	3863	6.072
5275	metanfetamina	0	adj	3861	6.069
5276	viking	0	unk	3861	6.069
5277	flanco	0	noun	3856	6.061
5278	gin	0	unk	3856	6.061
5279	arquivar	0	verb	3853	6.056
5280	brisa	0	noun	3853	6.056
5281	transição	0	noun	3852	6.055
5282	assembleia	0	noun	3850	6.051
5283	faraó	0	unk	3849	6.050
5284	seminário	0	noun	3849	6.050
5285	eternamente	0	adv	3848	6.048
5286	filhote	0	unk	3848	6.048
5287	universal	0	adj	3844	6.042
5288	ente	0	unk	3843	6.040
5289	mútuo	0	noun	3842	6.039
5290	plantação	0	noun	3840	6.036
5291	poupança	0	noun	3840	6.036
5292	scanner	0	verb	3839	6.034
5293	rebanho	0	noun	3838	6.033
5294	exagerado	0	noun	3835	6.028
5295	doméstico	0	adj	3832	6.023
5296	candidatura	0	noun	3830	6.020
5297	ajuste	0	unk	3829	6.018
5298	consistente	0	adj	3828	6.017
5299	manifestação	0	noun	3826	6.014
5300	excepcional	0	adj	3825	6.012
5301	p'ra	0	noun	3823	6.009
5302	diariamente	0	adv	3822	6.007
5303	batimento	0	noun	3821	6.006
5304	imitação	0	noun	3821	6.006
5305	varinha	0	adj	3819	6.003
5306	radioativo	0	noun	3818	6.001
5307	atómico	0	adj	3816	5.998
5308	esperem esperem	1	mwe	3815	5.996
5309	parecias	0	unk	3815	5.996
5310	panfleto	0	noun	3814	5.995
5311	tiraa	0	unk	3814	5.995
5312	fraternidade	0	noun	3812	5.992
5313	participação	0	noun	3812	5.992
5314	perceção	0	noun	3810	5.989
5315	temor	0	unk	3809	5.987
5316	queroa	0	noun	3806	5.982
5317	citação	0	noun	3802	5.976
5318	espírito santo	1	mwe	3802	5.976
5319	isqueiro	0	noun	3802	5.976
5320	ocupação	0	noun	3802	5.976
5321	bem-estar	0	verb	3801	5.974
5322	comparação	0	noun	3800	5.973
5323	balançar	0	verb	3799	5.971
5324	deprimente	0	adv	3796	5.967
5325	sénior	0	unk	3795	5.965
5326	remar	0	verb	3794	5.963
5327	catástrofe	0	unk	3793	5.962
5328	verso	0	noun	3793	5.962
5329	your	0	unk	3793	5.962
5330	desesperadamente	0	adv	3791	5.959
5331	viatura	0	noun	3791	5.959
5332	averiguar	0	verb	3790	5.957
5333	penhasco	0	noun	3790	5.957
5334	mauzão	0	noun	3786	5.951
5335	bússola	0	noun	3785	5.949
5336	adjunto	0	noun	3784	5.948
5337	dançarina	0	adj	3784	5.948
5338	faísca	0	unk	3780	5.941
5339	urbano	0	adj	3779	5.940
5340	transcrição	0	noun	3776	5.935
5341	induzir	0	verb	3775	5.934
5342	estourar	0	verb	3774	5.932
5343	hás-de	0	noun	3774	5.932
5344	semelhança	0	noun	3774	5.932
5345	negativa	0	noun	3773	5.930
5346	enterro	0	noun	3772	5.929
5347	explorador	0	noun	3772	5.929
5348	navegação	0	noun	3772	5.929
5349	violino	0	adj	3771	5.927
5350	ames	0	unk	3770	5.926
5351	pouquinho	0	adj	3770	5.926
5352	desonrar	0	verb	3769	5.924
5353	desempregado	0	noun	3767	5.921
5354	oculto	0	noun	3765	5.918
5355	sida	0	noun	3765	5.918
5356	bailarina	0	adj	3763	5.915
5357	exterminar	0	verb	3763	5.915
5358	garfo	0	noun	3763	5.915
5359	regime	0	unk	3762	5.913
5360	traficar	0	verb	3762	5.913
5361	sushi	0	unk	3760	5.910
5362	bochecha	0	noun	3757	5.905
5363	mecânica	0	adj	3757	5.905
5364	resync	0	unk	3757	5.905
5365	vassoura	0	noun	3753	5.899
5366	comichão	0	noun	3752	5.897
5367	inventário	0	noun	3751	5.896
5368	paneleiro	0	noun	3750	5.894
5369	desandar	0	verb	3749	5.893
5370	pontuação	0	noun	3749	5.893
5371	soletrar	0	verb	3749	5.893
5372	eco	0	adj	3748	5.891
5373	bactéria	0	noun	3746	5.888
5374	fera	0	noun	3746	5.888
5375	inquérito	0	noun	3746	5.888
5376	concorrência	0	noun	3744	5.885
5377	dificultar	0	verb	3742	5.882
5378	mentor	0	unk	3740	5.879
5379	utilidade	0	noun	3740	5.879
5380	expresso	0	noun	3737	5.874
5381	maroto	0	noun	3735	5.871
5382	quântico	0	adj	3734	5.869
5383	arco-íris	0	unk	3732	5.866
5384	excitação	0	noun	3731	5.864
5385	invasor	0	unk	3730	5.863
5386	reles	0	unk	3728	5.860
5387	bufo	0	noun	3727	5.858
5388	castor	0	unk	3727	5.858
5389	escritura	0	noun	3724	5.853
5390	filtro	0	noun	3722	5.850
5391	memorial	0	adj	3721	5.849
5392	moço	0	noun	3721	5.849
5393	ocular	0	verb	3721	5.849
5394	térmico	0	adj	3720	5.847
5395	infiel	0	adj	3716	5.841
5396	lenha	0	noun	3714	5.838
5397	arterial	0	adj	3713	5.836
5398	safado	0	noun	3712	5.835
5399	colorir	0	verb	3711	5.833
5400	balança	0	noun	3710	5.831
5401	forças especiais	1	mwe	3708	5.828
5402	señor	0	unk	3708	5.828
5403	torrada	0	noun	3708	5.828
5404	cobaia	0	noun	3706	5.825
5405	manada	0	noun	3706	5.825
5406	nono	0	num	3706	5.825
5407	rã	0	unk	3702	5.819
5408	aah	0	unk	3701	5.817
5409	barraca	0	unk	3701	5.817
5410	administrador	0	noun	3700	5.816
5411	oposição	0	noun	3700	5.816
5412	tela	0	noun	3700	5.816
5413	convulsão	0	noun	3697	5.811
5414	cuidadosamente	0	adv	3695	5.808
5415	bosta	0	noun	3691	5.802
5416	simular	0	verb	3687	5.795
5417	habitar	0	verb	3683	5.789
5418	repleto	0	noun	3681	5.786
5419	ambiental	0	adj	3680	5.784
5420	acelerador	0	noun	3679	5.783
5421	magoaste	0	unk	3679	5.783
5422	zecacurto	0	noun	3679	5.783
5423	guardanapo	0	noun	3674	5.775
5424	consulado	0	noun	3673	5.773
5425	percentagem	0	noun	3673	5.773
5426	hão-de	0	noun	3672	5.772
5427	defensor	0	unk	3668	5.765
5428	ligadura	0	noun	3667	5.764
5429	espetador	0	noun	3666	5.762
5430	deveras	0	unk	3663	5.757
5431	dispensado	0	noun	3663	5.757
5432	recetor	0	unk	3663	5.757
5433	refazer	0	verb	3662	5.756
5434	académico	0	adj	3661	5.754
5435	olímpico	0	adj	3661	5.754
5436	gladiador	0	noun	3657	5.748
5437	emissão	0	noun	3656	5.746
5438	capuz	0	unk	3654	5.743
5439	irresponsável	0	adj	3654	5.743
5440	rancor	0	unk	3654	5.743
5441	sinais vitais	1	mwe	3653	5.742
5442	be	0	unk	3648	5.734
5443	seringa	0	noun	3645	5.729
5444	raça humana	1	mwe	3644	5.728
5445	beta	0	noun	3641	5.723
5446	raio-x	0	unk	3638	5.718
5447	regional	0	adj	3638	5.718
5448	alimentação	0	noun	3637	5.717
5449	conservador	0	noun	3637	5.717
5450	duzentos	0	unk	3637	5.717
5451	mania	0	noun	3637	5.717
5452	presidência	0	noun	3636	5.715
5453	nordeste	0	unk	3634	5.712
5454	rampa	0	noun	3632	5.709
5455	sequestro	0	noun	3631	5.707
5456	generosidade	0	noun	3629	5.704
5457	livraria	0	noun	3629	5.704
5458	governamental	0	adj	3627	5.701
5459	manchar	0	verb	3627	5.701
5460	agressor	0	unk	3626	5.699
5461	promissor	0	unk	3626	5.699
5462	revestir	0	verb	3624	5.696
5463	imprudente	0	adj	3622	5.693
5464	gratuito	0	noun	3621	5.691
5465	elo	0	noun	3620	5.690
5466	milícia	0	noun	3620	5.690
5467	silenciar	0	verb	3620	5.690
5468	útero	0	noun	3620	5.690
5469	astuto	0	noun	3619	5.688
5470	ex-namorada	0	noun	3618	5.687
5471	soberano	0	adj	3618	5.687
5472	apache	0	unk	3617	5.685
5473	reboque	0	unk	3617	5.685
5474	exploração	0	noun	3615	5.682
5475	coçar	0	verb	3613	5.679
5476	dançarino	0	adj	3613	5.679
5477	imune	0	unk	3613	5.679
5478	oral	0	adj	3613	5.679
5479	chi	0	unk	3608	5.671
5480	certidão	0	noun	3607	5.669
5481	judio	0	noun	3605	5.666
5482	klingon	0	unk	3605	5.666
5483	pergaminho	0	adj	3605	5.666
5484	colaboração	0	noun	3601	5.660
5485	profundeza	0	noun	3598	5.655
5486	coral	0	adj	3595	5.651
5487	manifesto	0	noun	3595	5.651
5488	tríade	0	noun	3595	5.651
5489	israelita	0	noun	3593	5.647
5490	proveito	0	noun	3593	5.647
5491	net	0	unk	3592	5.646
5492	propaganda	0	noun	3592	5.646
5493	apagado	0	noun	3591	5.644
5494	descontrolar	0	verb	3591	5.644
5495	ocidente	0	adj	3591	5.644
5496	longo prazo	1	mwe	3590	5.643
5497	precedente	0	adj	3587	5.638
5498	vulcano	0	adj	3587	5.638
5499	convicção	0	noun	3585	5.635
5500	projeção	0	noun	3585	5.635
5501	desvantagem	0	noun	3584	5.633
5502	ganância	0	noun	3584	5.633
5503	reaver	0	verb	3584	5.633
5504	cultural	0	adj	3583	5.632
5505	agentes federais	1	mwe	3580	5.627
5506	consumo	0	noun	3578	5.624
5507	teia	0	noun	3577	5.622
5508	tratado	0	noun	3577	5.622
5509	higiénico	0	adj	3575	5.619
5510	that	0	unk	3573	5.616
5511	crucificar	0	verb	3572	5.614
5512	destroçar	0	verb	3572	5.614
5513	desgosto	0	noun	3570	5.611
5514	eletromagnético	0	adj	3568	5.608
5515	viola	0	noun	3568	5.608
5516	salmão	0	noun	3567	5.607
5517	bum	0	unk	3565	5.603
5518	bonzinho	0	adj	3564	5.602
5519	invejar	0	verb	3564	5.602
5520	ova	0	noun	3564	5.602
5521	ascensão	0	noun	3563	5.600
5522	equipar	0	verb	3561	5.597
5523	diabólico	0	adj	3559	5.594
5524	grandeza	0	noun	3558	5.592
5525	boom	0	unk	3554	5.586
5526	estabelecimento	0	noun	3553	5.585
5527	nave espacial	1	mwe	3553	5.585
5528	aquário	0	noun	3549	5.578
5529	noroeste	0	unk	3547	5.575
5530	desfiladeiro	0	noun	3546	5.574
5531	avaria	0	noun	3542	5.567
5532	comediante	0	unk	3542	5.567
5533	documentário	0	noun	3542	5.567
5534	moldar	0	verb	3542	5.567
5535	pónei	0	unk	3542	5.567
5536	parcial	0	adj	3541	5.566
5537	venerar	0	verb	3541	5.566
5538	pulga	0	noun	3538	5.561
5539	punição	0	noun	3538	5.561
5540	mártir	0	verb	3536	5.558
5541	pen	0	unk	3535	5.556
5542	espertalhão	0	noun	3534	5.555
5543	reunido	0	noun	3534	5.555
5544	mimar	0	verb	3533	5.553
5545	subúrbio	0	noun	3532	5.552
5546	aperitivo	0	noun	3531	5.550
5547	barbear	0	verb	3531	5.550
5548	analgésico	0	adj	3528	5.545
5549	irmãozinho	0	adj	3526	5.542
5550	charro	0	noun	3525	5.541
5551	meigo	0	noun	3525	5.541
5552	desejoso	0	adj	3521	5.534
5553	ex-namorado	0	noun	3520	5.533
5554	karma	0	noun	3520	5.533
5555	eixo	0	noun	3519	5.531
5556	crueldade	0	noun	3518	5.530
5557	esteroide	0	noun	3517	5.528
5558	leito	0	noun	3517	5.528
5559	grelha	0	noun	3516	5.526
5560	home	0	unk	3515	5.525
5561	medula	0	noun	3515	5.525
5562	estagiário	0	noun	3511	5.519
5563	tesão	0	noun	3511	5.519
5564	cru	0	unk	3510	5.517
5565	chumbar	0	verb	3509	5.515
5566	escorpião	0	noun	3508	5.514
5567	sereia	0	noun	3506	5.511
5568	disfarçado	0	noun	3505	5.509
5569	pêssego	0	noun	3505	5.509
5570	tango	0	noun	3503	5.506
5571	admirador	0	noun	3502	5.504
5572	maço	0	noun	3502	5.504
5573	poça	0	noun	3501	5.503
5574	rebuçado	0	noun	3500	5.501
5575	rapar	0	verb	3499	5.500
5576	trincheira	0	noun	3499	5.500
5577	ajudinha	0	adj	3498	5.498
5578	humilhante	0	unk	3498	5.498
5579	terminado	0	noun	3497	5.497
5580	colisão	0	noun	3496	5.495
5581	mini	0	unk	3496	5.495
5582	facada	0	noun	3495	5.493
5583	âncora	0	noun	3494	5.492
5584	traiçoeiro	0	noun	3493	5.490
5585	furo	0	noun	3492	5.489
5586	lema	0	noun	3492	5.489
5587	perverter	0	verb	3492	5.489
5588	vereador	0	noun	3492	5.489
5589	aleijado	0	noun	3491	5.487
5590	comerciante	0	unk	3491	5.487
5591	comparecer	0	verb	3490	5.486
5592	remo	0	noun	3490	5.486
5593	sensibilidade	0	noun	3489	5.484
5594	discrição	0	noun	3488	5.482
5595	noutras	0	unk	3488	5.482
5596	sudoeste	0	unk	3485	5.478
5597	vala	0	noun	3483	5.475
5598	bastidor	0	noun	3482	5.473
5599	experimental	0	adj	3482	5.473
5600	sondagem	0	noun	3481	5.471
5601	apagão	0	noun	3480	5.470
5602	despedaçar	0	verb	3480	5.470
5603	subitamente	0	adv	3480	5.470
5604	tropical	0	adj	3480	5.470
5605	instruir	0	verb	3476	5.464
5606	salgado	0	noun	3476	5.464
5607	cruzada	0	noun	3472	5.457
5608	light	0	unk	3471	5.456
5609	cirúrgico	0	adj	3469	5.453
5610	maléfico	0	adj	3469	5.453
5611	manifestar	0	verb	3468	5.451
5612	levoa	0	noun	3467	5.449
5613	asteroide	0	noun	3466	5.448
5614	relativo	0	noun	3466	5.448
5615	rima	0	noun	3466	5.448
5616	emergir	0	verb	3464	5.445
5617	pratear	0	verb	3461	5.440
5618	definitivo	0	noun	3460	5.438
5619	recipiente	0	adj	3460	5.438
5620	sessenta	0	num	3459	5.437
5621	intuição	0	noun	3458	5.435
5622	high	0	unk	3457	5.434
5623	facilidade	0	noun	3456	5.432
5624	compreensível	0	adj	3453	5.427
5625	corromper	0	verb	3450	5.423
5626	dardo	0	noun	3450	5.423
5627	epidemia	0	noun	3450	5.423
5628	caloiro	0	noun	3449	5.421
5629	consentimento	0	noun	3448	5.420
5630	medalhão	0	noun	3447	5.418
5631	persuadir	0	verb	3447	5.418
5632	solucionar	0	verb	3447	5.418
5633	previsível	0	adj	3445	5.415
5634	injustiça	0	noun	3443	5.412
5635	negação	0	noun	3443	5.412
5636	utilizador	0	noun	3443	5.412
5637	florescer	0	verb	3441	5.409
5638	mercado negro	1	mwe	3440	5.407
5639	abdominal	0	adj	3439	5.405
5640	ingrato	0	noun	3438	5.404
5641	hippie	0	unk	3436	5.401
5642	contagioso	0	adj	3432	5.394
5643	min	0	unk	3432	5.394
5644	adesivo	0	noun	3430	5.391
5645	velar	0	verb	3430	5.391
5646	desprezível	0	adj	3429	5.390
5647	foco	0	noun	3429	5.390
5648	submundo	0	noun	3429	5.390
5649	warp	0	unk	3428	5.388
5650	infernal	0	adj	3424	5.382
5651	levoua	0	noun	3424	5.382
5652	odor	0	noun	3424	5.382
5653	lunar	0	verb	3423	5.380
5654	panda	0	noun	3422	5.379
5655	virtual	0	adj	3422	5.379
5656	dissolver	0	verb	3420	5.376
5657	enjoar	0	verb	3418	5.372
5658	vara	0	noun	3417	5.371
5659	bonitão	0	noun	3415	5.368
5660	gole	0	unk	3414	5.366
5661	teta	0	noun	3414	5.366
5662	preparativo	0	noun	3413	5.365
5663	abismo	0	noun	3412	5.363
5664	shh	0	unk	3412	5.363
5665	mosquito	0	noun	3411	5.361
5666	abafar	0	verb	3410	5.360
5667	controlador	0	noun	3410	5.360
5668	sucata	0	noun	3410	5.360
5669	contexto	0	noun	3409	5.358
5670	decapitar	0	verb	3408	5.357
5671	maca	0	unk	3403	5.349
5672	peido	0	noun	3403	5.349
5673	operário	0	noun	3402	5.347
5674	salva-vidas	0	unk	3400	5.344
5675	rendição	0	noun	3399	5.343
5676	coreano	0	adj	3398	5.341
5677	repentino	0	adj	3398	5.341
5678	traumatismo	0	noun	3394	5.335
5679	mafioso	0	adj	3391	5.330
5680	carteiro	0	noun	3390	5.328
5681	foguetão	0	noun	3390	5.328
5682	rapidez	0	unk	3390	5.328
5683	charmoso	0	adj	3386	5.322
5684	jardineiro	0	noun	3384	5.319
5685	redimir	0	verb	3383	5.317
5686	desempenhar	0	verb	3382	5.316
5687	espontâneo	0	noun	3382	5.316
5688	bin	0	unk	3381	5.314
5689	abutre	0	unk	3380	5.313
5690	engraçadinho	0	adj	3379	5.311
5691	parceria	0	noun	3379	5.311
5692	estupendo	0	noun	3378	5.310
5693	vago	0	noun	3378	5.310
5694	enfurecer	0	verb	3377	5.308
5695	composição	0	noun	3375	5.305
5696	deixeia	0	noun	3375	5.305
5697	espertinho	0	adj	3375	5.305
5698	espuma	0	noun	3375	5.305
5699	parlamento	0	noun	3375	5.305
5700	colombiano	0	adj	3374	5.303
5701	jurado	0	noun	3373	5.302
5702	arrepio	0	noun	3370	5.297
5703	determinação	0	noun	3370	5.297
5704	fortalecer	0	verb	3370	5.297
5705	masmorra	0	noun	3370	5.297
5706	cozinheira	0	noun	3368	5.294
5707	erupção	0	noun	3368	5.294
5708	intrigar	0	verb	3368	5.294
5709	interrupção	0	noun	3366	5.291
5710	inapropriado	0	noun	3365	5.289
5711	pote	0	unk	3365	5.289
5712	inquilino	0	adj	3361	5.283
5713	pressentir	0	verb	3361	5.283
5714	arrogância	0	noun	3360	5.281
5715	grosseiro	0	noun	3360	5.281
5716	marcado	0	noun	3360	5.281
5717	descida	0	noun	3359	5.280
5718	spray	0	unk	3355	5.273
5719	temporariamente	0	adv	3354	5.272
5720	entidade	0	noun	3352	5.269
5721	ração	0	noun	3351	5.267
5722	contribuição	0	noun	3349	5.264
5723	prático	0	adj	3349	5.264
5724	abastecer	0	verb	3348	5.262
5725	apelar	0	verb	3348	5.262
5726	impaciente	0	adj	3345	5.258
5727	trajetória	0	noun	3345	5.258
5728	saldo	0	noun	3343	5.255
5729	tostão	0	noun	3342	5.253
5730	variedade	0	noun	3341	5.251
5731	naquelas	0	unk	3339	5.248
5732	amassar	0	verb	3336	5.244
5733	codificar	0	verb	3336	5.244
5734	hormona	0	noun	3335	5.242
5735	energético	0	adj	3334	5.240
5736	sobrancelha	0	noun	3333	5.239
5737	abastecimento	0	noun	3332	5.237
5738	infantaria	0	noun	3332	5.237
5739	avance	0	unk	3330	5.234
5740	unidas	0	unk	3330	5.234
5741	aperfeiçoar	0	verb	3329	5.233
5742	argumentar	0	verb	3329	5.233
5743	orar	0	verb	3329	5.233
5744	cauteloso	0	adj	3327	5.229
5745	cerco	0	noun	3327	5.229
5746	quartel-general	0	adj	3326	5.228
5747	admissão	0	noun	3323	5.223
5748	ginástica	0	adj	3322	5.222
5749	bombista	0	noun	3319	5.217
5750	encenar	0	verb	3319	5.217
5751	amuleto	0	noun	3318	5.215
5752	sossegar	0	verb	3317	5.214
5753	perícia	0	noun	3313	5.207
5754	publicamente	0	adv	3313	5.207
5755	curvar	0	verb	3310	5.203
5756	ampliar	0	verb	3309	5.201
5757	portador	0	noun	3309	5.201
5758	saca	0	unk	3309	5.201
5759	cómico	0	adj	3308	5.200
5760	vagão	0	noun	3307	5.198
5761	persa	0	noun	3303	5.192
5762	propulsor	0	unk	3303	5.192
5763	espia	0	noun	3302	5.190
5764	nuca	0	unk	3302	5.190
5765	ganso	0	noun	3301	5.189
5766	rap	0	unk	3301	5.189
5767	revólver	0	verb	3301	5.189
5768	tributo	0	noun	3301	5.189
5769	bronze	0	unk	3300	5.187
5770	clínico	0	adj	3298	5.184
5771	limonada	0	noun	3298	5.184
5772	reviver	0	verb	3298	5.184
5773	ânimo	0	noun	3295	5.179
5774	porquinho	0	adj	3294	5.177
5775	rogar	0	verb	3294	5.177
5776	paranoia	0	noun	3293	5.176
5777	picada	0	noun	3292	5.174
5778	saia daí	1	mwe	3292	5.174
5779	mutilar	0	verb	3291	5.173
5780	alargar	0	verb	3290	5.171
5781	spa	0	noun	3289	5.170
5782	emocionado	0	noun	3288	5.168
5783	lsto	0	noun	3286	5.165
5784	sutiã	0	unk	3286	5.165
5785	ousado	0	noun	3285	5.163
5786	presunto	0	noun	3285	5.163
5787	residir	0	verb	3285	5.163
5788	ventre	0	unk	3285	5.163
5789	costeleta	0	noun	3283	5.160
5790	entornar	0	verb	3281	5.157
5791	virgindade	0	noun	3281	5.157
5792	fry	0	unk	3277	5.151
5793	tocha	0	noun	3277	5.151
5794	night	0	unk	3276	5.149
5795	sentinela	0	noun	3276	5.149
5796	round	0	unk	3275	5.148
5797	liberal	0	adj	3274	5.146
5798	minhoca	0	noun	3273	5.144
5799	memorizar	0	verb	3272	5.143
5800	educado	0	noun	3268	5.137
5801	secretamente	0	adv	3266	5.133
5802	combatente	0	adj	3265	5.132
5803	trocado	0	noun	3265	5.132
5804	destruidor	0	noun	3264	5.130
5805	antiquar	0	verb	3262	5.127
5806	bisbilhotar	0	verb	3262	5.127
5807	carinhoso	0	adj	3261	5.126
5808	boi	0	unk	3260	5.124
5809	vampira	0	noun	3260	5.124
5810	ordinário	0	noun	3259	5.122
5811	motivar	0	verb	3258	5.121
5812	proximidade	0	noun	3258	5.121
5813	chiça	0	noun	3257	5.119
5814	alavanca	0	unk	3254	5.115
5815	novinho	0	adj	3254	5.115
5816	terraço	0	noun	3252	5.111
5817	contenção	0	noun	3251	5.110
5818	fedor	0	noun	3250	5.108
5819	histérico	0	adj	3249	5.107
5820	suposição	0	noun	3246	5.102
5821	feder	0	verb	3245	5.100
5822	coruja	0	noun	3243	5.097
5823	montagem	0	noun	3242	5.096
5824	alfândega	0	noun	3241	5.094
5825	rigoroso	0	adj	3241	5.094
5826	andamento	0	noun	3240	5.093
5827	parir	0	verb	3239	5.091
5828	senhorio	0	noun	3239	5.091
5829	tosse	0	unk	3236	5.086
5830	admirável	0	adj	3234	5.083
5831	cachimbo	0	noun	3231	5.078
5832	impostor	0	unk	3231	5.078
5833	quadrante	0	unk	3229	5.075
5834	rijo	0	noun	3228	5.074
5835	esfolar	0	verb	3227	5.072
5836	panela	0	noun	3226	5.071
5837	sudeste	0	unk	3225	5.069
5838	afirmação	0	noun	3224	5.067
5839	fornicar	0	verb	3223	5.066
5840	enriquecer	0	verb	3222	5.064
5841	geleia	0	noun	3222	5.064
5842	vergonhoso	0	adj	3221	5.063
5843	brando	0	noun	3220	5.061
5844	apelo	0	noun	3219	5.060
5845	escape	0	unk	3219	5.060
5846	demoníaco	0	noun	3218	5.058
5847	empenhado	0	noun	3218	5.058
5848	coleira	0	noun	3217	5.056
5849	postura	0	noun	3216	5.055
5850	denso	0	noun	3214	5.052
5851	excessivo	0	noun	3214	5.052
5852	estranhamente	0	adv	3213	5.050
5853	avozinha	0	adj	3212	5.049
5854	taxista	0	noun	3212	5.049
5855	desembarcar	0	verb	3211	5.047
5856	ohh	0	unk	3211	5.047
5857	cume	0	unk	3210	5.045
5858	doador	0	noun	3210	5.045
5859	aniquilar	0	verb	3209	5.044
5860	lucrar	0	verb	3206	5.039
5861	nato	0	noun	3206	5.039
5862	chicote	0	unk	3205	5.038
5863	neutro	0	noun	3205	5.038
5864	canalizador	0	noun	3204	5.036
5865	armazenar	0	verb	3203	5.034
5866	condolência	0	noun	3202	5.033
5867	embalagem	0	noun	3202	5.033
5868	construtor	0	unk	3200	5.030
5869	crescente	0	adj	3200	5.030
5870	espectro	0	noun	3198	5.027
5871	falsificação	0	noun	3198	5.027
5872	rochedo	0	noun	3197	5.025
5873	carvalho	0	noun	3196	5.023
5874	coca-cola	0	noun	3196	5.023
5875	bora	0	noun	3195	5.022
5876	ressonância	0	noun	3195	5.022
5877	apto	0	noun	3194	5.020
5878	caçadeira	0	noun	3193	5.019
5879	embarque	0	unk	3193	5.019
5880	remediar	0	verb	3193	5.019
5881	convir	0	verb	3192	5.017
5882	multiplicar	0	verb	3191	5.016
5883	rabino	0	adj	3191	5.016
5884	direitinho	0	adj	3190	5.014
5885	manto	0	noun	3187	5.009
5886	relações sexuais	1	mwe	3187	5.009
5887	relíquia	0	noun	3187	5.009
5888	caveira	0	noun	3186	5.008
5889	wraith	0	unk	3186	5.008
5890	rendar	0	verb	3185	5.006
5891	interpretação	0	noun	3184	5.005
5892	mortos-vivos	0	unk	3184	5.005
5893	árbitro	0	noun	3184	5.005
5894	design	0	unk	3182	5.001
5895	ignorância	0	noun	3181	5.000
5896	similar	0	verb	3180	4.998
5897	bandeja	0	noun	3179	4.997
5898	destemido	0	noun	3178	4.995
5899	pantera	0	noun	3176	4.992
5900	australiano	0	adj	3175	4.990
5901	caracol	0	unk	3175	4.990
5902	ofício	0	noun	3174	4.989
5903	tabela	0	noun	3173	4.987
5904	surf	0	unk	3171	4.984
5905	sucedido	0	noun	3169	4.981
5906	guarda costeira	1	mwe	3168	4.979
5907	convento	0	noun	3164	4.973
5908	desencadear	0	verb	3163	4.972
5909	trigo	0	noun	3163	4.972
5910	babar	0	verb	3162	4.970
5911	caçadora	0	noun	3160	4.967
5912	tenhoa	0	noun	3160	4.967
5913	castanha	0	noun	3156	4.961
5914	lucrativo	0	noun	3156	4.961
5915	bengala	0	noun	3154	4.957
5916	mostarda	0	noun	3154	4.957
5917	desconfiado	0	noun	3153	4.956
5918	isca	0	unk	3147	4.946
5919	supervisão	0	noun	3147	4.946
5920	mataa	0	unk	3146	4.945
5921	frontal	0	adj	3145	4.943
5922	tralha	0	noun	3144	4.942
5923	desprezo	0	unk	3143	4.940
5924	canadiano	0	adj	3142	4.939
5925	esmurrar	0	verb	3142	4.939
5926	expansão	0	noun	3140	4.935
5927	especializar	0	verb	3139	4.934
5928	pervertido	0	noun	3139	4.934
5929	ostra	0	noun	3137	4.931
5930	bombardeamento	0	noun	3136	4.929
5931	estalar	0	verb	3132	4.923
5932	psicótico	0	adj	3132	4.923
5933	átomo	0	noun	3131	4.921
5934	copa	0	noun	3128	4.917
5935	roer	0	verb	3128	4.917
5936	deriva	0	noun	3126	4.913
5937	enfarte	0	unk	3126	4.913
5938	mosqueteiro	0	noun	3126	4.913
5939	agonia	0	noun	3122	4.907
5940	destruído	0	noun	3122	4.907
5941	batido	0	noun	3121	4.906
5942	favorecer	0	verb	3119	4.902
5943	implantar	0	verb	3119	4.902
5944	cordão	0	noun	3118	4.901
5945	agudo	0	adj	3117	4.899
5946	comovente	0	adj	3116	4.898
5947	gangster	0	verb	3116	4.898
5948	abençoado	0	noun	3115	4.896
5949	manuscrito	0	noun	3114	4.895
5950	átrio	0	noun	3113	4.893
5951	exagero	0	noun	3110	4.888
5952	exigente	0	adj	3110	4.888
5953	smoking	0	unk	3107	4.884
5954	cercado	0	noun	3105	4.880
5955	chaminé	0	unk	3105	4.880
5956	delícia	0	noun	3104	4.879
5957	patrulhar	0	verb	3104	4.879
5958	triunfo	0	noun	3104	4.879
5959	bridge	0	unk	3102	4.876
5960	regar	0	verb	3101	4.874
5961	sirene	0	unk	3098	4.869
5962	primar	0	verb	3097	4.868
5963	reabrir	0	verb	3097	4.868
5964	rutura	0	noun	3096	4.866
5965	caminhão	0	noun	3093	4.862
5966	exprimir	0	verb	3092	4.860
5967	saque	0	unk	3092	4.860
5968	conexão	0	noun	3091	4.858
5969	licenciar	0	verb	3091	4.858
5970	dezoito	0	num	3088	4.854
5971	dador	0	noun	3087	4.852
5972	mosteiro	0	noun	3087	4.852
5973	amorzinho	0	adj	3084	4.847
5974	entravar	0	verb	3084	4.847
5975	todo-poderoso	0	adj	3084	4.847
5976	sã	0	unk	3080	4.841
5977	furtivo	0	noun	3079	4.840
5978	clareza	0	noun	3078	4.838
5979	procurador-geral	0	adj	3078	4.838
5980	informática	0	adj	3076	4.835
5981	inspirador	0	noun	3075	4.833
5982	muscular	0	verb	3075	4.833
5983	take	0	unk	3071	4.827
5984	ponderar	0	verb	3069	4.824
5985	with	0	unk	3069	4.824
5986	deixoua	0	noun	3068	4.822
5987	documentar	0	verb	3065	4.818
5988	instrutor	0	unk	3065	4.818
5989	algoritmo	0	noun	3064	4.816
5990	rameira	0	noun	3064	4.816
5991	fortemente	0	adv	3063	4.814
5992	dossier	0	verb	3062	4.813
5993	mergulhador	0	noun	3062	4.813
5994	tacada	0	noun	3062	4.813
5995	destrancar	0	verb	3061	4.811
5996	iogurte	0	unk	3059	4.808
5997	impotente	0	adj	3058	4.807
5998	contrair	0	verb	3055	4.802
5999	programação	0	noun	3054	4.800
6000	lima	0	noun	3053	4.799
6001	circulação	0	noun	3051	4.796
6002	exterminador	0	noun	3051	4.796
6003	lixeira	0	noun	3045	4.786
6004	sorria	0	noun	3045	4.786
6005	hematoma	0	noun	3044	4.785
6006	devidamente	0	adv	3043	4.783
6007	farinha	0	adj	3042	4.781
6008	ervilha	0	noun	3041	4.780
6009	confortar	0	verb	3040	4.778
6010	moção	0	noun	3040	4.778
6011	mortífero	0	noun	3039	4.777
6012	bombardeiro	0	noun	3038	4.775
6013	considerável	0	adj	3038	4.775
6014	forasteiro	0	noun	3038	4.775
6015	trenó	0	unk	3038	4.775
6016	fatura	0	noun	3037	4.774
6017	sobrecarregar	0	verb	3037	4.774
6018	realeza	0	noun	3035	4.770
6019	gravemente	0	adv	3034	4.769
6020	espelunca	0	unk	3033	4.767
6021	dezasseis	0	num	3031	4.764
6022	matador	0	noun	3031	4.764
6023	radiante	0	unk	3031	4.764
6024	múmia	0	noun	3030	4.763
6025	moribundo	0	noun	3029	4.761
6026	alojamento	0	noun	3028	4.759
6027	tigela	0	noun	3027	4.758
6028	aprisionar	0	verb	3025	4.755
6029	escultura	0	noun	3025	4.755
6030	matinal	0	adj	3025	4.755
6031	bon	0	unk	3024	4.753
6032	veloz	0	unk	3024	4.753
6033	despercebido	0	noun	3023	4.752
6034	ripostar	0	verb	3023	4.752
6035	barragem	0	noun	3022	4.750
6036	rotação	0	noun	3022	4.750
6037	suicido	0	noun	3022	4.750
6038	empregar	0	verb	3020	4.747
6039	mmm	0	unk	3020	4.747
6040	more	0	unk	3020	4.747
6041	apresentar queixa	1	mwe	3019	4.745
6042	incompetente	0	adj	3019	4.745
6043	desordem	0	noun	3018	4.744
6044	excêntrico	0	adj	3018	4.744
6045	etapa	0	noun	3014	4.737
6046	assuntos internos	1	mwe	3011	4.733
6047	drenar	0	verb	3010	4.731
6048	crente	0	adj	3008	4.728
6049	extorsão	0	noun	3008	4.728
6050	celeste	0	unk	3007	4.726
6051	mentalmente	0	adv	3007	4.726
6052	prefeito	0	noun	3007	4.726
6053	mariquinhas	0	unk	3006	4.725
6054	meia dúzia	1	mwe	3006	4.725
6055	barman	0	unk	3005	4.723
6056	javali	0	unk	3004	4.722
6057	desabafar	0	verb	2995	4.708
6058	sensacional	0	adj	2995	4.708
6059	fraquinho	0	adj	2994	4.706
6060	monumento	0	noun	2994	4.706
6061	funcionamento	0	noun	2990	4.700
6062	fungo	0	noun	2988	4.697
6063	esboço	0	noun	2987	4.695
6064	espremer	0	verb	2987	4.695
6065	irracional	0	adj	2986	4.693
6066	incentivo	0	noun	2983	4.689
6067	cómodo	0	noun	2982	4.687
6068	navalha	0	noun	2982	4.687
6069	ianque	0	unk	2981	4.686
6070	intimidade	0	noun	2980	4.684
6071	tremor	0	unk	2980	4.684
6072	calmamente	0	adv	2979	4.682
6073	conectar	0	verb	2978	4.681
6074	maestro	0	noun	2978	4.681
6075	aquisição	0	noun	2977	4.679
6076	bravura	0	noun	2976	4.678
6077	erótico	0	adj	2975	4.676
6078	jurídico	0	adj	2975	4.676
6079	absolver	0	verb	2974	4.675
6080	lamentável	0	adj	2973	4.673
6081	disco rígido	1	mwe	2972	4.671
6082	agitação	0	noun	2970	4.668
6083	mercê	0	unk	2969	4.667
6084	manicómio	0	noun	2967	4.664
6085	jarda	0	noun	2966	4.662
6086	búfalo	0	noun	2965	4.660
6087	estimular	0	verb	2965	4.660
6088	porcento	0	noun	2965	4.660
6089	coletivo	0	noun	2964	4.659
6090	reprimir	0	verb	2964	4.659
6091	duquesa	0	adj	2963	4.657
6092	prostituição	0	noun	2963	4.657
6093	deslumbrante	0	unk	2961	4.654
6094	queque	0	unk	2960	4.653
6095	épico	0	adj	2960	4.653
6096	zoom	0	unk	2959	4.651
6097	tese	0	unk	2958	4.649
6098	artes marciais	1	mwe	2957	4.648
6099	bug	0	unk	2957	4.648
6100	contusão	0	noun	2956	4.646
6101	discordo	0	noun	2955	4.645
6102	maratona	0	noun	2954	4.643
6103	cisne	0	unk	2951	4.638
6104	intermediário	0	noun	2951	4.638
6105	véu	0	unk	2951	4.638
6106	desonesto	0	noun	2948	4.634
6107	marketing	0	unk	2946	4.631
6108	prosperar	0	verb	2946	4.631
6109	credível	0	adj	2944	4.627
6110	liberar	0	verb	2943	4.626
6111	skate	0	unk	2943	4.626
6112	horroroso	0	adj	2941	4.623
6113	tripa	0	noun	2940	4.621
6114	palavrão	0	noun	2938	4.618
6115	cansativo	0	noun	2936	4.615
6116	delito	0	noun	2935	4.613
6117	kms	0	unk	2935	4.613
6118	memorando	0	noun	2935	4.613
6119	en	0	unk	2934	4.612
6120	recreio	0	noun	2933	4.610
6121	requisitar	0	verb	2933	4.610
6122	ursinho	0	adj	2932	4.609
6123	destinar	0	verb	2931	4.607
6124	admirado	0	noun	2930	4.605
6125	milímetro	0	noun	2930	4.605
6126	stop	0	unk	2930	4.605
6127	suado	0	noun	2930	4.605
6128	amarrado	0	noun	2927	4.601
6129	credibilidade	0	noun	2927	4.601
6130	impune	0	unk	2927	4.601
6131	mineral	0	adj	2927	4.601
6132	apoiado	0	noun	2926	4.599
6133	discípulo	0	noun	2926	4.599
6134	derradeiro	0	noun	2923	4.594
6135	apito	0	noun	2922	4.593
6136	barbeiro	0	noun	2918	4.587
6137	ogre	0	unk	2918	4.587
6138	dó	0	unk	2917	4.585
6139	bilhar	0	verb	2915	4.582
6140	indiferente	0	adj	2914	4.580
6141	piratear	0	verb	2914	4.580
6142	assédio	0	noun	2913	4.579
6143	mãozinha	0	adj	2913	4.579
6144	maciço	0	noun	2912	4.577
6145	nevar	0	verb	2912	4.577
6146	tirano	0	adj	2909	4.572
6147	pornográfico	0	adj	2907	4.569
6148	roto	0	noun	2905	4.566
6149	anotação	0	noun	2904	4.564
6150	flexível	0	adj	2904	4.564
6151	provado	0	noun	2903	4.563
6152	associado	0	noun	2901	4.560
6153	náusea	0	unk	2901	4.560
6154	foleiro	0	noun	2899	4.557
6155	àquilo	0	noun	2899	4.557
6156	exposto	0	noun	2898	4.555
6157	meteorito	0	noun	2896	4.552
6158	carneiro	0	noun	2895	4.550
6159	dedicação	0	noun	2895	4.550
6160	revoltar	0	verb	2895	4.550
6161	engasgar	0	verb	2894	4.549
6162	cegar	0	verb	2893	4.547
6163	papo	0	noun	2893	4.547
6164	paranormal	0	adj	2892	4.546
6165	wc	0	unk	2892	4.546
6166	marshal	0	adj	2891	4.544
6167	nerd	0	unk	2888	4.539
6168	trator	0	unk	2888	4.539
6169	arodri	0	unk	2887	4.538
6170	brecha	0	noun	2887	4.538
6171	reviravolta	0	noun	2887	4.538
6172	orcs	0	unk	2885	4.535
6173	seguramente	0	adv	2883	4.531
6174	tinto	0	noun	2883	4.531
6175	familiarizado	0	noun	2882	4.530
6176	dilema	0	noun	2880	4.527
6177	tresandar	0	verb	2880	4.527
6178	migalha	0	noun	2879	4.525
6179	espalhado	0	noun	2878	4.524
6180	melhora	0	noun	2878	4.524
6181	porte	0	unk	2878	4.524
6182	misericordioso	0	adj	2877	4.522
6183	buraco negro	1	mwe	2876	4.520
6184	carpete	0	unk	2876	4.520
6185	especulação	0	noun	2876	4.520
6186	fascista	0	noun	2875	4.519
6187	oráculo	0	noun	2875	4.519
6188	coiote	0	unk	2874	4.517
6189	competente	0	adj	2873	4.516
6190	catálogo	0	noun	2871	4.513
6191	aspirar	0	verb	2870	4.511
6192	resumo	0	noun	2868	4.508
6193	esponja	0	noun	2867	4.506
6194	bonitinho	0	adj	2863	4.500
6195	contador	0	noun	2862	4.498
6196	informático	0	adj	2861	4.497
6197	atear	0	verb	2858	4.492
6198	legume	0	unk	2857	4.491
6199	sueco	0	adj	2856	4.489
6200	empurrão	0	noun	2855	4.487
6201	gueto	0	noun	2855	4.487
6202	reta	0	noun	2855	4.487
6203	catedral	0	adj	2854	4.486
6204	sinceridade	0	noun	2854	4.486
6205	lã	0	unk	2853	4.484
6206	manta	0	noun	2850	4.480
6207	cósmico	0	adj	2849	4.478
6208	eleitor	0	unk	2849	4.478
6209	convencional	0	adj	2848	4.476
6210	instantâneo	0	noun	2848	4.476
6211	disciplinar	0	verb	2846	4.473
6212	esvair	0	verb	2846	4.473
6213	melodia	0	noun	2846	4.473
6214	respiratório	0	noun	2844	4.470
6215	vibrar	0	verb	2844	4.470
6216	pairar	0	verb	2843	4.469
6217	convidada	0	noun	2841	4.465
6218	cratera	0	noun	2841	4.465
6219	prudente	0	adj	2840	4.464
6220	ilimitado	0	noun	2839	4.462
6221	imortalidade	0	noun	2838	4.461
6222	recriar	0	verb	2838	4.461
6223	frequente	0	adj	2837	4.459
6224	paralisar	0	verb	2833	4.453
6225	pedrada	0	noun	2833	4.453
6226	fodida	0	noun	2832	4.451
6227	humidade	0	noun	2827	4.443
6228	balística	0	adj	2826	4.442
6229	triunfar	0	verb	2826	4.442
6230	tampão	0	noun	2825	4.440
6231	tellos	0	unk	2825	4.440
6232	anal	0	adj	2824	4.439
6233	anestesia	0	noun	2824	4.439
6234	surto	0	noun	2824	4.439
6235	purificar	0	verb	2822	4.436
6236	cálice	0	noun	2817	4.428
6237	fogão	0	noun	2817	4.428
6238	aposentar	0	verb	2816	4.426
6239	expulso	0	unk	2816	4.426
6240	justamente	0	adv	2816	4.426
6241	oitenta	0	num	2816	4.426
6242	regularmente	0	adv	2815	4.425
6243	subconsciente	0	adj	2815	4.425
6244	magricela	0	noun	2814	4.423
6245	esposo	0	adj	2810	4.417
6246	revirar	0	verb	2810	4.417
6247	virado	0	noun	2809	4.415
6248	cristã	0	unk	2808	4.414
6249	liquidar	0	verb	2807	4.412
6250	tranquilizante	0	unk	2807	4.412
6251	caramelo	0	noun	2805	4.409
6252	petição	0	noun	2805	4.409
6253	pagão	0	noun	2804	4.407
6254	fosso	0	noun	2803	4.406
6255	ocasionalmente	0	adv	2802	4.404
6256	reconfortante	0	unk	2799	4.399
6257	twitter	0	verb	2798	4.398
6258	cautela	0	noun	2797	4.396
6259	pugilista	0	noun	2795	4.393
6260	acariciar	0	verb	2793	4.390
6261	privada	0	noun	2793	4.390
6262	abdómen	0	unk	2791	4.387
6263	feitio	0	noun	2791	4.387
6264	forças armadas	1	mwe	2791	4.387
6265	aquático	0	adj	2789	4.384
6266	sacudir	0	verb	2788	4.382
6267	maia	0	noun	2787	4.381
6268	financiamento	0	noun	2786	4.379
6269	ressurreição	0	noun	2786	4.379
6270	engenho	0	noun	2784	4.376
6271	tentador	0	noun	2784	4.376
6272	felicitar	0	verb	2783	4.374
6273	repousar	0	verb	2783	4.374
6274	web	0	unk	2783	4.374
6275	esparguete	0	unk	2782	4.373
6276	inauguração	0	noun	2781	4.371
6277	bilionário	0	noun	2780	4.370
6278	igualdade	0	noun	2779	4.368
6279	speed	0	unk	2779	4.368
6280	samaritano	0	adj	2778	4.366
6281	gostoso	0	adj	2777	4.365
6282	artifício	0	noun	2776	4.363
6283	livremente	0	adv	2776	4.363
6284	prisional	0	adj	2776	4.363
6285	programado	0	noun	2774	4.360
6286	delirar	0	verb	2773	4.359
6287	fins-de-semana	0	adj	2771	4.355
6288	prematuro	0	noun	2770	4.354
6289	réplica	0	adj	2770	4.354
6290	duvidoso	0	adj	2769	4.352
6291	catorze	0	num	2768	4.351
6292	polegada	0	noun	2767	4.349
6293	falido	0	noun	2766	4.348
6294	alpendre	0	unk	2764	4.344
6295	bourbon	0	unk	2764	4.344
6296	chifre	0	unk	2764	4.344
6297	loiro	0	noun	2764	4.344
6298	descodificar	0	verb	2762	4.341
6299	estimativa	0	noun	2761	4.340
6300	tantas saudades	1	mwe	2761	4.340
6301	casual	0	adj	2759	4.337
6302	moinho	0	adj	2758	4.335
6303	patrocinador	0	noun	2757	4.333
6304	chapa	0	noun	2756	4.332
6305	agarrado	0	noun	2755	4.330
6306	torneira	0	noun	2755	4.330
6307	link	0	unk	2754	4.329
6308	reclamação	0	noun	2754	4.329
6309	macarrão	0	noun	2752	4.326
6310	matraca	0	unk	2752	4.326
6311	deceção	0	noun	2751	4.324
6312	redução	0	noun	2750	4.322
6313	transportador	0	noun	2750	4.322
6314	avante	0	unk	2749	4.321
6315	aparição	0	noun	2748	4.319
6316	out	0	unk	2747	4.318
6317	reinado	0	noun	2747	4.318
6318	sonhador	0	noun	2747	4.318
6319	biopsia	0	noun	2746	4.316
6320	evidentemente	0	adv	2746	4.316
6321	recitar	0	verb	2745	4.315
6322	reconstrução	0	noun	2745	4.315
6323	fascinar	0	verb	2743	4.311
6324	arranque	0	unk	2740	4.307
6325	meteoro	0	noun	2739	4.305
6326	sogro	0	noun	2738	4.304
6327	episódios anteriores	1	mwe	2737	4.302
6328	italiansubs	0	unk	2737	4.302
6329	polar	0	verb	2737	4.302
6330	apólice	0	noun	2736	4.300
6331	redondeza	0	noun	2736	4.300
6332	androide	0	noun	2735	4.299
6333	acidental	0	adj	2734	4.297
6334	metálico	0	adj	2733	4.296
6335	presenciar	0	verb	2733	4.296
6336	ilegalmente	0	adv	2732	4.294
6337	larva	0	noun	2732	4.294
6338	suspiro	0	noun	2732	4.294
6339	country	0	unk	2731	4.293
6340	canela	0	noun	2729	4.289
6341	competência	0	noun	2729	4.289
6342	compreensivo	0	noun	2728	4.288
6343	fantoche	0	unk	2728	4.288
6344	rebocar	0	verb	2728	4.288
6345	alternativo	0	noun	2725	4.283
6346	cilindro	0	noun	2725	4.283
6347	obstrução	0	noun	2725	4.283
6348	get	0	unk	2724	4.282
6349	planeamento	0	noun	2723	4.280
6350	tanas	0	unk	2723	4.280
6351	alcateia	0	noun	2721	4.277
6352	espanto	0	noun	2720	4.275
6353	ósseo	0	noun	2720	4.275
6354	derrame	0	unk	2719	4.274
6355	terno	0	noun	2719	4.274
6356	peregrino	0	adj	2718	4.272
6357	frustrante	0	unk	2717	4.271
6358	heroico	0	adj	2717	4.271
6359	descuidado	0	noun	2715	4.267
6360	encaminhar	0	verb	2715	4.267
6361	infravermelho	0	noun	2714	4.266
6362	noutros	0	unk	2714	4.266
6363	orquestra	0	noun	2714	4.266
6364	pino	0	adj	2714	4.266
6365	pêsames	0	unk	2714	4.266
6366	concluído	0	noun	2711	4.261
6367	alfinete	0	unk	2708	4.256
6368	viável	0	adj	2708	4.256
6369	desleixar	0	verb	2707	4.255
6370	gaulês	0	adj	2707	4.255
6371	pinto	0	noun	2707	4.255
6372	telescópio	0	noun	2706	4.253
6373	atrevido	0	noun	2705	4.252
6374	planície	0	unk	2705	4.252
6375	boletim	0	unk	2704	4.250
6376	fidelidade	0	noun	2704	4.250
6377	supremo tribunal	1	mwe	2704	4.250
6378	vingador	0	noun	2704	4.250
6379	iraquiano	0	adj	2703	4.249
6380	magistrado	0	noun	2702	4.247
6381	aroma	0	noun	2701	4.245
6382	auge	0	unk	2701	4.245
6383	suíço	0	noun	2701	4.245
6384	quimioterapia	0	noun	2699	4.242
6385	baralho	0	noun	2698	4.241
6386	feixe	0	unk	2698	4.241
6387	soutien	0	unk	2698	4.241
6388	rodeio	0	noun	2696	4.238
6389	iluminação	0	noun	2695	4.236
6390	noventa	0	num	2695	4.236
6391	molhado	0	noun	2694	4.234
6392	especiaria	0	noun	2691	4.230
6393	coelhinho	0	adj	2690	4.228
6394	ketchup	0	unk	2690	4.228
6395	decência	0	noun	2689	4.227
6396	pedófilo	0	noun	2688	4.225
6397	trouxea	0	unk	2686	4.222
6398	espinho	0	adj	2685	4.220
6399	mascote	0	unk	2685	4.220
6400	temperamento	0	noun	2684	4.219
6401	avesso	0	noun	2683	4.217
6402	devoção	0	noun	2683	4.217
6403	bato	0	noun	2681	4.214
6404	rachar	0	verb	2681	4.214
6405	calipigia	0	noun	2679	4.211
6406	imaculado	0	noun	2679	4.211
6407	decisivo	0	noun	2677	4.208
6408	esculpir	0	verb	2676	4.206
6409	unicórnio	0	noun	2675	4.205
6410	vespa	0	noun	2673	4.201
6411	gargalhada	0	noun	2672	4.200
6412	gatinha	0	adj	2672	4.200
6413	dentário	0	noun	2671	4.198
6414	papi	0	unk	2671	4.198
6415	separatista	0	noun	2670	4.197
6416	relvado	0	noun	2669	4.195
6417	angariação	0	noun	2668	4.194
6418	escorrer	0	verb	2668	4.194
6419	rédea	0	unk	2667	4.192
6420	judaico	0	adj	2666	4.190
6421	afetado	0	noun	2665	4.189
6422	nações unidas	1	mwe	2665	4.189
6423	banca	0	unk	2663	4.186
6424	ferreiro	0	noun	2663	4.186
6425	escravatura	0	noun	2661	4.183
6426	congelador	0	noun	2660	4.181
6427	seita	0	noun	2660	4.181
6428	ídolo	0	noun	2659	4.179
6429	vejoa	0	noun	2658	4.178
6430	engenhoso	0	adj	2656	4.175
6431	gala	0	noun	2653	4.170
6432	matrimónio	0	noun	2653	4.170
6433	roupão	0	noun	2653	4.170
6434	arrasado	0	noun	2651	4.167
6435	fação	0	noun	2650	4.165
6436	trapo	0	noun	2650	4.165
6437	set	0	unk	2649	4.164
6438	manhoso	0	adj	2648	4.162
6439	devoto	0	noun	2647	4.161
6440	recife	0	unk	2647	4.161
6441	angariar	0	verb	2646	4.159
6442	distinção	0	noun	2646	4.159
6443	raivoso	0	adj	2646	4.159
6444	ótico	0	adj	2646	4.159
6445	repouso	0	unk	2645	4.157
6446	distanciar	0	verb	2644	4.156
6447	víbora	0	noun	2641	4.151
6448	irregular	0	verb	2639	4.148
6449	pisa	0	noun	2639	4.148
6450	estimulante	0	unk	2638	4.146
6451	bancada	0	noun	2637	4.145
6452	morador	0	noun	2637	4.145
6453	ultra	0	noun	2637	4.145
6454	dependente	0	adj	2634	4.140
6455	deportar	0	verb	2634	4.140
6456	luar	0	verb	2634	4.140
6457	bagageira	0	noun	2633	4.139
6458	mayday	0	unk	2631	4.135
6459	melhoria	0	noun	2631	4.135
6460	repetição	0	noun	2631	4.135
6461	pente	0	adj	2630	4.134
6462	palha	0	noun	2627	4.129
6463	alce	0	unk	2625	4.126
6464	alucinar	0	verb	2625	4.126
6465	gringo	0	noun	2625	4.126
6466	bad	0	unk	2624	4.124
6467	casinha	0	adj	2621	4.120
6468	engate	0	unk	2621	4.120
6469	reivindicar	0	verb	2621	4.120
6470	estabilidade	0	noun	2620	4.118
6471	proa	0	noun	2620	4.118
6472	bunda	0	noun	2619	4.117
6473	covil	0	unk	2618	4.115
6474	competitivo	0	noun	2617	4.113
6475	cínico	0	adj	2617	4.113
6476	pinça	0	noun	2617	4.113
6477	stock	0	unk	2615	4.110
6478	vice	0	noun	2615	4.110
6479	credencial	0	adj	2614	4.109
6480	extremidade	0	noun	2614	4.109
6481	espécime	0	unk	2612	4.106
6482	horrendo	0	noun	2612	4.106
6483	aparente	0	adj	2611	4.104
6484	gere	0	unk	2611	4.104
6485	chili	0	unk	2610	4.102
6486	fileira	0	noun	2610	4.102
6487	oponente	0	adj	2610	4.102
6488	golpear	0	verb	2609	4.101
6489	guarda-roupa	0	noun	2609	4.101
6490	produtivo	0	noun	2608	4.099
6491	batizar	0	verb	2607	4.098
6492	calçar	0	verb	2607	4.098
6493	incorreto	0	noun	2607	4.098
6494	contrariar	0	verb	2605	4.095
6495	desativado	0	noun	2604	4.093
6496	don't	0	unk	2604	4.093
6497	titã	0	unk	2604	4.093
6498	ementa	0	noun	2603	4.091
6499	persistente	0	adj	2603	4.091
6500	consumidor	0	noun	2601	4.088
6501	vertical	0	adj	2601	4.088
6502	formalidade	0	noun	2600	4.087
6503	saquear	0	verb	2599	4.085
6504	alumínio	0	noun	2597	4.082
6505	ardente	0	adj	2597	4.082
6506	exorcismo	0	noun	2596	4.080
6507	riacho	0	noun	2596	4.080
6508	calcanhar	0	verb	2594	4.077
6509	estritamente	0	adv	2592	4.074
6510	amnésia	0	noun	2591	4.073
6511	kaboom	0	unk	2591	4.073
6512	bruxaria	0	noun	2589	4.069
6513	entusiasmar	0	verb	2588	4.068
6514	cunhada	0	noun	2587	4.066
6515	feto	0	noun	2587	4.066
6516	mutuamente	0	adv	2587	4.066
6517	homicido	0	noun	2586	4.065
6518	sultão	0	noun	2586	4.065
6519	what	0	unk	2586	4.065
6520	traidora	0	noun	2585	4.063
6521	compensação	0	noun	2584	4.062
6522	entes queridos	1	mwe	2584	4.062
6523	intensivo	0	noun	2584	4.062
6524	rabugento	0	noun	2584	4.062
6525	marinho	0	adj	2583	4.060
6526	pi	0	unk	2583	4.060
6527	setenta	0	num	2583	4.060
6528	suavemente	0	adv	2583	4.060
6529	apreensão	0	noun	2582	4.058
6530	hacker	0	verb	2582	4.058
6531	esqui	0	unk	2581	4.057
6532	matulão	0	noun	2581	4.057
6533	cantina	0	adj	2580	4.055
6534	diplomata	0	noun	2580	4.055
6535	dígito	0	noun	2580	4.055
6536	relações públicas	1	mwe	2580	4.055
6537	união soviética	1	mwe	2580	4.055
6538	graxa	0	noun	2579	4.054
6539	interminável	0	adj	2579	4.054
6540	escavação	0	noun	2578	4.052
6541	neurológico	0	adj	2577	4.051
6542	borrar	0	verb	2576	4.049
6543	páre	0	unk	2576	4.049
6544	teoricamente	0	adv	2576	4.049
6545	arquitetura	0	noun	2574	4.046
6546	contrabandista	0	noun	2574	4.046
6547	tutor	0	unk	2574	4.046
6548	descontar	0	verb	2573	4.044
6549	fedorento	0	noun	2571	4.041
6550	fodeste	0	unk	2570	4.040
6551	asma	0	noun	2569	4.038
6552	tatuar	0	verb	2569	4.038
6553	honor	0	unk	2568	4.036
6554	retrete	0	unk	2568	4.036
6555	apoiante	0	unk	2567	4.035
6556	madrinha	0	adj	2567	4.035
6557	premir	0	verb	2566	4.033
6558	suprimento	0	noun	2566	4.033
6559	paralisado	0	noun	2565	4.032
6560	redenção	0	noun	2565	4.032
6561	ópio	0	noun	2565	4.032
6562	marioneta	0	noun	2564	4.030
6563	patrocinar	0	verb	2563	4.029
6564	aeronave	0	unk	2562	4.027
6565	falhanço	0	noun	2562	4.027
6566	jet	0	unk	2562	4.027
6567	costura	0	noun	2560	4.024
6568	destroçado	0	noun	2560	4.024
6569	peluche	0	unk	2560	4.024
6570	constrangedor	0	noun	2559	4.022
6571	inicialmente	0	adv	2559	4.022
6572	demolir	0	verb	2558	4.021
6573	mesquinho	0	adj	2556	4.018
6574	restabelecer	0	verb	2556	4.018
6575	sobrevoar	0	verb	2556	4.018
6576	fornecimento	0	noun	2555	4.016
6577	strike	0	unk	2555	4.016
6578	automaticamente	0	adv	2554	4.014
6579	equivalente	0	adj	2554	4.014
6580	vedar	0	verb	2554	4.014
6581	indicador	0	noun	2552	4.011
6582	mercúrio	0	noun	2551	4.010
6583	gelatina	0	adj	2550	4.008
6584	picha	0	noun	2550	4.008
6585	esmeralda	0	noun	2549	4.007
6586	juvenil	0	unk	2549	4.007
6587	ages	0	unk	2548	4.005
6588	filósofo	0	noun	2548	4.005
6589	auxílio	0	noun	2545	4.000
6590	bisturi	0	unk	2545	4.000
6591	desertor	0	unk	2544	3.999
6592	dezassete	0	num	2544	3.999
6593	acomodar	0	verb	2541	3.994
6594	cadeado	0	noun	2541	3.994
6595	honorário	0	noun	2541	3.994
6596	legítima defesa	1	mwe	2541	3.994
6597	lápide	0	noun	2541	3.994
6598	comprovar	0	verb	2540	3.992
6599	inundação	0	noun	2539	3.991
6600	anatomia	0	noun	2538	3.989
6601	canalização	0	noun	2537	3.988
6602	marciano	0	adj	2537	3.988
6603	apanhaa	0	unk	2536	3.986
6604	discretamente	0	adv	2536	3.986
6605	estalo	0	noun	2536	3.986
6606	tagarelar	0	verb	2536	3.986
6607	espantado	0	noun	2535	3.985
6608	frustração	0	noun	2535	3.985
6609	obsceno	0	noun	2535	3.985
6610	correia	0	noun	2533	3.981
6611	molécula	0	noun	2531	3.978
6612	ioga	0	noun	2530	3.977
6613	minar	0	verb	2530	3.977
6614	constipação	0	noun	2529	3.975
6615	crónico	0	adj	2529	3.975
6616	insano	0	adj	2528	3.974
6617	rastro	0	noun	2526	3.970
6618	descolagem	0	noun	2525	3.969
6619	ilibar	0	verb	2525	3.969
6620	preocupante	0	unk	2525	3.969
6621	baunilha	0	noun	2524	3.967
6622	maxilar	0	verb	2522	3.964
6623	tecnológico	0	adj	2522	3.964
6624	valentão	0	noun	2522	3.964
6625	acessório	0	noun	2521	3.963
6626	deliberadamente	0	adv	2520	3.961
6627	frustrar	0	verb	2520	3.961
6628	especular	0	verb	2519	3.959
6629	mágoa	0	noun	2519	3.959
6630	contracto	0	noun	2518	3.958
6631	pistoleiro	0	noun	2518	3.958
6632	trunfo	0	noun	2518	3.958
6633	alga	0	noun	2517	3.956
6634	funcional	0	adj	2517	3.956
6635	heil	0	unk	2517	3.956
6636	diálogo	0	noun	2514	3.951
6637	diligência	0	noun	2512	3.948
6638	reescrever	0	verb	2510	3.945
6639	pupila	0	noun	2508	3.942
6640	est	0	unk	2507	3.940
6641	nomeação	0	noun	2507	3.940
6642	protestante	0	unk	2507	3.940
6643	intensidade	0	noun	2506	3.939
6644	rodeado	0	noun	2506	3.939
6645	condomínio	0	noun	2505	3.937
6646	indelicado	0	noun	2505	3.937
6647	gasto	0	noun	2503	3.934
6648	afligir	0	verb	2502	3.933
6649	insanidade	0	noun	2502	3.933
6650	sémen	0	unk	2502	3.933
6651	urânio	0	noun	2502	3.933
6652	ingerir	0	verb	2501	3.931
6653	apontamento	0	noun	2500	3.929
6654	carril	0	unk	2499	3.928
6655	celestial	0	adj	2499	3.928
6656	quarterback	0	unk	2499	3.928
6657	baba	0	unk	2498	3.926
6658	ahh	0	unk	2497	3.925
6659	coitado	0	noun	2495	3.922
6660	gracioso	0	adj	2495	3.922
6661	palmada	0	noun	2494	3.920
6662	raspar	0	verb	2494	3.920
6663	denúncia	0	noun	2493	3.918
6664	magia negra	1	mwe	2493	3.918
6665	babe	0	unk	2492	3.917
6666	baú	0	unk	2492	3.917
6667	árduo	0	noun	2492	3.917
6668	bruxo	0	noun	2490	3.914
6669	obrigadinho	0	adj	2490	3.914
6670	monstruoso	0	adj	2489	3.912
6671	peculiar	0	verb	2487	3.909
6672	consistir	0	verb	2486	3.907
6673	voilá	0	unk	2485	3.906
6674	devastador	0	noun	2484	3.904
6675	esgueirar	0	verb	2484	3.904
6676	playboy	0	unk	2483	3.903
6677	sádico	0	adj	2483	3.903
6678	mamar	0	verb	2481	3.900
6679	punk	0	unk	2481	3.900
6680	pentear	0	verb	2480	3.898
6681	perturbação	0	noun	2480	3.898
6682	sonoro	0	noun	2480	3.898
6683	teso	0	unk	2480	3.898
6684	gemer	0	verb	2479	3.896
6685	saudita	0	noun	2479	3.896
6686	detonação	0	noun	2478	3.895
6687	economizar	0	verb	2478	3.895
6688	madrasta	0	noun	2477	3.893
6689	erguido	0	noun	2476	3.892
6690	decepcionado	0	noun	2475	3.890
6691	incompleto	0	noun	2475	3.890
6692	vistea	0	unk	2475	3.890
6693	costa leste	1	mwe	2474	3.889
6694	ofendido	0	noun	2474	3.889
6695	incisão	0	noun	2473	3.887
6696	infiltrado	0	noun	2472	3.885
6697	mendigo	0	noun	2472	3.885
6698	escovar	0	verb	2470	3.882
6699	receitar	0	verb	2470	3.882
6700	caligrafia	0	noun	2469	3.881
6701	confidencialidade	0	noun	2469	3.881
6702	penitenciária	0	noun	2468	3.879
6703	raciocínio	0	noun	2467	3.878
6704	empate	0	unk	2465	3.874
6705	frota estelar	1	mwe	2465	3.874
6706	karaté	0	unk	2465	3.874
6707	seguradora	0	noun	2464	3.873
6708	tédio	0	noun	2462	3.870
6709	download	0	unk	2461	3.868
6710	goma	0	noun	2459	3.865
6711	permanentemente	0	adv	2457	3.862
6712	plenamente	0	adv	2457	3.862
6713	porta-voz	0	unk	2457	3.862
6714	prado	0	noun	2457	3.862
6715	repetidamente	0	adv	2457	3.862
6716	sobrenome	0	unk	2457	3.862
6717	fraturar	0	verb	2455	3.859
6718	acorrentar	0	verb	2453	3.856
6719	cônsul	0	unk	2453	3.856
6720	recepcionista	0	noun	2453	3.856
6721	sacramento	0	noun	2453	3.856
6722	estoirar	0	verb	2452	3.854
6723	feiticeira	0	noun	2452	3.854
6724	orquídea	0	unk	2452	3.854
6725	assinalar	0	verb	2451	3.852
6726	bronzeado	0	noun	2451	3.852
6727	conveniência	0	noun	2450	3.851
6728	marítimo	0	noun	2450	3.851
6729	retaliação	0	noun	2450	3.851
6730	tecla	0	noun	2450	3.851
6731	camuflagem	0	noun	2448	3.848
6732	escorregadio	0	noun	2448	3.848
6733	atacante	0	unk	2447	3.846
6734	folheto	0	noun	2447	3.846
6735	todavia	0	conj	2447	3.846
6736	milénio	0	noun	2445	3.843
6737	camarote	0	unk	2443	3.840
6738	adega	0	noun	2441	3.837
6739	imperatriz	0	unk	2441	3.837
6740	efeitos secundários	1	mwe	2440	3.835
6741	password	0	unk	2440	3.835
6742	transparente	0	adj	2440	3.835
6743	publicitário	0	noun	2438	3.832
6744	borracho	0	noun	2437	3.830
6745	dicionário	0	noun	2437	3.830
6746	sociopata	0	noun	2437	3.830
6747	delírio	0	noun	2436	3.829
6748	destruíste	0	unk	2436	3.829
6749	xarope	0	unk	2436	3.829
6750	coitada	0	noun	2434	3.826
6751	fenomenal	0	adj	2434	3.826
6752	know	0	unk	2434	3.826
6753	ré	0	unk	2434	3.826
6754	suster	0	verb	2434	3.826
6755	marreta	0	noun	2433	3.824
6756	poster	0	verb	2433	3.824
6757	bombordo	0	noun	2432	3.823
6758	delinquente	0	adj	2432	3.823
6759	dental	0	adj	2432	3.823
6760	manipulação	0	noun	2432	3.823
6761	substituição	0	noun	2431	3.821
6762	baralhar	0	verb	2430	3.819
6763	eramos	0	unk	2430	3.819
6764	bom-dia	0	noun	2429	3.818
6765	estufa	0	unk	2428	3.816
6766	negligência	0	noun	2428	3.816
6767	vovó	0	unk	2427	3.815
6768	cana	0	adj	2424	3.810
6769	primário	0	noun	2424	3.810
6770	turístico	0	adj	2424	3.810
6771	médico-legista	0	noun	2423	3.808
6772	aventureiro	0	noun	2422	3.807
6773	lançador	0	noun	2422	3.807
6774	on-line	0	unk	2422	3.807
6775	município	0	noun	2420	3.804
6776	desastrado	0	noun	2419	3.802
6777	ameaçador	0	noun	2417	3.799
6778	ditador	0	noun	2417	3.799
6779	namoriscar	0	verb	2417	3.799
6780	editar	0	verb	2416	3.797
6781	empacotar	0	verb	2416	3.797
6782	orgia	0	noun	2416	3.797
6783	poker	0	verb	2416	3.797
6784	subida	0	noun	2416	3.797
6785	adoroa	0	noun	2415	3.796
6786	cabedal	0	adj	2415	3.796
6787	carrasco	0	noun	2415	3.796
6788	excursão	0	noun	2413	3.793
6789	baixinho	0	adj	2412	3.791
6790	chimpanzé	0	unk	2411	3.790
6791	ereção	0	noun	2411	3.790
6792	guisado	0	noun	2411	3.790
6793	fedelho	0	noun	2410	3.788
6794	minoria	0	noun	2410	3.788
6795	impulsivo	0	noun	2409	3.786
6796	irmãzinha	0	adj	2409	3.786
6797	retardar	0	verb	2409	3.786
6798	apavorado	0	noun	2408	3.785
6799	baza	0	noun	2408	3.785
6800	hospedar	0	verb	2408	3.785
6801	igualar	0	verb	2407	3.783
6802	louça	0	noun	2407	3.783
6803	ouvinte	0	unk	2407	3.783
6804	vaidade	0	noun	2407	3.783
6805	coitadinho	0	adj	2406	3.782
6806	cargueiro	0	noun	2405	3.780
6807	escaldante	0	unk	2404	3.779
6808	armadilhar	0	verb	2403	3.777
6809	medrica	0	adj	2403	3.777
6810	nascença	0	noun	2402	3.775
6811	perfuração	0	noun	2402	3.775
6812	sérvio	0	noun	2402	3.775
6813	xeque	0	unk	2402	3.775
6814	impróprio	0	noun	2401	3.774
6815	levea	0	unk	2401	3.774
6816	teórico	0	adj	2399	3.771
6817	acolhedor	0	noun	2398	3.769
6818	espartano	0	adj	2398	3.769
6819	balanço	0	noun	2397	3.768
6820	pulmonar	0	verb	2397	3.768
6821	racial	0	adj	2397	3.768
6822	villa	0	noun	2397	3.768
6823	desembucha	0	noun	2394	3.763
6824	sola	0	noun	2393	3.761
6825	soprano	0	adj	2393	3.761
6826	ferry	0	unk	2392	3.760
6827	pestanejar	0	verb	2392	3.760
6828	rebolar	0	verb	2392	3.760
6829	superstição	0	noun	2391	3.758
6830	gentilmente	0	adv	2390	3.757
6831	belga	0	noun	2389	3.755
6832	matriz	0	unk	2389	3.755
6833	desabar	0	verb	2388	3.753
6834	vigor	0	unk	2388	3.753
6835	dá-ma	0	noun	2387	3.752
6836	rusga	0	noun	2386	3.750
6837	semear	0	verb	2385	3.749
6838	detalhar	0	verb	2383	3.746
6839	pedacinho	0	adj	2383	3.746
6840	conquistador	0	noun	2382	3.744
6841	correspondente	0	adj	2382	3.744
6842	contestar	0	verb	2381	3.742
6843	procuradoria	0	noun	2380	3.741
6844	sarcasmo	0	noun	2380	3.741
6845	coágulo	0	noun	2379	3.739
6846	existente	0	adj	2379	3.739
6847	donativo	0	noun	2378	3.738
6848	dorido	0	noun	2378	3.738
6849	numas	0	unk	2377	3.736
6850	proporção	0	noun	2376	3.735
6851	desmascarar	0	verb	2375	3.733
6852	interagir	0	verb	2375	3.733
6853	quinhentos	0	unk	2375	3.733
6854	reanimar	0	verb	2374	3.731
6855	ovni	0	unk	2373	3.730
6856	plateia	0	noun	2373	3.730
6857	variável	0	adj	2373	3.730
6858	gorducho	0	noun	2372	3.728
6859	burocracia	0	noun	2371	3.727
6860	cliché	0	unk	2371	3.727
6861	preconceito	0	noun	2371	3.727
6862	curado	0	noun	2369	3.724
6863	descartável	0	adj	2369	3.724
6864	subsídio	0	noun	2369	3.724
6865	una	0	unk	2369	3.724
6866	margarita	0	noun	2367	3.720
6867	queimado	0	noun	2364	3.716
6868	moda antiga	1	mwe	2363	3.714
6869	repor	0	unk	2363	3.714
6870	assobiar	0	verb	2362	3.713
6871	galdéria	0	noun	2362	3.713
6872	nabo	0	noun	2362	3.713
6873	rejeição	0	noun	2362	3.713
6874	administrativo	0	noun	2361	3.711
6875	central park	1	mwe	2361	3.711
6876	devastar	0	verb	2361	3.711
6877	condecorar	0	verb	2360	3.709
6878	fumador	0	noun	2360	3.709
6879	hino	0	adj	2358	3.706
6880	exílio	0	noun	2355	3.702
6881	propriedade privada	1	mwe	2355	3.702
6882	corporativo	0	noun	2352	3.697
6883	hectare	0	unk	2352	3.697
6884	caldeira	0	noun	2351	3.695
6885	sucumbir	0	verb	2351	3.695
6886	barricada	0	noun	2350	3.694
6887	baço	0	noun	2350	3.694
6888	dotar	0	verb	2350	3.694
6889	moca	0	noun	2350	3.694
6890	entendimento	0	noun	2349	3.692
6891	inchaço	0	noun	2349	3.692
6892	alfaiate	0	unk	2348	3.691
6893	óbito	0	noun	2348	3.691
6894	quentinho	0	adj	2347	3.689
6895	saliva	0	noun	2346	3.687
6896	ambulante	0	unk	2345	3.686
6897	caloroso	0	adj	2345	3.686
6898	fusível	0	adj	2343	3.683
6899	surfar	0	verb	2343	3.683
6900	taberna	0	noun	2343	3.683
6901	dinamarquês	0	adj	2340	3.678
6902	esquiar	0	verb	2339	3.676
6903	natação	0	noun	2339	3.676
6904	popa	0	noun	2339	3.676
6905	privar	0	verb	2338	3.675
6906	apurar	0	verb	2337	3.673
6907	cafeína	0	unk	2337	3.673
6908	urna	0	noun	2337	3.673
6909	conselheira	0	noun	2335	3.670
6910	pró	0	unk	2335	3.670
6911	hidrogénio	0	noun	2334	3.669
6912	motivado	0	noun	2334	3.669
6913	envenenamento	0	noun	2333	3.667
6914	atendedor	0	noun	2332	3.665
6915	guerreira	0	noun	2332	3.665
6916	toupeira	0	noun	2332	3.665
6917	espreita	0	noun	2331	3.664
6918	fração	0	noun	2330	3.662
6919	gravado	0	noun	2329	3.661
6920	blog	0	unk	2328	3.659
6921	cadê	0	unk	2328	3.659
6922	negociante	0	unk	2328	3.659
6923	perseguidor	0	noun	2328	3.659
6924	cabeleireiro	0	noun	2327	3.658
6925	aveia	0	noun	2325	3.654
6926	idiotice	0	noun	2323	3.651
6927	vil	0	unk	2323	3.651
6928	hostilidade	0	noun	2322	3.650
6929	divorciado	0	noun	2321	3.648
6930	medieval	0	adj	2320	3.647
6931	sócia	0	noun	2320	3.647
6932	agravar	0	verb	2319	3.645
6933	carpinteiro	0	noun	2319	3.645
6934	acolhimento	0	noun	2318	3.643
6935	dês ouvidos	1	mwe	2318	3.643
6936	enxaqueca	0	noun	2318	3.643
6937	encerramento	0	noun	2317	3.642
6938	ferrar	0	verb	2317	3.642
6939	pegajoso	0	adj	2316	3.640
6940	alien	0	unk	2315	3.639
6941	arrombamento	0	noun	2314	3.637
6942	camera	0	noun	2314	3.637
6943	deputado	0	noun	2314	3.637
6944	aldeão	0	noun	2313	3.636
6945	dote	0	unk	2313	3.636
6946	toxicológico	0	adj	2310	3.631
6947	tolerância	0	noun	2309	3.629
6948	tradutor	0	unk	2309	3.629
6949	geneticamente	0	adv	2306	3.625
6950	ventilador	0	noun	2306	3.625
6951	incitar	0	verb	2305	3.623
6952	contração	0	noun	2304	3.621
6953	guarda-chuva	0	noun	2304	3.621
6954	acudir	0	verb	2303	3.620
6955	súbdito	0	noun	2303	3.620
6956	tossir	0	verb	2303	3.620
6957	concelho	0	noun	2301	3.617
6958	empresarial	0	adj	2301	3.617
6959	presunçoso	0	adj	2301	3.617
6960	rondar	0	verb	2301	3.617
6961	ocorrência	0	noun	2300	3.615
6962	rena	0	noun	2300	3.615
6963	evaporar	0	verb	2299	3.614
6964	ecstasy	0	unk	2298	3.612
6965	empreiteiro	0	noun	2297	3.610
6966	palhaçada	0	noun	2297	3.610
6967	punhado	0	noun	2297	3.610
6968	sobrevivo	0	noun	2297	3.610
6969	bilhões	0	noun	2296	3.609
6970	hi	0	unk	2296	3.609
6971	sanguessuga	0	noun	2296	3.609
6972	caviar	0	verb	2294	3.606
6973	luisadom	0	unk	2294	3.606
6974	perspicaz	0	unk	2294	3.606
6975	fazendeiro	0	noun	2293	3.604
6976	colaborador	0	noun	2292	3.603
6977	batizado	0	noun	2291	3.601
6978	genital	0	adj	2291	3.601
6979	deficiência	0	noun	2289	3.598
6980	essencialmente	0	adv	2289	3.598
6981	desertar	0	verb	2288	3.596
6982	estojo	0	noun	2288	3.596
6983	aviação	0	noun	2287	3.595
6984	licor	0	unk	2287	3.595
6985	espirrar	0	verb	2285	3.592
6986	desrespeito	0	noun	2284	3.590
6987	charada	0	noun	2283	3.588
6988	esfomear	0	verb	2283	3.588
6989	delegação	0	noun	2282	3.587
6990	sabonete	0	unk	2281	3.585
6991	enxerto	0	noun	2280	3.584
6992	fundamento	0	noun	2280	3.584
6993	prevalecer	0	verb	2280	3.584
6994	empolgado	0	noun	2279	3.582
6995	ileso	0	unk	2279	3.582
6996	ascender	0	verb	2275	3.576
6997	creche	0	unk	2275	3.576
6998	hera	0	noun	2275	3.576
6999	cravar	0	verb	2274	3.574
7000	recrutamento	0	noun	2274	3.574
7001	amora	0	noun	2273	3.573
7002	ceia	0	noun	2273	3.573
7003	desemprego	0	noun	2273	3.573
7004	frita	0	noun	2273	3.573
7005	pretexto	0	noun	2272	3.571
7006	idioma	0	noun	2271	3.570
7007	tripulante	0	unk	2271	3.570
7008	intitular	0	verb	2270	3.568
7009	pia	0	noun	2269	3.566
7010	consolar	0	verb	2268	3.565
7011	mamífero	0	noun	2268	3.565
7012	bombear	0	verb	2267	3.563
7013	cativeiro	0	noun	2267	3.563
7014	duração	0	noun	2267	3.563
7015	padaria	0	noun	2267	3.563
7016	pub	0	unk	2266	3.562
7017	ressonar	0	verb	2265	3.560
7018	restos mortais	1	mwe	2265	3.560
7019	empenhar	0	verb	2263	3.557
7020	mastro	0	noun	2262	3.555
7021	focado	0	noun	2261	3.554
7022	vácuo	0	noun	2261	3.554
7023	temporada episódio	1	mwe	2260	3.552
7024	afugentar	0	verb	2259	3.551
7025	diarreia	0	noun	2258	3.549
7026	hetero	0	noun	2258	3.549
7027	stressar	0	verb	2257	3.548
7028	idosa	0	noun	2256	3.546
7029	prejuízo	0	unk	2256	3.546
7030	iraniano	0	adj	2255	3.544
7031	subsolo	0	noun	2255	3.544
7032	admiração	0	noun	2254	3.543
7033	surpreendeu	0	unk	2253	3.541
7034	pretendente	0	adj	2252	3.540
7035	sabre	0	unk	2252	3.540
7036	angústia	0	noun	2251	3.538
7037	azeitona	0	noun	2251	3.538
7038	camarim	0	unk	2251	3.538
7039	contaminação	0	noun	2249	3.535
7040	poético	0	adj	2249	3.535
7041	rinoceronte	0	unk	2249	3.535
7042	abandono	0	noun	2248	3.533
7043	lula	0	noun	2248	3.533
7044	des	0	unk	2247	3.532
7045	chuto	0	noun	2243	3.526
7046	pickle	0	unk	2242	3.524
7047	flauta	0	noun	2238	3.518
7048	pureza	0	noun	2237	3.516
7049	digerir	0	verb	2236	3.515
7050	casulo	0	noun	2235	3.513
7051	canalizar	0	verb	2232	3.508
7052	espiral	0	adj	2232	3.508
7053	milagroso	0	adj	2231	3.507
7054	dormente	0	adv	2228	3.502
7055	incerto	0	noun	2227	3.500
7056	merecedor	0	noun	2227	3.500
7057	bexiga	0	noun	2226	3.499
7058	life	0	unk	2225	3.497
7059	variação	0	noun	2224	3.496
7060	beliche	0	unk	2223	3.494
7061	novela	0	noun	2223	3.494
7062	apanheia	0	noun	2222	3.493
7063	baralhado	0	noun	2222	3.493
7064	cruzado	0	noun	2222	3.493
7065	decrescente	0	adj	2221	3.491
7066	incentivar	0	verb	2220	3.489
7067	mon	0	unk	2220	3.489
7068	luxúria	0	noun	2219	3.488
7069	paisana	0	adj	2219	3.488
7070	tático	0	adj	2218	3.486
7071	imitador	0	noun	2214	3.480
7072	simplificar	0	verb	2214	3.480
7073	game	0	unk	2213	3.478
7074	aconselhamento	0	noun	2211	3.475
7075	agricultura	0	noun	2211	3.475
7076	rafeiro	0	noun	2211	3.475
7077	trezentos	0	unk	2211	3.475
7078	espesso	0	noun	2210	3.474
7079	imobilizar	0	verb	2210	3.474
7080	proclamar	0	verb	2210	3.474
7081	inexplicável	0	adj	2207	3.469
7082	mija	0	noun	2206	3.467
7083	molecular	0	verb	2204	3.464
7084	viua	0	noun	2204	3.464
7085	encontroua	0	noun	2203	3.463
7086	reabastecer	0	verb	2203	3.463
7087	repreender	0	verb	2203	3.463
7088	dinastia	0	noun	2202	3.461
7089	emotivo	0	noun	2201	3.460
7090	mesquita	0	noun	2200	3.458
7091	ditar	0	verb	2199	3.456
7092	indecente	0	adj	2198	3.455
7093	abrea	0	unk	2197	3.453
7094	devagarinho	0	adj	2197	3.453
7095	insolente	0	adj	2197	3.453
7096	matemático	0	adj	2197	3.453
7097	bem-sucedido	0	noun	2196	3.452
7098	sossego	0	noun	2193	3.447
7099	estacionado	0	noun	2192	3.445
7100	infração	0	noun	2192	3.445
7101	sopro	0	noun	2192	3.445
7102	repensar	0	verb	2191	3.444
7103	cambada	0	noun	2190	3.442
7104	verter	0	verb	2189	3.441
7105	semáforo	0	noun	2188	3.439
7106	basquete	0	unk	2187	3.438
7107	demolição	0	noun	2187	3.438
7108	flagrante	0	unk	2186	3.436
7109	providência	0	noun	2186	3.436
7110	sogra	0	noun	2186	3.436
7111	camionista	0	noun	2184	3.433
7112	meditar	0	verb	2184	3.433
7113	melão	0	noun	2184	3.433
7114	médium	0	unk	2184	3.433
7115	quota	0	noun	2184	3.433
7116	manualmente	0	adv	2183	3.431
7117	multar	0	verb	2183	3.431
7118	viral	0	adj	2183	3.431
7119	escalada	0	noun	2182	3.430
7120	puré	0	unk	2182	3.430
7121	fóssil	0	unk	2180	3.427
7122	pum	0	unk	2180	3.427
7123	shopping	0	unk	2180	3.427
7124	entupir	0	verb	2178	3.423
7125	canibal	0	adj	2177	3.422
7126	doutoramento	0	noun	2177	3.422
7127	embaraçar	0	verb	2175	3.419
7128	lúcido	0	noun	2175	3.419
7129	traumático	0	adj	2174	3.417
7130	desorientado	0	noun	2173	3.416
7131	condizer	0	verb	2172	3.414
7132	fértil	0	unk	2172	3.414
7133	humanitário	0	noun	2172	3.414
7134	dizimar	0	verb	2170	3.411
7135	multibanco	0	noun	2170	3.411
7136	sonar	0	verb	2170	3.411
7137	babysitter	0	verb	2169	3.409
7138	mobilizar	0	verb	2169	3.409
7139	tópico	0	adj	2169	3.409
7140	aspirador	0	noun	2168	3.408
7141	gracinha	0	adj	2167	3.406
7142	peixinho	0	adj	2167	3.406
7143	desmantelar	0	verb	2166	3.405
7144	indemnização	0	noun	2166	3.405
7145	largura	0	noun	2166	3.405
7146	amplo	0	noun	2165	3.403
7147	assediar	0	verb	2165	3.403
7148	enfeitiçar	0	verb	2165	3.403
7149	miniatura	0	noun	2165	3.403
7150	instantaneamente	0	adv	2164	3.401
7151	bebedeira	0	noun	2163	3.400
7152	piolho	0	noun	2163	3.400
7153	influente	0	adj	2161	3.397
7154	preparo	0	noun	2160	3.395
7155	rebaixar	0	verb	2160	3.395
7156	embrulho	0	noun	2159	3.394
7157	abertamente	0	adv	2158	3.392
7158	inválido	0	noun	2158	3.392
7159	principiante	0	unk	2158	3.392
7160	distribuidor	0	noun	2157	3.390
7161	governante	0	unk	2157	3.390
7162	arguido	0	noun	2156	3.389
7163	ausentar	0	verb	2156	3.389
7164	emboscar	0	verb	2156	3.389
7165	favorável	0	adj	2156	3.389
7166	porção	0	noun	2156	3.389
7167	tailandês	0	adj	2156	3.389
7168	coleccionador	0	noun	2154	3.386
7169	jardim zoológico	1	mwe	2153	3.384
7170	voltinha	0	adj	2153	3.384
7171	delgado	0	noun	2152	3.383
7172	neural	0	adj	2152	3.383
7173	contratempo	0	noun	2151	3.381
7174	introdução	0	noun	2151	3.381
7175	turbulência	0	noun	2151	3.381
7176	heterossexual	0	adj	2150	3.379
7177	jarro	0	noun	2150	3.379
7178	aprontar	0	verb	2149	3.378
7179	berrar	0	verb	2149	3.378
7180	fiar	0	verb	2149	3.378
7181	trapalhada	0	noun	2149	3.378
7182	carregado	0	noun	2147	3.375
7183	colarinho	0	adj	2147	3.375
7184	tromba	0	unk	2146	3.373
7185	cavidade	0	noun	2145	3.372
7186	escravizar	0	verb	2145	3.372
7187	arrendar	0	verb	2144	3.370
7188	vitorioso	0	adj	2144	3.370
7189	vocal	0	adj	2144	3.370
7190	western	0	unk	2144	3.370
7191	porta-bagagens	0	unk	2143	3.368
7192	barracão	0	noun	2142	3.367
7193	tumulto	0	noun	2142	3.367
7194	descontraído	0	noun	2141	3.365
7195	esgotado	0	noun	2141	3.365
7196	paragem cardíaca	1	mwe	2140	3.364
7197	way	0	unk	2140	3.364
7198	aterrador	0	noun	2139	3.362
7199	infame	0	unk	2139	3.362
7200	papar	0	verb	2139	3.362
7201	roedor	0	noun	2139	3.362
7202	pregador	0	noun	2138	3.361
7203	publicação	0	noun	2138	3.361
7204	asqueroso	0	adj	2137	3.359
7205	encerrado	0	noun	2137	3.359
7206	pneumonia	0	noun	2137	3.359
7207	registado	0	noun	2137	3.359
7208	concessão	0	noun	2136	3.357
7209	culinária	0	noun	2136	3.357
7210	eletrocutar	0	verb	2135	3.356
7211	amigão	0	noun	2134	3.354
7212	impiedoso	0	adj	2134	3.354
7213	almôndega	0	noun	2133	3.353
7214	decomposição	0	noun	2133	3.353
7215	içar	0	verb	2133	3.353
7216	zebra	0	noun	2133	3.353
7217	tirania	0	noun	2132	3.351
7218	habitação	0	noun	2131	3.349
7219	like	0	unk	2131	3.349
7220	comprem	0	noun	2129	3.346
7221	diabete	0	unk	2128	3.345
7222	presságio	0	noun	2128	3.345
7223	qualificação	0	noun	2128	3.345
7224	website	0	unk	2128	3.345
7225	higiene	0	unk	2125	3.340
7226	imaturo	0	noun	2124	3.338
7227	pára-brisas	0	unk	2123	3.337
7228	marechal	0	adj	2122	3.335
7229	sedento	0	noun	2122	3.335
7230	precipício	0	noun	2120	3.332
7231	sequestrador	0	noun	2119	3.331
7232	fiável	0	adj	2118	3.329
7233	radiografia	0	noun	2118	3.329
7234	incendiário	0	noun	2117	3.327
7235	cone	0	unk	2116	3.326
7236	evangelho	0	noun	2114	3.323
7237	separamos	0	unk	2114	3.323
7238	borrifar	0	verb	2113	3.321
7239	can	0	unk	2113	3.321
7240	parâmetro	0	noun	2113	3.321
7241	retaliar	0	verb	2112	3.320
7242	voluntariamente	0	adv	2112	3.320
7243	extravagante	0	unk	2111	3.318
7244	nádega	0	noun	2111	3.318
7245	estímulo	0	noun	2110	3.316
7246	compositor	0	unk	2109	3.315
7247	desvanecer	0	verb	2109	3.315
7248	jornalismo	0	noun	2109	3.315
7249	desimpedir	0	verb	2108	3.313
7250	fuzilar	0	verb	2108	3.313
7251	habitat	0	unk	2107	3.312
7252	hospício	0	noun	2107	3.312
7253	matadouro	0	noun	2107	3.312
7254	obra-prima	0	noun	2107	3.312
7255	destrutivo	0	noun	2106	3.310
7256	distorcer	0	verb	2106	3.310
7257	oui	0	unk	2106	3.310
7258	aflito	0	noun	2105	3.309
7259	aconchegar	0	verb	2103	3.305
7260	carinha	0	adj	2103	3.305
7261	galão	0	noun	2103	3.305
7262	got	0	unk	2103	3.305
7263	mandamento	0	noun	2103	3.305
7264	mandíbula	0	noun	2103	3.305
7265	recinto	0	noun	2103	3.305
7266	desgraçar	0	verb	2102	3.304
7267	sarcástico	0	adj	2102	3.304
7268	tona	0	noun	2102	3.304
7269	amputar	0	verb	2101	3.302
7270	craniano	0	adj	2101	3.302
7271	reconhecimento facial	1	mwe	2101	3.302
7272	posar	0	verb	2100	3.301
7273	ritmo cardíaco	1	mwe	2100	3.301
7274	germe	0	unk	2099	3.299
7275	projétil	0	unk	2098	3.298
7276	trip	0	unk	2098	3.298
7277	leopardo	0	noun	2097	3.296
7278	purgatório	0	noun	2097	3.296
7279	polvo	0	noun	2096	3.294
7280	demanda	0	noun	2095	3.293
7281	extenso	0	noun	2095	3.293
7282	rótulo	0	noun	2095	3.293
7283	balneário	0	noun	2094	3.291
7284	curativo	0	noun	2094	3.291
7285	preferida	0	noun	2094	3.291
7286	carnaval	0	adj	2093	3.290
7287	gafanhoto	0	noun	2093	3.290
7288	ejetar	0	verb	2092	3.288
7289	luminoso	0	adj	2092	3.288
7290	pontual	0	adj	2092	3.288
7291	transpirar	0	verb	2092	3.288
7292	anseio	0	noun	2091	3.287
7293	cortejar	0	verb	2091	3.287
7294	maldoso	0	adj	2090	3.285
7295	manejar	0	verb	2090	3.285
7296	canhoto	0	noun	2089	3.283
7297	hot	0	unk	2089	3.283
7298	retroceder	0	verb	2089	3.283
7299	satisfatório	0	noun	2088	3.282
7300	soja	0	noun	2088	3.282
7301	centrar	0	verb	2087	3.280
7302	danificado	0	noun	2087	3.280
7303	falante	0	unk	2087	3.280
7304	mercador	0	noun	2086	3.279
7305	pomba	0	unk	2086	3.279
7306	micro	0	noun	2085	3.277
7307	transtornado	0	noun	2085	3.277
7308	calminha	0	adj	2084	3.276
7309	dominante	0	unk	2084	3.276
7310	amavaa	0	unk	2083	3.274
7311	semanal	0	adj	2083	3.274
7312	critério	0	noun	2082	3.272
7313	enfiado	0	noun	2082	3.272
7314	ilustre	0	unk	2082	3.272
7315	cinturão	0	noun	2081	3.271
7316	domar	0	verb	2080	3.269
7317	empatia	0	noun	2080	3.269
7318	maluquice	0	noun	2080	3.269
7319	eclipse	0	unk	2079	3.268
7320	microondas	0	unk	2079	3.268
7321	unica	0	adj	2079	3.268
7322	penhor	0	unk	2078	3.266
7323	compatriota	0	noun	2077	3.265
7324	pingar	0	verb	2077	3.265
7325	rechear	0	verb	2077	3.265
7326	imoral	0	adj	2076	3.263
7327	bagunça	0	noun	2075	3.261
7328	democrático	0	adj	2075	3.261
7329	enquadrar	0	verb	2075	3.261
7330	paralisia	0	noun	2075	3.261
7331	sigilo	0	noun	2074	3.260
7332	esfrega	0	noun	2073	3.258
7333	indígena	0	noun	2073	3.258
7334	blindar	0	verb	2072	3.257
7335	expiatório	0	noun	2072	3.257
7336	místico	0	adj	2072	3.257
7337	toa	0	noun	2070	3.254
7338	vaqueiro	0	noun	2070	3.254
7339	mimo	0	noun	2069	3.252
7340	tombar	0	verb	2069	3.252
7341	íman	0	unk	2069	3.252
7342	dolares	0	unk	2068	3.250
7343	manipulador	0	noun	2068	3.250
7344	matilha	0	noun	2067	3.249
7345	limitação	0	noun	2066	3.247
7346	rifle	0	unk	2066	3.247
7347	destacamento	0	noun	2065	3.246
7348	gesso	0	noun	2065	3.246
7349	acasalar	0	verb	2064	3.244
7350	lavatório	0	noun	2064	3.244
7351	estilhaço	0	noun	2062	3.241
7352	good	0	unk	2061	3.239
7353	touchdown	0	unk	2061	3.239
7354	tumba	0	unk	2060	3.238
7355	vietnamita	0	noun	2060	3.238
7356	canil	0	unk	2059	3.236
7357	colidir	0	verb	2058	3.235
7358	estaleiro	0	noun	2058	3.235
7359	efetivo	0	noun	2057	3.233
7360	ribeiro	0	noun	2056	3.232
7361	whiskey	0	unk	2056	3.232
7362	santificar	0	verb	2055	3.230
7363	besteira	0	noun	2053	3.227
7364	empolgante	0	unk	2053	3.227
7365	atualizado	0	noun	2052	3.225
7366	contagem decrescente	1	mwe	2052	3.225
7367	infelicidade	0	noun	2051	3.224
7368	visualizar	0	verb	2051	3.224
7369	espeto	0	noun	2050	3.222
7370	levantamento	0	noun	2050	3.222
7371	tranquilizar	0	verb	2049	3.221
7372	alojar	0	verb	2048	3.219
7373	contrabandear	0	verb	2048	3.219
7374	encravar	0	verb	2048	3.219
7375	doninha	0	adj	2047	3.217
7376	hesitação	0	noun	2047	3.217
7377	elenco	0	noun	2046	3.216
7378	molde	0	noun	2046	3.216
7379	refeitório	0	noun	2046	3.216
7380	substituta	0	noun	2046	3.216
7381	finalizar	0	verb	2043	3.211
7382	aprendizagem	0	noun	2042	3.210
7383	arrepiante	0	unk	2042	3.210
7384	formato	0	noun	2042	3.210
7385	pauzinho	0	adj	2041	3.208
7386	aneurisma	0	noun	2040	3.206
7387	intrigante	0	unk	2039	3.205
7388	remotamente	0	adv	2039	3.205
7389	adaga	0	noun	2038	3.203
7390	suprimir	0	verb	2038	3.203
7391	surpreendentemente	0	adv	2038	3.203
7392	capricho	0	noun	2037	3.202
7393	pseudónimo	0	noun	2037	3.202
7394	adiantamento	0	noun	2036	3.200
7395	fénix	0	unk	2036	3.200
7396	autografar	0	verb	2035	3.199
7397	fodeu	0	unk	2035	3.199
7398	graduação	0	noun	2035	3.199
7399	visar	0	verb	2035	3.199
7400	galáctico	0	adj	2034	3.197
7401	genro	0	noun	2034	3.197
7402	truz	0	unk	2034	3.197
7403	hidratar	0	verb	2033	3.195
7404	auto-estima	0	noun	2032	3.194
7405	desajeitado	0	noun	2032	3.194
7406	deu-mo	0	noun	2031	3.192
7407	situar	0	verb	2031	3.192
7408	aquecimento global	1	mwe	2029	3.189
7409	comunicador	0	noun	2028	3.188
7410	dinâmica	0	adj	2028	3.188
7411	evasivo	0	noun	2028	3.188
7412	patim	0	unk	2028	3.188
7413	itinerário	0	noun	2027	3.186
7414	just	0	unk	2027	3.186
7415	chacinar	0	verb	2026	3.184
7416	cota	0	noun	2026	3.184
7417	ficção científica	1	mwe	2026	3.184
7418	maternidade	0	noun	2025	3.183
7419	pose	0	unk	2025	3.183
7420	colono	0	noun	2024	3.181
7421	hip-hop	0	unk	2024	3.181
7422	retratar	0	verb	2024	3.181
7423	enzima	0	noun	2023	3.180
7424	ralo	0	noun	2023	3.180
7425	exilar	0	verb	2022	3.178
7426	matastea	0	unk	2022	3.178
7427	trela	0	noun	2022	3.178
7428	abalado	0	noun	2021	3.177
7429	derrotado	0	noun	2021	3.177
7430	ativista	0	noun	2020	3.175
7431	chinelo	0	noun	2020	3.175
7432	intravenoso	0	adj	2020	3.175
7433	arcebispo	0	noun	2019	3.173
7434	decididamente	0	adv	2019	3.173
7435	proeza	0	noun	2019	3.173
7436	sódio	0	noun	2019	3.173
7437	exaltar	0	verb	2018	3.172
7438	modificação	0	noun	2018	3.172
7439	requisito	0	noun	2018	3.172
7440	blusão	0	noun	2017	3.170
7441	lasanha	0	noun	2017	3.170
7442	caloria	0	noun	2015	3.167
7443	demente	0	adv	2015	3.167
7444	elmo	0	noun	2015	3.167
7445	aptidão	0	noun	2014	3.166
7446	égua	0	noun	2014	3.166
7447	estéril	0	unk	2012	3.162
7448	guaxinim	0	unk	2012	3.162
7449	surfista	0	noun	2012	3.162
7450	triplicar	0	verb	2011	3.161
7451	guru	0	unk	2010	3.159
7452	punheta	0	noun	2010	3.159
7453	apresentador	0	noun	2009	3.158
7454	catastrófico	0	adj	2009	3.158
7455	couve	0	unk	2009	3.158
7456	intimação	0	noun	2009	3.158
7457	mpenaf	0	unk	2009	3.158
7458	chefiar	0	verb	2008	3.156
7459	cachecol	0	unk	2007	3.155
7460	consentir	0	verb	2007	3.155
7461	frustrado	0	noun	2007	3.155
7462	sobrepor	0	unk	2007	3.155
7463	cato	0	noun	2004	3.150
7464	lingerie	0	unk	2004	3.150
7465	banhar	0	verb	2002	3.147
7466	medíocre	0	unk	2002	3.147
7467	are	0	unk	2001	3.145
7468	enxofre	0	unk	2001	3.145
7469	cuidados médicos	1	mwe	2000	3.144
7470	morteiro	0	noun	2000	3.144
7471	jazer	0	verb	1999	3.142
7472	polir	0	verb	1999	3.142
7473	barro	0	noun	1998	3.140
7474	polígrafo	0	noun	1997	3.139
7475	aderir	0	verb	1995	3.136
7476	baldar	0	verb	1995	3.136
7477	morno	0	noun	1994	3.134
7478	participante	0	unk	1994	3.134
7479	patinar	0	verb	1994	3.134
7480	húngaro	0	noun	1993	3.133
7481	digitar	0	verb	1991	3.129
7482	torradeira	0	noun	1991	3.129
7483	drogar	0	verb	1990	3.128
7484	moralidade	0	noun	1990	3.128
7485	verbal	0	adj	1990	3.128
7486	cordelinho	0	adj	1989	3.126
7487	primeiros socorros	1	mwe	1988	3.125
7488	avançado	0	noun	1987	3.123
7489	eficiência	0	noun	1987	3.123
7490	pioneiro	0	noun	1987	3.123
7491	velejar	0	verb	1986	3.122
7492	meditação	0	noun	1985	3.120
7493	acessível	0	adj	1984	3.118
7494	colonial	0	adj	1984	3.118
7495	reformatório	0	noun	1984	3.118
7496	yoga	0	noun	1984	3.118
7497	broca	0	noun	1983	3.117
7498	barbatana	0	adj	1982	3.115
7499	amarelas	0	unk	1981	3.114
7500	índice	0	noun	1981	3.114
7501	humildade	0	noun	1980	3.112
7502	decreto	0	noun	1979	3.111
7503	consola	0	noun	1978	3.109
7504	êxtase	0	unk	1978	3.109
7505	amadurecer	0	verb	1977	3.107
7506	alhada	0	noun	1976	3.106
7507	estrelar	0	verb	1976	3.106
7508	brutalmente	0	adv	1975	3.104
7509	fossa	0	noun	1975	3.104
7510	lona	0	noun	1974	3.103
7511	inquieto	0	noun	1973	3.101
7512	empilhar	0	verb	1972	3.100
7513	suspenso	0	noun	1972	3.100
7514	brincalhão	0	noun	1971	3.098
7515	animação	0	noun	1970	3.096
7516	agendar	0	verb	1968	3.093
7517	cataratas	0	unk	1968	3.093
7518	floco	0	noun	1968	3.093
7519	bracelete	0	unk	1967	3.092
7520	infligir	0	verb	1967	3.092
7521	atestar	0	verb	1966	3.090
7522	negociador	0	noun	1966	3.090
7523	abram alas	1	mwe	1964	3.087
7524	clique	0	unk	1964	3.087
7525	governanta	0	noun	1963	3.085
7526	ipod	0	unk	1963	3.085
7527	remodelar	0	verb	1963	3.085
7528	sutura	0	noun	1963	3.085
7529	prover	0	verb	1962	3.084
7530	sulista	0	noun	1961	3.082
7531	trimestre	0	unk	1961	3.082
7532	vocação	0	noun	1960	3.081
7533	mestiço	0	noun	1959	3.079
7534	plutónio	0	noun	1959	3.079
7535	alheio	0	noun	1958	3.078
7536	candidata	0	noun	1958	3.078
7537	cascata	0	noun	1958	3.078
7538	contribuinte	0	unk	1958	3.078
7539	suculento	0	noun	1958	3.078
7540	esmola	0	noun	1956	3.074
7541	pastilha elástica	1	mwe	1956	3.074
7542	humilhado	0	noun	1954	3.071
7543	involuntário	0	noun	1954	3.071
7544	regente	0	adj	1954	3.071
7545	palito	0	noun	1953	3.070
7546	azeite	0	unk	1952	3.068
7547	inadequado	0	noun	1952	3.068
7548	sórdido	0	noun	1952	3.068
7549	karaoke	0	unk	1951	3.067
7550	prometido	0	noun	1951	3.067
7551	cafetaria	0	noun	1950	3.065
7552	furto	0	noun	1950	3.065
7553	jarra	0	noun	1950	3.065
7554	costa oeste	1	mwe	1949	3.063
7555	teclado	0	noun	1949	3.063
7556	ariano	0	adj	1948	3.062
7557	consecutivo	0	noun	1948	3.062
7558	gaivota	0	noun	1948	3.062
7559	atada	0	noun	1947	3.060
7560	embarcação	0	noun	1947	3.060
7561	coroar	0	verb	1946	3.059
7562	despensa	0	noun	1944	3.056
7563	velhice	0	noun	1944	3.056
7564	interação	0	noun	1943	3.054
7565	transfusão	0	noun	1943	3.054
7566	canino	0	adj	1942	3.052
7567	carrego	0	noun	1942	3.052
7568	emendar	0	verb	1942	3.052
7569	reconciliar	0	verb	1942	3.052
7570	ris	0	unk	1941	3.051
7571	enferrujar	0	verb	1940	3.049
7572	sucessor	0	unk	1940	3.049
7573	interrompido	0	noun	1939	3.048
7574	plausível	0	adj	1939	3.048
7575	próspero	0	noun	1939	3.048
7576	sorvete	0	unk	1939	3.048
7577	alinhamento	0	noun	1938	3.046
7578	empenho	0	noun	1938	3.046
7579	empreendimento	0	noun	1937	3.045
7580	jacuzzi	0	unk	1936	3.043
7581	prévio	0	noun	1936	3.043
7582	discursar	0	verb	1935	3.041
7583	troll	0	unk	1935	3.041
7584	hipnotizar	0	verb	1933	3.038
7585	aldrabão	0	noun	1932	3.037
7586	campeã	0	unk	1932	3.037
7587	irresistível	0	adj	1932	3.037
7588	brutalidade	0	noun	1931	3.035
7589	hospedado	0	noun	1930	3.034
7590	lagoa	0	noun	1930	3.034
7591	chefia	0	noun	1929	3.032
7592	propulsão	0	noun	1929	3.032
7593	baronesa	0	adj	1928	3.030
7594	órfã	0	unk	1928	3.030
7595	encarnar	0	verb	1927	3.029
7596	potencialmente	0	adv	1927	3.029
7597	sentenciar	0	verb	1927	3.029
7598	esgotamento	0	noun	1926	3.027
7599	encenação	0	noun	1925	3.026
7600	meticuloso	0	adj	1925	3.026
7601	originar	0	verb	1925	3.026
7602	traste	0	unk	1925	3.026
7603	extrato	0	noun	1924	3.024
7604	gema	0	noun	1924	3.024
7605	musa	0	noun	1923	3.023
7606	abate	0	unk	1922	3.021
7607	incapacidade	0	noun	1922	3.021
7608	molestar	0	verb	1922	3.021
7609	exercitar	0	verb	1920	3.018
7610	adepto	0	noun	1919	3.016
7611	rocket	0	unk	1918	3.015
7612	carnificina	0	adj	1917	3.013
7613	gel	0	adj	1917	3.013
7614	imperdoável	0	adj	1917	3.013
7615	rubi	0	unk	1917	3.013
7616	anexo	0	noun	1916	3.012
7617	killer	0	verb	1916	3.012
7618	pinheiro	0	noun	1916	3.012
7619	tormento	0	noun	1914	3.008
7620	vetor	0	unk	1914	3.008
7621	detetada	0	noun	1912	3.005
7622	optimo	0	noun	1912	3.005
7623	obediência	0	noun	1911	3.004
7624	yakuza	0	noun	1911	3.004
7625	substancial	0	adj	1910	3.002
7626	avozinho	0	adj	1909	3.001
7627	budista	0	noun	1909	3.001
7628	filial	0	adj	1909	3.001
7629	loiça	0	noun	1909	3.001
7630	efetivamente	0	adv	1908	2.999
7631	impressora	0	noun	1908	2.999
7632	assistente social	1	mwe	1907	2.997
7633	d'água	0	noun	1907	2.997
7634	fúnebre	0	unk	1907	2.997
7635	chicotear	0	verb	1906	2.996
7636	gasosa	0	noun	1903	2.991
7637	danar	0	verb	1901	2.988
7638	over	0	verb	1901	2.988
7639	papão	0	noun	1901	2.988
7640	classificação	0	noun	1900	2.986
7641	prodígio	0	noun	1900	2.986
7642	banal	0	adj	1899	2.985
7643	certinho	0	adj	1899	2.985
7644	literário	0	noun	1898	2.983
7645	originalmente	0	adv	1898	2.983
7646	penal	0	adj	1896	2.980
7647	validade	0	noun	1896	2.980
7648	desenrolar	0	verb	1894	2.977
7649	tranquilidade	0	noun	1894	2.977
7650	estática	0	adj	1893	2.975
7651	nobreza	0	noun	1893	2.975
7652	auscultador	0	noun	1892	2.974
7653	bibliotecário	0	noun	1892	2.974
7654	cremar	0	verb	1892	2.974
7655	maionese	0	unk	1892	2.974
7656	revogar	0	verb	1892	2.974
7657	reino unido	1	mwe	1891	2.972
7658	filho-da-puta	0	noun	1890	2.971
7659	menta	0	noun	1890	2.971
7660	mordidela	0	noun	1890	2.971
7661	persuasivo	0	noun	1890	2.971
7662	ponche	0	unk	1890	2.971
7663	curandeiro	0	noun	1889	2.969
7664	pretensioso	0	adj	1889	2.969
7665	direitos civis	1	mwe	1888	2.968
7666	inalar	0	verb	1888	2.968
7667	metamorfo	0	noun	1888	2.968
7668	dominus	0	unk	1887	2.966
7669	temporizador	0	noun	1886	2.964
7670	realçar	0	verb	1885	2.963
7671	travessura	0	noun	1885	2.963
7672	travesti	0	unk	1884	2.961
7673	armazenamento	0	noun	1883	2.960
7674	esquivar	0	verb	1883	2.960
7675	possuído	0	noun	1883	2.960
7676	feitiçaria	0	noun	1882	2.958
7677	setor	0	unk	1882	2.958
7678	bip	0	unk	1881	2.957
7679	sorridente	0	adj	1881	2.957
7680	conversação	0	noun	1880	2.955
7681	omitir	0	verb	1880	2.955
7682	jaguar	0	verb	1879	2.953
7683	relaxante	0	unk	1879	2.953
7684	depilar	0	verb	1878	2.952
7685	petrolífero	0	noun	1876	2.949
7686	pontapear	0	verb	1876	2.949
7687	guarnição	0	noun	1875	2.947
7688	sondar	0	verb	1875	2.947
7689	cimeira	0	noun	1872	2.942
7690	farejar	0	verb	1872	2.942
7691	massivo	0	noun	1872	2.942
7692	parágrafo	0	noun	1872	2.942
7693	verídico	0	adj	1872	2.942
7694	bolinha	0	adj	1871	2.941
7695	escasso	0	noun	1871	2.941
7696	compressão	0	noun	1870	2.939
7697	now	0	unk	1870	2.939
7698	baseball	0	unk	1869	2.938
7699	doutra	0	noun	1869	2.938
7700	murmurar	0	verb	1869	2.938
7701	anjinho	0	adj	1868	2.936
7702	documentação	0	noun	1868	2.936
7703	vazar	0	verb	1868	2.936
7704	insulina	0	adj	1867	2.935
7705	medonho	0	noun	1867	2.935
7706	prestação	0	noun	1867	2.935
7707	control	0	unk	1866	2.933
7708	cosmos	0	unk	1866	2.933
7709	câncer	0	verb	1866	2.933
7710	grelhar	0	verb	1866	2.933
7711	inspeccionar	0	verb	1866	2.933
7712	joalharia	0	noun	1866	2.933
7713	protagonista	0	noun	1866	2.933
7714	true	0	unk	1866	2.933
7715	figa	0	noun	1865	2.931
7716	longínquo	0	noun	1865	2.931
7717	choramingar	0	verb	1864	2.930
7718	escravidão	0	noun	1864	2.930
7719	inventor	0	unk	1864	2.930
7720	cirurgiã	0	unk	1863	2.928
7721	mindinho	0	adj	1863	2.928
7722	querida	0	noun	1863	2.928
7723	relaxado	0	noun	1863	2.928
7724	san francisco	1	mwe	1863	2.928
7725	aldrabar	0	verb	1862	2.927
7726	impasse	0	unk	1862	2.927
7727	farra	0	noun	1861	2.925
7728	perita	0	noun	1861	2.925
7729	consumar	0	verb	1859	2.922
7730	desenhos animados	1	mwe	1858	2.920
7731	implementar	0	verb	1858	2.920
7732	turbo	0	noun	1858	2.920
7733	fodi	0	unk	1857	2.919
7734	champô	0	unk	1856	2.917
7735	pousada	0	noun	1856	2.917
7736	reservado	0	noun	1856	2.917
7737	televisor	0	unk	1856	2.917
7738	galho	0	noun	1855	2.916
7739	blasfémia	0	noun	1854	2.914
7740	sexualidade	0	noun	1854	2.914
7741	flutuante	0	unk	1852	2.911
7742	salsa	0	noun	1852	2.911
7743	assimilar	0	verb	1850	2.908
7744	boa-noite	0	unk	1850	2.908
7745	contradizer	0	verb	1850	2.908
7746	escória	0	noun	1850	2.908
7747	orador	0	noun	1850	2.908
7748	binóculo	0	noun	1848	2.905
7749	enforcamento	0	noun	1848	2.905
7750	esterco	0	noun	1848	2.905
7751	mortinho	0	adj	1848	2.905
7752	reconquistar	0	verb	1848	2.905
7753	serial	0	adj	1848	2.905
7754	arduamente	0	adv	1847	2.903
7755	definido	0	noun	1847	2.903
7756	descuidar	0	verb	1847	2.903
7757	impenetrável	0	adj	1847	2.903
7758	meteorológico	0	adj	1847	2.903
7759	anzol	0	unk	1846	2.902
7760	prosperidade	0	noun	1845	2.900
7761	séc	0	unk	1844	2.898
7762	ameixa	0	noun	1843	2.897
7763	back	0	unk	1843	2.897
7764	carcaça	0	noun	1842	2.895
7765	dominador	0	noun	1842	2.895
7766	enfadonho	0	noun	1842	2.895
7767	herdeira	0	noun	1842	2.895
7768	reagrupar	0	verb	1842	2.895
7769	camarado	0	noun	1841	2.894
7770	grado	0	noun	1841	2.894
7771	pianista	0	noun	1841	2.894
7772	manchete	0	unk	1840	2.892
7773	tremar	0	verb	1840	2.892
7774	insónia	0	noun	1839	2.891
7775	gerência	0	noun	1837	2.887
7776	sanidade	0	noun	1837	2.887
7777	cianeto	0	noun	1836	2.886
7778	reprodução	0	noun	1836	2.886
7779	caminhante	0	unk	1835	2.884
7780	grana	0	adj	1835	2.884
7781	sustento	0	noun	1835	2.884
7782	bode expiatório	1	mwe	1834	2.883
7783	malcriado	0	noun	1834	2.883
7784	recém-nascido	0	noun	1834	2.883
7785	reencontrar	0	verb	1834	2.883
7786	névoa	0	noun	1833	2.881
7787	prior	0	unk	1833	2.881
7788	reciclar	0	verb	1833	2.881
7789	canguru	0	unk	1832	2.880
7790	cláusula	0	noun	1832	2.880
7791	embriagar	0	verb	1832	2.880
7792	premiar	0	verb	1832	2.880
7793	condescendente	0	adj	1831	2.878
7794	gravitacional	0	adj	1831	2.878
7795	oferenda	0	noun	1831	2.878
7796	vagabunda	0	noun	1831	2.878
7797	berro	0	noun	1830	2.876
7798	cripta	0	noun	1830	2.876
7799	intencional	0	adj	1830	2.876
7800	elegância	0	noun	1829	2.875
7801	memorável	0	adj	1829	2.875
7802	mola	0	noun	1829	2.875
7803	robusto	0	noun	1829	2.875
7804	controverso	0	noun	1828	2.873
7805	inovador	0	noun	1828	2.873
7806	liberto	0	noun	1827	2.872
7807	rural	0	adj	1827	2.872
7808	druida	0	noun	1826	2.870
7809	cortador	0	noun	1825	2.869
7810	florista	0	noun	1825	2.869
7811	rales	0	unk	1825	2.869
7812	adulterar	0	verb	1824	2.867
7813	atrasado mental	1	mwe	1824	2.867
7814	escusado	0	noun	1824	2.867
7815	glândula	0	noun	1824	2.867
7816	moderar	0	verb	1823	2.865
7817	enferrujado	0	noun	1822	2.864
7818	pavilhão	0	noun	1822	2.864
7819	pontas soltas	1	mwe	1821	2.862
7820	astro	0	noun	1820	2.861
7821	eie	0	unk	1820	2.861
7822	milady	0	unk	1820	2.861
7823	missionário	0	noun	1819	2.859
7824	flexão	0	noun	1817	2.856
7825	genocídio	0	noun	1817	2.856
7826	agrícola	0	noun	1815	2.853
7827	atracar	0	verb	1815	2.853
7828	biografia	0	noun	1815	2.853
7829	superintendente	0	adj	1815	2.853
7830	sífilis	0	unk	1815	2.853
7831	vénia	0	noun	1815	2.853
7832	zarpar	0	verb	1815	2.853
7833	hidráulico	0	adj	1814	2.851
7834	islâmico	0	adj	1814	2.851
7835	jardinagem	0	noun	1814	2.851
7836	registos telefónicos	1	mwe	1814	2.851
7837	certeiro	0	noun	1812	2.848
7838	justificação	0	noun	1812	2.848
7839	mm-hmm	0	unk	1812	2.848
7840	mal-educado	0	noun	1811	2.847
7841	bárbara	0	noun	1810	2.845
7842	prescrever	0	verb	1810	2.845
7843	psiquiatria	0	noun	1810	2.845
7844	perecer	0	verb	1809	2.843
7845	incorporar	0	verb	1808	2.842
7846	integral	0	adj	1808	2.842
7847	intocável	0	adj	1808	2.842
7848	machete	0	unk	1807	2.840
7849	ortodoxo	0	noun	1806	2.839
7850	popularidade	0	noun	1806	2.839
7851	acolá	0	adv	1804	2.836
7852	desbloquear	0	verb	1804	2.836
7853	clonar	0	verb	1803	2.834
7854	mai	0	unk	1803	2.834
7855	marginal	0	adj	1803	2.834
7856	primeira-dama	0	noun	1803	2.834
7857	cabeludo	0	adj	1802	2.832
7858	insígnia	0	noun	1802	2.832
7859	agrado	0	noun	1801	2.831
7860	clemência	0	noun	1801	2.831
7861	congregação	0	noun	1801	2.831
7862	fio dental	1	mwe	1801	2.831
7863	bronco	0	noun	1800	2.829
7864	fictício	0	noun	1800	2.829
7865	meia-idade	0	noun	1800	2.829
7866	lavabo	0	noun	1799	2.828
7867	acre	0	unk	1798	2.826
7868	atrocidade	0	noun	1798	2.826
7869	baterista	0	noun	1798	2.826
7870	baloiço	0	noun	1797	2.825
7871	escandaloso	0	adj	1797	2.825
7872	maninho	0	adj	1797	2.825
7873	prémio nobel	1	mwe	1797	2.825
7874	encurtar	0	verb	1796	2.823
7875	antecedência	0	noun	1795	2.821
7876	sarjeta	0	noun	1795	2.821
7877	sauna	0	unk	1795	2.821
7878	who	0	noun	1794	2.820
7879	igualzinho	0	adj	1793	2.818
7880	place	0	unk	1793	2.818
7881	autocolante	0	unk	1792	2.817
7882	cupão	0	noun	1792	2.817
7883	holograma	0	noun	1792	2.817
7884	pulverizar	0	verb	1792	2.817
7885	qualificado	0	noun	1792	2.817
7886	telefonista	0	noun	1792	2.817
7887	cólera	0	noun	1791	2.815
7888	rapaziado	0	noun	1791	2.815
7889	abundância	0	noun	1790	2.814
7890	fita adesiva	1	mwe	1790	2.814
7891	historiador	0	noun	1790	2.814
7892	vin	0	unk	1790	2.814
7893	acerto	0	noun	1789	2.812
7894	natureza humana	1	mwe	1789	2.812
7895	valete	0	unk	1789	2.812
7896	adolescência	0	noun	1788	2.810
7897	comover	0	verb	1788	2.810
7898	malcheiroso	0	adj	1788	2.810
7899	titânio	0	noun	1788	2.810
7900	dissipar	0	verb	1787	2.809
7901	cesta	0	noun	1786	2.807
7902	comovido	0	noun	1786	2.807
7903	intencionalmente	0	adv	1786	2.807
7904	ricaço	0	noun	1786	2.807
7905	núpcias	0	unk	1785	2.806
7906	delicadeza	0	noun	1784	2.804
7907	hierarquia	0	noun	1784	2.804
7908	obcecar	0	verb	1784	2.804
7909	but	0	unk	1783	2.803
7910	concussão	0	noun	1783	2.803
7911	paróquia	0	noun	1783	2.803
7912	sapatilha	0	noun	1783	2.803
7913	atinar	0	verb	1782	2.801
7914	escadaria	0	noun	1782	2.801
7915	televisivo	0	noun	1781	2.799
7916	imparável	0	adj	1779	2.796
7917	raso	0	unk	1779	2.796
7918	apostado	0	noun	1777	2.793
7919	parcialmente	0	adv	1777	2.793
7920	púrpura	0	noun	1777	2.793
7921	pocilga	0	noun	1776	2.792
7922	soneca	0	noun	1776	2.792
7923	voluntariar	0	verb	1776	2.792
7924	córtex	0	unk	1775	2.790
7925	mármore	0	unk	1775	2.790
7926	asar	0	verb	1774	2.788
7927	people	0	unk	1774	2.788
7928	saloio	0	noun	1774	2.788
7929	especificação	0	noun	1773	2.787
7930	nadador	0	noun	1773	2.787
7931	xelim	0	unk	1772	2.785
7932	empunhar	0	verb	1771	2.784
7933	funcionária	0	noun	1771	2.784
7934	atlético	0	adj	1770	2.782
7935	dissuadir	0	verb	1770	2.782
7936	anulação	0	noun	1769	2.781
7937	danado	0	noun	1769	2.781
7938	subjugar	0	verb	1769	2.781
7939	capanga	0	noun	1767	2.777
7940	furado	0	noun	1765	2.774
7941	catalogar	0	verb	1764	2.773
7942	herpes	0	unk	1764	2.773
7943	goela	0	noun	1763	2.771
7944	operações especiais	1	mwe	1763	2.771
7945	indiciar	0	verb	1762	2.770
7946	leucemia	0	noun	1762	2.770
7947	mariscar	0	verb	1762	2.770
7948	queridinha	0	adj	1762	2.770
7949	vendido	0	noun	1762	2.770
7950	vingativo	0	noun	1762	2.770
7951	whoo	0	unk	1762	2.770
7952	entediado	0	noun	1760	2.766
7953	minimizar	0	verb	1760	2.766
7954	condiz	0	unk	1759	2.765
7955	viação	0	noun	1758	2.763
7956	fantasiar	0	verb	1755	2.759
7957	tuberculose	0	unk	1755	2.759
7958	entalar	0	verb	1754	2.757
7959	inclinação	0	noun	1754	2.757
7960	mamute	0	unk	1754	2.757
7961	afastado	0	noun	1753	2.755
7962	gritaria	0	noun	1753	2.755
7963	porcelana	0	adj	1751	2.752
7964	ruir	0	verb	1750	2.751
7965	tardio	0	noun	1750	2.751
7966	filho-da-mãe	0	unk	1749	2.749
7967	frigorifico	0	adj	1749	2.749
7968	incerteza	0	noun	1749	2.749
7969	procuradora	0	noun	1749	2.749
7970	talhante	0	unk	1749	2.749
7971	liso	0	noun	1748	2.748
7972	piloto automático	1	mwe	1748	2.748
7973	watts	0	unk	1747	2.746
7974	conversinha	0	adj	1746	2.744
7975	fertilidade	0	noun	1746	2.744
7976	verruga	0	noun	1746	2.744
7977	afegão	0	noun	1745	2.743
7978	franqueza	0	noun	1745	2.743
7979	comemoração	0	noun	1744	2.741
7980	conhaque	0	unk	1744	2.741
7981	jangada	0	noun	1744	2.741
7982	prioritário	0	noun	1744	2.741
7983	úlcera	0	noun	1744	2.741
7984	court	0	unk	1743	2.740
7985	reparo	0	noun	1743	2.740
7986	jackpot	0	unk	1742	2.738
7987	run	0	unk	1742	2.738
7988	apostador	0	noun	1741	2.736
7989	desentendimento	0	noun	1741	2.736
7990	laceração	0	noun	1741	2.736
7991	trilha	0	noun	1741	2.736
7992	garantido	0	noun	1740	2.735
7993	lixívia	0	noun	1740	2.735
7994	per	0	unk	1740	2.735
7995	coberta	0	noun	1739	2.733
7996	duradouro	0	noun	1739	2.733
7997	pedal	0	adj	1739	2.733
7998	ruga	0	noun	1739	2.733
7999	firewall	0	unk	1738	2.732
8000	ético	0	adj	1738	2.732
8001	buffet	0	unk	1737	2.730
8002	call	0	unk	1737	2.730
8003	encharcado	0	noun	1736	2.729
8004	belíssimo	0	noun	1735	2.727
8005	potássio	0	noun	1735	2.727
8006	costurar	0	verb	1734	2.725
8007	ensanguentar	0	verb	1734	2.725
8008	posterior	0	unk	1733	2.724
8009	advertir	0	verb	1732	2.722
8010	graduar	0	verb	1732	2.722
8011	informal	0	adj	1732	2.722
8012	oval	0	adj	1732	2.722
8013	redigir	0	verb	1732	2.722
8014	rupia	0	noun	1732	2.722
8015	espantalho	0	noun	1731	2.721
8016	estante	0	unk	1731	2.721
8017	folgar	0	verb	1731	2.721
8018	sucção	0	noun	1731	2.721
8019	medusa	0	noun	1730	2.719
8020	cessar-fogo	0	noun	1729	2.718
8021	leveia	0	noun	1729	2.718
8022	maçaneta	0	noun	1729	2.718
8023	batoteiro	0	noun	1728	2.716
8024	caraíba	0	unk	1728	2.716
8025	focinho	0	adj	1728	2.716
8026	internado	0	noun	1728	2.716
8027	oca	0	unk	1728	2.716
8028	sucessão	0	noun	1728	2.716
8029	cetro	0	noun	1727	2.714
8030	d'artagnan	0	unk	1727	2.714
8031	despoletar	0	verb	1727	2.714
8032	encriptar	0	verb	1727	2.714
8033	ski	0	unk	1727	2.714
8034	utilização	0	noun	1727	2.714
8035	zelador	0	noun	1727	2.714
8036	canoa	0	noun	1726	2.713
8037	criatividade	0	noun	1726	2.713
8038	finalidade	0	noun	1726	2.713
8039	microscópio	0	noun	1726	2.713
8040	pobrezinho	0	adj	1726	2.713
8041	obsoleto	0	noun	1725	2.711
8042	caótico	0	adj	1724	2.710
8043	programador	0	noun	1724	2.710
8044	erradicar	0	verb	1722	2.707
8045	matrimonial	0	adj	1721	2.705
8046	maçarico	0	adj	1721	2.705
8047	pedreira	0	noun	1721	2.705
8048	roupeiro	0	noun	1721	2.705
8049	vagamente	0	adv	1721	2.705
8050	xeque-mate	0	unk	1721	2.705
8051	corar	0	verb	1720	2.703
8052	domicílio	0	noun	1720	2.703
8053	girafa	0	unk	1720	2.703
8054	hélio	0	noun	1720	2.703
8055	soda	0	noun	1719	2.702
8056	chamamento	0	noun	1717	2.699
8057	sabotagem	0	noun	1717	2.699
8058	violeta	0	noun	1717	2.699
8059	descontente	0	adj	1716	2.697
8060	simbólico	0	adj	1716	2.697
8061	suplente	0	adj	1716	2.697
8062	provocação	0	noun	1715	2.696
8063	van der	1	mwe	1715	2.696
8064	postar	0	verb	1714	2.694
8065	densidade	0	noun	1713	2.692
8066	desacreditar	0	verb	1713	2.692
8067	dissecar	0	verb	1713	2.692
8068	especado	0	noun	1713	2.692
8069	moldura	0	noun	1713	2.692
8070	paternidade	0	noun	1712	2.691
8071	truta	0	noun	1712	2.691
8072	bofetada	0	noun	1711	2.689
8073	confirmado	0	noun	1711	2.689
8074	not	0	unk	1710	2.688
8075	herege	0	unk	1709	2.686
8076	sanitário	0	noun	1709	2.686
8077	maminha	0	adj	1708	2.685
8078	piercing	0	unk	1708	2.685
8079	sussurro	0	noun	1708	2.685
8080	nazista	0	noun	1707	2.683
8081	eliminação	0	noun	1705	2.680
8082	performance	0	unk	1705	2.680
8083	baton	0	unk	1704	2.678
8084	singular	0	verb	1704	2.678
8085	buzina	0	adj	1702	2.675
8086	lacaio	0	noun	1702	2.675
8087	nasal	0	adj	1702	2.675
8088	aceleração	0	noun	1701	2.674
8089	sardinha	0	adj	1701	2.674
8090	calmante	0	unk	1700	2.672
8091	pavor	0	unk	1700	2.672
8092	umbigo	0	noun	1699	2.670
8093	diplomacia	0	noun	1698	2.669
8094	fertilizante	0	unk	1698	2.669
8095	indestrutível	0	adj	1698	2.669
8096	desamarrar	0	verb	1697	2.667
8097	amamentar	0	verb	1696	2.666
8098	biquíni	0	unk	1696	2.666
8099	simpatizar	0	verb	1696	2.666
8100	caucasiano	0	adj	1695	2.664
8101	conhecea	0	unk	1695	2.664
8102	filtrar	0	verb	1695	2.664
8103	gracias	0	unk	1695	2.664
8104	guloseima	0	noun	1695	2.664
8105	caução	0	noun	1694	2.663
8106	ganga	0	noun	1694	2.663
8107	cinzeiro	0	noun	1693	2.661
8108	deliberar	0	verb	1693	2.661
8109	rigor	0	unk	1693	2.661
8110	socialista	0	noun	1693	2.661
8111	capataz	0	unk	1692	2.659
8112	ocasional	0	adj	1692	2.659
8113	pepino	0	adj	1692	2.659
8114	pintado	0	noun	1692	2.659
8115	discernimento	0	noun	1690	2.656
8116	manifestante	0	unk	1690	2.656
8117	sacaninha	0	adj	1690	2.656
8118	ventoinha	0	adj	1690	2.656
8119	visibilidade	0	noun	1690	2.656
8120	coxear	0	verb	1689	2.655
8121	ecografia	0	noun	1689	2.655
8122	fabrico	0	adj	1689	2.655
8123	luxuoso	0	adj	1689	2.655
8124	petisco	0	noun	1689	2.655
8125	redação	0	noun	1688	2.653
8126	coagir	0	verb	1687	2.652
8127	presidir	0	verb	1687	2.652
8128	burocrata	0	noun	1686	2.650
8129	habilidoso	0	adj	1686	2.650
8130	negligenciar	0	verb	1686	2.650
8131	atentamente	0	adv	1685	2.648
8132	encarrego	0	noun	1685	2.648
8133	retórica	0	adj	1685	2.648
8134	zanga	0	noun	1685	2.648
8135	gestor	0	unk	1683	2.645
8136	rapariguinha	0	adj	1683	2.645
8137	atacador	0	noun	1682	2.644
8138	maravilhosamente	0	adv	1682	2.644
8139	renal	0	adj	1682	2.644
8140	aviador	0	noun	1681	2.642
8141	monopólio	0	noun	1681	2.642
8142	normalidade	0	noun	1681	2.642
8143	sepultar	0	verb	1681	2.642
8144	deslize	0	unk	1680	2.641
8145	ensinamento	0	noun	1680	2.641
8146	pardal	0	adj	1680	2.641
8147	transtorno	0	noun	1680	2.641
8148	visionário	0	noun	1680	2.641
8149	brusco	0	noun	1679	2.639
8150	nuns	0	unk	1679	2.639
8151	falso alarme	1	mwe	1678	2.637
8152	part-time	0	unk	1678	2.637
8153	licenciatura	0	noun	1677	2.636
8154	reprogramar	0	verb	1677	2.636
8155	letreiro	0	noun	1675	2.633
8156	margarida	0	noun	1675	2.633
8157	vacilar	0	verb	1675	2.633
8158	avental	0	adj	1674	2.631
8159	cabeceira	0	noun	1674	2.631
8160	reto	0	noun	1674	2.631
8161	extradição	0	noun	1673	2.630
8162	hut	0	unk	1673	2.630
8163	emissário	0	noun	1672	2.628
8164	grilo	0	noun	1672	2.628
8165	apitar	0	verb	1671	2.626
8166	deteriorar	0	verb	1671	2.626
8167	racismo	0	noun	1671	2.626
8168	co-piloto	0	noun	1670	2.625
8169	praguejar	0	verb	1670	2.625
8170	reembolso	0	unk	1670	2.625
8171	equipado	0	noun	1669	2.623
8172	mensal	0	adj	1669	2.623
8173	sobrecarga	0	noun	1669	2.623
8174	chico	0	adj	1668	2.622
8175	escudeiro	0	noun	1668	2.622
8176	formalmente	0	adv	1668	2.622
8177	processador	0	noun	1668	2.622
8178	agachar	0	verb	1667	2.620
8179	mestrado	0	noun	1665	2.617
8180	tomografia	0	noun	1664	2.615
8181	alfabeto	0	noun	1663	2.614
8182	diferenciar	0	verb	1663	2.614
8183	glaciar	0	verb	1663	2.614
8184	aquecedor	0	noun	1662	2.612
8185	carrossel	0	adj	1662	2.612
8186	devastado	0	noun	1662	2.612
8187	recital	0	adj	1662	2.612
8188	simbolizar	0	verb	1662	2.612
8189	supersticioso	0	adj	1662	2.612
8190	two	0	unk	1662	2.612
8191	viagra	0	noun	1662	2.612
8192	milorde	0	noun	1661	2.611
8193	rosado	0	noun	1661	2.611
8194	della	0	noun	1660	2.609
8195	rascunho	0	noun	1660	2.609
8196	reflexão	0	noun	1660	2.609
8197	zé-ninguém	0	unk	1660	2.609
8198	ravina	0	adj	1658	2.606
8199	velório	0	noun	1657	2.604
8200	falador	0	noun	1656	2.603
8201	pilhar	0	verb	1655	2.601
8202	reformado	0	noun	1655	2.601
8203	stand	0	unk	1655	2.601
8204	abominável	0	adj	1654	2.600
8205	violoncelo	0	noun	1654	2.600
8206	desintegrar	0	verb	1653	2.598
8207	despejo	0	noun	1653	2.598
8208	fiasco	0	noun	1653	2.598
8209	recém	0	unk	1653	2.598
8210	zé	0	unk	1653	2.598
8211	divindade	0	noun	1652	2.597
8212	malha	0	noun	1652	2.597
8213	trajeto	0	noun	1652	2.597
8214	usaa	0	unk	1652	2.597
8215	mortalidade	0	noun	1651	2.595
8216	recolher obrigatório	1	mwe	1651	2.595
8217	arrojado	0	noun	1650	2.593
8218	borbulha	0	noun	1650	2.593
8219	merci	0	unk	1650	2.593
8220	sedar	0	verb	1650	2.593
8221	turbina	0	adj	1650	2.593
8222	mitzvah	0	unk	1649	2.592
8223	politicamente	0	adv	1649	2.592
8224	endurecer	0	verb	1648	2.590
8225	larguea	0	unk	1647	2.589
8226	conformar	0	verb	1646	2.587
8227	esterilizar	0	verb	1646	2.587
8228	hábil	0	unk	1646	2.587
8229	slogan	0	unk	1646	2.587
8230	tique	0	unk	1645	2.586
8231	velhinha	0	adj	1645	2.586
8232	palheiro	0	noun	1644	2.584
8233	paquistanês	0	adj	1644	2.584
8234	penthouse	0	unk	1644	2.584
8235	scan	0	unk	1644	2.584
8236	tosta	0	noun	1644	2.584
8237	arrumado	0	noun	1643	2.582
8238	assombrado	0	noun	1643	2.582
8239	campónio	0	noun	1643	2.582
8240	coroação	0	noun	1643	2.582
8241	navegador	0	noun	1643	2.582
8242	orla	0	noun	1643	2.582
8243	she	0	unk	1642	2.581
8244	isolado	0	noun	1641	2.579
8245	grisalho	0	noun	1640	2.578
8246	alface	0	unk	1639	2.576
8247	bisavô	0	unk	1639	2.576
8248	recorte	0	unk	1639	2.576
8249	vocabulário	0	noun	1639	2.576
8250	ágil	0	unk	1639	2.576
8251	dependência	0	noun	1638	2.575
8252	hemisfério	0	noun	1638	2.575
8253	regenerar	0	verb	1638	2.575
8254	ganza	0	noun	1637	2.573
8255	hélice	0	noun	1637	2.573
8256	renascimento	0	noun	1637	2.573
8257	surra	0	noun	1637	2.573
8258	enredo	0	noun	1636	2.571
8259	suplemento	0	noun	1636	2.571
8260	banha	0	noun	1635	2.570
8261	minucioso	0	adj	1634	2.568
8262	cãibra	0	noun	1633	2.567
8263	derivar	0	verb	1633	2.567
8264	drástico	0	adj	1633	2.567
8265	hindu	0	unk	1632	2.565
8266	renovação	0	noun	1632	2.565
8267	epinefrina	0	adj	1631	2.564
8268	flora	0	noun	1631	2.564
8269	amazona	0	noun	1629	2.560
8270	disputar	0	verb	1629	2.560
8271	vestiário	0	noun	1629	2.560
8272	alastrar	0	verb	1628	2.559
8273	marfim	0	unk	1628	2.559
8274	alarido	0	noun	1627	2.557
8275	tour	0	unk	1627	2.557
8276	coiso	0	noun	1626	2.556
8277	comunhão	0	noun	1626	2.556
8278	mister	0	verb	1626	2.556
8279	carnívoro	0	noun	1625	2.554
8280	prega	0	noun	1625	2.554
8281	extremista	0	noun	1624	2.553
8282	inimaginável	0	adj	1624	2.553
8283	lasca	0	unk	1624	2.553
8284	porta-aviões	0	noun	1624	2.553
8285	solteirão	0	noun	1624	2.553
8286	adios	0	unk	1623	2.551
8287	afogamento	0	noun	1623	2.551
8288	diâmetro	0	noun	1623	2.551
8289	lutadora	0	noun	1623	2.551
8290	valeria	0	noun	1623	2.551
8291	elixir	0	verb	1622	2.549
8292	intérprete	0	unk	1622	2.549
8293	sujidade	0	noun	1622	2.549
8294	ativação	0	noun	1621	2.548
8295	fixamente	0	adv	1621	2.548
8296	hobby	0	unk	1621	2.548
8297	silenciosamente	0	adv	1621	2.548
8298	assassinado	0	noun	1619	2.545
8299	ferroviário	0	noun	1619	2.545
8300	matoa	0	noun	1619	2.545
8301	mentalidade	0	noun	1619	2.545
8302	virilha	0	noun	1619	2.545
8303	espreitadela	0	noun	1618	2.543
8304	inacabado	0	noun	1618	2.543
8305	reaparecer	0	verb	1618	2.543
8306	atrelado	0	noun	1616	2.540
8307	ninjitis	0	unk	1616	2.540
8308	saga	0	noun	1616	2.540
8309	apressado	0	noun	1614	2.537
8310	combustão	0	noun	1614	2.537
8311	berma	0	noun	1613	2.535
8312	fay	0	unk	1613	2.535
8313	poluição	0	noun	1613	2.535
8314	betão	0	noun	1612	2.534
8315	estafeta	0	noun	1611	2.532
8316	interface	0	unk	1610	2.531
8317	proferir	0	verb	1610	2.531
8318	sandália	0	noun	1610	2.531
8319	status	0	unk	1610	2.531
8320	sintonia	0	noun	1608	2.527
8321	ananás	0	unk	1607	2.526
8322	irritação	0	noun	1606	2.524
8323	reservatório	0	noun	1605	2.523
8324	tribal	0	adj	1605	2.523
8325	damasco	0	noun	1604	2.521
8326	obstruir	0	verb	1604	2.521
8327	torácico	0	adj	1603	2.520
8328	arrecadação	0	noun	1602	2.518
8329	che	0	unk	1602	2.518
8330	elevação	0	noun	1602	2.518
8331	right	0	unk	1602	2.518
8332	anarquia	0	noun	1601	2.516
8333	ranhoso	0	adj	1601	2.516
8334	non	0	unk	1600	2.515
8335	estalagem	0	noun	1599	2.513
8336	tontura	0	noun	1598	2.512
8337	viga	0	noun	1598	2.512
8338	asfixiar	0	verb	1597	2.510
8339	pechincha	0	noun	1597	2.510
8340	baga	0	noun	1596	2.509
8341	intoxicação	0	noun	1596	2.509
8342	pessimista	0	noun	1596	2.509
8343	remoção	0	noun	1595	2.507
8344	treinadora	0	noun	1595	2.507
8345	alicate	0	unk	1594	2.505
8346	obediente	0	adj	1594	2.505
8347	preguiça	0	noun	1594	2.505
8348	encantamento	0	noun	1593	2.504
8349	ridicularizar	0	verb	1593	2.504
8350	invólucro	0	noun	1592	2.502
8351	escombros	0	unk	1591	2.501
8352	fórum	0	unk	1591	2.501
8353	janta	0	noun	1591	2.501
8354	hipnose	0	unk	1590	2.499
8355	bonjour	0	unk	1589	2.498
8356	travesseiro	0	noun	1589	2.498
8357	tinhaa	0	unk	1588	2.496
8358	abominação	0	noun	1587	2.494
8359	esquartejar	0	verb	1587	2.494
8360	intelecto	0	noun	1587	2.494
8361	mórbido	0	noun	1587	2.494
8362	czar	0	verb	1586	2.493
8363	pobrezinha	0	adj	1586	2.493
8364	afortunar	0	verb	1585	2.491
8365	aceitação	0	noun	1584	2.490
8366	apêndice	0	noun	1584	2.490
8367	templário	0	noun	1584	2.490
8368	piranha	0	noun	1583	2.488
8369	said	0	unk	1583	2.488
8370	defrontar	0	verb	1582	2.487
8371	pulha	0	noun	1582	2.487
8372	timing	0	unk	1582	2.487
8373	trampa	0	noun	1582	2.487
8374	engodo	0	noun	1581	2.485
8375	aventurar	0	verb	1580	2.483
8376	batismo	0	noun	1579	2.482
8377	diabético	0	adj	1579	2.482
8378	hipoteticamente	0	adv	1579	2.482
8379	medicinal	0	adj	1578	2.480
8380	constelação	0	noun	1577	2.479
8381	distrital	0	adj	1577	2.479
8382	narcisista	0	noun	1577	2.479
8383	oportuno	0	unk	1577	2.479
8384	have	0	unk	1576	2.477
8385	amêndoa	0	noun	1575	2.476
8386	babaca	0	unk	1575	2.476
8387	dito	0	noun	1575	2.476
8388	embaraço	0	noun	1575	2.476
8389	perdurar	0	verb	1575	2.476
8390	devorador	0	noun	1574	2.474
8391	otimismo	0	noun	1574	2.474
8392	bam	0	unk	1573	2.472
8393	descapotável	0	adj	1573	2.472
8394	esquecimento	0	noun	1573	2.472
8395	estratégica	0	adj	1573	2.472
8396	loucamente	0	adv	1573	2.472
8397	psicóloga	0	noun	1573	2.472
8398	aspirante	0	unk	1572	2.471
8399	ciao	0	unk	1572	2.471
8400	fumaça	0	noun	1572	2.471
8401	agressividade	0	noun	1571	2.469
8402	conceção	0	noun	1571	2.469
8403	correria	0	noun	1571	2.469
8404	enrolado	0	noun	1571	2.469
8405	louvor	0	unk	1571	2.469
8406	mandaa	0	unk	1571	2.469
8407	vibrador	0	noun	1571	2.469
8408	charlatão	0	noun	1570	2.468
8409	ding	0	unk	1570	2.468
8410	encurralado	0	noun	1570	2.468
8411	wi-fi	0	unk	1570	2.468
8412	arménio	0	noun	1569	2.466
8413	processamento	0	noun	1569	2.466
8414	cruzador	0	noun	1568	2.465
8415	deformar	0	verb	1568	2.465
8416	matricula	0	noun	1568	2.465
8417	vergar	0	verb	1568	2.465
8418	enguia	0	noun	1567	2.463
8419	incontrolável	0	adj	1567	2.463
8420	despertador	0	noun	1566	2.461
8421	amistoso	0	adj	1565	2.460
8422	eleitoral	0	adj	1565	2.460
8423	quietinho	0	adj	1565	2.460
8424	texugo	0	noun	1565	2.460
8425	you're	0	unk	1565	2.460
8426	advertência	0	noun	1564	2.458
8427	nítido	0	noun	1564	2.458
8428	trama	0	noun	1564	2.458
8429	ícone	0	unk	1564	2.458
8430	estrume	0	unk	1563	2.457
8431	odioso	0	adj	1562	2.455
8432	dezanove	0	num	1561	2.454
8433	desmancha-prazeres	0	unk	1560	2.452
8434	implicação	0	noun	1560	2.452
8435	bendito	0	noun	1559	2.450
8436	lagarta	0	noun	1559	2.450
8437	mateia	0	noun	1558	2.449
8438	jacaré	0	unk	1557	2.447
8439	mer	0	unk	1557	2.447
8440	paspalho	0	noun	1557	2.447
8441	cético	0	adj	1556	2.446
8442	espasmo	0	noun	1556	2.446
8443	leoa	0	noun	1556	2.446
8444	pio	0	noun	1556	2.446
8445	sebo	0	noun	1556	2.446
8446	cubículo	0	noun	1555	2.444
8447	fetiche	0	unk	1555	2.444
8448	miligrama	0	noun	1555	2.444
8449	operativo	0	noun	1555	2.444
8450	robe	0	unk	1555	2.444
8451	aeródromo	0	noun	1554	2.443
8452	colado	0	noun	1554	2.443
8453	feno	0	noun	1554	2.443
8454	fornalha	0	noun	1554	2.443
8455	montante	0	unk	1554	2.443
8456	palavra-passe	0	unk	1554	2.443
8457	adiantado	0	noun	1553	2.441
8458	alegadamente	0	adv	1553	2.441
8459	amabilidade	0	noun	1553	2.441
8460	emprestado	0	noun	1553	2.441
8461	paradoxo	0	noun	1553	2.441
8462	perjúrio	0	noun	1553	2.441
8463	tentáculo	0	noun	1553	2.441
8464	arqueólogo	0	noun	1552	2.439
8465	arrepiar	0	verb	1552	2.439
8466	piora	0	noun	1552	2.439
8467	extorquir	0	verb	1551	2.438
8468	interditar	0	verb	1551	2.438
8469	estrear	0	verb	1550	2.436
8470	imprevisto	0	noun	1550	2.436
8471	pinga	0	noun	1550	2.436
8472	socapa	0	noun	1550	2.436
8473	masturbação	0	noun	1549	2.435
8474	obsessivo	0	noun	1549	2.435
8475	pincel	0	adj	1549	2.435
8476	veludo	0	adj	1549	2.435
8477	accionistas	0	unk	1548	2.433
8478	barca	0	unk	1548	2.433
8479	transtornar	0	verb	1548	2.433
8480	comedor	0	noun	1547	2.432
8481	diretiva	0	noun	1547	2.432
8482	anfitriã	0	unk	1546	2.430
8483	débil	0	unk	1546	2.430
8484	desastroso	0	adj	1544	2.427
8485	lotar	0	verb	1544	2.427
8486	ring	0	unk	1544	2.427
8487	baril	0	unk	1543	2.425
8488	porta-luvas	0	unk	1543	2.425
8489	batimento cardíaco	1	mwe	1542	2.424
8490	horda	0	noun	1542	2.424
8491	óvulo	0	noun	1542	2.424
8492	beliscar	0	verb	1541	2.422
8493	criancinha	0	adj	1541	2.422
8494	encontraa	0	unk	1541	2.422
8495	homenagear	0	verb	1541	2.422
8496	mordida	0	noun	1541	2.422
8497	recaída	0	noun	1541	2.422
8498	varíola	0	noun	1541	2.422
8499	desintoxicação	0	noun	1540	2.421
8500	embriagado	0	noun	1540	2.421
8501	infiltração	0	noun	1540	2.421
8502	indeciso	0	noun	1539	2.419
8503	crês	0	adj	1538	2.417
8504	esmagador	0	noun	1538	2.417
8505	filhinha	0	adj	1538	2.417
8506	fútil	0	unk	1538	2.417
8507	giz	0	unk	1538	2.417
8508	refugiar	0	verb	1537	2.416
8509	mexerico	0	adj	1536	2.414
8510	planetário	0	noun	1536	2.414
8511	vitela	0	noun	1536	2.414
8512	proveniente	0	adj	1535	2.413
8513	talho	0	noun	1535	2.413
8514	treinamento	0	noun	1535	2.413
8515	articulação	0	noun	1534	2.411
8516	aterra	0	noun	1533	2.410
8517	censura	0	noun	1532	2.408
8518	iluminado	0	noun	1532	2.408
8519	mimado	0	noun	1532	2.408
8520	prejudicial	0	adj	1532	2.408
8521	algemado	0	noun	1531	2.406
8522	clientela	0	noun	1531	2.406
8523	estilista	0	noun	1531	2.406
8524	insuficiência	0	noun	1531	2.406
8525	designer	0	verb	1530	2.405
8526	entediante	0	unk	1530	2.405
8527	humm	0	unk	1530	2.405
8528	ratinho	0	adj	1530	2.405
8529	blackjack	0	unk	1529	2.403
8530	medroso	0	adj	1529	2.403
8531	desci	0	unk	1528	2.402
8532	horizontal	0	adj	1528	2.402
8533	paixoneta	0	noun	1528	2.402
8534	vértebra	0	noun	1528	2.402
8535	adultério	0	noun	1527	2.400
8536	altruísta	0	noun	1527	2.400
8537	diagrama	0	noun	1527	2.400
8538	trabalhinho	0	adj	1527	2.400
8539	forçado	0	noun	1526	2.399
8540	sobressair	0	verb	1526	2.399
8541	stressante	0	unk	1526	2.399
8542	transe	0	unk	1526	2.399
8543	acorrentado	0	noun	1525	2.397
8544	avalanche	0	unk	1525	2.397
8545	desforra	0	noun	1525	2.397
8546	reprovar	0	verb	1525	2.397
8547	vendar	0	verb	1525	2.397
8548	bobina	0	adj	1524	2.395
8549	despedimento	0	noun	1524	2.395
8550	enganador	0	noun	1524	2.395
8551	estrondo	0	noun	1523	2.394
8552	hamster	0	verb	1523	2.394
8553	honroso	0	adj	1523	2.394
8554	século xx	1	mwe	1523	2.394
8555	indigno	0	unk	1522	2.392
8556	turismo	0	noun	1522	2.392
8557	infantário	0	noun	1521	2.391
8558	sensei	0	unk	1521	2.391
8559	calçada	0	noun	1520	2.389
8560	indesejado	0	noun	1520	2.389
8561	inverso	0	noun	1520	2.389
8562	menosprezar	0	verb	1520	2.389
8563	regulador	0	noun	1520	2.389
8564	distorcido	0	noun	1518	2.386
8565	want	0	unk	1518	2.386
8566	aspiração	0	noun	1517	2.384
8567	depravado	0	noun	1517	2.384
8568	informante	0	unk	1517	2.384
8569	cappuccino	0	adj	1516	2.383
8570	lira	0	noun	1516	2.383
8571	colocaa	0	unk	1515	2.381
8572	how	0	unk	1515	2.381
8573	nitrato	0	noun	1515	2.381
8574	serva	0	noun	1514	2.380
8575	meramente	0	adv	1513	2.378
8576	oco	0	adj	1513	2.378
8577	segmento	0	noun	1513	2.378
8578	when	0	unk	1513	2.378
8579	clarificar	0	verb	1512	2.377
8580	encriptação	0	noun	1512	2.377
8581	defeituoso	0	adj	1511	2.375
8582	intensificar	0	verb	1511	2.375
8583	equivaler	0	verb	1510	2.373
8584	florestal	0	adj	1510	2.373
8585	àquelas	0	unk	1510	2.373
8586	escolhia	0	noun	1509	2.372
8587	manequim	0	unk	1509	2.372
8588	rouge	0	unk	1509	2.372
8589	desgastar	0	verb	1508	2.370
8590	lubrificante	0	unk	1508	2.370
8591	ressentir	0	verb	1508	2.370
8592	volt	0	unk	1508	2.370
8593	advocacia	0	noun	1507	2.369
8594	comunismo	0	noun	1507	2.369
8595	esperteza	0	noun	1507	2.369
8596	ante	0	prep	1506	2.367
8597	lesma	0	noun	1506	2.367
8598	primogénito	0	noun	1506	2.367
8599	aflição	0	noun	1505	2.366
8600	anti	0	unk	1505	2.366
8601	cegueira	0	noun	1505	2.366
8602	inexperiente	0	adj	1505	2.366
8603	imperativo	0	noun	1504	2.364
8604	inesquecível	0	adj	1504	2.364
8605	pestana	0	adj	1504	2.364
8606	uh-huh	0	unk	1504	2.364
8607	deixoa	0	noun	1503	2.362
8608	sózinha	0	adj	1503	2.362
8609	desfecho	0	noun	1502	2.361
8610	saltos altos	1	mwe	1502	2.361
8611	son	0	unk	1502	2.361
8612	solidariedade	0	noun	1500	2.358
8613	totalidade	0	noun	1500	2.358
8614	pastelaria	0	noun	1499	2.356
8615	rixa	0	noun	1499	2.356
8616	serrar	0	verb	1499	2.356
8617	colesterol	0	unk	1498	2.355
8618	habitualmente	0	adv	1498	2.355
8619	melancia	0	noun	1498	2.355
8620	pin	0	unk	1498	2.355
8621	talismã	0	unk	1498	2.355
8622	cuidados intensivos	1	mwe	1496	2.351
8623	trespassar	0	verb	1496	2.351
8624	anos-luz	0	unk	1495	2.350
8625	infalível	0	adj	1495	2.350
8626	scooter	0	verb	1495	2.350
8627	ucraniano	0	adj	1495	2.350
8628	mitologia	0	noun	1494	2.348
8629	rabinho	0	adj	1494	2.348
8630	continental	0	adj	1493	2.347
8631	crepe	0	unk	1493	2.347
8632	privilegiar	0	verb	1493	2.347
8633	descafeinado	0	noun	1492	2.345
8634	desconforto	0	noun	1492	2.345
8635	pasto	0	noun	1492	2.345
8636	preferível	0	adj	1492	2.345
8637	tração	0	noun	1492	2.345
8638	coitadinha	0	adj	1491	2.344
8639	guerrilha	0	noun	1491	2.344
8640	lavagem cerebral	1	mwe	1491	2.344
8641	achoa	0	noun	1489	2.340
8642	deteção	0	noun	1489	2.340
8643	muleta	0	noun	1489	2.340
8644	passadeira	0	noun	1488	2.339
8645	património	0	noun	1488	2.339
8646	premeditar	0	verb	1488	2.339
8647	roleta	0	noun	1488	2.339
8648	sedutor	0	unk	1488	2.339
8649	silo	0	noun	1488	2.339
8650	solenemente	0	adv	1488	2.339
8651	conjugal	0	adj	1487	2.337
8652	menção	0	noun	1487	2.337
8653	trio	0	noun	1487	2.337
8654	boche	0	unk	1486	2.336
8655	capô	0	unk	1486	2.336
8656	deixastea	0	unk	1486	2.336
8657	hispânico	0	adj	1486	2.336
8658	prevenção	0	noun	1486	2.336
8659	renegado	0	noun	1486	2.336
8660	delegacia	0	noun	1485	2.334
8661	embater	0	verb	1485	2.334
8662	exclusivamente	0	adv	1485	2.334
8663	refrescante	0	unk	1485	2.334
8664	egocêntrico	0	adj	1484	2.333
8665	hip	0	unk	1484	2.333
8666	orientador	0	noun	1484	2.333
8667	sedução	0	noun	1483	2.331
8668	tosco	0	noun	1483	2.331
8669	trivial	0	adj	1483	2.331
8670	inflamável	0	adj	1482	2.329
8671	pipa	0	noun	1482	2.329
8672	dorminhoco	0	noun	1481	2.328
8673	massagista	0	noun	1481	2.328
8674	omeleta	0	noun	1481	2.328
8675	bailarino	0	adj	1480	2.326
8676	licitação	0	noun	1480	2.326
8677	malária	0	noun	1479	2.325
8678	men	0	unk	1479	2.325
8679	radiador	0	noun	1479	2.325
8680	bichinho	0	adj	1478	2.323
8681	destaque	0	unk	1478	2.323
8682	ménage	0	unk	1478	2.323
8683	simultaneamente	0	adv	1478	2.323
8684	autoestrada	0	noun	1477	2.322
8685	ensopado	0	noun	1477	2.322
8686	fiado	0	noun	1477	2.322
8687	submergir	0	verb	1477	2.322
8688	biológicas	0	unk	1476	2.320
8689	clicar	0	verb	1476	2.320
8690	vestuário	0	noun	1476	2.320
8691	hardware	0	unk	1475	2.318
8692	pilinha	0	adj	1475	2.318
8693	pombinho	0	adj	1475	2.318
8694	aura	0	noun	1474	2.317
8695	cansaço	0	noun	1474	2.317
8696	curto-circuito	0	noun	1474	2.317
8697	iniciação	0	noun	1474	2.317
8698	mordo	0	noun	1474	2.317
8699	natalício	0	noun	1474	2.317
8700	compulsivo	0	noun	1473	2.315
8701	stressado	0	noun	1473	2.315
8702	esbarrar	0	verb	1472	2.314
8703	puramente	0	adv	1472	2.314
8704	trailer	0	verb	1472	2.314
8705	beldade	0	noun	1471	2.312
8706	platina	0	adj	1471	2.312
8707	quebra-cabeças	0	unk	1471	2.312
8708	afeição	0	noun	1470	2.311
8709	amiguinha	0	adj	1470	2.311
8710	boia	0	noun	1470	2.311
8711	aloha	0	noun	1469	2.309
8712	apelidar	0	verb	1469	2.309
8713	cosmético	0	adj	1469	2.309
8714	nudez	0	unk	1469	2.309
8715	perspetivar	0	verb	1469	2.309
8716	reorganizar	0	verb	1469	2.309
8717	brochista	0	noun	1468	2.307
8718	esquizofrenia	0	noun	1468	2.307
8719	comício	0	noun	1467	2.306
8720	justiceiro	0	noun	1467	2.306
8721	corroborar	0	verb	1466	2.304
8722	desapertar	0	verb	1466	2.304
8723	estratégico	0	adj	1466	2.304
8724	leproso	0	adj	1466	2.304
8725	opressão	0	noun	1466	2.304
8726	pronúncia	0	noun	1466	2.304
8727	pós-traumático	0	adj	1466	2.304
8728	viras	0	unk	1466	2.304
8729	blogue	0	unk	1465	2.303
8730	negociável	0	adj	1465	2.303
8731	transbordar	0	verb	1465	2.303
8732	atolado	0	noun	1464	2.301
8733	atropelamento	0	noun	1464	2.301
8734	hebreu	0	unk	1464	2.301
8735	áspero	0	noun	1464	2.301
8736	ajeitar	0	verb	1463	2.300
8737	hepatite	0	unk	1463	2.300
8738	lamechar	0	verb	1463	2.300
8739	soltaa	0	unk	1463	2.300
8740	abadia	0	noun	1462	2.298
8741	atlas	0	unk	1462	2.298
8742	constipado	0	noun	1462	2.298
8743	declínio	0	noun	1462	2.298
8744	magnifico	0	adj	1462	2.298
8745	passivo	0	noun	1462	2.298
8746	bono	0	noun	1461	2.296
8747	champagne	0	unk	1461	2.296
8748	crosta	0	noun	1461	2.296
8749	heroísmo	0	noun	1461	2.296
8750	odiamos	0	unk	1461	2.296
8751	profissionalmente	0	adv	1460	2.295
8752	maturidade	0	noun	1459	2.293
8753	assédio sexual	1	mwe	1458	2.292
8754	atendimento	0	noun	1458	2.292
8755	descongelar	0	verb	1458	2.292
8756	intrigado	0	noun	1458	2.292
8757	cólon	0	unk	1457	2.290
8758	engraxar	0	verb	1457	2.290
8759	firmeza	0	noun	1457	2.290
8760	numeroso	0	adj	1457	2.290
8761	marquês	0	adj	1456	2.289
8762	negligente	0	adj	1456	2.289
8763	tónico	0	adj	1456	2.289
8764	adiamento	0	noun	1455	2.287
8765	caco	0	noun	1454	2.285
8766	adereço	0	noun	1453	2.284
8767	lacuna	0	unk	1453	2.284
8768	pólen	0	unk	1453	2.284
8769	submerso	0	noun	1453	2.284
8770	vigiado	0	noun	1453	2.284
8771	arrasa	0	noun	1452	2.282
8772	beneficência	0	noun	1452	2.282
8773	clarão	0	noun	1452	2.282
8774	videojogo	0	noun	1452	2.282
8775	macabro	0	noun	1451	2.281
8776	rolha	0	noun	1451	2.281
8777	cheiroso	0	adj	1449	2.278
8778	homicida	0	noun	1449	2.278
8779	monetário	0	noun	1449	2.278
8780	moranguita	0	noun	1449	2.278
8781	suma	0	noun	1449	2.278
8782	trapaceiro	0	noun	1449	2.278
8783	aprofundar	0	verb	1448	2.276
8784	saltador	0	noun	1448	2.276
8785	afinar	0	verb	1447	2.274
8786	monótono	0	noun	1447	2.274
8787	tórax	0	unk	1447	2.274
8788	demência	0	noun	1446	2.273
8789	careta	0	noun	1445	2.271
8790	comunicação social	1	mwe	1445	2.271
8791	garotinha	0	adj	1445	2.271
8792	trança	0	noun	1445	2.271
8793	comprometido	0	noun	1444	2.270
8794	hello	0	noun	1444	2.270
8795	inquietar	0	verb	1444	2.270
8796	possessão	0	noun	1444	2.270
8797	auditoria	0	noun	1443	2.268
8798	carimbo	0	noun	1443	2.268
8799	cobrador	0	noun	1443	2.268
8800	procriar	0	verb	1443	2.268
8801	borrão	0	noun	1442	2.267
8802	empregador	0	noun	1441	2.265
8803	asfixia	0	noun	1440	2.263
8804	assemelhar	0	verb	1440	2.263
8805	intrusão	0	noun	1440	2.263
8806	beisebol	0	unk	1439	2.262
8807	libertador	0	noun	1439	2.262
8808	listar	0	verb	1439	2.262
8809	maleta	0	noun	1439	2.262
8810	mandão	0	noun	1439	2.262
8811	travessia	0	noun	1439	2.262
8812	absolvição	0	noun	1438	2.260
8813	canivete	0	unk	1438	2.260
8814	novata	0	noun	1438	2.260
8815	alternar	0	verb	1437	2.259
8816	break	0	unk	1437	2.259
8817	cozido	0	noun	1437	2.259
8818	reanimação	0	noun	1437	2.259
8819	bíblico	0	adj	1436	2.257
8820	holocausto	0	noun	1436	2.257
8821	lírio	0	noun	1436	2.257
8822	meio-irmão	0	noun	1436	2.257
8823	aparelhagem	0	noun	1435	2.256
8824	importação	0	noun	1435	2.256
8825	refinado	0	noun	1435	2.256
8826	circunstancial	0	adj	1434	2.254
8827	perdoado	0	noun	1434	2.254
8828	uno	0	unk	1434	2.254
8829	climático	0	adj	1432	2.251
8830	joguinho	0	adj	1432	2.251
8831	pacificamente	0	adv	1432	2.251
8832	desígnio	0	noun	1431	2.249
8833	grua	0	noun	1431	2.249
8834	bandalho	0	noun	1430	2.248
8835	festivo	0	noun	1430	2.248
8836	frigideira	0	noun	1430	2.248
8837	repelir	0	verb	1430	2.248
8838	canário	0	noun	1429	2.246
8839	dispensável	0	adj	1429	2.246
8840	renegar	0	verb	1429	2.246
8841	meia-hora	0	noun	1428	2.245
8842	inflamar	0	verb	1427	2.243
8843	patinho	0	adj	1427	2.243
8844	invejoso	0	adj	1426	2.241
8845	refresco	0	noun	1426	2.241
8846	atordoar	0	verb	1425	2.240
8847	conhecido	0	noun	1425	2.240
8848	risada	0	noun	1425	2.240
8849	coelhinha	0	adj	1424	2.238
8850	decepcionar	0	verb	1424	2.238
8851	detergente	0	adj	1424	2.238
8852	escrúpulo	0	noun	1424	2.238
8853	idolatrar	0	verb	1424	2.238
8854	inestimável	0	adj	1424	2.238
8855	lástima	0	noun	1423	2.237
8856	homo	0	noun	1422	2.235
8857	incapacitado	0	noun	1422	2.235
8858	arruaceiro	0	noun	1420	2.232
8859	incompetência	0	noun	1420	2.232
8860	abstinência	0	noun	1419	2.230
8861	austríaco	0	noun	1419	2.230
8862	pulo	0	noun	1419	2.230
8863	continuamente	0	adv	1418	2.229
8864	safari	0	unk	1418	2.229
8865	bobagem	0	noun	1417	2.227
8866	desarrumar	0	verb	1417	2.227
8867	from	0	unk	1417	2.227
8868	pedinte	0	unk	1417	2.227
8869	provérbio	0	noun	1417	2.227
8870	histeria	0	noun	1416	2.226
8871	puma	0	noun	1416	2.226
8872	satânico	0	adj	1416	2.226
8873	sniper	0	verb	1416	2.226
8874	calçado	0	noun	1415	2.224
8875	head	0	unk	1415	2.224
8876	magnata	0	noun	1415	2.224
8877	embrulhada	0	noun	1414	2.223
8878	extintor	0	unk	1414	2.223
8879	marmelada	0	noun	1414	2.223
8880	remexer	0	verb	1414	2.223
8881	embrião	0	noun	1413	2.221
8882	alinhado	0	noun	1412	2.219
8883	bombom	0	unk	1412	2.219
8884	cool	0	unk	1412	2.219
8885	gnomo	0	noun	1412	2.219
8886	hiperespaço	0	noun	1412	2.219
8887	irromper	0	verb	1412	2.219
8888	altifalante	0	unk	1411	2.218
8889	chanfrado	0	noun	1411	2.218
8890	desumano	0	adj	1411	2.218
8891	envolto	0	noun	1411	2.218
8892	estancar	0	verb	1411	2.218
8893	here	0	unk	1411	2.218
8894	recheio	0	noun	1411	2.218
8895	relutante	0	unk	1411	2.218
8896	simultâneo	0	noun	1411	2.218
8897	dedução	0	noun	1410	2.216
8898	enojar	0	verb	1410	2.216
8899	capitalista	0	noun	1409	2.215
8900	desmembrar	0	verb	1409	2.215
8901	individuo	0	noun	1409	2.215
8902	mundano	0	adj	1409	2.215
8903	profanar	0	verb	1409	2.215
8904	delirante	0	unk	1408	2.213
8905	parteira	0	noun	1408	2.213
8906	âmbar	0	verb	1408	2.213
8907	amen	0	unk	1407	2.212
8908	cheese	0	unk	1406	2.210
8909	desfeito	0	noun	1406	2.210
8910	equador	0	noun	1406	2.210
8911	quilate	0	unk	1406	2.210
8912	vaidoso	0	adj	1406	2.210
8913	costa rica	1	mwe	1405	2.208
8914	eletricista	0	noun	1405	2.208
8915	inversão	0	noun	1405	2.208
8916	palhinha	0	adj	1405	2.208
8917	vovô	0	unk	1405	2.208
8918	ata	0	noun	1404	2.207
8919	anime	0	unk	1403	2.205
8920	ugh	0	unk	1402	2.204
8921	bronca	0	unk	1401	2.202
8922	configuração	0	noun	1401	2.202
8923	fiambre	0	unk	1401	2.202
8924	próstata	0	noun	1401	2.202
8925	tártaro	0	noun	1401	2.202
8926	egoísmo	0	noun	1400	2.201
8927	atmosférico	0	adj	1399	2.199
8928	blur	0	unk	1399	2.199
8929	desagradar	0	verb	1399	2.199
8930	esfriar	0	verb	1399	2.199
8931	socialmente	0	adv	1399	2.199
8932	acatar	0	verb	1398	2.197
8933	pradaria	0	noun	1398	2.197
8934	emissor	0	unk	1397	2.196
8935	manobrar	0	verb	1397	2.196
8936	narrativa	0	noun	1397	2.196
8937	zen	0	unk	1397	2.196
8938	baby-sitter	0	verb	1396	2.194
8939	expulsão	0	noun	1396	2.194
8940	notificação	0	noun	1396	2.194
8941	derby	0	unk	1394	2.191
8942	imperfeito	0	noun	1394	2.191
8943	esplendor	0	noun	1393	2.190
8944	verniz	0	unk	1393	2.190
8945	vulnerabilidade	0	noun	1393	2.190
8946	engenhoca	0	noun	1392	2.188
8947	esfregona	0	noun	1392	2.188
8948	firmemente	0	adv	1392	2.188
8949	holográfico	0	adj	1392	2.188
8950	imunitário	0	noun	1392	2.188
8951	minimamente	0	adv	1392	2.188
8952	pulsar	0	verb	1392	2.188
8953	was	0	unk	1392	2.188
8954	insensato	0	noun	1391	2.186
8955	revoltado	0	noun	1391	2.186
8956	atraiçoar	0	verb	1390	2.185
8957	cateter	0	verb	1390	2.185
8958	interrogação	0	noun	1390	2.185
8959	dióxido	0	noun	1389	2.183
8960	legendar	0	verb	1389	2.183
8961	pétala	0	noun	1389	2.183
8962	salpico	0	adj	1389	2.183
8963	nitrogénio	0	noun	1388	2.182
8964	ternura	0	noun	1388	2.182
8965	antidepressivo	0	noun	1387	2.180
8966	atendeste	0	unk	1387	2.180
8967	chacal	0	adj	1387	2.180
8968	prótese	0	unk	1387	2.180
8969	armação	0	noun	1386	2.179
8970	descalçar	0	verb	1386	2.179
8971	selecionar	0	verb	1386	2.179
8972	devolução	0	noun	1385	2.177
8973	ténue	0	unk	1385	2.177
8974	uivar	0	verb	1385	2.177
8975	consagrar	0	verb	1384	2.175
8976	explícito	0	noun	1384	2.175
8977	sonâmbulo	0	noun	1384	2.175
8978	desfrute	0	unk	1383	2.174
8979	emblema	0	noun	1383	2.174
8980	puberdade	0	noun	1383	2.174
8981	sangramento	0	noun	1383	2.174
8982	talão	0	noun	1383	2.174
8983	apetitoso	0	adj	1382	2.172
8984	assessor	0	unk	1382	2.172
8985	clavícula	0	noun	1382	2.172
8986	pretensão	0	noun	1382	2.172
8987	sinfonia	0	noun	1382	2.172
8988	íris	0	unk	1382	2.172
8989	corcunda	0	noun	1381	2.171
8990	derramamento	0	noun	1381	2.171
8991	forreta	0	noun	1381	2.171
8992	impuro	0	noun	1381	2.171
8993	premonição	0	noun	1381	2.171
8994	agarraa	0	unk	1380	2.169
8995	contradição	0	noun	1380	2.169
8996	detrito	0	noun	1380	2.169
8997	embaraçado	0	noun	1380	2.169
8998	farpar	0	verb	1380	2.169
8999	materno	0	noun	1380	2.169
9000	prestável	0	adj	1380	2.169
9001	vinagre	0	unk	1380	2.169
9002	continuação	0	noun	1379	2.168
9003	répteis	0	unk	1378	2.166
9004	grotesco	0	noun	1377	2.164
9005	hard	0	unk	1377	2.164
9006	incinerar	0	verb	1377	2.164
9007	sublime	0	unk	1377	2.164
9008	insubs	0	unk	1376	2.163
9009	mesada	0	noun	1376	2.163
9010	raios-x	0	unk	1376	2.163
9011	visualização	0	noun	1376	2.163
9012	hand	0	unk	1375	2.161
9013	importunar	0	verb	1375	2.161
9014	dia-a-dia	0	noun	1374	2.160
9015	decidido	0	noun	1373	2.158
9016	lancha	0	noun	1373	2.158
9017	nadinha	0	adj	1372	2.157
9018	numérico	0	adj	1372	2.157
9019	penetração	0	noun	1372	2.157
9020	temível	0	adj	1372	2.157
9021	transgressão	0	noun	1372	2.157
9022	fodasse	0	unk	1371	2.155
9023	poluir	0	verb	1371	2.155
9024	quadril	0	unk	1371	2.155
9025	loção	0	noun	1370	2.153
9026	operatório	0	noun	1370	2.153
9027	sinistra	0	noun	1370	2.153
9028	hipocrisia	0	noun	1369	2.152
9029	precoce	0	unk	1369	2.152
9030	tensão arterial	1	mwe	1369	2.152
9031	amêijoa	0	noun	1368	2.150
9032	bacia	0	noun	1368	2.150
9033	contorcer	0	verb	1368	2.150
9034	toro	0	noun	1368	2.150
9035	atiraa	0	unk	1367	2.149
9036	gengibre	0	unk	1367	2.149
9037	insuficiente	0	adj	1367	2.149
9038	mail	0	unk	1367	2.149
9039	patrono	0	noun	1367	2.149
9040	projetor	0	unk	1367	2.149
9041	psicótica	0	adj	1366	2.147
9042	roulotte	0	unk	1366	2.147
9043	cozinhado	0	noun	1365	2.146
9044	evasão	0	noun	1365	2.146
9045	estagiária	0	noun	1364	2.144
9046	pendura	0	noun	1364	2.144
9047	nódoas negras	1	mwe	1363	2.142
9048	pager	0	verb	1363	2.142
9049	questionário	0	noun	1363	2.142
9050	hurra	0	noun	1362	2.141
9051	remendar	0	verb	1362	2.141
9052	say	0	unk	1362	2.141
9053	selado	0	noun	1362	2.141
9054	lavrador	0	noun	1361	2.139
9055	collants	0	unk	1360	2.138
9056	guitarrista	0	noun	1360	2.138
9057	propagar	0	verb	1360	2.138
9058	escoteiro	0	noun	1359	2.136
9059	interceção	0	noun	1359	2.136
9060	majestoso	0	adj	1359	2.136
9061	neblina	0	adj	1359	2.136
9062	divergência	0	noun	1358	2.135
9063	pomposo	0	adj	1358	2.135
9064	armando	0	noun	1357	2.133
9065	maconha	0	noun	1356	2.131
9066	quilômetros	0	unk	1356	2.131
9067	aniversariante	0	unk	1355	2.130
9068	nado	0	noun	1355	2.130
9069	pr	0	unk	1355	2.130
9070	virtualmente	0	adv	1355	2.130
9071	relevância	0	noun	1354	2.128
9072	desportista	0	noun	1353	2.127
9073	guerrilheiro	0	noun	1353	2.127
9074	idealista	0	noun	1353	2.127
9075	preenchido	0	noun	1353	2.127
9076	provocador	0	noun	1353	2.127
9077	replicar	0	verb	1353	2.127
9078	burrito	0	noun	1352	2.125
9079	encravado	0	noun	1351	2.123
9080	penitência	0	noun	1351	2.123
9081	psicose	0	unk	1351	2.123
9082	servido	0	noun	1351	2.123
9083	respeitosamente	0	adv	1350	2.122
9084	chiclete	0	unk	1349	2.120
9085	contingência	0	noun	1349	2.120
9086	estrutural	0	adj	1349	2.120
9087	gorro	0	noun	1349	2.120
9088	eufemismo	0	noun	1348	2.119
9089	legendas originais	1	mwe	1348	2.119
9090	necessitado	0	noun	1348	2.119
9091	reembolsar	0	verb	1348	2.119
9092	suscetível	0	adj	1348	2.119
9093	ameaçado	0	noun	1347	2.117
9094	carrada	0	noun	1347	2.117
9095	lóbulo	0	noun	1347	2.117
9096	persistir	0	verb	1347	2.117
9097	rodeo	0	noun	1347	2.117
9098	zumbido	0	noun	1347	2.117
9099	chat	0	unk	1346	2.116
9100	convenientemente	0	adv	1346	2.116
9101	diesel	0	adj	1346	2.116
9102	tofu	0	unk	1346	2.116
9103	bermudas	0	unk	1345	2.114
9104	cavalinho	0	adj	1345	2.114
9105	cívico	0	adj	1345	2.114
9106	encalhar	0	verb	1345	2.114
9107	especificar	0	verb	1345	2.114
9108	estã	0	unk	1345	2.114
9109	apavorar	0	verb	1344	2.112
9110	consolação	0	noun	1344	2.112
9111	saldar	0	verb	1344	2.112
9112	medicar	0	verb	1343	2.111
9113	bafo	0	noun	1342	2.109
9114	horrivelmente	0	adv	1342	2.109
9115	manso	0	noun	1342	2.109
9116	marujo	0	noun	1342	2.109
9117	ping	0	unk	1342	2.109
9118	túnica	0	adj	1342	2.109
9119	insatisfeito	0	noun	1341	2.108
9120	preservação	0	noun	1341	2.108
9121	trufa	0	unk	1341	2.108
9122	nascente	0	adj	1340	2.106
9123	olfato	0	noun	1340	2.106
9124	formigueiro	0	noun	1339	2.105
9125	gaze	0	unk	1339	2.105
9126	passageira	0	noun	1339	2.105
9127	provisório	0	noun	1339	2.105
9128	cabecinha	0	adj	1338	2.103
9129	despacho	0	noun	1338	2.103
9130	apegar	0	verb	1337	2.101
9131	triangular	0	verb	1337	2.101
9132	anticorpo	0	noun	1336	2.100
9133	carona	0	noun	1336	2.100
9134	cerrar	0	verb	1336	2.100
9135	mega	0	noun	1336	2.100
9136	asno	0	unk	1335	2.098
9137	assombroso	0	adj	1335	2.098
9138	decompor	0	unk	1335	2.098
9139	hiena	0	noun	1335	2.098
9140	inovação	0	noun	1335	2.098
9141	lacrosse	0	unk	1335	2.098
9142	testosterona	0	noun	1335	2.098
9143	viragem	0	noun	1335	2.098
9144	antecessor	0	unk	1334	2.097
9145	arame farpado	1	mwe	1334	2.097
9146	cerâmica	0	adj	1333	2.095
9147	divagar	0	verb	1333	2.095
9148	heart	0	unk	1333	2.095
9149	micro-ondas	0	unk	1333	2.095
9150	ponteiro	0	noun	1333	2.095
9151	benéfico	0	adj	1332	2.094
9152	executor	0	unk	1332	2.094
9153	adoravas	0	unk	1331	2.092
9154	degenerar	0	verb	1331	2.092
9155	mística	0	adj	1331	2.092
9156	preventivo	0	noun	1331	2.092
9157	neurótico	0	adj	1330	2.090
9158	bué	0	unk	1329	2.089
9159	distorção	0	noun	1328	2.087
9160	ebay	0	unk	1328	2.087
9161	montra	0	noun	1328	2.087
9162	produtora	0	noun	1328	2.087
9163	racha	0	noun	1328	2.087
9164	ratoeira	0	noun	1328	2.087
9165	solene	0	unk	1328	2.087
9166	palavra-chave	0	unk	1327	2.086
9167	refinaria	0	noun	1327	2.086
9168	acompanhamento	0	noun	1326	2.084
9169	anonimato	0	noun	1326	2.084
9170	colhões	0	noun	1326	2.084
9171	corrompido	0	noun	1326	2.084
9172	retrair	0	verb	1326	2.084
9173	secador	0	noun	1326	2.084
9174	superioridade	0	noun	1326	2.084
9175	vigília	0	noun	1326	2.084
9176	amada	0	noun	1325	2.083
9177	cobardolas	0	unk	1325	2.083
9178	auditivo	0	noun	1324	2.081
9179	botija	0	noun	1324	2.081
9180	chibo	0	noun	1324	2.081
9181	magrinho	0	adj	1324	2.081
9182	multimilionário	0	noun	1324	2.081
9183	junção	0	noun	1323	2.079
9184	limusine	0	unk	1323	2.079
9185	monarca	0	unk	1323	2.079
9186	tendão	0	noun	1323	2.079
9187	viajem	0	noun	1323	2.079
9188	concerteza	0	noun	1322	2.078
9189	experimento	0	noun	1322	2.078
9190	intimidação	0	noun	1322	2.078
9191	macaquinho	0	adj	1322	2.078
9192	pediatra	0	noun	1322	2.078
9193	saciar	0	verb	1322	2.078
9194	sanguinário	0	noun	1322	2.078
9195	unânime	0	unk	1322	2.078
9196	vice-rei	0	unk	1322	2.078
9197	inchado	0	noun	1321	2.076
9198	reconciliação	0	noun	1321	2.076
9199	vagar	0	verb	1321	2.076
9200	comportamental	0	adj	1320	2.075
9201	propina	0	adj	1320	2.075
9202	queima-roupa	0	noun	1320	2.075
9203	sírio	0	noun	1320	2.075
9204	vudu	0	unk	1320	2.075
9205	desconfiança	0	noun	1319	2.073
9206	ferro-velho	0	noun	1319	2.073
9207	infortúnio	0	noun	1319	2.073
9208	ateu	0	unk	1318	2.072
9209	camuflar	0	verb	1318	2.072
9210	entusiasta	0	noun	1318	2.072
9211	hola	0	noun	1318	2.072
9212	rumar	0	verb	1318	2.072
9213	cacau	0	unk	1317	2.070
9214	danos colaterais	1	mwe	1317	2.070
9215	escaravelho	0	noun	1317	2.070
9216	esquizofrénico	0	adj	1317	2.070
9217	frx	0	unk	1317	2.070
9218	incursão	0	noun	1317	2.070
9219	remarcar	0	verb	1317	2.070
9220	virtuoso	0	adj	1317	2.070
9221	caráter	0	verb	1316	2.068
9222	cuspo	0	noun	1316	2.068
9223	engrenagem	0	noun	1316	2.068
9224	indisposto	0	noun	1316	2.068
9225	rajada	0	noun	1316	2.068
9226	estirpe	0	unk	1315	2.067
9227	preceder	0	verb	1315	2.067
9228	prostituto	0	noun	1315	2.067
9229	apóstolo	0	noun	1314	2.065
9230	crepúsculo	0	noun	1314	2.065
9231	marada	0	noun	1314	2.065
9232	cidadã	0	unk	1312	2.062
9233	degolar	0	verb	1312	2.062
9234	embuste	0	unk	1312	2.062
9235	espirituoso	0	adj	1312	2.062
9236	modéstia	0	noun	1312	2.062
9237	rapagão	0	noun	1312	2.062
9238	remontar	0	verb	1312	2.062
9239	severamente	0	adv	1312	2.062
9240	soul	0	unk	1312	2.062
9241	emagrecer	0	verb	1311	2.061
9242	expediente	0	adj	1311	2.061
9243	blindado	0	noun	1310	2.059
9244	literal	0	adj	1310	2.059
9245	amplificador	0	noun	1309	2.057
9246	cupido	0	noun	1309	2.057
9247	desamparar	0	verb	1309	2.057
9248	legislação	0	noun	1309	2.057
9249	oferecida	0	noun	1309	2.057
9250	retardado	0	noun	1309	2.057
9251	afim	0	unk	1308	2.056
9252	ball	0	unk	1308	2.056
9253	caneco	0	adj	1308	2.056
9254	salientar	0	verb	1308	2.056
9255	contaminado	0	noun	1307	2.054
9256	desembarque	0	unk	1307	2.054
9257	albanês	0	adj	1306	2.053
9258	artrite	0	unk	1306	2.053
9259	corretar	0	verb	1306	2.053
9260	estandarte	0	unk	1306	2.053
9261	festinha	0	adj	1306	2.053
9262	abade	0	noun	1305	2.051
9263	aorta	0	noun	1305	2.051
9264	comestível	0	adj	1305	2.051
9265	desencorajar	0	verb	1305	2.051
9266	monsenhor	0	unk	1305	2.051
9267	desarmado	0	noun	1304	2.050
9268	disfunção	0	noun	1304	2.050
9269	olhinho	0	adj	1304	2.050
9270	oprimir	0	verb	1304	2.050
9271	boda	0	noun	1303	2.048
9272	estaca zero	1	mwe	1303	2.048
9273	apanhada	0	noun	1302	2.046
9274	cockpit	0	unk	1302	2.046
9275	hemorragia interna	1	mwe	1302	2.046
9276	ilícito	0	noun	1302	2.046
9277	insinuação	0	noun	1302	2.046
9278	misto	0	noun	1302	2.046
9279	deck	0	unk	1301	2.045
9280	descarrilar	0	verb	1301	2.045
9281	feminista	0	noun	1301	2.045
9282	laia	0	noun	1301	2.045
9283	merdosa	0	noun	1301	2.045
9284	mutilação	0	noun	1301	2.045
9285	varão	0	noun	1301	2.045
9286	caixinha	0	adj	1300	2.043
9287	cher	0	verb	1300	2.043
9288	decadência	0	noun	1300	2.043
9289	arranha-céus	0	unk	1299	2.042
9290	manager	0	verb	1299	2.042
9291	imparcial	0	adj	1298	2.040
9292	alçapão	0	noun	1297	2.039
9293	cifra	0	noun	1297	2.039
9294	comodoro	0	noun	1297	2.039
9295	espiã	0	unk	1297	2.039
9296	felizardo	0	noun	1297	2.039
9297	padeiro	0	noun	1297	2.039
9298	recair	0	verb	1297	2.039
9299	indispensável	0	adj	1296	2.037
9300	robótica	0	adj	1296	2.037
9301	salina	0	adj	1296	2.037
9302	conserto	0	noun	1295	2.035
9303	voadora	0	noun	1295	2.035
9304	injustamente	0	adv	1294	2.034
9305	destacado	0	noun	1293	2.032
9306	déjà	0	unk	1293	2.032
9307	resmungar	0	verb	1293	2.032
9308	descascar	0	verb	1292	2.031
9309	repercussão	0	noun	1292	2.031
9310	sina	0	adj	1292	2.031
9311	urgentemente	0	adv	1292	2.031
9312	afiado	0	noun	1291	2.029
9313	caldo	0	noun	1291	2.029
9314	desodorizante	0	unk	1291	2.029
9315	dispendioso	0	adj	1291	2.029
9316	ecológico	0	adj	1291	2.029
9317	suspense	0	unk	1291	2.029
9318	usual	0	adj	1291	2.029
9319	ânus	0	unk	1291	2.029
9320	amnistia	0	noun	1290	2.028
9321	paternal	0	adj	1290	2.028
9322	patriótico	0	adj	1290	2.028
9323	cesariana	0	adj	1289	2.026
9324	condor	0	noun	1289	2.026
9325	heh	0	unk	1289	2.026
9326	indefinidamente	0	adv	1289	2.026
9327	lazer	0	verb	1289	2.026
9328	provação	0	noun	1289	2.026
9329	stick	0	unk	1289	2.026
9330	retina	0	adj	1288	2.024
9331	bypass	0	unk	1287	2.023
9332	cachorro-quente	0	adj	1286	2.021
9333	cântico	0	adj	1286	2.021
9334	free	0	unk	1286	2.021
9335	look	0	unk	1286	2.021
9336	pirataria	0	noun	1285	2.020
9337	caldeirão	0	noun	1284	2.018
9338	financeiramente	0	adv	1284	2.018
9339	impensável	0	adj	1284	2.018
9340	barrar	0	verb	1283	2.017
9341	camareiro	0	noun	1283	2.017
9342	caserna	0	noun	1283	2.017
9343	checar	0	verb	1283	2.017
9344	controvérsia	0	noun	1283	2.017
9345	encruzilhada	0	noun	1283	2.017
9346	bla	0	noun	1282	2.015
9347	demo	0	noun	1282	2.015
9348	errante	0	unk	1282	2.015
9349	intestinal	0	adj	1282	2.015
9350	limpinho	0	adj	1282	2.015
9351	clérigo	0	noun	1281	2.013
9352	engendrar	0	verb	1281	2.013
9353	prezar	0	verb	1281	2.013
9354	reclusa	0	noun	1281	2.013
9355	talibãs	0	unk	1281	2.013
9356	ápice	0	noun	1281	2.013
9357	redes sociais	1	mwe	1280	2.012
9358	ferrugem	0	noun	1279	2.010
9359	residencial	0	adj	1279	2.010
9360	sintonizar	0	verb	1279	2.010
9361	sync	0	unk	1279	2.010
9362	ajudaa	0	unk	1278	2.009
9363	chihuahua	0	noun	1278	2.009
9364	exaustivo	0	noun	1276	2.006
9365	exportação	0	noun	1276	2.006
9366	proibição	0	noun	1276	2.006
9367	astral	0	adj	1275	2.004
9368	conversão	0	noun	1275	2.004
9369	moer	0	verb	1274	2.002
9370	pastel	0	adj	1274	2.002
9371	reciclagem	0	noun	1274	2.002
9372	simulador	0	noun	1274	2.002
9373	xau	0	unk	1274	2.002
9374	coligação	0	noun	1273	2.001
9375	despachado	0	noun	1273	2.001
9376	humildemente	0	adv	1273	2.001
9377	incondicional	0	adj	1273	2.001
9378	constitucional	0	adj	1272	1.999
9379	fluído	0	noun	1272	1.999
9380	intensamente	0	adv	1272	1.999
9381	levantado	0	noun	1272	1.999
9382	limiar	0	verb	1272	1.999
9383	mulherengo	0	noun	1272	1.999
9384	pingo	0	noun	1272	1.999
9385	teatral	0	adj	1272	1.999
9386	dominó	0	unk	1271	1.998
9387	gótico	0	adj	1271	1.998
9388	pitada	0	noun	1271	1.998
9389	acionar	0	verb	1270	1.996
9390	crucifixo	0	noun	1270	1.996
9391	hipotético	0	adj	1270	1.996
9392	dócil	0	unk	1269	1.995
9393	maternal	0	adj	1269	1.995
9394	peregrinação	0	noun	1269	1.995
9395	adequadamente	0	adv	1268	1.993
9396	cobrança	0	noun	1268	1.993
9397	espadachim	0	unk	1268	1.993
9398	gradualmente	0	adv	1268	1.993
9399	inspetora	0	noun	1268	1.993
9400	zelar	0	verb	1268	1.993
9401	amolecer	0	verb	1267	1.991
9402	apartar	0	verb	1267	1.991
9403	cronómetro	0	noun	1267	1.991
9404	cultivo	0	noun	1267	1.991
9405	célebre	0	unk	1267	1.991
9406	nunotr	0	unk	1267	1.991
9407	néctar	0	verb	1267	1.991
9408	queridinho	0	adj	1267	1.991
9409	audácia	0	noun	1266	1.990
9410	briefing	0	unk	1266	1.990
9411	tecer	0	verb	1266	1.990
9412	disquete	0	unk	1265	1.988
9413	fogo-de-artifício	0	noun	1265	1.988
9414	hipopótamo	0	noun	1265	1.988
9415	impingir	0	verb	1265	1.988
9416	odeioa	0	noun	1265	1.988
9417	autoclismo	0	noun	1264	1.987
9418	cronometrar	0	verb	1264	1.987
9419	doa	0	noun	1264	1.987
9420	estudioso	0	adj	1264	1.987
9421	seção	0	noun	1264	1.987
9422	traumatizado	0	noun	1264	1.987
9423	desolar	0	verb	1263	1.985
9424	encalço	0	noun	1263	1.985
9425	exibicionista	0	noun	1263	1.985
9426	latitude	0	noun	1263	1.985
9427	restauração	0	noun	1263	1.985
9428	conclusivo	0	noun	1261	1.982
9429	cálcio	0	noun	1261	1.982
9430	entristecer	0	verb	1261	1.982
9431	pálpebra	0	noun	1261	1.982
9432	autodestruição	0	noun	1260	1.980
9433	recapitular	0	verb	1260	1.980
9434	silicone	0	unk	1260	1.980
9435	variado	0	noun	1260	1.980
9436	bugiganga	0	noun	1259	1.979
9437	hepático	0	adj	1259	1.979
9438	resort	0	unk	1259	1.979
9439	cidadania	0	noun	1258	1.977
9440	desmaio	0	noun	1258	1.977
9441	farrapo	0	noun	1258	1.977
9442	metano	0	adj	1258	1.977
9443	meteorologia	0	noun	1258	1.977
9444	pertinente	0	adj	1258	1.977
9445	subtileza	0	noun	1257	1.976
9446	capitalismo	0	noun	1256	1.974
9447	contraste	0	unk	1256	1.974
9448	teletransporte	0	unk	1256	1.974
9449	daninho	0	adj	1255	1.973
9450	decadente	0	adj	1255	1.973
9451	desprevenir	0	verb	1255	1.973
9452	yin	0	unk	1255	1.973
9453	box	0	unk	1254	1.971
9454	encarcerar	0	verb	1254	1.971
9455	ficheiros secretos	1	mwe	1254	1.971
9456	tornar-se-á	0	unk	1254	1.971
9457	vigarice	0	noun	1254	1.971
9458	vínculo	0	noun	1254	1.971
9459	holofote	0	unk	1253	1.969
9460	pontiagudo	0	adj	1253	1.969
9461	cinta	0	noun	1252	1.968
9462	emocionar	0	verb	1252	1.968
9463	encharcar	0	verb	1252	1.968
9464	miudinha	0	adj	1252	1.968
9465	étnico	0	adj	1252	1.968
9466	carente	0	adj	1251	1.966
9467	quarteto	0	noun	1251	1.966
9468	mandeia	0	noun	1250	1.965
9469	odiado	0	noun	1250	1.965
9470	cintilante	0	unk	1249	1.963
9471	golf	0	unk	1249	1.963
9472	slide	0	noun	1249	1.963
9473	castrar	0	verb	1248	1.962
9474	metea	0	unk	1248	1.962
9475	oleoduto	0	noun	1248	1.962
9476	cibernético	0	adj	1247	1.960
9477	framboesa	0	adj	1247	1.960
9478	retido	0	noun	1247	1.960
9479	azedo	0	noun	1246	1.958
9480	barbearia	0	noun	1246	1.958
9481	pavão	0	noun	1246	1.958
9482	talher	0	verb	1246	1.958
9483	alvorada	0	noun	1245	1.957
9484	conheciaa	0	unk	1245	1.957
9485	desinfetar	0	verb	1245	1.957
9486	tournée	0	unk	1245	1.957
9487	excremento	0	noun	1244	1.955
9488	metropolitana	0	adj	1244	1.955
9489	rivalidade	0	noun	1244	1.955
9490	adoração	0	noun	1243	1.954
9491	babá	0	unk	1243	1.954
9492	doo	0	unk	1242	1.952
9493	coreografia	0	noun	1241	1.951
9494	desmanchar	0	verb	1240	1.949
9495	cacete	0	unk	1239	1.947
9496	domesticar	0	verb	1239	1.947
9497	estrangulamento	0	noun	1239	1.947
9498	norueguês	0	adj	1239	1.947
9499	segredinho	0	adj	1239	1.947
9500	atrativo	0	noun	1238	1.946
9501	inquisição	0	noun	1238	1.946
9502	vandalismo	0	noun	1238	1.946
9503	drogou	0	unk	1237	1.944
9504	inteligência artificial	1	mwe	1237	1.944
9505	calcar	0	verb	1236	1.943
9506	envenenado	0	noun	1236	1.943
9507	façanha	0	noun	1236	1.943
9508	rosnar	0	verb	1236	1.943
9509	vangloriar	0	verb	1236	1.943
9510	orifício	0	noun	1235	1.941
9511	salteador	0	noun	1235	1.941
9512	benfeitor	0	unk	1234	1.940
9513	degradar	0	verb	1234	1.940
9514	vulcânico	0	adj	1234	1.940
9515	cristiano	0	adj	1233	1.938
9516	hackear	0	verb	1233	1.938
9517	touché	0	unk	1233	1.938
9518	embaixadora	0	noun	1232	1.936
9519	indisponível	0	adj	1232	1.936
9520	peida	0	noun	1232	1.936
9521	rasgado	0	noun	1231	1.935
9522	see	0	unk	1231	1.935
9523	animador	0	noun	1230	1.933
9524	estatura	0	noun	1230	1.933
9525	esventrar	0	verb	1230	1.933
9526	submissão	0	noun	1230	1.933
9527	temido	0	noun	1230	1.933
9528	argumentista	0	noun	1229	1.932
9529	crazy	0	unk	1229	1.932
9530	fora-da-lei	0	unk	1229	1.932
9531	familiarizar	0	verb	1228	1.930
9532	heresia	0	noun	1228	1.930
9533	morto-vivo	0	noun	1228	1.930
9534	musculado	0	noun	1228	1.930
9535	nicotina	0	adj	1228	1.930
9536	sósia	0	noun	1228	1.930
9537	ursa	0	noun	1228	1.930
9538	guardiã	0	unk	1227	1.929
9539	imbatível	0	adj	1227	1.929
9540	prognóstico	0	adj	1227	1.929
9541	classificado	0	noun	1226	1.927
9542	acrobacia	0	noun	1225	1.925
9543	constatar	0	verb	1225	1.925
9544	oportunista	0	noun	1225	1.925
9545	persiana	0	adj	1225	1.925
9546	afixar	0	verb	1224	1.924
9547	atraído	0	noun	1224	1.924
9548	dialeto	0	noun	1224	1.924
9549	nebulosa	0	noun	1224	1.924
9550	reality	0	unk	1224	1.924
9551	tlfonseca	0	noun	1224	1.924
9552	descendência	0	noun	1223	1.922
9553	formosa	0	noun	1223	1.922
9554	tulipa	0	noun	1223	1.922
9555	erudito	0	noun	1222	1.921
9556	valsa	0	noun	1222	1.921
9557	foxtrot	0	unk	1221	1.919
9558	lenhador	0	noun	1221	1.919
9559	maquilhar	0	verb	1221	1.919
9560	maquinista	0	noun	1221	1.919
9561	tenebroso	0	adj	1221	1.919
9562	buenos aires	1	mwe	1220	1.918
9563	carótida	0	noun	1220	1.918
9564	ditadura	0	noun	1220	1.918
9565	filhinho	0	adj	1219	1.916
9566	hop	0	unk	1219	1.916
9567	mão-de-obra	0	noun	1219	1.916
9568	embeber	0	verb	1218	1.914
9569	massajar	0	verb	1218	1.914
9570	auditório	0	noun	1217	1.913
9571	chalé	0	unk	1217	1.913
9572	contemporâneo	0	noun	1217	1.913
9573	desafiador	0	noun	1217	1.913
9574	menininha	0	adj	1217	1.913
9575	persuasão	0	noun	1217	1.913
9576	violentamente	0	adv	1217	1.913
9577	colossal	0	adj	1216	1.911
9578	irreal	0	adj	1216	1.911
9579	mamada	0	noun	1216	1.911
9580	aristocrata	0	noun	1215	1.910
9581	fissura	0	noun	1215	1.910
9582	limbo	0	noun	1215	1.910
9583	misteriosamente	0	adv	1215	1.910
9584	pensador	0	noun	1215	1.910
9585	pré-nupcial	0	adj	1215	1.910
9586	trocaste	0	unk	1215	1.910
9587	yuan	0	unk	1215	1.910
9588	espessura	0	noun	1214	1.908
9589	saiste	0	unk	1213	1.907
9590	thunder	0	verb	1213	1.907
9591	montão	0	noun	1212	1.905
9592	socorrer	0	verb	1212	1.905
9593	mídia	0	noun	1211	1.903
9594	pizzaria	0	noun	1211	1.903
9595	questionável	0	adj	1211	1.903
9596	saltaste	0	unk	1211	1.903
9597	vaporizar	0	verb	1211	1.903
9598	vislumbre	0	unk	1211	1.903
9599	abundante	0	unk	1210	1.902
9600	descair	0	verb	1210	1.902
9601	magnitude	0	noun	1210	1.902
9602	nórdico	0	adj	1210	1.902
9603	remodelação	0	noun	1210	1.902
9604	bloco operatório	1	mwe	1209	1.900
9605	escalpe	0	unk	1209	1.900
9606	pâncreas	0	unk	1209	1.900
9607	reavaliar	0	verb	1209	1.900
9608	suco	0	adj	1209	1.900
9609	gonna	0	unk	1208	1.899
9610	lost	0	unk	1208	1.899
9611	mísero	0	noun	1208	1.899
9612	remessa	0	noun	1208	1.899
9613	signo	0	unk	1208	1.899
9614	apanhoua	0	noun	1207	1.897
9615	assente	0	adj	1207	1.897
9616	clamar	0	verb	1207	1.897
9617	equívoco	0	noun	1207	1.897
9618	fémur	0	unk	1207	1.897
9619	intrépido	0	noun	1207	1.897
9620	narina	0	adj	1206	1.896
9621	reformular	0	verb	1206	1.896
9622	temperar	0	verb	1206	1.896
9623	adivinho	0	adj	1205	1.894
9624	coordenação	0	noun	1205	1.894
9625	exaustão	0	noun	1205	1.894
9626	frade	0	noun	1204	1.892
9627	projetado	0	noun	1204	1.892
9628	tranquilamente	0	adv	1204	1.892
9629	acesa	0	adj	1203	1.891
9630	corroer	0	verb	1203	1.891
9631	patriotismo	0	noun	1203	1.891
9632	falsificador	0	noun	1202	1.889
9633	ironicamente	0	adv	1202	1.889
9634	paulacoelho	0	noun	1202	1.889
9635	prestígio	0	noun	1202	1.889
9636	acobardar	0	verb	1201	1.888
9637	anteontem	0	noun	1201	1.888
9638	complexidade	0	noun	1201	1.888
9639	trocadilho	0	noun	1201	1.888
9640	inibidor	0	noun	1200	1.886
9641	roteiro	0	noun	1200	1.886
9642	hediondo	0	noun	1199	1.885
9643	piroso	0	adj	1199	1.885
9644	hospitalar	0	verb	1198	1.883
9645	micróbio	0	noun	1198	1.883
9646	curto prazo	1	mwe	1197	1.881
9647	educadamente	0	adv	1197	1.881
9648	malvada	0	noun	1197	1.881
9649	portagem	0	noun	1197	1.881
9650	arpão	0	noun	1196	1.880
9651	anarquista	0	noun	1195	1.878
9652	conspirador	0	noun	1195	1.878
9653	desfilar	0	verb	1195	1.878
9654	dilatar	0	verb	1195	1.878
9655	equivocar	0	verb	1194	1.877
9656	estranhar	0	verb	1194	1.877
9657	muggles	0	unk	1194	1.877
9658	sunrising	0	unk	1194	1.877
9659	colegial	0	adj	1193	1.875
9660	logótipo	0	noun	1193	1.875
9661	perplexo	0	noun	1193	1.875
9662	tampouco	0	adj	1193	1.875
9663	vaginal	0	adj	1193	1.875
9664	cancelado	0	noun	1192	1.874
9665	cognitivo	0	noun	1192	1.874
9666	criminalidade	0	noun	1192	1.874
9667	dumas	0	unk	1192	1.874
9668	editorial	0	adj	1192	1.874
9669	escapatória	0	noun	1192	1.874
9670	locomotiva	0	noun	1192	1.874
9671	soalho	0	noun	1192	1.874
9672	vegetação	0	noun	1192	1.874
9673	competidor	0	noun	1191	1.872
9674	patrocínio	0	noun	1191	1.872
9675	remem	0	noun	1191	1.872
9676	voltagem	0	noun	1191	1.872
9677	amontoar	0	verb	1190	1.870
9678	congelado	0	noun	1190	1.870
9679	foragido	0	noun	1190	1.870
9680	ultimato	0	noun	1190	1.870
9681	autoridades locais	1	mwe	1189	1.869
9682	coxo	0	noun	1189	1.869
9683	nutriente	0	adj	1189	1.869
9684	bacalhau	0	unk	1188	1.867
9685	cirurgia plástica	1	mwe	1188	1.867
9686	cruz vermelha	1	mwe	1188	1.867
9687	rasteira	0	noun	1188	1.867
9688	girassol	0	unk	1187	1.866
9689	rabi	0	unk	1186	1.864
9690	adentro	0	noun	1185	1.863
9691	fármaco	0	noun	1185	1.863
9692	acasalamento	0	noun	1184	1.861
9693	consenso	0	noun	1184	1.861
9694	mediano	0	adj	1184	1.861
9695	palmeira	0	noun	1184	1.861
9696	vodca	0	unk	1184	1.861
9697	doutrina	0	adj	1183	1.859
9698	arromba	0	unk	1182	1.858
9699	patologia	0	noun	1182	1.858
9700	seleccionado	0	noun	1182	1.858
9701	pessimamente	0	adv	1181	1.856
9702	silenciador	0	noun	1181	1.856
9703	make	0	unk	1180	1.855
9704	revestimento	0	noun	1180	1.855
9705	textura	0	noun	1180	1.855
9706	bugiar	0	verb	1179	1.853
9707	empatado	0	noun	1179	1.853
9708	estabilizador	0	noun	1179	1.853
9709	santinho	0	adj	1179	1.853
9710	entusiasmante	0	unk	1178	1.852
9711	fixação	0	noun	1178	1.852
9712	spot	0	unk	1178	1.852
9713	tempinho	0	adj	1178	1.852
9714	auricular	0	verb	1177	1.850
9715	chapada	0	noun	1177	1.850
9716	coveiro	0	noun	1177	1.850
9717	pacóvio	0	noun	1177	1.850
9718	sujeira	0	noun	1177	1.850
9719	best	0	unk	1176	1.848
9720	eficácia	0	noun	1176	1.848
9721	let	0	unk	1176	1.848
9722	registador	0	noun	1176	1.848
9723	there	0	unk	1176	1.848
9724	addic	0	unk	1175	1.847
9725	amplificar	0	verb	1175	1.847
9726	cachorros quentes	1	mwe	1175	1.847
9727	cantiga	0	noun	1174	1.845
9728	decretar	0	verb	1174	1.845
9729	lótus	0	unk	1174	1.845
9730	observatório	0	noun	1174	1.845
9731	purga	0	noun	1174	1.845
9732	desabrochar	0	verb	1173	1.844
9733	logística	0	adj	1173	1.844
9734	película	0	noun	1173	1.844
9735	hibernação	0	noun	1172	1.842
9736	irradiar	0	verb	1172	1.842
9737	socializar	0	verb	1172	1.842
9738	transar	0	verb	1172	1.842
9739	encobrimento	0	noun	1171	1.841
9740	melancólico	0	adj	1171	1.841
9741	ousadia	0	noun	1171	1.841
9742	vigário	0	noun	1171	1.841
9743	brasileiro	0	noun	1170	1.839
9744	detestável	0	adj	1170	1.839
9745	fechaste	0	unk	1170	1.839
9746	palpitar	0	verb	1170	1.839
9747	pirralho	0	noun	1170	1.839
9748	deprimir	0	verb	1169	1.837
9749	engarrafamento	0	noun	1169	1.837
9750	geografia	0	noun	1169	1.837
9751	mascar	0	verb	1169	1.837
9752	chaleira	0	noun	1168	1.836
9753	perigosamente	0	adv	1168	1.836
9754	volátil	0	unk	1168	1.836
9755	besouro	0	noun	1167	1.834
9756	efeitos colaterais	1	mwe	1167	1.834
9757	empada	0	noun	1167	1.834
9758	maçada	0	noun	1167	1.834
9759	van gogh	1	mwe	1167	1.834
9760	despido	0	noun	1166	1.833
9761	disponibilizar	0	verb	1166	1.833
9762	faceta	0	noun	1166	1.833
9763	marquesa	0	adj	1166	1.833
9764	pimento	0	noun	1166	1.833
9765	baixote	0	unk	1165	1.831
9766	mafia	0	noun	1165	1.831
9767	sargento-mor	0	unk	1165	1.831
9768	vórtice	0	noun	1165	1.831
9769	adequar	0	verb	1164	1.830
9770	confim	0	unk	1164	1.830
9771	depressivo	0	noun	1164	1.830
9772	estripar	0	verb	1164	1.830
9773	full	0	unk	1164	1.830
9774	naufragar	0	verb	1164	1.830
9775	sociável	0	adj	1163	1.828
9776	bloqueador	0	noun	1162	1.826
9777	digitalizar	0	verb	1162	1.826
9778	impetuoso	0	adj	1162	1.826
9779	hebraico	0	adj	1161	1.825
9780	presunção	0	noun	1161	1.825
9781	ultravioleta	0	noun	1161	1.825
9782	bipolar	0	verb	1160	1.823
9783	cicatrizar	0	verb	1160	1.823
9784	estremecer	0	verb	1160	1.823
9785	indiferença	0	noun	1160	1.823
9786	snifar	0	verb	1160	1.823
9787	abandonado	0	noun	1159	1.822
9788	decepcionante	0	unk	1159	1.822
9789	repentinamente	0	adv	1159	1.822
9790	tolerante	0	unk	1159	1.822
9791	tragaa	0	unk	1159	1.822
9792	karate	0	unk	1158	1.820
9793	refrigeração	0	noun	1158	1.820
9794	abstrato	0	noun	1157	1.819
9795	genoma	0	noun	1157	1.819
9796	glóbulo	0	noun	1157	1.819
9797	invento	0	noun	1157	1.819
9798	sintetizar	0	verb	1157	1.819
9799	apreço	0	noun	1156	1.817
9800	binário	0	noun	1156	1.817
9801	insegurança	0	noun	1156	1.817
9802	bebezinho	0	adj	1155	1.815
9803	alcatrão	0	noun	1154	1.814
9804	impulsionar	0	verb	1154	1.814
9805	magoo	0	unk	1154	1.814
9806	continuidade	0	noun	1153	1.812
9807	contributo	0	noun	1153	1.812
9808	deteta	0	noun	1153	1.812
9809	pára-choques	0	unk	1153	1.812
9810	saqueador	0	noun	1153	1.812
9811	tempero	0	noun	1153	1.812
9812	anfetamina	0	adj	1152	1.811
9813	capota	0	noun	1152	1.811
9814	imfreemozart	0	unk	1152	1.811
9815	mandarim	0	unk	1152	1.811
9816	martelar	0	verb	1152	1.811
9817	prostituir	0	verb	1152	1.811
9818	quadra	0	noun	1152	1.811
9819	bem-parecido	0	noun	1151	1.809
9820	interino	0	adj	1151	1.809
9821	penicilina	0	adj	1151	1.809
9822	cachorros-quentes	0	unk	1150	1.808
9823	jogadora	0	noun	1150	1.808
9824	padawan	0	unk	1150	1.808
9825	transcender	0	verb	1149	1.806
9826	vascular	0	verb	1149	1.806
9827	bucha	0	noun	1148	1.804
9828	cinematográfico	0	adj	1148	1.804
9829	cortês	0	adj	1148	1.804
9830	tato	0	noun	1148	1.804
9831	agiota	0	noun	1147	1.803
9832	franja	0	noun	1147	1.803
9833	latrina	0	adj	1147	1.803
9834	mítico	0	adj	1146	1.801
9835	sequela	0	noun	1146	1.801
9836	autodefesa	0	adj	1145	1.800
9837	ginecologista	0	noun	1145	1.800
9838	piorio	0	noun	1144	1.798
9839	psicologicamente	0	adv	1144	1.798
9840	ultrajante	0	unk	1144	1.798
9841	arábia saudita	1	mwe	1143	1.797
9842	compasso	0	noun	1143	1.797
9843	enojado	0	noun	1143	1.797
9844	serenidade	0	noun	1143	1.797
9845	sheriff	0	unk	1143	1.797
9846	vetar	0	verb	1143	1.797
9847	microscópico	0	adj	1142	1.795
9848	enfeitar	0	verb	1141	1.793
9849	estofo	0	noun	1141	1.793
9850	insubordinação	0	noun	1141	1.793
9851	patinagem	0	noun	1141	1.793
9852	yah	0	unk	1141	1.793
9853	brother	0	verb	1140	1.792
9854	cheeseburger	0	verb	1140	1.792
9855	gratificante	0	unk	1140	1.792
9856	alongar	0	verb	1139	1.790
9857	centurião	0	noun	1139	1.790
9858	datar	0	verb	1139	1.790
9859	dorsal	0	adj	1139	1.790
9860	encrencar	0	verb	1138	1.789
9861	mural	0	adj	1138	1.789
9862	manda-chuva	0	noun	1137	1.787
9863	alegremente	0	adv	1136	1.786
9864	graúdo	0	noun	1136	1.786
9865	hm	0	unk	1136	1.786
9866	indescritível	0	adj	1136	1.786
9867	catering	0	unk	1135	1.784
9868	corrente sanguínea	1	mwe	1135	1.784
9869	mestra	0	noun	1135	1.784
9870	nomeada	0	noun	1135	1.784
9871	taquicardia	0	noun	1135	1.784
9872	anã	0	unk	1134	1.782
9873	domiciliário	0	noun	1134	1.782
9874	encontrastea	0	unk	1134	1.782
9875	felino	0	adj	1134	1.782
9876	grampo	0	noun	1133	1.781
9877	torrente	0	adj	1133	1.781
9878	zumbi	0	unk	1133	1.781
9879	agrupar	0	verb	1132	1.779
9880	arcar	0	verb	1132	1.779
9881	balela	0	noun	1132	1.779
9882	ilustrar	0	verb	1132	1.779
9883	escusa	0	noun	1131	1.778
9884	trompete	0	unk	1131	1.778
9885	revoir	0	verb	1130	1.776
9886	ui	0	unk	1130	1.776
9887	desequilibrado	0	noun	1128	1.773
9888	doravante	0	unk	1128	1.773
9889	mundialmente	0	adv	1128	1.773
9890	baioneta	0	noun	1127	1.771
9891	comitiva	0	noun	1127	1.771
9892	jeep	0	unk	1127	1.771
9893	nutrir	0	verb	1127	1.771
9894	cherie	0	unk	1126	1.770
9895	descalço	0	noun	1126	1.770
9896	discriminação	0	noun	1126	1.770
9897	lhalves	0	unk	1126	1.770
9898	ovário	0	noun	1126	1.770
9899	sísmico	0	adj	1126	1.770
9900	aviar	0	verb	1125	1.768
9901	signor	0	unk	1125	1.768
9902	batalhar	0	verb	1124	1.767
9903	catar	0	verb	1124	1.767
9904	hérnia	0	noun	1124	1.767
9905	investigadora	0	noun	1124	1.767
9906	off	0	unk	1124	1.767
9907	privação	0	noun	1124	1.767
9908	bezerro	0	noun	1123	1.765
9909	continência	0	noun	1123	1.765
9910	fobia	0	noun	1123	1.765
9911	passador	0	noun	1123	1.765
9912	rapper	0	verb	1123	1.765
9913	rugido	0	noun	1123	1.765
9914	século xxi	1	mwe	1123	1.765
9915	torrar	0	verb	1123	1.765
9916	veterinária	0	noun	1123	1.765
9917	alferes	0	unk	1122	1.764
9918	boate	0	unk	1122	1.764
9919	península	0	noun	1122	1.764
9920	viscoso	0	adj	1122	1.764
9921	amedrontar	0	verb	1121	1.762
9922	diva	0	noun	1121	1.762
9923	especializado	0	noun	1121	1.762
9924	hidra	0	noun	1121	1.762
9925	martirizar	0	verb	1121	1.762
9926	mein	0	unk	1121	1.762
9927	delegar	0	verb	1120	1.760
9928	descuido	0	noun	1120	1.760
9929	intimidado	0	noun	1120	1.760
9930	minorca	0	unk	1119	1.759
9931	sanatório	0	noun	1119	1.759
9932	arremesso	0	noun	1117	1.756
9933	enxergar	0	verb	1117	1.756
9934	gordinho	0	adj	1117	1.756
9935	informadora	0	noun	1117	1.756
9936	ale	0	unk	1116	1.754
9937	havaiano	0	adj	1116	1.754
9938	integração	0	noun	1116	1.754
9939	perdição	0	noun	1116	1.754
9940	recolocar	0	verb	1116	1.754
9941	tribuno	0	unk	1116	1.754
9942	contanto	0	noun	1115	1.753
9943	toc	0	unk	1115	1.753
9944	abraham lincoln	1	mwe	1114	1.751
9945	aha	0	noun	1114	1.751
9946	backup	0	unk	1114	1.751
9947	desobediência	0	noun	1114	1.751
9948	larilas	0	unk	1114	1.751
9949	cabecilha	0	noun	1113	1.749
9950	elementar	0	verb	1113	1.749
9951	lembrarei	0	unk	1113	1.749
9952	versículo	0	noun	1113	1.749
9953	cascavel	0	adj	1112	1.748
9954	dianteira	0	noun	1112	1.748
9955	dojo	0	noun	1112	1.748
9956	metabolismo	0	noun	1112	1.748
9957	cervical	0	adj	1111	1.746
9958	inalador	0	noun	1111	1.746
9959	infidelidade	0	noun	1111	1.746
9960	ressonância magnética	1	mwe	1111	1.746
9961	senil	0	unk	1111	1.746
9962	amish	0	unk	1110	1.745
9963	deambular	0	verb	1110	1.745
9964	registo criminal	1	mwe	1110	1.745
9965	sake	0	unk	1110	1.745
9966	tsunami	0	unk	1110	1.745
9967	corrimão	0	noun	1109	1.743
9968	pomada	0	noun	1109	1.743
9969	trovoada	0	noun	1109	1.743
9970	chapar	0	verb	1108	1.742
9971	enfermagem	0	noun	1108	1.742
9972	espaço-tempo	0	noun	1108	1.742
9973	sorteio	0	noun	1108	1.742
9974	cidadezinha	0	adj	1107	1.740
9975	descompressão	0	noun	1107	1.740
9976	inca	0	unk	1107	1.740
9977	nómada	0	noun	1107	1.740
9978	compota	0	noun	1106	1.738
9979	napalm	0	unk	1106	1.738
9980	bambu	0	unk	1105	1.737
9981	irrefutável	0	adj	1105	1.737
9982	párem	0	noun	1105	1.737
9983	uhh	0	unk	1105	1.737
9984	chiu	0	unk	1104	1.735
9985	diversidade	0	noun	1104	1.735
9986	alia	0	noun	1103	1.734
9987	arejar	0	verb	1103	1.734
9988	atestado	0	noun	1103	1.734
9989	críquete	0	unk	1103	1.734
9990	desposar	0	verb	1103	1.734
9991	geometria	0	noun	1103	1.734
9992	hipotermia	0	noun	1103	1.734
9993	moralmente	0	adv	1103	1.734
9994	reserva federal	1	mwe	1103	1.734
9995	sublinhar	0	verb	1103	1.734
9996	ânsia	0	noun	1103	1.734
9997	argola	0	noun	1102	1.732
9998	atarefado	0	noun	1102	1.732
9999	individualmente	0	adv	1102	1.732
10000	ingresso	0	noun	1102	1.732
