rank,lemma,is_mwe,pos,raw_freq,freq_per_million
1,o,0,det,29886324,46975.236
2,ser,0,verb,21484665,33769.533
3,não,0,adv,17987071,28272.025
4,que,0,conj,16526745,25976.689
5,de,0,prep,15387769,24186.450
6,estar,0,verb,14117907,22190.485
7,um,0,det,13939973,21910.808
8,a,0,det,12392743,19478.877
9,e,0,conj,10307063,16200.611
10,a,0,prep,10188760,16014.663
11,ter,0,verb,9540174,14995.217
12,ir,0,verb,8867726,13938.266
13,para,0,prep,7212230,11336.162
14,eu,0,pron,6283025,9875.640
15,que,0,pron,5808269,9129.420
16,me,0,pron,5793639,9106.425
17,fazer,0,verb,5237948,8232.991
18,meu,0,det,4786037,7522.679
19,com,0,prep,4680215,7356.348
20,do,0,det,4494215,7063.994
21,poder,0,verb,4486637,7052.083
22,saber,0,verb,4383018,6889.215
23,dizer,0,verb,4249683,6679.639
24,por,0,prep,4233048,6653.492
25,te,0,pron,4163718,6544.520
26,o que,1,mwe,4106151,6454.036
27,ele,0,pron,3858225,6064.347
28,querer,0,verb,3816304,5998.455
29,bem,0,adv,3665474,5761.381
30,em,0,prep,3631664,5708.239
31,mas,0,conj,3602861,5662.966
32,se,0,conj,3568058,5608.263
33,da,0,det,3452869,5427.209
34,isso,0,pron,3438881,5405.223
35,como,0,adv,3286110,5165.098
36,sim,0,adv,2841228,4465.834
37,no,0,unk,2814836,4424.351
38,se,0,pron,2803474,4406.492
39,mais,0,adv,2561130,4025.577
40,na,0,pron,2540096,3992.515
41,muito,0,adv,2522085,3964.206
42,seu,0,det,2494551,3920.928
43,ver,0,verb,2427308,3815.236
44,aqui,0,adv,2361874,3712.387
45,haver,0,verb,2136668,3358.408
46,isto,0,pron,2064801,3245.448
47,ela,0,pron,2046466,3216.629
48,já,0,adv,1865857,2932.749
49,coisa,0,noun,1811165,2846.784
50,à,0,det,1741554,2737.369
51,só,0,adv,1727109,2714.665
52,nos,0,pron,1714773,2695.275
53,ao,0,conj,1698378,2669.506
54,bom,0,adj,1679944,2640.531
55,tudo,0,pron,1643479,2583.215
56,tu,0,pron,1635437,2570.575
57,ficar,0,verb,1633494,2567.521
58,dar,0,verb,1632869,2566.539
59,vir,0,verb,1629666,2561.504
60,achar,0,verb,1599470,2514.042
61,este,0,det,1592813,2503.579
62,porque,0,conj,1553081,2441.128
63,falar,0,verb,1547221,2431.917
64,agora,0,adv,1524247,2395.807
65,lá,0,adv,1483976,2332.509
66,é que,1,mwe,1462674,2299.027
67,todo,0,det,1426415,2242.035
68,dever,0,noun,1412889,2220.775
69,precisar,0,verb,1397651,2196.824
70,não é,1,mwe,1350176,2122.203
71,deixar,0,verb,1341593,2108.712
72,lhe,0,pron,1328172,2087.617
73,onde,0,pron,1313921,2065.217
74,algum,0,det,1311601,2061.571
75,quem,0,pron,1305493,2051.970
76,pensar,0,verb,1286667,2022.379
77,então,0,adv,1286620,2022.306
78,nada,0,pron,1264931,1988.215
79,é o,1,mwe,1242039,1952.233
80,mesmo,0,pron,1239751,1948.637
81,ou,0,conj,1188763,1868.494
82,esperar,0,verb,1168654,1836.887
83,conseguir,0,verb,1167263,1834.701
84,teu,0,det,1131125,1777.899
85,que não,1,mwe,1128481,1773.743
86,são,0,noun,1117272,1756.125
87,o meu,1,mwe,1114336,1751.510
88,vez,0,noun,1107708,1741.092
89,tua,0,det,1095194,1721.423
90,nosso,0,det,1053176,1655.379
91,quando,0,conj,1006982,1582.771
92,eles,0,pron,1000478,1572.548
93,nós,0,pron,994002,1562.369
94,dos,0,det,988361,1553.503
95,ouvir,0,verb,980569,1541.255
96,mim,0,pron,973263,1529.772
97,casa,0,noun,955324,1501.575
98,está bem,1,mwe,952160,1496.602
99,pai,0,noun,950336,1493.735
100,dia,0,noun,947601,1489.436
101,passar,0,verb,945726,1486.489
102,nunca,0,adv,924726,1453.482
103,tempo,0,noun,919188,1444.777
104,gostar,0,verb,912191,1433.779
105,parecer,0,verb,910111,1430.510
106,homem,0,noun,893114,1403.794
107,assim,0,adv,878061,1380.134
108,ainda,0,adv,866117,1361.360
109,encontrar,0,verb,852374,1339.759
110,é um,1,mwe,851394,1338.219
111,sair,0,verb,835329,1312.968
112,outro,0,det,834963,1312.392
113,ano,0,noun,823843,1294.914
114,dois,0,num,820788,1290.112
115,melhor,0,adj,819023,1287.338
116,esse,0,det,807168,1268.704
117,também,0,adv,802132,1260.789
118,quê,0,pron,801352,1259.563
119,pessoa,0,noun,798646,1255.309
120,favor,0,noun,791859,1244.642
121,matar,0,verb,783523,1231.539
122,certo,0,adj,778793,1224.105
123,levar,0,verb,776204,1220.035
124,olhar,0,verb,772697,1214.523
125,sobre,0,prep,770507,1211.081
126,este,0,pron,751667,1181.468
127,acontecer,0,verb,748215,1176.042
128,chegar,0,verb,737316,1158.911
129,tão,0,adv,736796,1158.094
130,ti,0,pron,734463,1154.427
131,mãe,0,noun,730211,1147.743
132,noite,0,noun,729476,1146.588
133,depois,0,adv,725729,1140.699
134,vida,0,noun,717153,1127.219
135,tentar,0,verb,713967,1122.211
136,andar,0,verb,710945,1117.461
137,voltar,0,verb,710462,1116.702
138,talvez,0,adv,708195,1113.139
139,olá,0,intj,707644,1112.273
140,sentir,0,verb,695604,1093.348
141,por favor,1,mwe,695109,1092.570
142,é uma,1,mwe,694192,1091.129
143,sempre,0,adv,691215,1086.450
144,conhecer,0,verb,682411,1072.612
145,alguém,0,pron,681206,1070.718
146,até,0,prep,672566,1057.137
147,dele,0,pron,659670,1036.867
148,acabar,0,verb,657839,1033.989
149,sem,0,prep,648530,1019.358
150,todo,0,pron,647500,1017.739
151,chamar,0,verb,646159,1015.631
152,aquele,0,det,632776,994.595
153,morrer,0,verb,631473,992.547
154,senhor,0,noun,631290,992.260
155,das,0,det,622276,978.092
156,tipo,0,noun,604547,950.225
157,pelo,0,noun,586014,921.095
158,amigo,0,noun,577694,908.018
159,ajudar,0,verb,576376,905.946
160,algo,0,pron,565032,888.116
161,sr,0,unk,546304,858.679
162,parar,0,verb,545368,857.208
163,filho,0,noun,544782,856.287
164,começar,0,verb,534981,840.882
165,verdade,0,noun,528876,831.286
166,antes,0,adv,525289,825.648
167,mulher,0,noun,525217,825.535
168,grande,0,adj,524602,824.568
169,deus,0,noun,521553,819.775
170,ninguém,0,pron,507122,797.093
171,trabalho,0,noun,505394,794.377
172,entrar,0,verb,504246,792.572
173,hora,0,noun,504143,792.410
174,apenas,0,adv,495702,779.143
175,obrigar,0,verb,492066,773.428
176,acreditar,0,verb,490382,770.781
177,aí,0,adv,485652,763.346
178,pouco,0,adv,480923,755.913
179,problema,0,noun,476443,748.872
180,quando,0,adv,473875,744.835
181,pedir,0,verb,473587,744.383
182,comigo,0,adv,472968,743.410
183,quanto,0,det,472835,743.201
184,perder,0,verb,469953,738.671
185,desculpa,0,noun,468433,736.282
186,por isso,1,mwe,466786,733.693
187,qual,0,pron,466268,732.879
188,eu sei,1,mwe,451237,709.253
189,usar,0,verb,442947,696.223
190,tudo bem,1,mwe,440216,691.930
191,qualquer,0,det,439599,690.960
192,dinheiro,0,noun,439014,690.041
193,pela,0,noun,436973,686.833
194,lembrar,0,verb,436566,686.193
195,obrigado,0,adj,424759,667.635
196,cá,0,adv,424338,666.973
197,querido,0,adj,422179,663.580
198,nome,0,noun,422135,663.511
199,merda,0,noun,420214,660.491
200,num,0,unk,416992,655.427
201,disso,0,noun,416540,654.716
202,daqui,0,adv,410623,645.416
203,tirar,0,verb,409196,643.173
204,trabalhar,0,verb,408007,641.304
205,nem,0,conj,406690,639.234
206,ligar,0,verb,404088,635.144
207,sério,0,noun,396958,623.937
208,fora,0,adv,396225,622.785
209,alguma coisa,1,mwe,393129,617.919
210,pôr,0,verb,392547,617.004
211,hoje,0,adv,391341,615.109
212,dela,0,pron,388270,610.282
213,novo,0,adj,387345,608.828
214,trazer,0,verb,383602,602.944
215,muito bem,1,mwe,383148,602.231
216,volta,0,noun,382736,601.583
217,perceber,0,verb,378195,594.446
218,vosso,0,det,376552,591.863
219,nenhum,0,det,376351,591.547
220,continuar,0,verb,375895,590.831
221,primeiro,0,adj,372162,584.963
222,carro,0,noun,370281,582.007
223,certeza,0,noun,366680,576.347
224,claro,0,adv,366189,575.575
225,às,0,det,364220,572.480
226,apanhar,0,verb,363848,571.895
227,pronto,0,adj,359613,565.239
228,contar,0,verb,358616,563.672
229,mal,0,adv,356998,561.128
230,último,0,adj,353486,555.608
231,mundo,0,noun,353051,554.925
232,lado,0,noun,350241,550.508
233,tomar,0,verb,349351,549.109
234,oh,0,intj,344816,541.981
235,três,0,num,343615,540.093
236,ideia,0,noun,341995,537.547
237,meu deus,1,mwe,339391,533.454
238,embora,0,adv,338810,532.541
239,rapaz,0,noun,334525,525.805
240,mão,0,noun,332893,523.240
241,porquê,0,adv,332277,522.272
242,nas,0,unk,331942,521.745
243,numa,0,noun,331159,520.515
244,menos,0,adv,330753,519.877
245,parte,0,noun,330749,519.870
246,todos os,1,mwe,329574,518.023
247,outro,0,pron,326081,512.533
248,arma,0,noun,322993,507.679
249,lugar,0,noun,322962,507.631
250,tanto,0,det,320623,503.954
251,tratar,0,verb,317379,498.855
252,amar,0,verb,316038,496.748
253,vos,0,pron,315890,496.515
254,uma coisa,1,mwe,315631,496.108
255,família,0,noun,315617,496.086
256,desculpar,0,verb,315256,495.518
257,aos,0,det,312854,491.743
258,entender,0,verb,312080,490.526
259,viver,0,verb,311936,490.300
260,dentro,0,adv,311308,489.313
261,razão,0,noun,310796,488.508
262,ótimo,0,adj,309032,485.736
263,minuto,0,noun,307484,483.302
264,esquecer,0,verb,303742,477.421
265,único,0,adj,302702,475.786
266,mudar,0,verb,302480,475.437
267,polícia,0,noun,299775,471.185
268,ali,0,adv,291938,458.867
269,esse,0,pron,286144,449.760
270,manter,0,verb,285748,449.138
271,abrir,0,verb,280560,440.983
272,descobrir,0,verb,279712,439.650
273,seguir,0,verb,278048,437.035
274,ele está,1,mwe,277173,435.660
275,pois,0,conj,276541,434.666
276,pagar,0,verb,276522,434.636
277,segundo,0,adj,273763,430.300
278,correr,0,verb,273013,429.121
279,nem,0,adv,271126,426.155
280,comer,0,verb,270087,424.522
281,caso,0,conj,266880,419.481
282,cabeça,0,noun,266167,418.361
283,si,0,pron,265947,418.015
284,mandar,0,verb,265359,417.090
285,irmão,0,noun,264333,415.478
286,semana,0,noun,263760,414.577
287,ajuda,0,noun,262995,413.375
288,raio,0,noun,262988,413.364
289,momento,0,noun,262673,412.869
290,aquilo,0,pron,262497,412.592
291,onde está,1,mwe,260477,409.417
292,forma,0,noun,259886,408.488
293,atrás,0,adv,258571,406.421
294,cidade,0,noun,255098,400.962
295,pequeno,0,adj,254320,399.739
296,olho,0,noun,253937,399.137
297,importar,0,verb,253349,398.213
298,mostrar,0,verb,252370,396.674
299,conta,0,noun,252366,396.668
300,história,0,noun,251812,395.797
301,porta,0,noun,251607,395.475
302,adorar,0,verb,247565,389.122
303,perguntar,0,verb,246289,387.116
304,deles,0,unk,245896,386.499
305,entre,0,prep,244323,384.026
306,preocupar,0,verb,241093,378.949
307,arranjar,0,verb,240858,378.580
308,amor,0,noun,240275,377.664
309,com ele,1,mwe,238338,374.619
310,frente,0,noun,238285,374.536
311,senhora,0,noun,237390,373.129
312,ganhar,0,verb,236629,371.933
313,vivo,0,adj,235967,370.892
314,até,0,adv,235748,370.548
315,desde,0,prep,235544,370.227
316,ok,0,intj,234157,368.047
317,tarde,0,adv,228532,359.206
318,os meus,1,mwe,228183,358.657
319,procurar,0,verb,226032,355.276
320,criança,0,noun,224518,352.897
321,tornar,0,verb,223694,351.602
322,morte,0,noun,223425,351.179
323,lhes,0,pron,222561,349.821
324,maneira,0,noun,221923,348.818
325,deus,0,intj,221691,348.453
326,vá lá,1,mwe,220681,346.866
327,próximo,0,adj,220376,346.386
328,feliz,0,adj,220064,345.896
329,dormir,0,verb,219540,345.072
330,cima,0,noun,218887,344.046
331,salvar,0,verb,217119,341.267
332,sozinho,0,adj,216830,340.813
333,pergunta,0,noun,216506,340.303
334,nova,0,noun,216438,340.197
335,junto,0,adv,216407,340.148
336,durante,0,prep,215459,338.658
337,velho,0,adj,215245,338.321
338,amanhã,0,adv,214983,337.910
339,receber,0,verb,214594,337.298
340,quase,0,adv,214534,337.204
341,caminho,0,noun,214268,336.786
342,todas as,1,mwe,212043,333.289
343,medo,0,noun,211144,331.876
344,contra,0,prep,210908,331.505
345,partir,0,verb,207785,326.596
346,as pessoas,1,mwe,207516,326.173
347,cara,0,noun,205443,322.915
348,mês,0,noun,205254,322.618
349,agente,0,noun,204815,321.928
350,da minha,1,mwe,202940,318.980
351,pode ser,1,mwe,202659,318.539
352,claro,0,adj,202424,318.169
353,meu pai,1,mwe,202241,317.882
354,desta,0,prep,198403,311.849
355,pessoal,0,adj,198224,311.568
356,filha,0,noun,198207,311.541
357,neste,0,unk,196561,308.954
358,rapariga,0,noun,195669,307.552
359,sentar,0,verb,195353,307.055
360,importante,0,adj,192794,303.033
361,difícil,0,adj,191219,300.557
362,cada,0,det,190469,299.379
363,sorte,0,noun,190451,299.350
364,palavra,0,noun,190332,299.163
365,causa,0,noun,189944,298.553
366,as coisas,1,mwe,189753,298.253
367,significar,0,verb,189751,298.250
368,buscar,0,verb,189237,297.442
369,jogo,0,noun,188850,296.834
370,disto,0,noun,188103,295.660
371,tal,0,adv,187816,295.209
372,fugir,0,verb,187140,294.146
373,quarto,0,adj,186477,293.104
374,comprar,0,verb,184839,290.529
375,morto,0,adj,184667,290.259
376,número,0,noun,184592,290.141
377,pois,0,adv,184361,289.778
378,beber,0,verb,184024,289.248
379,roubar,0,verb,183482,288.396
380,água,0,noun,182754,287.252
381,estranho,0,adj,182388,286.677
382,desaparecer,0,verb,182186,286.359
383,corpo,0,noun,181563,285.380
384,cuidado,0,noun,181338,285.027
385,sangue,0,noun,179793,282.598
386,existir,0,verb,179312,281.842
387,força,0,noun,179086,281.487
388,escrever,0,verb,177686,279.286
389,seguro,0,adj,176231,276.999
390,guerra,0,noun,175564,275.951
391,lindo,0,adj,175267,275.484
392,rápido,0,adj,175222,275.413
393,manhã,0,noun,175212,275.398
394,plano,0,noun,174349,274.041
395,tocar,0,verb,174347,274.038
396,maior,0,adj,173117,272.105
397,adeus,0,intj,172838,271.666
398,cair,0,verb,171139,268.996
399,terra,0,noun,171134,268.988
400,ei,0,intj,170486,267.969
401,perto,0,adv,169963,267.147
402,bonito,0,adj,168851,265.400
403,confiar,0,verb,168399,264.689
404,mau,0,adj,167955,263.991
405,miúdo,0,noun,165595,260.282
406,calar,0,verb,164056,257.863
407,cinco,0,num,163663,257.245
408,altura,0,noun,163654,257.231
409,segurança,0,noun,163477,256.953
410,aparecer,0,verb,163433,256.884
411,equipa,0,noun,163419,256.862
412,procura,0,noun,162730,255.779
413,outra vez,1,mwe,162329,255.148
414,enviar,0,verb,161970,254.584
415,dólar,0,noun,161568,253.952
416,dr,0,noun,160921,252.935
417,calma,0,noun,160485,252.250
418,aceitar,0,verb,160288,251.940
419,deste,0,verb,160096,251.638
420,mexer,0,verb,159960,251.425
421,quer dizer,1,mwe,159728,251.060
422,colocar,0,verb,159290,250.372
423,chefe,0,noun,159265,250.332
424,prometer,0,verb,159227,250.273
425,obrigado,0,verb,158751,249.524
426,funcionar,0,verb,157291,247.230
427,fim,0,noun,157185,247.063
428,coração,0,noun,156611,246.161
429,brincar,0,verb,156473,245.944
430,primeiro,0,adv,155358,244.191
431,nisso,0,noun,154902,243.475
432,menina,0,noun,153418,241.142
433,meio,0,num,152779,240.138
434,diferente,0,adj,152584,239.831
435,preparar,0,verb,151137,237.557
436,estado,0,noun,151053,237.425
437,levantar,0,verb,150279,236.208
438,pegar,0,verb,149215,234.536
439,pé,0,noun,149018,234.226
440,meter,0,verb,148527,233.454
441,vamos lá,1,mwe,148166,232.887
442,lamentar,0,verb,147556,231.928
443,contigo,0,intj,147491,231.826
444,exatamente,0,adv,147383,231.656
445,livro,0,noun,146478,230.234
446,escola,0,noun,145866,229.272
447,capitão,0,noun,145663,228.953
448,festa,0,noun,145653,228.937
449,proteger,0,verb,145424,228.577
450,quatro,0,num,145178,228.190
451,bater,0,verb,144969,227.862
452,irmã,0,noun,144800,227.596
453,baixo,0,noun,144701,227.441
454,escolher,0,verb,144543,227.192
455,possível,0,adj,144455,227.054
456,minha mãe,1,mwe,144143,226.564
457,bebé,0,noun,143843,226.092
458,enquanto,0,conj,143596,225.704
459,fechar,0,verb,143581,225.680
460,ar,0,noun,143225,225.121
461,ontem,0,adv,142430,223.871
462,presidente,0,noun,142335,223.722
463,logo,0,adv,142195,223.502
464,jogar,0,verb,142121,223.385
465,acordo,0,noun,142009,223.209
466,esconder,0,verb,141895,223.030
467,negócio,0,noun,141161,221.876
468,vai ser,1,mwe,140839,221.370
469,marido,0,noun,140708,221.164
470,na verdade,1,mwe,140309,220.537
471,alto,0,adj,139372,219.064
472,ordem,0,noun,139145,218.708
473,afastar,0,verb,138595,217.843
474,lutar,0,verb,137522,216.157
475,realmente,0,adv,137476,216.084
476,compreender,0,verb,136165,214.024
477,criar,0,verb,135863,213.549
478,mentir,0,verb,135787,213.430
479,imaginar,0,verb,135768,213.400
480,ler,0,verb,135191,212.493
481,pena,0,noun,134843,211.946
482,decidir,0,verb,134769,211.830
483,esta noite,1,mwe,134744,211.790
484,trás,0,adv,134102,210.781
485,depressa,0,adv,133450,209.756
486,aprender,0,verb,133350,209.599
487,valer,0,verb,132810,208.750
488,mil,0,num,132805,208.743
489,à noite,1,mwe,132794,208.725
490,nesta,0,noun,132416,208.131
491,prova,0,noun,132399,208.104
492,prazer,0,noun,132307,207.960
493,na minha,1,mwe,131879,207.287
494,rei,0,noun,131502,206.694
495,fácil,0,adj,131145,206.133
496,luz,0,noun,130722,205.468
497,miúda,0,noun,130171,204.602
498,servir,0,verb,130128,204.535
499,responder,0,verb,129845,204.090
500,demasiado,0,adv,129246,203.148
501,escutar,0,verb,129216,203.101
502,telefone,0,noun,129201,203.078
503,acordar,0,verb,129131,202.968
504,verdadeiro,0,adj,128648,202.209
505,tu és,1,mwe,128387,201.798
506,forte,0,adj,128229,201.550
507,minha vida,1,mwe,127696,200.712
508,longe,0,adv,127409,200.261
509,atirar,0,verb,127185,199.909
510,terminar,0,verb,125309,196.960
511,passado,0,adj,124981,196.445
512,próprio,0,adj,124571,195.800
513,belo,0,adj,124563,195.788
514,notícia,0,noun,124361,195.470
515,cão,0,noun,124170,195.170
516,milhão,0,num,123803,194.593
517,muito tempo,1,mwe,123661,194.370
518,prender,0,verb,123477,194.081
519,destruir,0,verb,123403,193.964
520,jantar,0,noun,122981,193.301
521,porra,0,noun,122907,193.185
522,gente,0,noun,122407,192.399
523,rua,0,noun,122298,192.228
524,ponto,0,noun,122129,191.962
525,teu pai,1,mwe,121899,191.600
526,vender,0,verb,121813,191.465
527,filme,0,noun,121457,190.906
528,largar,0,verb,121273,190.617
529,cortar,0,verb,120970,190.140
530,sítio,0,noun,120685,189.692
531,sinal,0,noun,120593,189.548
532,especial,0,adj,120562,189.499
533,explicar,0,verb,120425,189.284
534,pior,0,adj,120180,188.899
535,qualquer coisa,1,mwe,119838,188.361
536,direito,0,noun,119816,188.326
537,sala,0,noun,119788,188.282
538,assassino,0,noun,119603,187.992
539,paz,0,noun,119546,187.902
540,culpa,0,noun,119064,187.144
541,casar,0,verb,118882,186.858
542,bom dia,1,mwe,118507,186.269
543,informação,0,noun,118024,185.510
544,além,0,adv,117230,184.262
545,fazer isto,1,mwe,117116,184.083
546,aguentar,0,verb,116113,182.506
547,seis,0,num,115636,181.756
548,falta,0,noun,114709,180.299
549,quero dizer,1,mwe,113926,179.069
550,má,0,adj,113884,179.003
551,disparar,0,verb,113733,178.765
552,resolver,0,verb,113276,178.047
553,país,0,noun,112902,177.459
554,casamento,0,noun,112869,177.407
555,médico,0,noun,112658,177.076
556,gente,0,pron,112239,176.417
557,estúpido,0,adj,112236,176.412
558,cama,0,noun,112029,176.087
559,pelos,0,unk,111936,175.941
560,deve ser,1,mwe,111691,175.556
561,boa noite,1,mwe,111195,174.776
562,cheio,0,adj,111106,174.636
563,resto,0,noun,110811,174.172
564,licença,0,noun,110715,174.022
565,pelo menos,1,mwe,110374,173.486
566,oportunidade,0,noun,110344,173.438
567,atenção,0,noun,109123,171.519
568,sequer,0,adv,108648,170.773
569,idiota,0,noun,108038,169.814
570,comida,0,noun,107888,169.578
571,interessar,0,verb,107831,169.488
572,próprio,0,det,107585,169.102
573,atacar,0,verb,107483,168.941
574,bastante,0,adv,107295,168.646
575,diabo,0,noun,106736,167.767
576,tua mãe,1,mwe,106380,167.208
577,capaz,0,adj,106316,167.107
578,mensagem,0,noun,106214,166.947
579,fogo,0,noun,106122,166.802
580,prisão,0,noun,105946,166.526
581,agradecer,0,verb,105716,166.164
582,ah,0,intj,105599,165.980
583,bola,0,noun,105531,165.873
584,contigo,0,adj,105351,165.590
585,sistema,0,noun,104409,164.110
586,demais,0,adv,104116,163.649
587,sonho,0,noun,103950,163.388
588,sentido,0,noun,103591,162.824
589,céu,0,noun,103572,162.794
590,quanto tempo,1,mwe,103543,162.749
591,portanto,0,conj,103258,162.301
592,suficiente,0,adj,102919,161.768
593,hospital,0,noun,102756,161.512
594,provavelmente,0,adv,102276,160.757
595,relação,0,noun,102223,160.674
596,livre,0,adj,100934,158.648
597,crime,0,noun,100881,158.564
598,amiga,0,noun,100440,157.871
599,à espera,1,mwe,100241,157.559
600,crer,0,verb,99950,157.101
601,apresentar,0,verb,99329,156.125
602,assunto,0,noun,99324,156.117
603,subir,0,verb,99167,155.870
604,connosco,0,adv,98545,154.893
605,carta,0,noun,98513,154.842
606,chave,0,noun,98363,154.607
607,facto,0,noun,98362,154.605
608,resposta,0,noun,98337,154.566
609,entregar,0,verb,98030,154.083
610,encontro,0,noun,97865,153.824
611,questão,0,noun,97856,153.810
612,cheirar,0,verb,97565,153.352
613,situação,0,noun,97492,153.238
614,droga,0,noun,97387,153.073
615,roupa,0,noun,97292,152.923
616,serviço,0,noun,97160,152.716
617,fantástico,0,adj,97060,152.559
618,jurar,0,noun,96732,152.043
619,magoar,0,verb,96673,151.950
620,futuro,0,noun,96262,151.304
621,música,0,noun,95699,150.419
622,cuidar,0,verb,95372,149.905
623,preferir,0,verb,94951,149.244
624,ataque,0,noun,93864,147.535
625,à procura,1,mwe,93815,147.458
626,boca,0,noun,93749,147.354
627,vítima,0,noun,93699,147.276
628,louco,0,adj,93606,147.130
629,local,0,noun,93508,146.976
630,avisar,0,verb,93433,146.858
631,avião,0,noun,93092,146.322
632,erro,0,noun,93046,146.249
633,café,0,noun,93005,146.185
634,ensinar,0,verb,92726,145.746
635,demorar,0,verb,92249,144.997
636,verificar,0,verb,92224,144.957
637,guarda,0,noun,91828,144.335
638,linha,0,noun,91642,144.043
639,errar,0,verb,91475,143.780
640,permitir,0,verb,91321,143.538
641,contigo,0,adv,91304,143.511
642,dor,0,noun,90848,142.795
643,câmara,0,noun,90755,142.648
644,dez,0,num,90425,142.130
645,hipótese,0,noun,90269,141.885
646,conversa,0,noun,90037,141.520
647,humano,0,adj,89977,141.426
648,morto,0,noun,89841,141.212
649,real,0,adj,89820,141.179
650,és tu,1,mwe,89726,141.031
651,fundo,0,noun,89693,140.979
652,viagem,0,noun,89486,140.654
653,merecer,0,verb,89009,139.904
654,às vezes,1,mwe,88551,139.184
655,tiro,0,noun,88439,139.008
656,juntar,0,verb,88397,138.942
657,normal,0,adj,88170,138.585
658,enganar,0,verb,88082,138.447
659,antigo,0,adj,87942,138.227
660,grupo,0,noun,87939,138.222
661,esposa,0,noun,87876,138.123
662,apostar,0,verb,87830,138.051
663,crescer,0,verb,87776,137.966
664,sob,0,prep,87658,137.781
665,sexo,0,noun,87601,137.691
666,campo,0,noun,87446,137.447
667,segredo,0,noun,87178,137.026
668,divertir,0,verb,86207,135.500
669,longo,0,adj,86175,135.450
670,deve ter,1,mwe,85901,135.019
671,nem sequer,1,mwe,85812,134.879
672,controlar,0,verb,85740,134.766
673,cabelo,0,noun,85317,134.101
674,animal,0,noun,84922,133.480
675,escolha,0,noun,84755,133.218
676,missão,0,noun,84681,133.101
677,cedo,0,adv,84469,132.768
678,lixar,0,verb,84326,132.543
679,maldito,0,adj,84316,132.528
680,desligar,0,verb,84310,132.518
681,gajo,0,noun,84285,132.479
682,nascer,0,verb,84257,132.435
683,desistir,0,verb,84155,132.275
684,chão,0,noun,83966,131.978
685,perfeito,0,adj,83941,131.938
686,oferecer,0,verb,83847,131.790
687,concordar,0,verb,83706,131.569
688,costa,0,noun,83616,131.427
689,costumar,0,verb,83351,131.011
690,caixa,0,noun,82826,130.186
691,nave,0,noun,82686,129.966
692,errado,0,adj,82587,129.810
693,vontade,0,noun,82307,129.370
694,banho,0,noun,82016,128.913
695,devia ter,1,mwe,81958,128.821
696,julgar,0,verb,81796,128.567
697,barco,0,noun,81786,128.551
698,fixe,0,adj,81154,127.558
699,natal,0,noun,80763,126.943
700,cavalo,0,noun,80667,126.792
701,preocupado,0,adj,80656,126.775
702,lá fora,1,mwe,80638,126.747
703,advogado,0,noun,80557,126.619
704,emprego,0,noun,80434,126.426
705,finalmente,0,adv,80351,126.295
706,ter sido,1,mwe,80203,126.063
707,lista,0,noun,80176,126.020
708,respeito,0,noun,80106,125.910
709,conduzir,0,verb,80061,125.840
710,bebida,0,noun,79850,125.508
711,puta,0,noun,79763,125.371
712,deitar,0,verb,79623,125.151
713,breve,0,noun,79552,125.040
714,perigoso,0,adj,79447,124.875
715,regressar,0,verb,79395,124.793
716,bocado,0,noun,79246,124.559
717,papá,0,noun,79209,124.500
718,telefonar,0,verb,78811,123.875
719,sobreviver,0,verb,78796,123.851
720,mente,0,noun,78738,123.760
721,lei,0,noun,78656,123.631
722,foto,0,noun,78624,123.581
723,tom,0,noun,78560,123.480
724,perna,0,noun,78478,123.351
725,escritório,0,noun,78450,123.307
726,soldado,0,noun,78435,123.284
727,alguma vez,1,mwe,78117,122.784
728,construir,0,verb,77877,122.407
729,conversar,0,verb,77742,122.195
730,exército,0,noun,77458,121.748
731,libertar,0,verb,77283,121.473
732,chamada,0,noun,77161,121.281
733,deter,0,verb,76962,120.969
734,aproximar,0,verb,76846,120.786
735,pelas,0,unk,76792,120.701
736,chorar,0,verb,76425,120.125
737,acidente,0,noun,76382,120.057
738,acalmar,0,verb,76380,120.054
739,cliente,0,noun,76376,120.048
740,jesus,0,noun,76218,119.799
741,regra,0,noun,76191,119.757
742,provar,0,verb,76121,119.647
743,tio,0,noun,75992,119.444
744,simples,0,adj,75882,119.271
745,papel,0,noun,75769,119.093
746,desejar,0,verb,75341,118.421
747,novamente,0,adv,75027,117.927
748,braço,0,noun,74832,117.621
749,decisão,0,noun,74805,117.578
750,considerar,0,verb,74717,117.440
751,máquina,0,noun,74668,117.363
752,ai,0,adv,74614,117.278
753,voz,0,noun,74403,116.946
754,passo,0,noun,74055,116.399
755,luta,0,noun,74054,116.398
756,completamente,0,adv,73879,116.123
757,professor,0,noun,73766,115.945
758,banco,0,noun,73623,115.720
759,impedir,0,verb,73284,115.188
760,queres dizer,1,mwe,73264,115.156
761,bomba,0,noun,73229,115.101
762,branco,0,adj,73156,114.986
763,detetive,0,noun,73128,114.942
764,engraçado,0,adj,73100,114.898
765,modo,0,noun,73010,114.757
766,cena,0,noun,72827,114.469
767,mesa,0,noun,72597,114.108
768,inimigo,0,noun,72514,113.977
769,teste,0,noun,72422,113.833
770,incrível,0,adj,72378,113.764
771,posição,0,noun,72275,113.602
772,graças,0,adv,72113,113.347
773,reunião,0,noun,72002,113.173
774,vista,0,noun,71947,113.086
775,doutor,0,noun,71456,112.314
776,general,0,noun,71409,112.240
777,ambos,0,pron,71331,112.118
778,sra,0,intj,71319,112.099
779,agarrar,0,verb,71243,111.980
780,programa,0,noun,71194,111.903
781,ação,0,noun,70940,111.503
782,inteiro,0,adj,70937,111.499
783,sair daqui,1,mwe,70746,111.198
784,menino,0,noun,70703,111.131
785,mamã,0,noun,70281,110.467
786,contacto,0,noun,70207,110.351
787,telemóvel,0,noun,69931,109.917
788,loja,0,noun,69928,109.913
789,espaço,0,noun,69819,109.741
790,hotel,0,noun,69613,109.418
791,tal,0,det,69408,109.095
792,recuperar,0,verb,69075,108.572
793,sofrer,0,verb,68869,108.248
794,sete,0,num,68841,108.204
795,reparar,0,verb,68592,107.813
796,divertido,0,adj,68580,107.794
797,motivo,0,noun,68549,107.745
798,assim tão,1,mwe,67941,106.789
799,fotografia,0,noun,67822,106.602
800,empresa,0,noun,67608,106.266
801,cantar,0,verb,67547,106.170
802,lamentar,0,noun,67382,105.911
803,negro,0,adj,67373,105.897
804,alma,0,noun,67288,105.763
805,nele,0,unk,67121,105.501
806,piada,0,noun,67117,105.494
807,abandonar,0,verb,67099,105.466
808,preso,0,adj,67055,105.397
809,escapar,0,verb,67026,105.351
810,povo,0,noun,67015,105.334
811,cometer,0,verb,67000,105.310
812,base,0,noun,66911,105.171
813,idade,0,noun,66861,105.092
814,estrela,0,noun,66844,105.065
815,última vez,1,mwe,66805,105.004
816,cabo,0,noun,66705,104.847
817,excelente,0,adj,66629,104.727
818,dúvida,0,noun,66575,104.642
819,respirar,0,verb,66542,104.591
820,guardar,0,verb,66519,104.554
821,atingir,0,verb,66473,104.482
822,primeira vez,1,mwe,66431,104.416
823,descer,0,verb,66398,104.364
824,sol,0,noun,66397,104.363
825,discutir,0,verb,66381,104.337
826,dançar,0,verb,66360,104.304
827,governo,0,noun,66345,104.281
828,saída,0,noun,66177,104.017
829,duro,0,adj,66123,103.932
830,após,0,prep,65730,103.314
831,vestir,0,verb,65422,102.830
832,maravilhoso,0,adj,65365,102.741
833,horrível,0,adj,65161,102.420
834,limpar,0,verb,65094,102.315
835,fome,0,noun,64979,102.134
836,estrada,0,noun,64957,102.099
837,energia,0,noun,64927,102.052
838,assustar,0,verb,64925,102.049
839,impossível,0,adj,64659,101.631
840,controlo,0,noun,64603,101.543
841,avançar,0,verb,64476,101.343
842,alvo,0,noun,64371,101.178
843,odiar,0,verb,64284,101.041
844,convidar,0,verb,64238,100.969
845,companhia,0,noun,64216,100.935
846,retirar,0,verb,64119,100.782
847,código,0,noun,64045,100.666
848,nessa,0,noun,63992,100.582
849,operação,0,noun,63973,100.553
850,homicídio,0,noun,63934,100.491
851,simplesmente,0,adv,63925,100.477
852,metro,0,noun,63920,100.469
853,dessa,0,noun,63832,100.331
854,the,0,noun,63661,100.062
855,comandante,0,noun,63601,99.968
856,daí,0,adv,63597,99.962
857,eles estão,1,mwe,63556,99.897
858,baixo,0,adj,63492,99.797
859,norte,0,noun,62876,98.828
860,foda,0,noun,62828,98.753
861,interessante,0,adj,62821,98.742
862,saltar,0,verb,62617,98.421
863,parabéns,0,noun,62552,98.319
864,nisto,0,intj,62483,98.211
865,gritar,0,verb,62409,98.094
866,pertencer,0,verb,62401,98.082
867,surpresa,0,noun,62205,97.774
868,centro,0,noun,62175,97.726
869,quero saber,1,mwe,62143,97.676
870,bala,0,noun,61948,97.370
871,despachar,0,verb,61884,97.269
872,doente,0,adj,61793,97.126
873,quente,0,adj,61680,96.948
874,namorada,0,noun,61619,96.853
875,peça,0,noun,61418,96.537
876,garantir,0,verb,61403,96.513
877,bar,0,noun,61374,96.467
878,custar,0,verb,61345,96.422
879,assinar,0,verb,61268,96.301
880,aula,0,noun,61212,96.213
881,nesse,0,unk,61142,96.103
882,naquela,0,pron,61031,95.928
883,despedir,0,verb,60958,95.814
884,esperança,0,noun,60922,95.757
885,metade,0,num,60730,95.455
886,lidar,0,verb,60701,95.410
887,janela,0,noun,60517,95.120
888,neste momento,1,mwe,60477,95.058
889,destino,0,noun,60435,94.992
890,através,0,adv,60395,94.929
891,desse,0,unk,60352,94.861
892,ver lo,1,mwe,60339,94.841
893,jovem,0,noun,60277,94.743
894,acerca,0,adv,60144,94.534
895,mestre,0,noun,60131,94.514
896,experiência,0,noun,60065,94.410
897,perigo,0,noun,60044,94.377
898,mala,0,noun,60033,94.360
899,conselho,0,noun,59737,93.894
900,vencer,0,verb,59713,93.857
901,desta vez,1,mwe,59679,93.803
902,ora,0,adv,59661,93.775
903,risco,0,noun,59526,93.563
904,transformar,0,verb,59469,93.473
905,evitar,0,verb,59462,93.462
906,monte,0,noun,59286,93.186
907,reconhecer,0,verb,59261,93.146
908,tradução,0,noun,59252,93.132
909,agir,0,verb,59224,93.088
910,enquanto,0,adv,59127,92.936
911,esquerda,0,noun,59127,92.936
912,falhar,0,verb,59056,92.824
913,posso ajudar,1,mwe,59050,92.815
914,mentira,0,noun,58996,92.730
915,mar,0,noun,58812,92.441
916,culpar,0,verb,58799,92.420
917,simpático,0,adj,58759,92.357
918,namorado,0,noun,58677,92.228
919,honra,0,noun,58655,92.194
920,memória,0,noun,58653,92.191
921,planeta,0,noun,58631,92.156
922,apartamento,0,noun,58351,91.716
923,suspeito,0,noun,58273,91.593
924,imediatamente,0,adv,58261,91.574
925,árvore,0,noun,58211,91.496
926,direção,0,noun,58177,91.442
927,oito,0,num,57956,91.095
928,dedo,0,noun,57915,91.031
929,nível,0,noun,57865,90.952
930,treta,0,noun,57723,90.729
931,sra,0,noun,57703,90.697
932,resultar,0,verb,57392,90.209
933,igual,0,adj,57329,90.110
934,admitir,0,verb,57326,90.105
935,área,0,noun,57322,90.099
936,direita,0,noun,57314,90.086
937,necessário,0,adj,57293,90.053
938,inferno,0,noun,57263,90.006
939,contente,0,adj,57191,89.893
940,computador,0,noun,57060,89.687
941,carregar,0,verb,57042,89.658
942,espécie,0,noun,57042,89.658
943,vós,0,pron,56951,89.515
944,devolver,0,verb,56894,89.426
945,bastar,0,verb,56776,89.240
946,incomodar,0,verb,56352,88.574
947,tenente,0,noun,56341,88.557
948,padre,0,noun,56127,88.220
949,inteligente,0,adj,56096,88.172
950,rainha,0,noun,55926,87.904
951,fingir,0,verb,55906,87.873
952,ligação,0,noun,55836,87.763
953,virar,0,verb,55754,87.634
954,desejo,0,noun,55692,87.537
955,imagem,0,noun,55356,87.008
956,sul,0,noun,55294,86.911
957,dos meus,1,mwe,55243,86.831
958,pista,0,noun,55025,86.488
959,cerveja,0,noun,54942,86.358
960,pá,0,noun,54938,86.351
961,casado,0,adj,54910,86.307
962,outro lado,1,mwe,54899,86.290
963,termo,0,noun,54844,86.204
964,este tipo,1,mwe,54782,86.106
965,debaixo,0,adv,54751,86.057
966,causar,0,verb,54726,86.018
967,coronel,0,noun,54692,85.965
968,cérebro,0,noun,54592,85.808
969,ilha,0,noun,54487,85.643
970,parede,0,noun,54455,85.592
971,repetir,0,verb,54342,85.415
972,herói,0,noun,54255,85.278
973,aonde,0,adv,54246,85.264
974,ouro,0,noun,54158,85.125
975,planear,0,verb,54111,85.052
976,cerca,0,adv,54078,85.000
977,separar,0,verb,54073,84.992
978,convencer,0,verb,54048,84.952
979,supor,0,verb,53996,84.871
980,falar contigo,1,mwe,53978,84.842
981,delas,0,unk,53937,84.778
982,voar,0,verb,53903,84.725
983,par,0,noun,53893,84.709
984,jovem,0,adj,53838,84.622
985,justo,0,adj,53753,84.489
986,confirmar,0,verb,53655,84.335
987,cartão,0,noun,53635,84.303
988,atender,0,verb,53600,84.248
989,comboio,0,noun,53554,84.176
990,paciente,0,noun,53490,84.075
991,cabrão,0,noun,53487,84.071
992,terrível,0,adj,53448,84.009
993,rir,0,verb,53385,83.910
994,triste,0,adj,53329,83.822
995,cansado,0,adj,53276,83.739
996,naquele,0,pron,53209,83.634
997,avó,0,noun,53196,83.613
998,idiota,0,adj,53187,83.599
999,abaixo,0,adv,53178,83.585
1000,liberdade,0,noun,53146,83.535
1001,visita,0,noun,53141,83.527
1002,zona,0,noun,52997,83.301
1003,queimar,0,verb,52977,83.269
1004,pedra,0,noun,52954,83.233
1005,sugerir,0,verb,52931,83.197
1006,diferença,0,noun,52891,83.134
1007,cumprir,0,verb,52726,82.875
1008,monstro,0,noun,52702,82.837
1009,correto,0,adj,52619,82.706
1010,espírito,0,noun,52570,82.629
1011,entrada,0,noun,52563,82.618
1012,falar sobre,1,mwe,52440,82.425
1013,relatório,0,noun,52427,82.405
1014,boa sorte,1,mwe,52409,82.376
1015,doer,0,verb,52400,82.362
1016,beijar,0,verb,52388,82.343
1017,tribunal,0,noun,52341,82.269
1018,suposto,0,adj,52309,82.219
1019,saco,0,noun,52257,82.137
1020,carne,0,noun,52238,82.108
1021,contratar,0,verb,52182,82.020
1022,estragar,0,verb,52141,81.955
1023,destes,0,unk,52056,81.821
1024,igreja,0,noun,51948,81.652
1025,descansar,0,verb,51909,81.590
1026,falso,0,adj,51890,81.561
1027,azul,0,adj,51835,81.474
1028,recusar,0,verb,51649,81.182
1029,lançar,0,verb,51321,80.666
1030,testemunha,0,noun,51261,80.572
1031,puxar,0,verb,51216,80.501
1032,perdoar,0,verb,51203,80.481
1033,final,0,noun,51192,80.463
1034,colega,0,noun,51162,80.416
1035,faz mal,1,mwe,51041,80.226
1036,tens razão,1,mwe,51041,80.226
1037,responsável,0,adj,51009,80.176
1038,resultado,0,noun,50939,80.066
1039,aniversário,0,noun,50892,79.992
1040,cabra,0,noun,50808,79.860
1041,frio,0,noun,50586,79.511
1042,acaso,0,noun,50512,79.395
1043,marca,0,noun,50336,79.118
1044,esperto,0,adj,50329,79.107
1045,enorme,0,adj,50252,78.986
1046,gozar,0,verb,50206,78.914
1047,contrário,0,noun,50182,78.876
1048,fato,0,noun,50177,78.868
1049,terceiro,0,adj,50143,78.815
1050,principal,0,adj,50125,78.786
1051,nova iorque,1,mwe,50005,78.598
1052,visitar,0,verb,49842,78.342
1053,copo,0,noun,49809,78.290
1054,seguinte,0,noun,49809,78.290
1055,clube,0,noun,49759,78.211
1056,estudar,0,verb,49747,78.192
1057,maioria,0,noun,49712,78.137
1058,algum tempo,1,mwe,49630,78.008
1059,comando,0,noun,49527,77.846
1060,unidade,0,noun,49403,77.651
1061,inocente,0,adj,49240,77.395
1062,investigar,0,verb,49138,77.235
1063,dado,0,noun,49091,77.161
1064,viajar,0,verb,48986,76.996
1065,médico,0,adj,48893,76.850
1066,rio,0,noun,48815,76.727
1067,presente,0,noun,48715,76.570
1068,buraco,0,noun,48574,76.348
1069,maluco,0,adj,48517,76.259
1070,preço,0,noun,48513,76.253
1071,envolver,0,verb,48469,76.183
1072,foder,0,verb,48315,75.941
1073,investigação,0,noun,48269,75.869
1074,edifício,0,noun,48248,75.836
1075,tragar,0,verb,48237,75.819
1076,enfrentar,0,verb,48223,75.797
1077,americano,0,noun,47960,75.383
1078,sargento,0,noun,47955,75.376
1079,ir embora,1,mwe,47881,75.259
1080,nervoso,0,adj,47836,75.188
1081,propósito,0,noun,47823,75.168
1082,loucura,0,noun,47731,75.023
1083,dente,0,noun,47654,74.902
1084,dirigir,0,verb,47562,74.758
1085,faltar,0,verb,47451,74.583
1086,arriscar,0,verb,47421,74.536
1087,deve estar,1,mwe,47323,74.382
1088,passado,0,noun,47314,74.368
1089,segurar,0,verb,47285,74.322
1090,informar,0,verb,47133,74.084
1091,saúde,0,noun,47058,73.966
1092,vídeo,0,noun,47041,73.939
1093,adivinhar,0,verb,47038,73.934
1094,ocupar,0,verb,47022,73.909
1095,livrar,0,verb,47017,73.901
1096,acompanhar,0,verb,46962,73.815
1097,espetáculo,0,noun,46952,73.799
1098,registo,0,noun,46940,73.780
1099,membro,0,noun,46844,73.629
1100,defesa,0,noun,46685,73.379
1101,americano,0,adj,46609,73.260
1102,explodir,0,verb,46555,73.175
1103,soltar,0,verb,46543,73.156
1104,talvez seja,1,mwe,46525,73.128
1105,voo,0,noun,46508,73.101
1106,nota,0,noun,46375,72.892
1107,referir,0,verb,46358,72.865
1108,preparado,0,adj,46185,72.593
1109,destas,0,noun,46146,72.532
1110,navio,0,noun,46073,72.417
1111,atravessar,0,verb,46068,72.410
1112,anda cá,1,mwe,46048,72.378
1113,limpo,0,adj,46007,72.314
1114,cor,0,noun,45806,71.998
1115,pele,0,noun,45774,71.947
1116,líder,0,noun,45743,71.899
1117,jornal,0,noun,45684,71.806
1118,acima,0,adv,45639,71.735
1119,lavar,0,verb,45576,71.636
1120,toque,0,noun,45568,71.624
1121,sapato,0,noun,45503,71.521
1122,peixe,0,noun,45464,71.460
1123,estação,0,noun,45461,71.455
1124,obter,0,verb,45435,71.415
1125,defender,0,verb,45259,71.138
1126,além disso,1,mwe,45258,71.136
1127,completo,0,adj,45178,71.011
1128,bilhete,0,noun,45124,70.926
1129,acesso,0,noun,45070,70.841
1130,opinião,0,noun,45050,70.809
1131,rádio,0,noun,45035,70.786
1132,parceiro,0,noun,45017,70.758
1133,início,0,noun,44986,70.709
1134,humano,0,noun,44894,70.564
1135,fumar,0,verb,44890,70.558
1136,rico,0,adj,44881,70.544
1137,acertar,0,verb,44740,70.322
1138,experimentar,0,verb,44707,70.270
1139,apontar,0,verb,44678,70.225
1140,saudade,0,noun,44672,70.215
1141,restar,0,verb,44631,70.151
1142,laboratório,0,noun,44628,70.146
1143,observar,0,verb,44585,70.079
1144,batalha,0,noun,44581,70.072
1145,cobrir,0,verb,44554,70.030
1146,treinar,0,verb,44485,69.921
1147,afinal,0,adv,44365,69.733
1148,quieto,0,adj,44336,69.687
1149,realidade,0,noun,44191,69.459
1150,espada,0,noun,44180,69.442
1151,assumir,0,verb,44132,69.367
1152,poderoso,0,adj,44078,69.282
1153,peço desculpa,1,mwe,44059,69.252
1154,militar,0,adj,44030,69.206
1155,majestade,0,noun,43991,69.145
1156,fraco,0,adj,43855,68.931
1157,vem cá,1,mwe,43855,68.931
1158,cavalheiro,0,noun,43848,68.920
1159,vinho,0,noun,43674,68.647
1160,identificar,0,verb,43650,68.609
1161,secreto,0,adj,43433,68.268
1162,ameaça,0,noun,43426,68.257
1163,carrinha,0,noun,43406,68.225
1164,apesar,0,adv,43394,68.207
1165,porcaria,0,noun,43241,67.966
1166,graça,0,noun,43205,67.909
1167,televisão,0,noun,43164,67.845
1168,comum,0,adj,43111,67.762
1169,aberto,0,adj,43089,67.727
1170,atrasar,0,verb,43083,67.718
1171,perseguir,0,verb,43039,67.649
1172,fantasma,0,noun,43025,67.627
1173,gato,0,noun,43010,67.603
1174,apagar,0,verb,42950,67.509
1175,prestar,0,verb,42929,67.476
1176,rabo,0,noun,42897,67.425
1177,montanha,0,noun,42874,67.389
1178,exemplo,0,noun,42864,67.374
1179,trocar,0,verb,42780,67.241
1180,sentimento,0,noun,42721,67.149
1181,exato,0,adj,42616,66.984
1182,vazio,0,adj,42591,66.944
1183,valor,0,noun,42570,66.911
1184,avô,0,noun,42566,66.905
1185,diretor,0,noun,42533,66.853
1186,ferir,0,verb,42503,66.806
1187,flor,0,noun,42489,66.784
1188,primo,0,noun,42435,66.699
1189,depender,0,verb,42372,66.600
1190,bem-vindo,0,adj,42328,66.531
1191,cozinha,0,noun,42313,66.507
1192,vermelho,0,adj,42297,66.482
1193,doença,0,noun,42267,66.435
1194,arte,0,noun,42257,66.419
1195,totalmente,0,adv,42235,66.385
1196,departamento,0,noun,42202,66.333
1197,interessado,0,adj,42015,66.039
1198,opção,0,noun,41966,65.962
1199,morar,0,verb,41941,65.923
1200,movimento,0,noun,41939,65.920
1201,emergência,0,noun,41935,65.913
1202,corrida,0,noun,41913,65.879
1203,marcar,0,verb,41839,65.762
1204,armar,0,verb,41834,65.755
1205,porreiro,0,adj,41825,65.740
1206,suficiente,0,noun,41825,65.740
1207,acusar,0,verb,41789,65.684
1208,pra,0,prep,41702,65.547
1209,silêncio,0,noun,41675,65.505
1210,troca,0,noun,41649,65.464
1211,jeito,0,noun,41625,65.426
1212,arrancar,0,verb,41596,65.380
1213,impressão,0,noun,41555,65.316
1214,direto,0,adj,41542,65.296
1215,aumentar,0,verb,41541,65.294
1216,faca,0,noun,41513,65.250
1217,mudança,0,noun,41304,64.922
1218,almoço,0,noun,41268,64.865
1219,xerife,0,noun,41233,64.810
1220,incluir,0,verb,41227,64.800
1221,partilhar,0,verb,41169,64.709
1222,baixar,0,verb,41110,64.617
1223,cada vez,1,mwe,41095,64.593
1224,nela,0,noun,41083,64.574
1225,verde,0,adj,41013,64.464
1226,objetivo,0,noun,40970,64.397
1227,lixo,0,noun,40929,64.332
1228,chá,0,noun,40899,64.285
1229,contactar,0,verb,40816,64.154
1230,branco,0,noun,40707,63.983
1231,restaurante,0,noun,40688,63.953
1232,fonte,0,noun,40682,63.944
1233,nove,0,num,40671,63.927
1234,caramba,0,intj,40595,63.807
1235,som,0,noun,40491,63.644
1236,km,0,noun,40396,63.494
1237,série,0,noun,40371,63.455
1238,ridículo,0,adj,40354,63.428
1239,língua,0,noun,40301,63.345
1240,verão,0,noun,40264,63.287
1241,relaxar,0,verb,40216,63.211
1242,devagar,0,adv,40153,63.112
1243,anel,0,noun,40120,63.060
1244,brilhante,0,adj,40110,63.045
1245,confiança,0,noun,40065,62.974
1246,assassinar,0,verb,40030,62.919
1247,rezar,0,verb,39710,62.416
1248,orgulhoso,0,adj,39670,62.353
1249,pressão,0,noun,39663,62.342
1250,sacana,0,noun,39657,62.333
1251,calça,0,noun,39614,62.265
1252,justiça,0,noun,39612,62.262
1253,apoio,0,noun,39594,62.234
1254,privado,0,adj,39541,62.150
1255,combate,0,noun,39434,61.982
1256,repente,0,noun,39384,61.904
1257,vestido,0,noun,39383,61.902
1258,pedido,0,noun,39331,61.820
1259,sonhar,0,verb,39306,61.781
1260,zangado,0,adj,39269,61.723
1261,compra,0,noun,39264,61.715
1262,caralho,0,noun,39223,61.651
1263,mover,0,verb,39176,61.577
1264,imenso,0,adj,39160,61.552
1265,daquela,0,noun,39074,61.416
1266,gelo,0,noun,39057,61.390
1267,processo,0,noun,39021,61.333
1268,gastar,0,verb,39006,61.310
1269,magia,0,noun,38892,61.130
1270,posto,0,noun,38864,61.086
1271,daquele,0,unk,38856,61.074
1272,outra pessoa,1,mwe,38798,60.983
1273,inventar,0,verb,38727,60.871
1274,alimentar,0,verb,38678,60.794
1275,cu,0,noun,38665,60.774
1276,prestes,0,adj,38651,60.752
1277,interesse,0,noun,38636,60.728
1278,parque,0,noun,38568,60.621
1279,canção,0,noun,38539,60.575
1280,boa ideia,1,mwe,38502,60.517
1281,visão,0,noun,38449,60.434
1282,pobre,0,adj,38384,60.332
1283,complicado,0,adj,38363,60.299
1284,dessas,0,unk,38333,60.252
1285,localizar,0,verb,38303,60.205
1286,autocarro,0,noun,38238,60.102
1287,projeto,0,noun,38157,59.975
1288,universidade,0,noun,38154,59.970
1289,coragem,0,noun,38142,59.951
1290,porco,0,noun,38104,59.892
1291,osso,0,noun,37994,59.719
1292,concentrar,0,verb,37984,59.703
1293,casaco,0,noun,37923,59.607
1294,tia,0,noun,37868,59.521
1295,salvo,0,adj,37803,59.419
1296,cadeira,0,noun,37794,59.404
1297,poupar,0,verb,37716,59.282
1298,inglês,0,noun,37701,59.258
1299,demónio,0,noun,37584,59.074
1300,juiz,0,noun,37561,59.038
1301,hey,0,intj,37478,58.908
1302,pedaço,0,noun,37467,58.891
1303,aproveitar,0,verb,37433,58.837
1304,reunir,0,verb,37294,58.619
1305,fé,0,noun,37249,58.548
1306,lua,0,noun,37093,58.303
1307,tamanho,0,noun,37000,58.156
1308,dança,0,noun,36978,58.122
1309,floresta,0,noun,36925,58.039
1310,ocupado,0,adj,36904,58.006
1311,ponte,0,noun,36771,57.797
1312,público,0,noun,36724,57.723
1313,infelizmente,0,adv,36640,57.591
1314,efeito,0,noun,36625,57.567
1315,irão,0,noun,36561,57.466
1316,gordo,0,adj,36531,57.419
1317,óbvio,0,adj,36481,57.341
1318,unido,0,noun,36424,57.251
1319,pescoço,0,noun,36377,57.177
1320,ovo,0,noun,36279,57.023
1321,santo,0,noun,36199,56.897
1322,apoiar,0,verb,36120,56.773
1323,camião,0,noun,36118,56.770
1324,condição,0,noun,36022,56.619
1325,dono,0,noun,35941,56.492
1326,relógio,0,noun,35938,56.487
1327,disposto,0,adj,35930,56.475
1328,devido,0,adv,35870,56.380
1329,montar,0,verb,35820,56.302
1330,perdão,0,noun,35720,56.145
1331,quebrar,0,verb,35699,56.112
1332,famoso,0,adj,35648,56.031
1333,enterrar,0,verb,35605,55.964
1334,revelar,0,verb,35574,55.915
1335,meus pais,1,mwe,35543,55.866
1336,vergonha,0,noun,35466,55.745
1337,férias,0,noun,35432,55.692
1338,nariz,0,noun,35364,55.585
1339,duas vezes,1,mwe,35230,55.374
1340,aspeto,0,noun,35225,55.367
1341,ladrão,0,noun,35209,55.341
1342,malta,0,noun,35183,55.301
1343,gabinete,0,noun,35181,55.297
1344,distância,0,noun,35070,55.123
1345,recordar,0,verb,35025,55.052
1346,princesa,0,noun,34959,54.948
1347,beijo,0,noun,34941,54.920
1348,busca,0,noun,34859,54.791
1349,sucesso,0,noun,34819,54.728
1350,velocidade,0,noun,34801,54.700
1351,exame,0,noun,34759,54.634
1352,ouvido,0,noun,34696,54.535
1353,máximo,0,noun,34668,54.491
1354,derrotar,0,verb,34588,54.365
1355,vigiar,0,verb,34520,54.258
1356,cristo,0,noun,34510,54.243
1357,barulho,0,noun,34454,54.155
1358,vais ficar,1,mwe,34448,54.145
1359,corte,0,noun,34387,54.049
1360,dum,0,unk,34310,53.928
1361,limite,0,noun,34275,53.873
1362,rede,0,noun,34247,53.829
1363,caro,0,adj,34161,53.694
1364,li,0,noun,34103,53.603
1365,público,0,adj,34084,53.573
1366,anjo,0,noun,34050,53.520
1367,natureza,0,noun,34050,53.520
1368,proteção,0,noun,34048,53.517
1369,honesto,0,adj,34026,53.482
1370,duvidar,0,verb,34019,53.471
1371,familiar,0,adj,33986,53.419
1372,bruxa,0,noun,33952,53.366
1373,praia,0,noun,33859,53.219
1374,dois anos,1,mwe,33805,53.135
1375,melhorar,0,verb,33802,53.130
1376,teoria,0,noun,33786,53.105
1377,mapa,0,noun,33744,53.039
1378,faz sentido,1,mwe,33738,53.029
1379,carreira,0,noun,33654,52.897
1380,representar,0,verb,33603,52.817
1381,política,0,noun,33576,52.775
1382,príncipe,0,noun,33547,52.729
1383,apaixonar,0,verb,33497,52.650
1384,prisioneiro,0,noun,33492,52.643
1385,torre,0,noun,33478,52.621
1386,julgamento,0,noun,33439,52.559
1387,companheiro,0,noun,33387,52.478
1388,meus amigos,1,mwe,33376,52.460
1389,propriedade,0,noun,33374,52.457
1390,desses,0,det,33373,52.456
1391,fartar,0,adj,33372,52.454
1392,oficial,0,noun,33325,52.380
1393,grave,0,adj,33184,52.159
1394,certamente,0,adv,33116,52.052
1395,banda,0,noun,33110,52.042
1396,normalmente,0,adv,33028,51.913
1397,perda,0,noun,32973,51.827
1398,faculdade,0,noun,32968,51.819
1399,receio,0,verb,32942,51.778
1400,truque,0,noun,32860,51.649
1401,confusão,0,noun,32852,51.637
1402,bolo,0,noun,32814,51.577
1403,chateado,0,adj,32806,51.564
1404,forçar,0,verb,32795,51.547
1405,material,0,noun,32763,51.497
1406,meia,0,noun,32648,51.316
1407,dois dias,1,mwe,32547,51.157
1408,preto,0,adj,32511,51.101
1409,doido,0,noun,32510,51.099
1410,presente,0,adj,32490,51.068
1411,aviso,0,noun,32455,51.013
1412,rato,0,noun,32443,50.994
1413,especialmente,0,adv,32391,50.912
1414,apertar,0,verb,32389,50.909
1415,rosto,0,noun,32327,50.811
1416,grávido,0,adj,32325,50.808
1417,vento,0,noun,32313,50.789
1418,garrafa,0,noun,32297,50.764
1419,interior,0,noun,32277,50.733
1420,combinar,0,verb,32238,50.672
1421,negar,0,verb,32210,50.628
1422,vampiro,0,noun,32159,50.547
1423,convidado,0,noun,32064,50.398
1424,responsabilidade,0,noun,32062,50.395
1425,esquisito,0,adj,32044,50.367
1426,táxi,0,noun,32003,50.302
1427,oferta,0,noun,31977,50.261
1428,acusação,0,noun,31969,50.249
1429,escada,0,noun,31937,50.198
1430,local,0,adj,31932,50.191
1431,indicar,0,verb,31907,50.151
1432,partida,0,noun,31867,50.088
1433,policia,0,noun,31815,50.007
1434,agradável,0,adj,31767,49.931
1435,ignorar,0,verb,31741,49.890
1436,pensamento,0,noun,31671,49.780
1437,mágico,0,adj,31667,49.774
1438,chapéu,0,noun,31645,49.740
1439,peso,0,noun,31633,49.721
1440,criatura,0,noun,31620,49.700
1441,certificar,0,verb,31598,49.666
1442,piloto,0,noun,31557,49.601
1443,final,0,adj,31545,49.582
1444,sentado,0,adj,31532,49.562
1445,sexual,0,adj,31525,49.551
1446,peito,0,noun,31459,49.447
1447,louco,0,noun,31403,49.359
1448,feio,0,adj,31338,49.257
1449,reino,0,noun,31271,49.152
1450,data,0,noun,31258,49.131
1451,motor,0,noun,31217,49.067
1452,autoridade,0,noun,31206,49.049
1453,rebentar,0,verb,31134,48.936
1454,via,0,noun,31067,48.831
1455,fuga,0,noun,31056,48.814
1456,espalhar,0,verb,31037,48.784
1457,treino,0,noun,30974,48.685
1458,intenção,0,noun,30973,48.683
1459,princípio,0,noun,30910,48.584
1460,pretender,0,verb,30907,48.580
1461,provocar,0,verb,30898,48.565
1462,corredor,0,noun,30881,48.539
1463,conter,0,verb,30840,48.474
1464,entanto,0,noun,30815,48.435
1465,natural,0,adj,30811,48.429
1466,tv,0,noun,30786,48.389
1467,estilo,0,noun,30782,48.383
1468,ficheiro,0,noun,30661,48.193
1469,perfazer,0,verb,30659,48.190
1470,macaco,0,noun,30657,48.187
1471,cadeia,0,noun,30653,48.180
1472,ameaçar,0,verb,30631,48.146
1473,assustado,0,adj,30606,48.106
1474,vitória,0,noun,30605,48.105
1475,soar,0,verb,30586,48.075
1476,aposta,0,noun,30549,48.017
1477,iniciar,0,verb,30456,47.871
1478,prémio,0,noun,30449,47.860
1479,beleza,0,noun,30447,47.857
1480,rapidamente,0,adv,30433,47.834
1481,cancelar,0,verb,30418,47.811
1482,duma,0,noun,30413,47.803
1483,género,0,noun,30397,47.778
1484,página,0,noun,30333,47.677
1485,quinta,0,noun,30319,47.655
1486,mil dólares,1,mwe,30283,47.599
1487,empurrar,0,verb,30264,47.569
1488,venda,0,noun,30255,47.555
1489,assustador,0,adj,30242,47.534
1490,russo,0,noun,30225,47.508
1491,orgulho,0,noun,30193,47.457
1492,sujo,0,adj,30178,47.434
1493,atrair,0,verb,30160,47.405
1494,obviamente,0,adv,30128,47.355
1495,partido,0,noun,30124,47.349
1496,apaixonado,0,adj,30105,47.319
1497,sorrir,0,verb,30065,47.256
1498,século,0,noun,30036,47.210
1499,aeroporto,0,noun,30031,47.203
1500,ato,0,noun,29953,47.080
1501,mercado,0,noun,29914,47.019
1502,aguardar,0,verb,29903,47.001
1503,pássaro,0,noun,29871,46.951
1504,mencionar,0,verb,29829,46.885
1505,vizinho,0,noun,29815,46.863
1506,conhecimento,0,noun,29804,46.846
1507,patrão,0,noun,29778,46.805
1508,solução,0,noun,29712,46.701
1509,maldição,0,noun,29701,46.684
1510,calhar,0,adv,29679,46.649
1511,oeste,0,noun,29637,46.583
1512,contrato,0,noun,29636,46.582
1513,eua,0,noun,29562,46.465
1514,caçar,0,verb,29502,46.371
1515,encher,0,verb,29501,46.370
1516,útil,0,adj,29445,46.282
1517,caça,0,noun,29365,46.156
1518,ocorrer,0,verb,29354,46.139
1519,nojento,0,adj,29352,46.135
1520,assegurar,0,verb,29328,46.098
1521,vinte,0,num,29311,46.071
1522,puro,0,adj,29288,46.035
1523,favorito,0,adj,29264,45.997
1524,necessidade,0,noun,29245,45.967
1525,sombra,0,noun,29197,45.892
1526,major,0,noun,29172,45.852
1527,passe,0,noun,29145,45.810
1528,temer,0,verb,29139,45.801
1529,ciência,0,noun,29124,45.777
1530,pesquisa,0,noun,29114,45.761
1531,bocadinho,0,noun,29107,45.750
1532,interromper,0,verb,29081,45.709
1533,gás,0,noun,29067,45.687
1534,génio,0,noun,29059,45.675
1535,raptar,0,verb,28965,45.527
1536,tempestade,0,noun,28949,45.502
1537,instante,0,noun,28943,45.493
1538,vingança,0,noun,28939,45.486
1539,atrever,0,verb,28928,45.469
1540,doce,0,adj,28895,45.417
1541,envolvido,0,adj,28820,45.299
1542,chatear,0,verb,28796,45.261
1543,algures,0,adv,28781,45.238
1544,assassinato,0,noun,28769,45.219
1545,noiva,0,noun,28767,45.216
1546,bem-vindo,0,verb,28732,45.161
1547,emprestar,0,verb,28717,45.137
1548,calor,0,noun,28709,45.125
1549,ambos,0,det,28691,45.096
1550,assalto,0,noun,28661,45.049
1551,dividir,0,verb,28620,44.985
1552,escuro,0,adj,28600,44.953
1553,explosão,0,noun,28600,44.953
1554,classe,0,noun,28582,44.925
1555,corda,0,noun,28538,44.856
1556,documento,0,noun,28535,44.851
1557,baile,0,noun,28527,44.839
1558,pintar,0,verb,28517,44.823
1559,confessar,0,verb,28472,44.752
1560,uso,0,noun,28468,44.746
1561,credo,0,intj,28460,44.733
1562,bolso,0,noun,28458,44.730
1563,época,0,noun,28424,44.677
1564,gravar,0,verb,28419,44.669
1565,leste,0,noun,28413,44.659
1566,entrega,0,noun,28390,44.623
1567,atrasado,0,adj,28377,44.603
1568,convosco,0,adv,28361,44.578
1569,confuso,0,adj,28299,44.480
1570,apreciar,0,verb,28282,44.454
1571,permanecer,0,verb,28230,44.372
1572,sensação,0,noun,28206,44.334
1573,formar,0,verb,28167,44.273
1574,morada,0,noun,28144,44.237
1575,lar,0,noun,28138,44.227
1576,secretária,0,noun,28138,44.227
1577,artigo,0,noun,28110,44.183
1578,tecnologia,0,noun,28108,44.180
1579,respeitar,0,verb,28099,44.166
1580,digital,0,adj,28088,44.149
1581,assistente,0,noun,28039,44.072
1582,organizar,0,verb,28035,44.065
1583,negro,0,noun,28004,44.017
1584,cofre,0,noun,27940,43.916
1585,senão,0,adv,27920,43.885
1586,morder,0,verb,27906,43.863
1587,original,0,adj,27846,43.768
1588,duas semanas,1,mwe,27829,43.742
1589,universo,0,noun,27818,43.724
1590,substituir,0,verb,27810,43.712
1591,ultrapassar,0,verb,27795,43.688
1592,pessoalmente,0,adv,27786,43.674
1593,boleia,0,noun,27744,43.608
1594,enfiar,0,verb,27714,43.561
1595,golpe,0,noun,27697,43.534
1596,lobo,0,noun,27643,43.449
1597,admirar,0,verb,27606,43.391
1598,sir,0,noun,27600,43.382
1599,aéreo,0,adj,27539,43.286
1600,sarilho,0,noun,27521,43.257
1601,eliminar,0,verb,27493,43.213
1602,capacidade,0,noun,27482,43.196
1603,absolutamente,0,adv,27481,43.195
1604,social,0,adj,27464,43.168
1605,pesadelo,0,noun,27426,43.108
1606,crédito,0,noun,27410,43.083
1607,cigarro,0,noun,27359,43.003
1608,equipamento,0,noun,27307,42.921
1609,leite,0,noun,27267,42.858
1610,afetar,0,verb,27229,42.798
1611,eis,0,prep,27220,42.784
1612,insistir,0,verb,27213,42.773
1613,controle,0,noun,27179,42.720
1614,filmar,0,verb,27175,42.714
1615,possibilidade,0,noun,27174,42.712
1616,modelo,0,noun,27164,42.696
1617,aldeia,0,noun,27010,42.454
1618,guiar,0,verb,26980,42.407
1619,portão,0,noun,26979,42.406
1620,daqueles,0,unk,26970,42.391
1621,caraça,0,noun,26944,42.350
1622,camisa,0,noun,26891,42.267
1623,socorro,0,noun,26880,42.250
1624,violar,0,verb,26862,42.222
1625,enfermeira,0,noun,26853,42.207
1626,negociar,0,verb,26817,42.151
1627,diretamente,0,adv,26811,42.141
1628,fronteira,0,noun,26749,42.044
1629,lago,0,noun,26722,42.002
1630,lição,0,noun,26717,41.994
1631,helicóptero,0,noun,26654,41.895
1632,imprensa,0,noun,26654,41.895
1633,futebol,0,noun,26614,41.832
1634,comunicação,0,noun,26597,41.805
1635,armadilha,0,noun,26567,41.758
1636,tentativa,0,noun,26561,41.749
1637,dragão,0,noun,26466,41.599
1638,detalhe,0,noun,26461,41.591
1639,cavaleiro,0,noun,26428,41.539
1640,menor,0,adj,26401,41.497
1641,onda,0,noun,26350,41.417
1642,alterar,0,verb,26339,41.400
1643,arder,0,verb,26337,41.396
1644,lado nenhum,1,mwe,26328,41.382
1645,cinema,0,noun,26320,41.370
1646,jardim,0,noun,26306,41.348
1647,bairro,0,noun,26305,41.346
1648,fã,0,noun,26304,41.345
1649,quadro,0,noun,26251,41.261
1650,cópia,0,noun,26249,41.258
1651,faço ideia,1,mwe,26239,41.242
1652,prédio,0,noun,26226,41.222
1653,agradar,0,verb,26223,41.217
1654,estudo,0,noun,26213,41.202
1655,assistir,0,verb,26185,41.158
1656,estados unidos,1,mwe,26173,41.139
1657,curto,0,adj,26117,41.051
1658,dívida,0,noun,26106,41.033
1659,promessa,0,noun,26104,41.030
1660,alemão,0,noun,26078,40.989
1661,nisto,0,adv,26034,40.920
1662,vírus,0,noun,25980,40.835
1663,alerta,0,noun,25979,40.834
1664,péssimo,0,adj,25975,40.827
1665,algum problema,1,mwe,25920,40.741
1666,tolo,0,noun,25878,40.675
1667,raiva,0,noun,25858,40.644
1668,ó,0,intj,25852,40.634
1669,imbecil,0,noun,25818,40.581
1670,exceto,0,verb,25816,40.578
1671,sangrar,0,verb,25807,40.563
1672,empregado,0,noun,25779,40.519
1673,joelho,0,noun,25778,40.518
1674,caminhar,0,verb,25777,40.516
1675,máscara,0,noun,25771,40.507
1676,obra,0,noun,25764,40.496
1677,discurso,0,noun,25758,40.486
1678,expulsar,0,verb,25722,40.430
1679,chocolate,0,noun,25696,40.389
1680,talento,0,noun,25681,40.365
1681,implorar,0,verb,25671,40.350
1682,entrevista,0,noun,25649,40.315
1683,casal,0,noun,25596,40.232
1684,aperceber,0,verb,25559,40.174
1685,recolher,0,verb,25549,40.158
1686,transferir,0,verb,25549,40.158
1687,cinco minutos,1,mwe,25541,40.145
1688,curar,0,verb,25539,40.142
1689,jogador,0,noun,25519,40.111
1690,fresco,0,adj,25504,40.087
1691,presença,0,noun,25502,40.084
1692,surgir,0,verb,25490,40.065
1693,voto,0,noun,25490,40.065
1694,inútil,0,adj,25443,39.991
1695,surpreender,0,verb,25429,39.969
1696,autorização,0,noun,25417,39.950
1697,ilegal,0,adj,25417,39.950
1698,cirurgia,0,noun,25408,39.936
1699,imenso,0,adv,25407,39.935
1700,durar,0,verb,25385,39.900
1701,centena,0,noun,25292,39.754
1702,tratamento,0,noun,25280,39.735
1703,cheque,0,noun,25250,39.688
1704,resistir,0,verb,25227,39.652
1705,reserva,0,noun,25204,39.616
1706,revista,0,noun,25189,39.592
1707,tomate,0,noun,25189,39.592
1708,utilizar,0,verb,25179,39.576
1709,diante,0,adv,25171,39.564
1710,capturar,0,verb,25167,39.557
1711,testar,0,verb,25134,39.506
1712,brincadeira,0,noun,25111,39.469
1713,declarar,0,verb,25097,39.447
1714,girar,0,verb,25070,39.405
1715,suportar,0,verb,25055,39.381
1716,combater,0,verb,25028,39.339
1717,carga,0,noun,25013,39.315
1718,apetecer,0,verb,24984,39.270
1719,falha,0,noun,24978,39.260
1720,urso,0,noun,24965,39.240
1721,safar,0,verb,24960,39.232
1722,veículo,0,noun,24955,39.224
1723,francês,0,adj,24950,39.216
1724,desenhar,0,verb,24948,39.213
1725,agência,0,noun,24946,39.210
1726,cancro,0,noun,24929,39.183
1727,calado,0,adj,24908,39.150
1728,pesar,0,verb,24897,39.133
1729,corajoso,0,adj,24872,39.094
1730,invadir,0,verb,24866,39.084
1731,profissional,0,adj,24846,39.053
1732,barato,0,adj,24833,39.032
1733,corrente,0,noun,24826,39.021
1734,analisar,0,verb,24816,39.006
1735,cadáver,0,noun,24797,38.976
1736,aparentemente,0,adv,24763,38.922
1737,rosa,0,noun,24742,38.889
1738,nação,0,noun,24740,38.886
1739,arrumar,0,verb,24719,38.853
1740,interno,0,adj,24719,38.853
1741,pequeno-almoço,0,noun,24704,38.830
1742,erva,0,noun,24669,38.775
1743,condenar,0,verb,24666,38.770
1744,internet,0,noun,24662,38.764
1745,neve,0,noun,24610,38.682
1746,chato,0,adj,24597,38.661
1747,amostra,0,noun,24533,38.561
1748,anteriormente,0,adv,24526,38.550
1749,padrão,0,noun,24524,38.547
1750,disco,0,noun,24486,38.487
1751,pressa,0,noun,24438,38.412
1752,parecido,0,adj,24423,38.388
1753,uh,0,intj,24399,38.350
1754,recuar,0,verb,24396,38.346
1755,sai daqui,1,mwe,24377,38.316
1756,terreno,0,noun,24362,38.292
1757,cozinhar,0,verb,24355,38.281
1758,canal,0,noun,24333,38.247
1759,preto,0,noun,24311,38.212
1760,arrastar,0,verb,24295,38.187
1761,exigir,0,verb,24294,38.185
1762,castelo,0,noun,24261,38.133
1763,duplo,0,adj,24261,38.133
1764,trancar,0,verb,24260,38.132
1765,milagre,0,noun,24203,38.042
1766,mina,0,noun,24187,38.017
1767,bolsa,0,noun,24185,38.014
1768,campeão,0,noun,24175,37.998
1769,cela,0,noun,24137,37.938
1770,criminoso,0,noun,24114,37.902
1771,sábado,0,noun,24101,37.882
1772,puto,0,noun,24098,37.877
1773,maluco,0,noun,24066,37.827
1774,abençoar,0,verb,24024,37.761
1775,cruzar,0,verb,24022,37.758
1776,profundo,0,adj,24009,37.737
1777,deserto,0,noun,23995,37.715
1778,perfeitamente,0,adv,23987,37.703
1779,treinador,0,noun,23953,37.649
1780,limpa,0,adj,23948,37.641
1781,jamais,0,adv,23947,37.640
1782,sincero,0,adj,23936,37.623
1783,localização,0,noun,23924,37.604
1784,vermelho,0,noun,23919,37.596
1785,ferida,0,noun,23900,37.566
1786,senador,0,noun,23854,37.494
1787,chuva,0,noun,23844,37.478
1788,passagem,0,noun,23831,37.457
1789,descrever,0,verb,23827,37.451
1790,túnel,0,noun,23813,37.429
1791,determinar,0,verb,23812,37.428
1792,notar,0,verb,23802,37.412
1793,funeral,0,noun,23748,37.327
1794,produto,0,noun,23747,37.325
1795,ansioso,0,adj,23742,37.318
1796,esquadra,0,noun,23686,37.230
1797,ordenar,0,verb,23682,37.223
1798,guerreiro,0,noun,23606,37.104
1799,roubo,0,noun,23583,37.068
1800,possuir,0,verb,23574,37.054
1801,botão,0,noun,23573,37.052
1802,escravo,0,noun,23572,37.050
1803,garota,0,noun,23545,37.008
1804,domingo,0,noun,23544,37.006
1805,telhado,0,noun,23533,36.989
1806,ultimamente,0,adv,23525,36.977
1807,diário,0,noun,23515,36.961
1808,zero,0,num,23504,36.944
1809,moeda,0,noun,23489,36.920
1810,irritar,0,verb,23487,36.917
1811,calmo,0,adj,23484,36.912
1812,incêndio,0,noun,23474,36.896
1813,adn,0,noun,23430,36.827
1814,adormecer,0,verb,23417,36.807
1815,canto,0,noun,23380,36.749
1816,artista,0,noun,23376,36.742
1817,mama,0,noun,23348,36.698
1818,participar,0,verb,23311,36.640
1819,pela primeira,1,mwe,23297,36.618
1820,aluno,0,noun,23280,36.591
1821,dano,0,noun,23259,36.558
1822,pecado,0,noun,23241,36.530
1823,tomar conta,1,mwe,23166,36.412
1824,passeio,0,noun,23124,36.346
1825,muitas vezes,1,mwe,23069,36.260
1826,prato,0,noun,23047,36.225
1827,tarefa,0,noun,23046,36.224
1828,amante,0,noun,23044,36.220
1829,sociedade,0,noun,23012,36.170
1830,divisão,0,noun,22941,36.059
1831,comportamento,0,noun,22917,36.021
1832,nuclear,0,adj,22911,36.011
1833,alcançar,0,verb,22908,36.007
1834,preocupação,0,noun,22897,35.989
1835,basear,0,verb,22892,35.982
1836,fila,0,noun,22870,35.947
1837,fábrica,0,noun,22855,35.923
1838,evento,0,noun,22852,35.919
1839,alternativa,0,noun,22849,35.914
1840,liceu,0,noun,22848,35.912
1841,ano passado,1,mwe,22842,35.903
1842,cientista,0,noun,22842,35.903
1843,curioso,0,adj,22833,35.889
1844,traseira,0,noun,22815,35.861
1845,extra,0,adj,22798,35.834
1846,socorro,0,intj,22758,35.771
1847,los angeles,1,mwe,22754,35.765
1848,faremos,0,verb,22752,35.762
1849,pão,0,noun,22752,35.762
1850,arquivo,0,noun,22731,35.729
1851,diamante,0,noun,22694,35.670
1852,cura,0,noun,22668,35.629
1853,identidade,0,noun,22665,35.625
1854,nadar,0,verb,22658,35.614
1855,prostituta,0,noun,22652,35.604
1856,atirador,0,noun,22649,35.600
1857,desperdiçar,0,verb,22630,35.570
1858,solteiro,0,adj,22627,35.565
1859,pânico,0,noun,22607,35.534
1860,esforço,0,noun,22592,35.510
1861,lorde,0,noun,22590,35.507
1862,correio,0,noun,22584,35.497
1863,seis meses,1,mwe,22568,35.472
1864,fio,0,noun,22562,35.463
1865,telefonema,0,noun,22557,35.455
1866,vigilância,0,noun,22526,35.406
1867,impressionante,0,adj,22495,35.358
1868,maior parte,1,mwe,22489,35.348
1869,ires,0,pron,22487,35.345
1870,vomitar,0,verb,22463,35.307
1871,anterior,0,adj,22434,35.262
1872,roda,0,noun,22421,35.241
1873,duas horas,1,mwe,22404,35.215
1874,dom,0,noun,22399,35.207
1875,refém,0,noun,22397,35.204
1876,doente,0,noun,22380,35.177
1877,proposta,0,noun,22341,35.116
1878,grau,0,noun,22296,35.045
1879,mentiroso,0,adj,22272,35.007
1880,atividade,0,noun,22268,35.001
1881,vencedor,0,noun,22212,34.913
1882,quilómetro,0,noun,22201,34.895
1883,semana passada,1,mwe,22187,34.873
1884,realizar,0,verb,22160,34.831
1885,vaca,0,noun,22128,34.781
1886,ponta,0,noun,22109,34.751
1887,análise,0,noun,22060,34.674
1888,abater,0,verb,22029,34.625
1889,violência,0,noun,22008,34.592
1890,arrepender,0,verb,22003,34.584
1891,meia,0,num,21993,34.569
1892,tesouro,0,noun,21989,34.562
1893,ombro,0,noun,21974,34.539
1894,cardíaco,0,adj,21953,34.506
1895,cidadão,0,noun,21949,34.499
1896,legenda,0,noun,21926,34.463
1897,palhaço,0,noun,21905,34.430
1898,novidade,0,noun,21874,34.381
1899,cem,0,num,21836,34.322
1900,queixa,0,noun,21832,34.315
1901,gay,0,adj,21818,34.293
1902,discussão,0,noun,21801,34.267
1903,topo,0,noun,21797,34.260
1904,sagrado,0,adj,21792,34.253
1905,consciência,0,noun,21782,34.237
1906,tropa,0,noun,21764,34.209
1907,aterrar,0,verb,21753,34.191
1908,parvo,0,noun,21750,34.187
1909,meus filhos,1,mwe,21734,34.161
1910,teus amigos,1,mwe,21729,34.154
1911,ligado,0,adj,21716,34.133
1912,sede,0,noun,21707,34.119
1913,espião,0,noun,21703,34.113
1914,recurso,0,noun,21684,34.083
1915,tenha sido,1,mwe,21669,34.059
1916,oficial,0,adj,21666,34.055
1917,armário,0,noun,21659,34.044
1918,aprovar,0,verb,21646,34.023
1919,alarme,0,noun,21620,33.982
1920,vantagem,0,noun,21617,33.978
1921,identificação,0,noun,21609,33.965
1922,carteira,0,noun,21586,33.929
1923,emoção,0,noun,21578,33.916
1924,três dias,1,mwe,21573,33.908
1925,mortal,0,adj,21564,33.894
1926,curso,0,noun,21561,33.890
1927,episódio,0,noun,21530,33.841
1928,diversão,0,noun,21516,33.819
1929,bêbado,0,adj,21480,33.762
1930,fase,0,noun,21465,33.739
1931,humanidade,0,noun,21460,33.731
1932,piscina,0,noun,21431,33.685
1933,espelho,0,noun,21414,33.658
1934,revisão,0,noun,21405,33.644
1935,batata,0,noun,21340,33.542
1936,elevador,0,noun,21340,33.542
1937,arruinar,0,verb,21311,33.497
1938,judeu,0,noun,21309,33.493
1939,executar,0,verb,21283,33.453
1940,particular,0,adj,21254,33.407
1941,felicidade,0,noun,21248,33.398
1942,maravilha,0,noun,21244,33.391
1943,enganado,0,adj,21239,33.383
1944,medicamento,0,noun,21236,33.379
1945,perdido,0,adj,21232,33.372
1946,objeto,0,noun,21215,33.346
1947,garoto,0,noun,21156,33.253
1948,pra,0,conj,21154,33.250
1949,vires,0,intj,21146,33.237
1950,sócio,0,noun,21132,33.215
1951,perante,0,prep,21131,33.214
1952,mandado,0,noun,21113,33.185
1953,expor,0,verb,21095,33.157
1954,bando,0,noun,21077,33.129
1955,confortável,0,adj,21077,33.129
1956,ferro,0,noun,21067,33.113
1957,interrogar,0,verb,21065,33.110
1958,processar,0,verb,21041,33.072
1959,suficientemente,0,adv,21017,33.034
1960,queijo,0,noun,20979,32.975
1961,disparate,0,noun,20958,32.942
1962,sabor,0,noun,20950,32.929
1963,quão,0,adv,20882,32.822
1964,cujo,0,det,20872,32.807
1965,frio,0,adj,20849,32.770
1966,comprimido,0,noun,20830,32.741
1967,vários,0,det,20810,32.709
1968,estudante,0,noun,20801,32.695
1969,praticar,0,verb,20791,32.679
1970,comparar,0,verb,20785,32.670
1971,choque,0,noun,20743,32.604
1972,tripulação,0,noun,20722,32.571
1973,prever,0,verb,20715,32.560
1974,suicídio,0,noun,20699,32.535
1975,caçador,0,noun,20690,32.520
1976,ambulância,0,noun,20655,32.465
1977,solo,0,noun,20648,32.454
1978,vidro,0,noun,20578,32.344
1979,importância,0,noun,20575,32.340
1980,registar,0,verb,20574,32.338
1981,folha,0,noun,20516,32.247
1982,geral,0,adj,20512,32.241
1983,pó,0,noun,20500,32.222
1984,dedicar,0,verb,20490,32.206
1985,doido,0,adj,20483,32.195
1986,terrorista,0,noun,20478,32.187
1987,planta,0,noun,20420,32.096
1988,acampamento,0,noun,20415,32.088
1989,votar,0,verb,20411,32.082
1990,óculos,0,noun,20405,32.073
1991,nu,0,adj,20394,32.055
1992,dorme,0,intj,20381,32.035
1993,pobre,0,noun,20374,32.024
1994,adorável,0,adj,20312,31.926
1995,desenvolver,0,verb,20308,31.920
1996,prenda,0,noun,20294,31.898
1997,alinhar,0,verb,20291,31.893
1998,traidor,0,noun,20272,31.863
1999,transporte,0,noun,20272,31.863
2000,daquilo,0,noun,20270,31.860
2001,regresso,0,noun,20262,31.848
2002,bordo,0,noun,20249,31.827
2003,derrubar,0,verb,20219,31.780
2004,galinha,0,noun,20206,31.760
2005,romântico,0,adj,20203,31.755
2006,chance,0,noun,20187,31.730
2007,explicação,0,noun,20172,31.706
2008,satélite,0,noun,20153,31.676
2009,unir,0,verb,20140,31.656
2010,definitivamente,0,adv,20099,31.592
2011,examinar,0,verb,20079,31.560
2012,necessitar,0,verb,20079,31.560
2013,comunidade,0,noun,20049,31.513
2014,rever,0,verb,20029,31.482
2015,comunicar,0,verb,20015,31.460
2016,queda,0,noun,19991,31.422
2017,turno,0,noun,19988,31.417
2018,sorriso,0,noun,19987,31.416
2019,cego,0,adj,19986,31.414
2020,armazém,0,noun,19975,31.397
2021,disponível,0,adj,19961,31.375
2022,recentemente,0,adv,19934,31.332
2023,elétrico,0,adj,19919,31.309
2024,tramar,0,verb,19916,31.304
2025,passa contigo,1,mwe,19910,31.294
2026,desafio,0,noun,19845,31.192
2027,uns dias,1,mwe,19841,31.186
2028,letra,0,noun,19834,31.175
2029,esmagar,0,verb,19797,31.117
2030,pressionar,0,verb,19780,31.090
2031,tarde demais,1,mwe,19779,31.089
2032,garganta,0,noun,19760,31.059
2033,satisfeito,0,adj,19744,31.034
2034,pus,0,noun,19735,31.019
2035,central,0,noun,19732,31.015
2036,gravação,0,noun,19687,30.944
2037,bloquear,0,verb,19668,30.914
2038,raro,0,adj,19667,30.913
2039,superior,0,adj,19614,30.829
2040,ator,0,noun,19596,30.801
2041,doce,0,noun,19574,30.766
2042,declaração,0,noun,19563,30.749
2043,espetacular,0,adj,19543,30.718
2044,jogada,0,noun,19532,30.700
2045,dispositivo,0,noun,19529,30.696
2046,dificuldade,0,noun,19526,30.691
2047,almoçar,0,verb,19454,30.578
2048,cave,0,noun,19428,30.537
2049,fim-de-semana,0,noun,19403,30.498
2050,operar,0,verb,19336,30.392
2051,positivo,0,adj,19326,30.377
2052,pagamento,0,noun,19324,30.373
2053,saudável,0,adj,19318,30.364
2054,fumo,0,noun,19309,30.350
2055,reduzir,0,verb,19303,30.340
2056,círculo,0,noun,19291,30.322
2057,álcool,0,noun,19276,30.298
2058,sinceramente,0,adv,19261,30.274
2059,fita,0,noun,19240,30.241
2060,claramente,0,adv,19238,30.238
2061,brinquedo,0,noun,19221,30.212
2062,amizade,0,noun,19219,30.208
2063,teus pais,1,mwe,19213,30.199
2064,governador,0,noun,19200,30.179
2065,palco,0,noun,19191,30.164
2066,namorar,0,verb,19189,30.161
2067,alvejar,0,verb,19174,30.138
2068,noivo,0,noun,19174,30.138
2069,milhar,0,noun,19167,30.127
2070,provável,0,adj,19166,30.125
2071,muita gente,1,mwe,19160,30.116
2072,reagir,0,verb,19149,30.098
2073,pistola,0,noun,19141,30.086
2074,alugar,0,verb,19140,30.084
2075,reação,0,noun,19130,30.068
2076,bota,0,noun,19100,30.021
2077,limitar,0,verb,19100,30.021
2078,furioso,0,adj,19083,29.995
2079,tanque,0,noun,19063,29.963
2080,oceano,0,noun,19043,29.932
2081,tinta,0,noun,19035,29.919
2082,noutro,0,noun,19032,29.914
2083,porto,0,noun,19022,29.899
2084,crise,0,noun,19012,29.883
2085,violento,0,adj,19001,29.866
2086,qualidade,0,noun,18998,29.861
2087,anúncio,0,noun,18990,29.848
2088,cinto,0,noun,18990,29.848
2089,desfazer,0,verb,18989,29.847
2090,várias,0,pron,18963,29.806
2091,ena,0,noun,18936,29.764
2092,campanha,0,noun,18929,29.753
2093,extraordinário,0,adj,18903,29.712
2094,título,0,noun,18895,29.699
2095,estabelecer,0,verb,18886,29.685
2096,permissão,0,noun,18878,29.672
2097,uau,0,intj,18878,29.672
2098,rasto,0,noun,18857,29.639
2099,mistério,0,noun,18839,29.611
2100,basicamente,0,adv,18837,29.608
2101,cruel,0,adj,18834,29.603
2102,facilmente,0,adv,18826,29.591
2103,asa,0,noun,18823,29.586
2104,feitiço,0,noun,18807,29.561
2105,rock,0,noun,18803,29.554
2106,versão,0,noun,18801,29.551
2107,quartos,0,noun,18799,29.548
2108,espantoso,0,adj,18777,29.514
2109,questionar,0,verb,18755,29.479
2110,gentil,0,adj,18739,29.454
2111,refeição,0,noun,18731,29.441
2112,salto,0,noun,18720,29.424
2113,dominar,0,verb,18718,29.421
2114,transmitir,0,verb,18714,29.415
2115,afogar,0,verb,18710,29.408
2116,consequência,0,noun,18687,29.372
2117,santa,0,noun,18686,29.371
2118,sofá,0,noun,18684,29.367
2119,veneno,0,noun,18681,29.363
2120,francês,0,noun,18658,29.327
2121,recompensa,0,noun,18639,29.297
2122,mate,0,intj,18623,29.272
2123,aos outros,1,mwe,18615,29.259
2124,coincidência,0,noun,18615,29.259
2125,sessão,0,noun,18609,29.250
2126,sobrar,0,verb,18580,29.204
2127,atraso,0,noun,18570,29.188
2128,lenda,0,noun,18530,29.125
2129,celebrar,0,verb,18488,29.059
2130,nas mãos,1,mwe,18468,29.028
2131,escuridão,0,noun,18467,29.026
2132,denunciar,0,verb,18461,29.017
2133,produzir,0,verb,18460,29.015
2134,exercício,0,noun,18425,28.960
2135,estômago,0,noun,18419,28.951
2136,querida,0,noun,18395,28.913
2137,testemunhar,0,verb,18371,28.875
2138,liderar,0,verb,18361,28.860
2139,calhar,0,verb,18339,28.825
2140,inverno,0,noun,18339,28.825
2141,aventura,0,noun,18326,28.805
2142,território,0,noun,18317,28.791
2143,suspeita,0,noun,18313,28.784
2144,desenho,0,noun,18307,28.775
2145,aquecer,0,verb,18271,28.718
2146,irás,0,pron,18263,28.706
2147,madeira,0,noun,18188,28.588
2148,geração,0,noun,18177,28.571
2149,esforçar,0,verb,18166,28.553
2150,habilidade,0,noun,18154,28.534
2151,nacional,0,noun,18140,28.512
2152,lata,0,noun,18125,28.489
2153,circunstância,0,noun,18121,28.483
2154,presumo,0,verb,18116,28.475
2155,joia,0,noun,18086,28.428
2156,encantador,0,adj,18074,28.409
2157,garagem,0,noun,18069,28.401
2158,desviar,0,verb,18068,28.399
2159,delicioso,0,adj,18067,28.398
2160,acender,0,verb,18066,28.396
2161,alegria,0,noun,18055,28.379
2162,areia,0,noun,18041,28.357
2163,federal,0,adj,18039,28.354
2164,humor,0,noun,18038,28.352
2165,quantidade,0,noun,18037,28.351
2166,coma,0,noun,18035,28.347
2167,período,0,noun,18014,28.314
2168,especialista,0,noun,17976,28.255
2169,enlouquecer,0,verb,17951,28.215
2170,recente,0,adj,17950,28.214
2171,comprometer,0,verb,17944,28.204
2172,jornalista,0,noun,17928,28.179
2173,pulso,0,noun,17907,28.146
2174,remover,0,verb,17900,28.135
2175,explosivo,0,noun,17897,28.130
2176,sofrimento,0,noun,17893,28.124
2177,raça,0,noun,17892,28.123
2178,paciência,0,noun,17890,28.119
2179,total,0,adj,17882,28.107
2180,professora,0,noun,17870,28.088
2181,abraçar,0,verb,17869,28.086
2182,daquelas,0,unk,17864,28.079
2183,pila,0,noun,17855,28.064
2184,policial,0,adj,17854,28.063
2185,ativo,0,adj,17842,28.044
2186,mental,0,adj,17842,28.044
2187,marinha,0,noun,17808,27.991
2188,boas notícias,1,mwe,17807,27.989
2189,atitude,0,noun,17763,27.920
2190,coelho,0,noun,17763,27.920
2191,organização,0,noun,17695,27.813
2192,orelha,0,noun,17686,27.799
2193,transportar,0,verb,17668,27.771
2194,míssil,0,noun,17658,27.755
2195,ministro,0,noun,17651,27.744
2196,abrigo,0,noun,17637,27.722
2197,bem-vinda,0,adj,17616,27.689
2198,sacrifício,0,noun,17616,27.689
2199,audiência,0,noun,17586,27.642
2200,and,0,noun,17581,27.634
2201,gasolina,0,noun,17581,27.634
2202,publicar,0,verb,17577,27.627
2203,vela,0,noun,17541,27.571
2204,legendagem,0,noun,17530,27.554
2205,madame,0,noun,17530,27.554
2206,alcance,0,noun,17522,27.541
2207,fada,0,noun,17502,27.510
2208,inspetor,0,noun,17494,27.497
2209,traficante,0,noun,17494,27.497
2210,colar,0,noun,17491,27.492
2211,firme,0,adj,17490,27.491
2212,instrução,0,noun,17471,27.461
2213,anunciar,0,verb,17463,27.448
2214,biblioteca,0,noun,17455,27.436
2215,superar,0,verb,17454,27.434
2216,teatro,0,noun,17449,27.426
2217,piorar,0,verb,17444,27.418
2218,propor,0,verb,17428,27.393
2219,amarrar,0,verb,17363,27.291
2220,pacote,0,noun,17362,27.290
2221,bateria,0,noun,17360,27.286
2222,dama,0,noun,17323,27.228
2223,ambiente,0,noun,17321,27.225
2224,medida,0,noun,17299,27.191
2225,demitir,0,verb,17288,27.173
2226,imperador,0,noun,17287,27.172
2227,chinês,0,adj,17251,27.115
2228,combustível,0,noun,17244,27.104
2229,acordado,0,adj,17238,27.095
2230,inteligência,0,noun,17225,27.074
2231,reforço,0,noun,17217,27.062
2232,milha,0,noun,17201,27.036
2233,fortuna,0,noun,17198,27.032
2234,metido,0,adj,17188,27.016
2235,suicidar,0,verb,17188,27.016
2236,abaixar,0,verb,17180,27.003
2237,bicicleta,0,noun,17158,26.969
2238,físico,0,adj,17142,26.944
2239,praticamente,0,adv,17142,26.944
2240,vestido,0,adj,17137,26.936
2241,escritor,0,noun,17131,26.926
2242,jesus cristo,1,mwe,17107,26.889
2243,caber,0,verb,17099,26.876
2244,vingar,0,verb,17095,26.870
2245,virgem,0,noun,17083,26.851
2246,sexy,0,adj,17062,26.818
2247,incidente,0,noun,17059,26.813
2248,rebelde,0,noun,17040,26.783
2249,aliança,0,noun,17037,26.779
2250,motorista,0,noun,17023,26.757
2251,secção,0,noun,17015,26.744
2252,trabalhador,0,noun,16998,26.717
2253,costume,0,noun,16994,26.711
2254,quantas vezes,1,mwe,16989,26.703
2255,bandido,0,noun,16974,26.680
2256,pirata,0,noun,16974,26.680
2257,congelar,0,verb,16963,26.662
2258,limpeza,0,noun,16958,26.655
2259,conquistar,0,verb,16934,26.617
2260,pizza,0,noun,16916,26.589
2261,cassete,0,noun,16914,26.585
2262,portar,0,verb,16905,26.571
2263,moda,0,noun,16872,26.519
2264,gigante,0,adj,16843,26.474
2265,assaltar,0,verb,16837,26.464
2266,lábio,0,noun,16829,26.452
2267,convite,0,noun,16828,26.450
2268,lamento imenso,1,mwe,16828,26.450
2269,ativar,0,verb,16825,26.445
2270,símbolo,0,noun,16817,26.433
2271,besta,0,noun,16811,26.423
2272,inacreditável,0,adj,16810,26.422
2273,prosseguir,0,verb,16801,26.408
2274,patrulha,0,noun,16771,26.361
2275,museu,0,noun,16768,26.356
2276,várias,0,det,16768,26.356
2277,aplicar,0,verb,16760,26.343
2278,escudo,0,noun,16758,26.340
2279,encerrar,0,verb,16730,26.296
2280,conjunto,0,noun,16725,26.288
2281,selvagem,0,adj,16721,26.282
2282,lançamento,0,noun,16704,26.255
2283,precioso,0,adj,16676,26.211
2284,inglês,0,adj,16668,26.199
2285,clínica,0,noun,16624,26.130
2286,torturar,0,verb,16608,26.104
2287,técnica,0,noun,16593,26.081
2288,x,0,noun,16583,26.065
2289,pau,0,noun,16569,26.043
2290,meia hora,1,mwe,16546,26.007
2291,esquina,0,noun,16543,26.002
2292,asneira,0,noun,16528,25.979
2293,eh,0,intj,16524,25.972
2294,frequência,0,noun,16523,25.971
2295,compensar,0,verb,16521,25.968
2296,recado,0,noun,16520,25.966
2297,produção,0,noun,16507,25.946
2298,metal,0,noun,16506,25.944
2299,adulto,0,noun,16494,25.925
2300,espacial,0,adj,16478,25.900
2301,somente,0,adv,16460,25.872
2302,arranjo,0,noun,16454,25.862
2303,conferência,0,noun,16437,25.836
2304,depósito,0,noun,16423,25.814
2305,comissão,0,noun,16417,25.804
2306,comercial,0,adj,16416,25.803
2307,divórcio,0,noun,16392,25.765
2308,acelerar,0,verb,16361,25.716
2309,nossas vidas,1,mwe,16352,25.702
2310,conceder,0,verb,16349,25.697
2311,sobrevivente,0,noun,16349,25.697
2312,proibir,0,verb,16341,25.685
2313,amarelo,0,adj,16327,25.663
2314,palácio,0,noun,16314,25.642
2315,quilo,0,noun,16309,25.634
2316,reputação,0,noun,16276,25.583
2317,recomendar,0,verb,16273,25.578
2318,secreto,0,noun,16264,25.564
2319,tender,0,noun,16263,25.562
2320,passear,0,verb,16248,25.539
2321,estúdio,0,noun,16241,25.528
2322,júri,0,noun,16240,25.526
2323,superfície,0,noun,16229,25.509
2324,sitio,0,noun,16224,25.501
2325,fantasia,0,noun,16218,25.491
2326,instinto,0,noun,16206,25.473
2327,desastre,0,noun,16200,25.463
2328,criminoso,0,adj,16188,25.444
2329,mínimo,0,noun,16176,25.425
2330,assassínio,0,noun,16163,25.405
2331,brilhar,0,verb,16133,25.358
2332,engolir,0,verb,16125,25.345
2333,plástico,0,noun,16112,25.325
2334,bravo,0,adj,16110,25.322
2335,engano,0,noun,16108,25.319
2336,render,0,verb,16098,25.303
2337,compromisso,0,noun,16092,25.293
2338,sono,0,noun,16091,25.292
2339,mínimo,0,adj,16088,25.287
2340,esclarecer,0,verb,16064,25.249
2341,grato,0,adj,16047,25.223
2342,lento,0,adj,16001,25.150
2343,educação,0,noun,15969,25.100
2344,paragem,0,noun,15969,25.100
2345,ferramenta,0,noun,15926,25.032
2346,obedecer,0,verb,15915,25.015
2347,tubarão,0,noun,15911,25.009
2348,isolar,0,verb,15890,24.976
2349,pausa,0,noun,15865,24.937
2350,cobertura,0,noun,15864,24.935
2351,ofender,0,verb,15864,24.935
2352,noutra,0,noun,15863,24.933
2353,russo,0,adj,15857,24.924
2354,sacrificar,0,verb,15841,24.899
2355,açúcar,0,noun,15833,24.886
2356,específico,0,adj,15832,24.885
2357,instalar,0,verb,15828,24.878
2358,popular,0,adj,15824,24.872
2359,paixão,0,noun,15820,24.866
2360,leão,0,noun,15806,24.844
2361,traseiro,0,noun,15805,24.842
2362,adiantar,0,verb,15793,24.823
2363,guia,0,noun,15793,24.823
2364,traduzir,0,verb,15785,24.811
2365,tonto,0,adj,15781,24.805
2366,passageiro,0,noun,15768,24.784
2367,demonstrar,0,verb,15767,24.783
2368,enforcar,0,verb,15763,24.776
2369,instalação,0,noun,15758,24.768
2370,progresso,0,noun,15754,24.762
2371,índio,0,noun,15743,24.745
2372,função,0,noun,15732,24.728
2373,pesado,0,adj,15726,24.718
2374,rico,0,noun,15722,24.712
2375,molhar,0,verb,15720,24.709
2376,glória,0,noun,15718,24.706
2377,tatuagem,0,noun,15717,24.704
2378,inspirar,0,verb,15715,24.701
2379,temperatura,0,noun,15705,24.685
2380,protocolo,0,noun,15704,24.684
2381,frase,0,noun,15692,24.665
2382,mel,0,noun,15682,24.649
2383,personagem,0,noun,15679,24.644
2384,traição,0,noun,15675,24.638
2385,cretino,0,noun,15673,24.635
2386,boneca,0,noun,15664,24.621
2387,tubo,0,noun,15643,24.588
2388,apressar,0,verb,15639,24.581
2389,senão,0,conj,15609,24.534
2390,cagar,0,verb,15608,24.533
2391,sopa,0,noun,15606,24.529
2392,violação,0,noun,15597,24.515
2393,lê,0,intj,15591,24.506
2394,paraíso,0,noun,15591,24.506
2395,perdoe,0,verb,15575,24.481
2396,ciúme,0,noun,15569,24.471
2397,mando,0,verb,15568,24.470
2398,aborrecer,0,verb,15565,24.465
2399,remédio,0,noun,15545,24.434
2400,mato,0,noun,15534,24.416
2401,célula,0,noun,15530,24.410
2402,cargo,0,noun,15519,24.393
2403,infeliz,0,adj,15516,24.388
2404,estacionamento,0,noun,15508,24.375
2405,gelado,0,noun,15490,24.347
2406,grito,0,noun,15478,24.328
2407,frota,0,noun,15458,24.297
2408,munição,0,noun,15457,24.295
2409,aborrecido,0,adj,15453,24.289
2410,papa,0,noun,15444,24.275
2411,drogado,0,noun,15421,24.239
2412,origem,0,noun,15411,24.223
2413,império,0,noun,15408,24.218
2414,confundir,0,verb,15397,24.201
2415,resistência,0,noun,15396,24.199
2416,meia-noite,0,noun,15377,24.170
2417,central,0,adj,15376,24.168
2418,civil,0,noun,15373,24.163
2419,rocha,0,noun,15373,24.163
2420,imposto,0,noun,15371,24.160
2421,significado,0,noun,15371,24.160
2422,método,0,noun,15355,24.135
2423,uniforme,0,noun,15355,24.135
2424,lealdade,0,noun,15348,24.124
2425,ferimento,0,noun,15292,24.036
2426,mato,0,intj,15284,24.023
2427,inseto,0,noun,15273,24.006
2428,afirmar,0,verb,15271,24.003
2429,quarteirão,0,noun,15255,23.978
2430,robô,0,noun,15250,23.970
2431,ódio,0,noun,15235,23.946
2432,extremamente,0,adv,15232,23.942
2433,nesse caso,1,mwe,15229,23.937
2434,rota,0,noun,15223,23.927
2435,champanhe,0,noun,15204,23.898
2436,preencher,0,verb,15169,23.843
2437,tencionar,0,verb,15149,23.811
2438,fornecer,0,verb,15148,23.810
2439,nuvem,0,noun,15147,23.808
2440,super,0,adj,15143,23.802
2441,chover,0,verb,15125,23.773
2442,resgate,0,noun,15121,23.767
2443,quão,0,pron,15120,23.766
2444,consertar,0,verb,15107,23.745
2445,explorar,0,verb,15065,23.679
2446,marco,0,noun,15062,23.674
2447,destruição,0,noun,15047,23.651
2448,absoluto,0,adj,15036,23.634
2449,castigo,0,noun,15035,23.632
2450,barba,0,noun,15030,23.624
2451,empregada,0,noun,15029,23.623
2452,sensível,0,adj,15023,23.613
2453,barriga,0,noun,15021,23.610
2454,lágrima,0,noun,15020,23.608
2455,misterioso,0,adj,14991,23.563
2456,sal,0,noun,14989,23.560
2457,trânsito,0,noun,14986,23.555
2458,milhar,0,num,14982,23.549
2459,mijar,0,verb,14979,23.544
2460,patético,0,adj,14970,23.530
2461,autorizar,0,verb,14965,23.522
2462,chinês,0,noun,14954,23.505
2463,castigar,0,verb,14952,23.502
2464,rumor,0,noun,14952,23.502
2465,dispensar,0,verb,14950,23.498
2466,afundar,0,verb,14940,23.483
2467,sexta,0,noun,14930,23.467
2468,nestas,0,det,14927,23.462
2469,sobretudo,0,adv,14926,23.461
2470,multidão,0,noun,14913,23.440
2471,ritmo,0,noun,14912,23.439
2472,bloco,0,noun,14899,23.418
2473,pormenor,0,noun,14891,23.406
2474,atual,0,adj,14875,23.380
2475,frango,0,noun,14865,23.365
2476,trair,0,verb,14865,23.365
2477,cachorro,0,noun,14862,23.360
2478,elemento,0,noun,14849,23.340
2479,medicina,0,noun,14837,23.321
2480,procedimento,0,noun,14837,23.321
2481,escondido,0,adj,14827,23.305
2482,desmaiar,0,verb,14786,23.241
2483,pénis,0,noun,14772,23.219
2484,ideal,0,adj,14771,23.217
2485,pousar,0,verb,14770,23.215
2486,cerebral,0,adj,14758,23.197
2487,juízo,0,noun,14750,23.184
2488,aliás,0,adv,14722,23.140
2489,desafiar,0,verb,14711,23.123
2490,coroa,0,noun,14709,23.120
2491,prata,0,noun,14691,23.091
2492,atuar,0,verb,14689,23.088
2493,figura,0,noun,14686,23.083
2494,nestes,0,adj,14674,23.065
2495,libra,0,noun,14666,23.052
2496,giro,0,noun,14664,23.049
2497,cerimónia,0,noun,14658,23.039
2498,luva,0,noun,14646,23.021
2499,exagerar,0,verb,14626,22.989
2500,neles,0,unk,14598,22.945
2501,funcionário,0,noun,14584,22.923
2502,molho,0,noun,14576,22.911
2503,chupar,0,verb,14561,22.887
2504,hei-de,0,verb,14556,22.879
2505,misturar,0,verb,14551,22.871
2506,posse,0,noun,14551,22.871
2507,pulmão,0,noun,14551,22.871
2508,impressões digitais,1,mwe,14544,22.860
2509,anormal,0,adj,14541,22.856
2510,estacionar,0,verb,14535,22.846
2511,valioso,0,adj,14535,22.846
2512,lucro,0,noun,14534,22.844
2513,fartar,0,verb,14529,22.837
2514,atento,0,adj,14517,22.818
2515,cobra,0,noun,14485,22.767
2516,ramo,0,noun,14480,22.760
2517,exceto,0,prep,14475,22.752
2518,vila,0,noun,14472,22.747
2519,clássico,0,adj,14469,22.742
2520,desesperar,0,verb,14466,22.738
2521,perturbar,0,verb,14465,22.736
2522,fico feliz,1,mwe,14462,22.731
2523,argumento,0,noun,14455,22.720
2524,dobrar,0,verb,14451,22.714
2525,gaja,0,noun,14445,22.705
2526,cueca,0,noun,14441,22.698
2527,parado,0,adj,14439,22.695
2528,you,0,noun,14439,22.695
2529,trinta,0,num,14432,22.684
2530,camisola,0,noun,14424,22.672
2531,parto,0,noun,14422,22.668
2532,romance,0,noun,14414,22.656
2533,financeiro,0,adj,14410,22.650
2534,atraente,0,adj,14402,22.637
2535,decente,0,adj,14400,22.634
2536,detetar,0,verb,14394,22.624
2537,comportar,0,verb,14386,22.612
2538,igualmente,0,adv,14383,22.607
2539,ave,0,noun,14377,22.598
2540,sumo,0,noun,14363,22.576
2541,porém,0,conj,14341,22.541
2542,surpreendido,0,adj,14330,22.524
2543,disfarce,0,noun,14329,22.522
2544,abraço,0,noun,14310,22.492
2545,expressão,0,noun,14306,22.486
2546,transmissão,0,noun,14305,22.485
2547,folga,0,noun,14301,22.478
2548,corrigir,0,verb,14295,22.469
2549,templo,0,noun,14238,22.379
2550,desporto,0,noun,14234,22.373
2551,científico,0,adj,14215,22.343
2552,urgente,0,adj,14209,22.334
2553,oxigénio,0,noun,14195,22.312
2554,heroína,0,noun,14140,22.225
2555,dose,0,noun,14134,22.216
2556,generoso,0,adj,14132,22.213
2557,concerto,0,noun,14130,22.209
2558,esquerdo,0,adj,14113,22.183
2559,feminino,0,adj,14105,22.170
2560,bandeira,0,noun,14101,22.164
2561,gerente,0,noun,14088,22.143
2562,envergonhar,0,verb,14069,22.114
2563,tecido,0,noun,14052,22.087
2564,culpado,0,noun,14049,22.082
2565,receita,0,noun,14033,22.057
2566,prioridade,0,noun,14030,22.052
2567,aparelho,0,noun,14026,22.046
2568,distrair,0,verb,14018,22.033
2569,envenenar,0,verb,13995,21.997
2570,nacional,0,adj,13988,21.986
2571,rejeitar,0,verb,13973,21.963
2572,condutor,0,noun,13971,21.960
2573,magnífico,0,adj,13958,21.939
2574,horário,0,noun,13951,21.928
2575,meritíssimo,0,adj,13934,21.901
2576,queixar,0,verb,13934,21.901
2577,chegada,0,noun,13929,21.894
2578,enfim,0,adv,13915,21.872
2579,prazo,0,noun,13903,21.853
2580,eleição,0,noun,13900,21.848
2581,impressionado,0,adj,13897,21.843
2582,bastardo,0,noun,13893,21.837
2583,azar,0,noun,13860,21.785
2584,passaporte,0,noun,13849,21.768
2585,pasta,0,noun,13841,21.755
2586,calcular,0,verb,13840,21.754
2587,habituar,0,verb,13839,21.752
2588,doze,0,num,13835,21.746
2589,sexta-feira,0,noun,13818,21.719
2590,sujeito,0,noun,13790,21.675
2591,aceder,0,verb,13779,21.658
2592,construção,0,noun,13774,21.650
2593,hábito,0,noun,13774,21.650
2594,ceder,0,verb,13759,21.626
2595,febre,0,noun,13751,21.614
2596,sincronia,0,noun,13743,21.601
2597,uns tempos,1,mwe,13742,21.600
2598,time,0,noun,13740,21.596
2599,bíblia,0,noun,13730,21.581
2600,salão,0,noun,13728,21.578
2601,investir,0,verb,13725,21.573
2602,negativo,0,adj,13721,21.567
2603,extraterrestre,0,adj,13712,21.552
2604,pisar,0,verb,13709,21.548
2605,show,0,noun,13709,21.548
2606,cabana,0,noun,13708,21.546
2607,caos,0,noun,13706,21.543
2608,tradição,0,noun,13687,21.513
2609,moderno,0,adj,13684,21.508
2610,face,0,noun,13670,21.486
2611,terapia,0,noun,13655,21.463
2612,eterno,0,adj,13631,21.425
2613,fabuloso,0,adj,13627,21.419
2614,despedida,0,noun,13614,21.398
2615,ficha,0,noun,13608,21.389
2616,estes tipos,1,mwe,13596,21.370
2617,brinde,0,noun,13593,21.365
2618,animar,0,verb,13584,21.351
2619,pendurar,0,verb,13574,21.336
2620,zangar,0,verb,13554,21.304
2621,reclamar,0,verb,13540,21.282
2622,deixaa,0,unk,13539,21.281
2623,caverna,0,noun,13503,21.224
2624,cento,0,num,13501,21.221
2625,leitura,0,noun,13471,21.174
2626,federal,0,noun,13470,21.172
2627,cruz,0,noun,13448,21.138
2628,capa,0,noun,13444,21.131
2629,matemática,0,noun,13438,21.122
2630,caneta,0,noun,13437,21.120
2631,cumprimento,0,noun,13432,21.112
2632,interpretar,0,verb,13412,21.081
2633,região,0,noun,13391,21.048
2634,vossa majestade,1,mwe,13390,21.046
2635,adequado,0,adj,13388,21.043
2636,tranquilo,0,adj,13383,21.035
2637,cultura,0,noun,13373,21.020
2638,concurso,0,noun,13361,21.001
2639,portal,0,noun,13358,20.996
2640,saudades tuas,1,mwe,13340,20.968
2641,total,0,noun,13324,20.943
2642,custo,0,noun,13323,20.941
2643,yeah,0,noun,13303,20.910
2644,adaptação,0,noun,13293,20.894
2645,psiquiatra,0,noun,13292,20.892
2646,tragédia,0,noun,13291,20.891
2647,curtir,0,verb,13271,20.859
2648,troco,0,noun,13262,20.845
2649,e-mail,0,noun,13256,20.836
2650,manipular,0,verb,13253,20.831
2651,encaixar,0,verb,13247,20.822
2652,única maneira,1,mwe,13246,20.820
2653,gatilho,0,noun,13231,20.796
2654,acabado,0,adj,13226,20.789
2655,travar,0,verb,13219,20.778
2656,pneu,0,noun,13214,20.770
2657,perfil,0,noun,13206,20.757
2658,poço,0,noun,13200,20.748
2659,teria sido,1,mwe,13197,20.743
2660,cinza,0,noun,13176,20.710
2661,desconhecer,0,verb,13175,20.708
2662,egoísta,0,adj,13172,20.704
2663,salário,0,noun,13154,20.675
2664,tema,0,noun,13137,20.649
2665,nessa altura,1,mwe,13135,20.646
2666,assinatura,0,noun,13133,20.642
2667,interferir,0,verb,13122,20.625
2668,unha,0,noun,13107,20.602
2669,infância,0,noun,13100,20.591
2670,ensaio,0,noun,13093,20.580
2671,escuro,0,noun,13091,20.576
2672,bombeiro,0,noun,13090,20.575
2673,tiroteio,0,noun,13085,20.567
2674,indústria,0,noun,13077,20.554
2675,média,0,noun,13074,20.550
2676,doutora,0,noun,13061,20.529
2677,transferência,0,noun,13058,20.525
2678,indivíduo,0,noun,13038,20.493
2679,consumir,0,verb,13037,20.492
2680,selva,0,noun,13029,20.479
2681,dez minutos,1,mwe,13027,20.476
2682,pontapé,0,noun,13021,20.466
2683,leal,0,adj,13020,20.465
2684,felizmente,0,adv,13013,20.454
2685,noturno,0,adj,13009,20.448
2686,divorciar,0,verb,12988,20.415
2687,oficialmente,0,adv,12985,20.410
2688,político,0,noun,12982,20.405
2689,conde,0,noun,12964,20.377
2690,vigia,0,noun,12958,20.367
2691,alteza,0,noun,12956,20.364
2692,encarar,0,verb,12955,20.363
2693,cêntimo,0,noun,12953,20.359
2694,voluntário,0,noun,12949,20.353
2695,profissional,0,noun,12943,20.344
2696,requerer,0,verb,12940,20.339
2697,intervalo,0,noun,12934,20.330
2698,beco,0,noun,12931,20.325
2699,feliz natal,1,mwe,12902,20.279
2700,uns minutos,1,mwe,12901,20.278
2701,muro,0,noun,12889,20.259
2702,bosque,0,noun,12875,20.237
2703,casino,0,noun,12874,20.235
2704,primavera,0,noun,12855,20.205
2705,óleo,0,noun,12846,20.191
2706,custódia,0,noun,12844,20.188
2707,tensão,0,noun,12842,20.185
2708,sincronizar,0,verb,12834,20.172
2709,suspender,0,verb,12826,20.160
2710,endereço,0,noun,12820,20.150
2711,trono,0,noun,12817,20.146
2712,gerir,0,verb,12813,20.139
2713,existência,0,noun,12808,20.132
2714,ocasião,0,noun,12805,20.127
2715,união,0,noun,12805,20.127
2716,neto,0,noun,12803,20.124
2717,capital,0,noun,12789,20.102
2718,república,0,noun,12783,20.092
2719,tigre,0,noun,12783,20.092
2720,evacuar,0,verb,12781,20.089
2721,cicatriz,0,noun,12772,20.075
2722,altamente,0,adv,12746,20.034
2723,dali,0,adv,12744,20.031
2724,palerma,0,noun,12738,20.022
2725,miserável,0,adj,12729,20.007
2726,básico,0,adj,12726,20.003
2727,honrar,0,verb,12716,19.987
2728,invasão,0,noun,12695,19.954
2729,promover,0,verb,12686,19.940
2730,placa,0,noun,12676,19.924
2731,visto,0,noun,12674,19.921
2732,amado,0,adj,12651,19.885
2733,britânico,0,adj,12648,19.880
2734,apropriar,0,verb,12646,19.877
2735,vendedor,0,noun,12640,19.868
2736,nalgum,0,det,12639,19.866
2737,pintura,0,noun,12638,19.864
2738,neste caso,1,mwe,12635,19.860
2739,abrandar,0,verb,12634,19.858
2740,confissão,0,noun,12630,19.852
2741,recordação,0,noun,12628,19.849
2742,parente,0,noun,12622,19.839
2743,turma,0,noun,12622,19.839
2744,aparência,0,noun,12615,19.828
2745,renda,0,noun,12605,19.813
2746,governar,0,verb,12604,19.811
2747,influência,0,noun,12581,19.775
2748,literalmente,0,adv,12563,19.746
2749,camarada,0,noun,12558,19.739
2750,amoroso,0,adj,12555,19.734
2751,aconselhar,0,verb,12552,19.729
2752,sobrinho,0,noun,12547,19.721
2753,perímetro,0,noun,12530,19.695
2754,detrás,0,adv,12521,19.680
2755,diminuir,0,verb,12520,19.679
2756,toalha,0,noun,12486,19.625
2757,adulto,0,adj,12485,19.624
2758,principalmente,0,adv,12483,19.621
2759,conclusão,0,noun,12482,19.619
2760,fraqueza,0,noun,12468,19.597
2761,estratégia,0,noun,12466,19.594
2762,imaginação,0,noun,12466,19.594
2763,convencido,0,adj,12455,19.577
2764,definir,0,verb,12442,19.556
2765,tapar,0,verb,12427,19.533
2766,coluna,0,noun,12403,19.495
2767,urgência,0,noun,12401,19.492
2768,atropelar,0,verb,12394,19.481
2769,adotar,0,verb,12385,19.467
2770,descoberta,0,noun,12382,19.462
2771,invisível,0,adj,12373,19.448
2772,temporada,0,noun,12366,19.437
2773,infiltrar,0,verb,12360,19.427
2774,histórico,0,adj,12353,19.416
2775,candidato,0,noun,12351,19.413
2776,precisamente,0,adv,12345,19.404
2777,selar,0,verb,12341,19.398
2778,lance,0,noun,12328,19.377
2779,suspeitar,0,verb,12319,19.363
2780,ala,0,noun,12316,19.358
2781,comandar,0,verb,12316,19.358
2782,reservar,0,verb,12304,19.339
2783,uísque,0,noun,12304,19.339
2784,impacto,0,noun,12301,19.335
2785,competição,0,noun,12292,19.321
2786,esquema,0,noun,12288,19.314
2787,estupidez,0,noun,12271,19.288
2788,chip,0,noun,12260,19.270
2789,taco,0,noun,12255,19.262
2790,internacional,0,adj,12242,19.242
2791,cobrar,0,verb,12238,19.236
2792,infeção,0,noun,12238,19.236
2793,colher,0,noun,12218,19.204
2794,imediato,0,adj,12207,19.187
2795,atrasado,0,verb,12192,19.163
2796,digno,0,adj,12191,19.162
2797,recomeçar,0,verb,12172,19.132
2798,noção,0,noun,12171,19.130
2799,tarte,0,noun,12169,19.127
2800,teto,0,noun,12168,19.126
2801,hum,0,intj,12160,19.113
2802,bestial,0,adj,12158,19.110
2803,falhado,0,noun,12157,19.108
2804,confidencial,0,adj,12151,19.099
2805,comentário,0,noun,12144,19.088
2806,senhorita,0,noun,12134,19.072
2807,estrangeiro,0,noun,12129,19.064
2808,tecnicamente,0,adv,12126,19.060
2809,duche,0,noun,12124,19.056
2810,há-de,0,verb,12124,19.056
2811,mundial,0,adj,12121,19.052
2812,fraude,0,noun,12116,19.044
2813,feiticeiro,0,noun,12106,19.028
2814,fechado,0,adj,12094,19.009
2815,giro,0,adj,12081,18.989
2816,lixado,0,adj,12080,18.987
2817,sortudo,0,adj,12069,18.970
2818,estrutura,0,noun,12050,18.940
2819,disparo,0,noun,12044,18.931
2820,físico,0,noun,12042,18.928
2821,golfe,0,noun,12039,18.923
2822,formação,0,noun,12034,18.915
2823,prazer conhecer,1,mwe,12023,18.898
2824,probabilidade,0,noun,12020,18.893
2825,insultar,0,verb,12018,18.890
2826,aliado,0,noun,12012,18.880
2827,comissário,0,noun,11992,18.849
2828,ofensa,0,noun,11987,18.841
2829,erguer,0,verb,11986,18.840
2830,legítimo,0,adj,11977,18.825
2831,sintoma,0,noun,11974,18.821
2832,espingarda,0,noun,11950,18.783
2833,máximo,0,adj,11949,18.781
2834,motel,0,noun,11947,18.778
2835,nomear,0,verb,11945,18.775
2836,revolução,0,noun,11930,18.752
2837,parvalhão,0,noun,11927,18.747
2838,presa,0,verb,11927,18.747
2839,absurdo,0,adj,11924,18.742
2840,possivelmente,0,adv,11918,18.733
2841,terror,0,noun,11887,18.684
2842,frigorífico,0,noun,11875,18.665
2843,conhecido,0,adj,11835,18.602
2844,propriamente,0,adv,11835,18.602
2845,aranha,0,noun,11826,18.588
2846,administração,0,noun,11816,18.572
2847,raios partam,1,mwe,11816,18.572
2848,nazi,0,noun,11806,18.557
2849,fugitivo,0,noun,11801,18.549
2850,conspiração,0,noun,11790,18.531
2851,tapete,0,noun,11787,18.527
2852,feira,0,noun,11768,18.497
2853,coleção,0,noun,11763,18.489
2854,combinação,0,noun,11763,18.489
2855,estável,0,adj,11758,18.481
2856,década,0,noun,11749,18.467
2857,medalha,0,noun,11724,18.428
2858,genial,0,adj,11721,18.423
2859,lama,0,noun,11721,18.423
2860,juntas,0,adj,11718,18.418
2861,despir,0,verb,11710,18.406
2862,entusiasmado,0,adj,11707,18.401
2863,religião,0,noun,11704,18.396
2864,agulha,0,noun,11699,18.388
2865,amável,0,adj,11698,18.387
2866,hã,0,intj,11697,18.385
2867,espancar,0,verb,11681,18.360
2868,bife,0,noun,11680,18.359
2869,cocaína,0,noun,11677,18.354
2870,cavar,0,verb,11674,18.349
2871,órgão,0,noun,11672,18.346
2872,relacionamento,0,noun,11669,18.341
2873,civil,0,adj,11665,18.335
2874,alô,0,intj,11663,18.332
2875,fruta,0,noun,11657,18.322
2876,encostar,0,verb,11654,18.318
2877,adolescente,0,noun,11649,18.310
2878,personalidade,0,noun,11647,18.307
2879,setembro,0,noun,11643,18.300
2880,inconsciente,0,adj,11642,18.299
2881,agitar,0,verb,11637,18.291
2882,competir,0,verb,11632,18.283
2883,linguagem,0,noun,11631,18.282
2884,piso,0,noun,11627,18.275
2885,emitir,0,verb,11626,18.274
2886,kg,0,noun,11625,18.272
2887,pastor,0,noun,11625,18.272
2888,acontecimento,0,noun,11623,18.269
2889,suceder,0,verb,11623,18.269
2890,interrogatório,0,noun,11620,18.264
2891,manteiga,0,noun,11610,18.249
2892,exposição,0,noun,11600,18.233
2893,nascimento,0,noun,11598,18.230
2894,nojo,0,noun,11596,18.227
2895,trato disto,1,mwe,11596,18.227
2896,luxo,0,noun,11592,18.220
2897,elevar,0,verb,11576,18.195
2898,satisfazer,0,verb,11565,18.178
2899,avaliar,0,verb,11562,18.173
2900,educar,0,verb,11559,18.168
2901,firma,0,noun,11559,18.168
2902,habitual,0,adj,11557,18.165
2903,laranja,0,noun,11554,18.161
2904,religioso,0,adj,11554,18.161
2905,canhão,0,noun,11531,18.124
2906,rumo,0,noun,11530,18.123
2907,huh,0,intj,11515,18.099
2908,vice-presidente,0,noun,11513,18.096
2909,detenção,0,noun,11496,18.069
2910,solto,0,noun,11494,18.066
2911,pescar,0,verb,11487,18.055
2912,adiar,0,verb,11486,18.054
2913,ritual,0,noun,11470,18.029
2914,apresentação,0,noun,11469,18.027
2915,encomenda,0,noun,11467,18.024
2916,ámen,0,intj,11462,18.016
2917,embaixador,0,noun,11455,18.005
2918,radiação,0,noun,11450,17.997
2919,colónia,0,noun,11447,17.992
2920,lesão,0,noun,11442,17.985
2921,depoimento,0,noun,11439,17.980
2922,selvagem,0,noun,11427,17.961
2923,caridade,0,noun,11426,17.959
2924,eletricidade,0,noun,11423,17.955
2925,mochila,0,noun,11411,17.936
2926,cemitério,0,noun,11406,17.928
2927,velhote,0,noun,11400,17.918
2928,ripar,0,verb,11399,17.917
2929,respiração,0,noun,11391,17.904
2930,pregar,0,verb,11390,17.903
2931,olhadela,0,noun,11377,17.882
2932,reconhecimento,0,noun,11368,17.868
2933,colina,0,noun,11365,17.863
2934,exceção,0,noun,11355,17.848
2935,caixão,0,noun,11343,17.829
2936,distante,0,adj,11341,17.826
2937,doloroso,0,adj,11340,17.824
2938,fascinante,0,adj,11339,17.823
2939,basebol,0,noun,11334,17.815
2940,lâmina,0,noun,11334,17.815
2941,vital,0,adj,11331,17.810
2942,sector,0,noun,11327,17.804
2943,parvo,0,adj,11311,17.779
2944,cenário,0,noun,11300,17.761
2945,abelha,0,noun,11289,17.744
2946,submarino,0,noun,11283,17.735
2947,lembrança,0,noun,11282,17.733
2948,prática,0,noun,11277,17.725
2949,conflito,0,noun,11274,17.720
2950,capítulo,0,noun,11263,17.703
2951,almirante,0,noun,11257,17.694
2952,email,0,noun,11254,17.689
2953,solitário,0,adj,11254,17.689
2954,receção,0,noun,11250,17.683
2955,solar,0,adj,11249,17.681
2956,empréstimo,0,noun,11248,17.680
2957,rapto,0,noun,11245,17.675
2958,ginásio,0,noun,11243,17.672
2959,barra,0,noun,11240,17.667
2960,típico,0,adj,11233,17.656
2961,academia,0,noun,11216,17.629
2962,petróleo,0,noun,11215,17.628
2963,descarregar,0,verb,11208,17.617
2964,audição,0,noun,11201,17.606
2965,tribo,0,noun,11200,17.604
2966,excelência,0,noun,11194,17.595
2967,cansar,0,verb,11183,17.577
2968,túmulo,0,noun,11182,17.576
2969,excitado,0,adj,11179,17.571
2970,sobrevivência,0,noun,11178,17.570
2971,músculo,0,noun,11177,17.568
2972,delicado,0,adj,11171,17.559
2973,via,0,prep,11164,17.548
2974,fiel,0,adj,11139,17.508
2975,íntimo,0,adj,11135,17.502
2976,população,0,noun,11114,17.469
2977,recorde,0,noun,11112,17.466
2978,mergulhar,0,verb,11110,17.463
2979,gravidade,0,noun,11104,17.453
2980,vaga,0,noun,11101,17.449
2981,psicopata,0,noun,11089,17.430
2982,habituado,0,adj,11071,17.401
2983,coordenada,0,noun,11039,17.351
2984,palpite,0,noun,11038,17.349
2985,excitante,0,adj,11036,17.346
2986,derreter,0,verb,11027,17.332
2987,exterior,0,noun,11023,17.326
2988,aço,0,noun,11017,17.316
2989,ira,0,noun,11000,17.290
2990,contagem,0,noun,10999,17.288
2991,geralmente,0,adv,10997,17.285
2992,desagradável,0,adj,10995,17.282
2993,secretário,0,noun,10991,17.276
2994,resgatar,0,verb,10990,17.274
2995,site,0,noun,10988,17.271
2996,sensual,0,adj,10980,17.258
2997,biscoito,0,noun,10979,17.257
2998,mentiroso,0,noun,10961,17.228
2999,oração,0,noun,10961,17.228
3000,fígado,0,noun,10960,17.227
3001,gravata,0,noun,10957,17.222
3002,infantil,0,adj,10950,17.211
3003,inicial,0,adj,10932,17.183
3004,descanso,0,noun,10929,17.178
3005,elegante,0,adj,10916,17.158
3006,pesquisar,0,verb,10912,17.151
3007,agradecido,0,adj,10910,17.148
3008,burro,0,noun,10908,17.145
3009,impressionar,0,verb,10903,17.137
3010,despertar,0,verb,10893,17.122
3011,crânio,0,noun,10886,17.111
3012,descontrair,0,verb,10875,17.093
3013,deitado,0,adj,10865,17.078
3014,esquadrão,0,noun,10865,17.078
3015,reformar,0,verb,10856,17.063
3016,lutador,0,noun,10847,17.049
3017,hemorragia,0,noun,10846,17.048
3018,matéria,0,noun,10839,17.037
3019,guardião,0,noun,10826,17.016
3020,percorrer,0,verb,10817,17.002
3021,taça,0,noun,10817,17.002
3022,sai daí,1,mwe,10812,16.994
3023,esconderijo,0,noun,10809,16.990
3024,concluir,0,verb,10803,16.980
3025,agenda,0,noun,10800,16.975
3026,razoável,0,adj,10800,16.975
3027,gota,0,noun,10798,16.972
3028,dona,0,noun,10794,16.966
3029,piano,0,noun,10790,16.960
3030,mancha,0,noun,10779,16.942
3031,terrorista,0,adj,10775,16.936
3032,protetor,0,noun,10774,16.935
3033,lutar contra,1,mwe,10762,16.916
3034,teus olhos,1,mwe,10762,16.916
3035,seco,0,adj,10759,16.911
3036,sensor,0,noun,10746,16.891
3037,verme,0,noun,10740,16.881
3038,circo,0,noun,10739,16.880
3039,honestamente,0,adv,10734,16.872
3040,anão,0,noun,10732,16.869
3041,telefónico,0,adj,10731,16.867
3042,tenda,0,noun,10722,16.853
3043,garantia,0,noun,10718,16.847
3044,treva,0,noun,10716,16.843
3045,emocional,0,adj,10710,16.834
3046,completar,0,verb,10708,16.831
3047,cercar,0,verb,10701,16.820
3048,consulta,0,noun,10701,16.820
3049,dessa maneira,1,mwe,10695,16.810
3050,tarado,0,noun,10688,16.799
3051,cumprimentar,0,verb,10685,16.795
3052,revistar,0,verb,10685,16.795
3053,minhas mãos,1,mwe,10681,16.788
3054,taxa,0,noun,10679,16.785
3055,peru,0,noun,10677,16.782
3056,festejar,0,verb,10675,16.779
3057,bênção,0,noun,10672,16.774
3058,constar,0,verb,10664,16.762
3059,mamãe,0,noun,10663,16.760
3060,ferido,0,adj,10640,16.724
3061,sábio,0,adj,10638,16.721
3062,medir,0,verb,10637,16.719
3063,líquido,0,noun,10617,16.688
3064,fuzileiro,0,noun,10613,16.681
3065,torto,0,adj,10611,16.678
3066,embaixada,0,noun,10605,16.669
3067,redor,0,noun,10605,16.669
3068,luto,0,noun,10582,16.633
3069,verdadeiramente,0,adv,10582,16.633
3070,congresso,0,noun,10574,16.620
3071,instrumento,0,noun,10566,16.608
3072,cristal,0,noun,10558,16.595
3073,abanar,0,verb,10557,16.593
3074,obcecado,0,adj,10529,16.549
3075,julho,0,noun,10526,16.545
3076,distrito,0,noun,10525,16.543
3077,mira,0,noun,10521,16.537
3078,complexo,0,noun,10519,16.534
3079,cobarde,0,noun,10517,16.531
3080,laço,0,noun,10513,16.524
3081,investimento,0,noun,10511,16.521
3082,aumento,0,noun,10505,16.512
3083,criminal,0,adj,10500,16.504
3084,alimento,0,noun,10495,16.496
3085,entretanto,0,conj,10493,16.493
3086,gelado,0,adj,10482,16.476
3087,gene,0,noun,10482,16.476
3088,amanhecer,0,noun,10478,16.469
3089,boneco,0,noun,10421,16.380
3090,misericórdia,0,noun,10417,16.373
3091,muralha,0,noun,10416,16.372
3092,italiano,0,adj,10411,16.364
3093,rotina,0,noun,10404,16.353
3094,banheira,0,noun,10392,16.334
3095,intenso,0,adj,10390,16.331
3096,privacidade,0,noun,10389,16.329
3097,tchau,0,intj,10386,16.325
3098,cirurgião,0,noun,10382,16.318
3099,palma,0,noun,10375,16.307
3100,adaptar,0,verb,10371,16.301
3101,bêbado,0,noun,10369,16.298
3102,bens,0,noun,10364,16.290
3103,punho,0,noun,10360,16.284
3104,equipe,0,noun,10356,16.278
3105,más notícias,1,mwe,10356,16.278
3106,dobro,0,noun,10346,16.262
3107,curva,0,noun,10345,16.260
3108,alfa,0,noun,10340,16.252
3109,cuspir,0,verb,10337,16.248
3110,mota,0,noun,10323,16.226
3111,meta,0,verb,10321,16.223
3112,prejudicar,0,verb,10319,16.219
3113,tortura,0,noun,10313,16.210
3114,sequência,0,noun,10302,16.193
3115,radar,0,noun,10300,16.190
3116,ambos sabemos,1,mwe,10299,16.188
3117,condução,0,noun,10296,16.183
3118,japonês,0,noun,10290,16.174
3119,escala,0,noun,10277,16.153
3120,tremer,0,noun,10271,16.144
3121,pato,0,noun,10266,16.136
3122,temporário,0,adj,10265,16.134
3123,dúzia,0,noun,10264,16.133
3124,estender,0,verb,10263,16.131
3125,ângulo,0,noun,10263,16.131
3126,juramento,0,noun,10222,16.067
3127,hein,0,intj,10219,16.062
3128,economia,0,noun,10215,16.056
3129,feliz aniversário,1,mwe,10215,16.056
3130,engenheiro,0,noun,10213,16.053
3131,elefante,0,noun,10209,16.046
3132,margem,0,noun,10201,16.034
3133,burro,0,adj,10193,16.021
3134,recear,0,verb,10184,16.007
3135,cano,0,noun,10170,15.985
3136,encobrir,0,verb,10165,15.977
3137,naquilo,0,pron,10158,15.966
3138,fodido,0,verb,10155,15.962
3139,focar,0,verb,10149,15.952
3140,curiosidade,0,noun,10144,15.944
3141,profissão,0,noun,10131,15.924
3142,horror,0,noun,10130,15.922
3143,esfaquear,0,verb,10129,15.921
3144,pata,0,noun,10107,15.886
3145,próxima semana,1,mwe,10107,15.886
3146,êxito,0,noun,10106,15.885
3147,esgotar,0,verb,10097,15.870
3148,execução,0,noun,10094,15.866
3149,sugestão,0,noun,10094,15.866
3150,distintivo,0,noun,10086,15.853
3151,reverendo,0,noun,10076,15.837
3152,obrigação,0,noun,10070,15.828
3153,pressentimento,0,noun,10069,15.826
3154,salada,0,noun,10067,15.823
3155,corresponder,0,verb,10064,15.819
3156,ilusão,0,noun,10056,15.806
3157,converter,0,verb,10055,15.804
3158,viúva,0,noun,10049,15.795
3159,descrição,0,noun,10047,15.792
3160,beira,0,noun,10045,15.789
3161,católico,0,noun,10039,15.779
3162,supremo,0,noun,10034,15.771
3163,nobre,0,noun,10028,15.762
3164,ex,0,noun,10027,15.760
3165,acrescentar,0,verb,10026,15.759
3166,suas mãos,1,mwe,10022,15.753
3167,comité,0,noun,10017,15.745
3168,conduta,0,noun,10011,15.735
3169,stress,0,noun,10005,15.726
3170,publicidade,0,noun,10001,15.720
3171,monsieur,0,noun,9997,15.713
3172,poema,0,noun,9997,15.713
3173,tumor,0,noun,9995,15.710
3174,semente,0,noun,9993,15.707
3175,suave,0,adj,9991,15.704
3176,vestígio,0,noun,9988,15.699
3177,senado,0,noun,9986,15.696
3178,incendiar,0,verb,9980,15.687
3179,masculino,0,adj,9974,15.677
3180,sacar,0,verb,9964,15.661
3181,quinze,0,num,9963,15.660
3182,acorde,0,noun,9956,15.649
3183,apertado,0,adj,9953,15.644
3184,destinado,0,adj,9952,15.643
3185,espiar,0,verb,9928,15.605
3186,advogada,0,noun,9924,15.599
3187,global,0,adj,9920,15.592
3188,trancado,0,adj,9918,15.589
3189,campeonato,0,noun,9910,15.577
3190,mundial,0,noun,9908,15.573
3191,espanhol,0,adj,9905,15.569
3192,bêbedo,0,adj,9900,15.561
3193,agressivo,0,adj,9898,15.558
3194,àquele,0,unk,9872,15.517
3195,tática,0,noun,9869,15.512
3196,arrasar,0,verb,9867,15.509
3197,ninho,0,noun,9865,15.506
3198,garra,0,noun,9856,15.492
3199,hambúrguer,0,noun,9856,15.492
3200,mistura,0,noun,9851,15.484
3201,lamber,0,verb,9838,15.463
3202,meta,0,noun,9822,15.438
3203,mosca,0,noun,9811,15.421
3204,sentença,0,noun,9803,15.408
3205,restante,0,noun,9802,15.407
3206,frasco,0,noun,9798,15.400
3207,francamente,0,adv,9796,15.397
3208,olhada,0,noun,9793,15.393
3209,ministério,0,noun,9789,15.386
3210,murro,0,noun,9771,15.358
3211,bebê,0,noun,9770,15.356
3212,circuito,0,noun,9769,15.355
3213,rodear,0,verb,9766,15.350
3214,rasgar,0,verb,9765,15.349
3215,naturalmente,0,adv,9751,15.327
3216,eleger,0,verb,9734,15.300
3217,benefício,0,noun,9725,15.286
3218,segunda-feira,0,noun,9725,15.286
3219,matrícula,0,noun,9717,15.273
3220,atriz,0,noun,9716,15.272
3221,armado,0,adj,9715,15.270
3222,vários,0,pron,9696,15.240
3223,estrangeiro,0,adj,9695,15.239
3224,semelhante,0,adj,9694,15.237
3225,algema,0,noun,9692,15.234
3226,inveja,0,noun,9688,15.228
3227,entretanto,0,adv,9685,15.223
3228,repórter,0,noun,9685,15.223
3229,inferior,0,adj,9669,15.198
3230,adquirir,0,verb,9667,15.195
3231,tristeza,0,noun,9662,15.187
3232,espetar,0,verb,9657,15.179
3233,papelada,0,noun,9649,15.166
3234,médio,0,noun,9639,15.151
3235,injeção,0,noun,9637,15.147
3236,impulso,0,noun,9621,15.122
3237,granada,0,noun,9620,15.121
3238,desfrutar,0,verb,9613,15.110
3239,eternidade,0,noun,9613,15.110
3240,elogio,0,noun,9604,15.096
3241,surdo,0,adj,9600,15.089
3242,moral,0,adj,9594,15.080
3243,malvado,0,adj,9589,15.072
3244,avaliação,0,noun,9581,15.059
3245,flash,0,noun,9579,15.056
3246,detestar,0,verb,9574,15.048
3247,duque,0,noun,9570,15.042
3248,abertura,0,noun,9565,15.034
3249,raiz,0,noun,9564,15.033
3250,bolacha,0,noun,9557,15.022
3251,conselheiro,0,noun,9552,15.014
3252,implicar,0,verb,9540,14.995
3253,recrutar,0,verb,9538,14.992
3254,ténis,0,noun,9532,14.982
3255,bordo,0,prep,9529,14.978
3256,envelhecer,0,verb,9520,14.964
3257,gado,0,noun,9509,14.946
3258,nervo,0,noun,9505,14.940
3259,maricas,0,noun,9477,14.896
3260,perseguição,0,noun,9473,14.890
3261,lógica,0,noun,9467,14.880
3262,sereno,0,noun,9467,14.880
3263,adiante,0,adv,9462,14.872
3264,criação,0,noun,9457,14.864
3265,relacionar,0,verb,9448,14.850
3266,associar,0,verb,9440,14.838
3267,ruim,0,adj,9430,14.822
3268,grátis,0,adj,9427,14.817
3269,gerar,0,verb,9417,14.802
3270,meio-dia,0,noun,9410,14.791
3271,pesca,0,noun,9410,14.791
3272,parada,0,noun,9404,14.781
3273,disposição,0,noun,9402,14.778
3274,baleia,0,noun,9394,14.765
3275,plataforma,0,noun,9389,14.758
3276,pilotar,0,verb,9382,14.747
3277,colaborar,0,verb,9381,14.745
3278,agressão,0,noun,9378,14.740
3279,automático,0,adj,9363,14.717
3280,creme,0,noun,9360,14.712
3281,galáxia,0,noun,9356,14.706
3282,almofada,0,noun,9343,14.685
3283,dica,0,noun,9340,14.681
3284,desgraça,0,noun,9333,14.670
3285,rim,0,noun,9330,14.665
3286,álbum,0,noun,9329,14.663
3287,sandes,0,noun,9325,14.657
3288,cúmplice,0,noun,9324,14.655
3289,gémeo,0,noun,9315,14.641
3290,ajoelhar,0,verb,9313,14.638
3291,hóspede,0,noun,9311,14.635
3292,lanterna,0,noun,9311,14.635
3293,reforma,0,noun,9309,14.632
3294,enrolar,0,verb,9303,14.622
3295,presumir,0,verb,9303,14.622
3296,encomendar,0,verb,9292,14.605
3297,estátua,0,noun,9286,14.596
3298,capacete,0,noun,9285,14.594
3299,cinquenta,0,num,9282,14.589
3300,super,0,adv,9281,14.588
3301,fechadura,0,noun,9274,14.577
3302,salvador,0,noun,9262,14.558
3303,crítico,0,adj,9256,14.549
3304,sólido,0,adj,9244,14.530
3305,vulnerável,0,adj,9237,14.519
3306,ajustar,0,verb,9232,14.511
3307,autêntico,0,adj,9231,14.509
3308,águia,0,noun,9222,14.495
3309,apuro,0,noun,9217,14.487
3310,técnico,0,noun,9215,14.484
3311,fico contente,1,mwe,9213,14.481
3312,miolo,0,noun,9210,14.476
3313,alegar,0,verb,9199,14.459
3314,lentamente,0,adv,9195,14.453
3315,adversário,0,noun,9194,14.451
3316,alemão,0,adj,9193,14.450
3317,boas-vindas,0,noun,9191,14.446
3318,tímido,0,adj,9191,14.446
3319,aliviar,0,verb,9188,14.442
3320,relacionado,0,adj,9182,14.432
3321,distribuir,0,verb,9177,14.424
3322,drama,0,noun,9171,14.415
3323,justificar,0,verb,9156,14.391
3324,papai,0,noun,9155,14.390
3325,tuas mãos,1,mwe,9152,14.385
3326,praga,0,noun,9148,14.379
3327,referência,0,noun,9146,14.376
3328,facilitar,0,verb,9144,14.373
3329,macho,0,noun,9143,14.371
3330,discreto,0,adj,9138,14.363
3331,gerador,0,noun,9136,14.360
3332,velhos tempos,1,mwe,9125,14.343
3333,romano,0,noun,9120,14.335
3334,biológico,0,adj,9118,14.332
3335,piedade,0,noun,9115,14.327
3336,marte,0,noun,9112,14.322
3337,permanente,0,adj,9105,14.311
3338,sobremesa,0,noun,9103,14.308
3339,paranoico,0,adj,9102,14.306
3340,divino,0,adj,9096,14.297
3341,abusar,0,verb,9095,14.295
3342,procurador,0,noun,9093,14.292
3343,eventualmente,0,adv,9088,14.284
3344,frito,0,adj,9088,14.284
3345,injetar,0,verb,9085,14.280
3346,negociação,0,noun,9083,14.277
3347,testamento,0,noun,9082,14.275
3348,evidência,0,noun,9076,14.266
3349,laser,0,noun,9074,14.262
3350,sanduíche,0,noun,9072,14.259
3351,àquela,0,noun,9066,14.250
3352,outubro,0,noun,9063,14.245
3353,banana,0,noun,9062,14.244
3354,oxalá,0,adv,9040,14.209
3355,autópsia,0,noun,9038,14.206
3356,pastilha,0,noun,9028,14.190
3357,seguida,0,noun,9028,14.190
3358,informador,0,noun,9022,14.181
3359,derramar,0,verb,9010,14.162
3360,independente,0,adj,8999,14.145
3361,civilização,0,noun,8991,14.132
3362,cápsula,0,noun,8991,14.132
3363,solitária,0,noun,8985,14.123
3364,cego,0,noun,8981,14.116
3365,desarmar,0,verb,8978,14.112
3366,cooperar,0,verb,8977,14.110
3367,falecido,0,adj,8975,14.107
3368,portátil,0,noun,8974,14.105
3369,profundamente,0,adv,8969,14.097
3370,aberração,0,noun,8967,14.094
3371,protesto,0,noun,8960,14.083
3372,despesa,0,noun,8953,14.072
3373,japonês,0,adj,8953,14.072
3374,embaraçoso,0,adj,8949,14.066
3375,anotar,0,verb,8948,14.064
3376,gancho,0,noun,8942,14.055
3377,incapaz,0,adj,8937,14.047
3378,consultar,0,verb,8930,14.036
3379,residência,0,noun,8917,14.016
3380,condado,0,noun,8907,14.000
3381,desativar,0,verb,8905,13.997
3382,bagagem,0,noun,8904,13.995
3383,rapazinho,0,noun,8902,13.992
3384,cortina,0,noun,8895,13.981
3385,testemunho,0,noun,8894,13.980
3386,marinheiro,0,noun,8883,13.962
3387,seca,0,noun,8882,13.961
3388,plantar,0,verb,8877,13.953
3389,bravo,0,intj,8869,13.940
3390,navegar,0,verb,8863,13.931
3391,sincronização,0,noun,8852,13.914
3392,hesitar,0,verb,8851,13.912
3393,briga,0,noun,8849,13.909
3394,cowboy,0,intj,8846,13.904
3395,esticar,0,verb,8845,13.903
3396,criado,0,noun,8843,13.899
3397,perspetiva,0,noun,8843,13.899
3398,martelo,0,noun,8838,13.892
3399,intercetar,0,verb,8835,13.887
3400,ácido,0,noun,8835,13.887
3401,lençol,0,noun,8827,13.874
3402,desgraçado,0,adj,8823,13.868
3403,desaparecimento,0,noun,8820,13.863
3404,servidor,0,noun,8818,13.860
3405,proprietário,0,noun,8814,13.854
3406,lobisomem,0,noun,8813,13.852
3407,algumas perguntas,1,mwe,8808,13.844
3408,disfarçar,0,verb,8807,13.843
3409,balão,0,noun,8801,13.833
3410,ocidental,0,adj,8799,13.830
3411,sensato,0,adj,8798,13.829
3412,otário,0,noun,8794,13.822
3413,convocar,0,verb,8791,13.818
3414,corrupto,0,adj,8789,13.815
3415,tardar,0,verb,8779,13.799
3416,zombie,0,noun,8771,13.786
3417,desiludir,0,verb,8770,13.785
3418,leia,0,noun,8766,13.778
3419,norma,0,noun,8766,13.778
3420,abril,0,noun,8758,13.766
3421,essencial,0,adj,8757,13.764
3422,judeu,0,adj,8751,13.755
3423,desenvolvimento,0,noun,8747,13.749
3424,capitã,0,noun,8745,13.745
3425,gay,0,noun,8742,13.741
3426,fogueira,0,noun,8728,13.719
3427,ecrã,0,noun,8722,13.709
3428,gémeo,0,adj,8721,13.708
3429,presa,0,noun,8716,13.700
3430,subestimar,0,verb,8716,13.700
3431,juntamente,0,adv,8715,13.698
3432,brutal,0,adj,8712,13.693
3433,sabedoria,0,noun,8710,13.690
3434,constante,0,adj,8709,13.689
3435,encarregar,0,verb,8709,13.689
3436,exausto,0,adj,8706,13.684
3437,atualmente,0,adv,8703,13.679
3438,privilégio,0,noun,8700,13.675
3439,distração,0,noun,8688,13.656
3440,cinzento,0,adj,8686,13.653
3441,operacional,0,adj,8684,13.649
3442,bilião,0,num,8681,13.645
3443,colete,0,noun,8678,13.640
3444,visitante,0,noun,8673,13.632
3445,boato,0,noun,8668,13.624
3446,ovelha,0,noun,8663,13.616
3447,bates,0,noun,8662,13.615
3448,gigante,0,noun,8660,13.612
3449,compor,0,verb,8659,13.610
3450,promoção,0,noun,8658,13.609
3451,riqueza,0,noun,8658,13.609
3452,divulgar,0,verb,8656,13.605
3453,suite,0,noun,8656,13.605
3454,massagem,0,noun,8649,13.594
3455,online,0,adj,8642,13.583
3456,sugar,0,verb,8642,13.583
3457,excitar,0,verb,8628,13.561
3458,apelido,0,noun,8619,13.547
3459,sóbrio,0,adj,8615,13.541
3460,excluir,0,verb,8610,13.533
3461,jaula,0,noun,8598,13.514
3462,alegre,0,adj,8592,13.505
3463,comemorar,0,verb,8585,13.494
3464,produtor,0,noun,8584,13.492
3465,bancário,0,adj,8580,13.486
3466,multa,0,noun,8578,13.483
3467,gesto,0,noun,8575,13.478
3468,agente especial,1,mwe,8567,13.466
3469,representante,0,noun,8564,13.461
3470,refletir,0,verb,8556,13.448
3471,coca,0,noun,8551,13.440
3472,danificar,0,verb,8551,13.440
3473,álibi,0,noun,8550,13.439
3474,crítico,0,noun,8547,13.434
3475,feijão,0,noun,8543,13.428
3476,teimoso,0,adj,8537,13.418
3477,monitor,0,noun,8530,13.407
3478,nobre,0,adj,8528,13.404
3479,tonelada,0,noun,8524,13.398
3480,recuperação,0,noun,8523,13.396
3481,avanço,0,noun,8518,13.389
3482,baby,0,noun,8517,13.387
3483,alteração,0,noun,8516,13.385
3484,maçã,0,noun,8512,13.379
3485,fode,0,verb,8511,13.378
3486,italiano,0,noun,8507,13.371
3487,marcha,0,noun,8504,13.367
3488,flutuar,0,verb,8503,13.365
3489,captar,0,verb,8498,13.357
3490,romano,0,adj,8498,13.357
3491,desaparecida,0,noun,8497,13.356
3492,equilíbrio,0,noun,8483,13.334
3493,dourar,0,verb,8480,13.329
3494,juventude,0,noun,8475,13.321
3495,grego,0,adj,8471,13.315
3496,padrinho,0,noun,8465,13.305
3497,arrogante,0,adj,8456,13.291
3498,carruagem,0,noun,8455,13.290
3499,ausência,0,noun,8448,13.279
3500,expressar,0,verb,8446,13.275
3501,onze,0,num,8431,13.252
3502,cauda,0,noun,8428,13.247
3503,observação,0,noun,8425,13.242
3504,reconstruir,0,verb,8425,13.242
3505,salsicha,0,noun,8425,13.242
3506,barreira,0,noun,8424,13.241
3507,barril,0,noun,8423,13.239
3508,trauma,0,noun,8422,13.238
3509,inesperado,0,adj,8421,13.236
3510,centímetro,0,noun,8420,13.235
3511,medicação,0,noun,8414,13.225
3512,valente,0,adj,8412,13.222
3513,tolerar,0,verb,8408,13.216
3514,automóvel,0,noun,8399,13.202
3515,junho,0,noun,8395,13.195
3516,emocionante,0,adj,8394,13.194
3517,coisinha,0,noun,8368,13.153
3518,câmera,0,noun,8362,13.143
3519,enterrado,0,adj,8360,13.140
3520,podre,0,adj,8357,13.136
3521,resumir,0,verb,8357,13.136
3522,conceber,0,verb,8352,13.128
3523,nora,0,noun,8349,13.123
3524,superior,0,noun,8345,13.117
3525,máfia,0,noun,8336,13.103
3526,citar,0,verb,8331,13.095
3527,maio,0,noun,8329,13.091
3528,seduzir,0,verb,8321,13.079
3529,abordar,0,verb,8316,13.071
3530,balear,0,verb,8315,13.069
3531,realização,0,noun,8315,13.069
3532,reportar,0,verb,8314,13.068
3533,estimar,0,verb,8310,13.062
3534,coberto,0,adj,8308,13.058
3535,apetite,0,noun,8306,13.055
3536,jato,0,noun,8306,13.055
3537,apodrecer,0,verb,8304,13.052
3538,enfermaria,0,noun,8300,13.046
3539,kit,0,noun,8300,13.046
3540,núcleo,0,noun,8300,13.046
3541,esvaziar,0,verb,8295,13.038
3542,clã,0,noun,8294,13.036
3543,serviços secretos,1,mwe,8278,13.011
3544,topar,0,verb,8278,13.011
3545,embarcar,0,verb,8277,13.010
3546,veia,0,noun,8274,13.005
3547,magro,0,adj,8271,13.000
3548,solto,0,adj,8269,12.997
3549,ousar,0,verb,8261,12.985
3550,sufocar,0,verb,8259,12.981
3551,amendoim,0,noun,8258,12.980
3552,aterragem,0,noun,8258,12.980
3553,tartaruga,0,noun,8258,12.980
3554,sino,0,noun,8257,12.978
3555,castanho,0,adj,8254,12.974
3556,confiante,0,adj,8253,12.972
3557,fabricar,0,verb,8243,12.956
3558,engravidar,0,verb,8234,12.942
3559,imprimir,0,verb,8234,12.942
3560,animado,0,adj,8231,12.937
3561,encosta,0,noun,8229,12.934
3562,remoto,0,adj,8223,12.925
3563,herdeiro,0,noun,8222,12.923
3564,vinda,0,noun,8221,12.922
3565,fiança,0,noun,8220,12.920
3566,moto,0,noun,8220,12.920
3567,espiritual,0,adj,8213,12.909
3568,extrair,0,verb,8213,12.909
3569,perfume,0,noun,8203,12.893
3570,deslocar,0,verb,8198,12.886
3571,ataque cardíaco,1,mwe,8196,12.882
3572,isco,0,noun,8191,12.875
3573,mansão,0,noun,8187,12.868
3574,chatice,0,noun,8186,12.867
3575,festival,0,noun,8179,12.856
3576,inclinar,0,verb,8172,12.845
3577,caravana,0,noun,8170,12.842
3578,bondade,0,noun,8168,12.838
3579,humilhar,0,verb,8147,12.805
3580,cabine,0,noun,8143,12.799
3581,colégio,0,noun,8131,12.780
3582,piscar,0,noun,8130,12.779
3583,incrivelmente,0,adv,8129,12.777
3584,gps,0,noun,8128,12.776
3585,romper,0,verb,8127,12.774
3586,cobertor,0,noun,8125,12.771
3587,gangue,0,noun,8121,12.765
3588,atrapalhar,0,verb,8120,12.763
3589,cola,0,noun,8120,12.763
3590,arco,0,noun,8116,12.757
3591,carregamento,0,noun,8111,12.749
3592,liderança,0,noun,8110,12.747
3593,escorregar,0,verb,8107,12.743
3594,celeiro,0,noun,8101,12.733
3595,auto-estrada,0,noun,8088,12.713
3596,pátio,0,noun,8088,12.713
3597,gang,0,noun,8086,12.710
3598,marchar,0,verb,8084,12.706
3599,poesia,0,noun,8082,12.703
3600,investigador,0,noun,8073,12.689
3601,atmosfera,0,noun,8072,12.688
3602,microfone,0,noun,8072,12.688
3603,falecer,0,verb,8071,12.686
3604,milho,0,noun,8068,12.681
3605,bingo,0,noun,8067,12.680
3606,desperdício,0,noun,8066,12.678
3607,esfregar,0,verb,8066,12.678
3608,punir,0,verb,8055,12.661
3609,chávena,0,noun,8054,12.659
3610,oficina,0,noun,8046,12.647
3611,sustentar,0,verb,8042,12.640
3612,torneio,0,noun,8042,12.640
3613,concentração,0,noun,8039,12.636
3614,selo,0,noun,8036,12.631
3615,esgoto,0,noun,8032,12.625
3616,ciente,0,adj,8025,12.614
3617,encurralar,0,verb,8024,12.612
3618,ciclo,0,noun,8017,12.601
3619,vulgar,0,adj,8017,12.601
3620,gaveta,0,noun,8015,12.598
3621,dieta,0,noun,8014,12.596
3622,pro,0,prep,8014,12.596
3623,seca,0,adj,8012,12.593
3624,forense,0,adj,8010,12.590
3625,fardo,0,noun,8008,12.587
3626,pancada,0,noun,8008,12.587
3627,autor,0,noun,8007,12.585
3628,delegado,0,noun,8005,12.582
3629,vagina,0,noun,7999,12.573
3630,exibir,0,verb,7997,12.570
3631,comentar,0,verb,7994,12.565
3632,pelotão,0,noun,7981,12.545
3633,despejar,0,verb,7979,12.541
3634,secar,0,verb,7979,12.541
3635,trágico,0,adj,7975,12.535
3636,rígido,0,adj,7974,12.534
3637,coco,0,noun,7973,12.532
3638,potência,0,noun,7963,12.516
3639,pacífico,0,noun,7958,12.508
3640,compartilhar,0,verb,7956,12.505
3641,terça-feira,0,noun,7954,12.502
3642,dinossauro,0,noun,7950,12.496
3643,hall,0,noun,7937,12.475
3644,oriente,0,noun,7929,12.463
3645,novembro,0,noun,7923,12.453
3646,pilha,0,noun,7921,12.450
3647,segurança nacional,1,mwe,7921,12.450
3648,relva,0,noun,7918,12.445
3649,formidável,0,adj,7909,12.431
3650,cadela,0,noun,7903,12.422
3651,instituição,0,noun,7898,12.414
3652,quinta-feira,0,noun,7898,12.414
3653,pensa nisso,1,mwe,7897,12.412
3654,complicar,0,verb,7896,12.411
3655,turista,0,noun,7890,12.401
3656,conosco,0,adj,7879,12.384
3657,comprador,0,noun,7874,12.376
3658,mandato,0,noun,7866,12.364
3659,herdar,0,verb,7864,12.361
3660,mexicano,0,adj,7864,12.361
3661,injusto,0,adj,7855,12.346
3662,amigável,0,adj,7852,12.342
3663,conceito,0,noun,7851,12.340
3664,nessas,0,unk,7849,12.337
3665,solicitar,0,verb,7845,12.331
3666,sobrinha,0,noun,7834,12.313
3667,soco,0,noun,7828,12.304
3668,sapo,0,noun,7822,12.295
3669,boy,0,noun,7820,12.291
3670,genético,0,adj,7820,12.291
3671,constantemente,0,adv,7817,12.287
3672,retrato,0,noun,7809,12.274
3673,ensino,0,noun,7800,12.260
3674,sindicato,0,noun,7800,12.260
3675,criador,0,noun,7798,12.257
3676,desconto,0,noun,7794,12.251
3677,defeito,0,noun,7793,12.249
3678,franco,0,adj,7791,12.246
3679,manobra,0,noun,7788,12.241
3680,manual,0,noun,7787,12.240
3681,pegada,0,noun,7782,12.232
3682,vizinhança,0,noun,7777,12.224
3683,doca,0,noun,7776,12.222
3684,mercadoria,0,noun,7774,12.219
3685,soprar,0,verb,7772,12.216
3686,fecho,0,noun,7763,12.202
3687,colheita,0,noun,7762,12.200
3688,autorizado,0,adj,7760,12.197
3689,flecha,0,noun,7752,12.185
3690,adicionar,0,verb,7745,12.174
3691,brasa,0,noun,7744,12.172
3692,decerto,0,adv,7744,12.172
3693,desconhecido,0,adj,7743,12.170
3694,magoado,0,adj,7742,12.169
3695,ensaiar,0,verb,7740,12.166
3696,tenso,0,adj,7740,12.166
3697,painel,0,noun,7738,12.163
3698,programar,0,verb,7738,12.163
3699,ajudante,0,noun,7736,12.159
3700,filmagem,0,noun,7735,12.158
3701,pleno,0,adj,7732,12.153
3702,xadrez,0,noun,7726,12.144
3703,intervenção,0,noun,7719,12.133
3704,mensageiro,0,noun,7713,12.123
3705,cm,0,noun,7707,12.114
3706,deprimido,0,adj,7706,12.112
3707,precaução,0,noun,7694,12.093
3708,sotaque,0,noun,7690,12.087
3709,terrestre,0,adj,7685,12.079
3710,contentor,0,noun,7684,12.078
3711,distinguir,0,verb,7683,12.076
3712,extremo,0,adj,7680,12.071
3713,restaurar,0,verb,7677,12.067
3714,tomas,0,noun,7674,12.062
3715,pensão,0,noun,7673,12.060
3716,estragado,0,adj,7672,12.059
3717,alertar,0,verb,7668,12.053
3718,panqueca,0,noun,7667,12.051
3719,substituto,0,noun,7667,12.051
3720,dignidade,0,noun,7665,12.048
3721,fama,0,noun,7665,12.048
3722,financiar,0,verb,7664,12.046
3723,donut,0,noun,7662,12.043
3724,associação,0,noun,7653,12.029
3725,estrago,0,noun,7652,12.027
3726,arca,0,noun,7649,12.023
3727,abuso,0,noun,7643,12.013
3728,pequenino,0,adj,7641,12.010
3729,mago,0,noun,7632,11.996
3730,quintal,0,noun,7629,11.991
3731,bófia,0,noun,7627,11.988
3732,recorrer,0,verb,7616,11.971
3733,delta,0,noun,7615,11.969
3734,dentista,0,noun,7615,11.969
3735,consciente,0,adj,7609,11.960
3736,domínio,0,noun,7607,11.957
3737,incriminar,0,verb,7603,11.950
3738,penetrar,0,verb,7603,11.950
3739,mero,0,adj,7600,11.946
3740,assar,0,verb,7597,11.941
3741,whisky,0,noun,7595,11.938
3742,entrevistar,0,verb,7582,11.917
3743,moça,0,noun,7580,11.914
3744,armadura,0,noun,7576,11.908
3745,fundação,0,noun,7576,11.908
3746,robot,0,noun,7574,11.905
3747,ida,0,noun,7572,11.902
3748,português,0,noun,7566,11.892
3749,órbita,0,noun,7560,11.883
3750,reflexo,0,noun,7558,11.880
3751,atribuir,0,verb,7555,11.875
3752,cálculo,0,noun,7552,11.870
3753,sombrio,0,adj,7540,11.851
3754,diagnóstico,0,noun,7539,11.850
3755,fino,0,adj,7538,11.848
3756,imobiliário,0,noun,7532,11.839
3757,tampa,0,noun,7532,11.839
3758,agosto,0,noun,7530,11.836
3759,manga,0,noun,7530,11.836
3760,canalha,0,noun,7528,11.832
3761,psicológico,0,adj,7527,11.831
3762,touro,0,noun,7522,11.823
3763,sermão,0,noun,7521,11.821
3764,frágil,0,adj,7519,11.818
3765,lenço,0,noun,7518,11.817
3766,compaixão,0,noun,7515,11.812
3767,importe,0,verb,7514,11.810
3768,balde,0,noun,7512,11.807
3769,escondida,0,noun,7510,11.804
3770,von,0,noun,7502,11.792
3771,conforto,0,noun,7499,11.787
3772,porrada,0,noun,7499,11.787
3773,machado,0,noun,7498,11.785
3774,praça,0,noun,7496,11.782
3775,terminal,0,noun,7495,11.781
3776,antepassado,0,noun,7493,11.777
3777,fracasso,0,noun,7487,11.768
3778,opor,0,unk,7487,11.768
3779,potencial,0,noun,7481,11.759
3780,torcer,0,verb,7476,11.751
3781,espreitar,0,verb,7475,11.749
3782,fratura,0,noun,7473,11.746
3783,circular,0,verb,7472,11.744
3784,batota,0,noun,7468,11.738
3785,ruivo,0,adj,7466,11.735
3786,susto,0,noun,7465,11.733
3787,envelope,0,noun,7461,11.727
3788,seio,0,noun,7458,11.722
3789,confrontar,0,verb,7456,11.719
3790,dimensão,0,noun,7451,11.711
3791,protegido,0,adj,7445,11.702
3792,intacto,0,adj,7441,11.696
3793,iluminar,0,verb,7436,11.688
3794,amiguinho,0,noun,7434,11.685
3795,fruto,0,noun,7430,11.678
3796,vilão,0,noun,7430,11.678
3797,retirada,0,noun,7429,11.677
3798,to,0,pron,7429,11.677
3799,gorjeta,0,noun,7426,11.672
3800,fêmea,0,noun,7411,11.649
3801,postal,0,adj,7407,11.642
3802,arroz,0,noun,7400,11.631
3803,evacuação,0,noun,7397,11.627
3804,one,0,noun,7394,11.622
3805,senso,0,noun,7393,11.620
3806,costela,0,noun,7391,11.617
3807,vagabundo,0,noun,7390,11.616
3808,desconfortável,0,adj,7379,11.598
3809,acenar,0,verb,7377,11.595
3810,serpente,0,noun,7374,11.590
3811,iá,0,adv,7371,11.586
3812,introduzir,0,verb,7369,11.583
3813,lavagem,0,noun,7367,11.579
3814,doentio,0,adj,7361,11.570
3815,morgue,0,noun,7355,11.561
3816,anular,0,verb,7353,11.557
3817,mito,0,noun,7353,11.557
3818,orçamento,0,noun,7353,11.557
3819,debate,0,noun,7352,11.556
3820,tornozelo,0,noun,7347,11.548
3821,crença,0,noun,7341,11.539
3822,volante,0,noun,7339,11.535
3823,salvação,0,noun,7334,11.528
3824,levaa,0,unk,7322,11.509
3825,hostil,0,adj,7315,11.498
3826,instável,0,adj,7315,11.498
3827,irritante,0,adj,7312,11.493
3828,quarenta,0,num,7312,11.493
3829,parceira,0,noun,7309,11.488
3830,t-shirt,0,noun,7309,11.488
3831,pântano,0,noun,7308,11.487
3832,potencial,0,adj,7307,11.485
3833,quinto,0,adj,7306,11.484
3834,rude,0,adj,7304,11.480
3835,predador,0,noun,7303,11.479
3836,saudação,0,noun,7300,11.474
3837,arriscado,0,adj,7295,11.466
3838,guitarra,0,noun,7295,11.466
3839,fatal,0,adj,7294,11.465
3840,mi,0,noun,7292,11.462
3841,pornografia,0,noun,7286,11.452
3842,fúria,0,noun,7285,11.451
3843,escavar,0,verb,7282,11.446
3844,executivo,0,adj,7278,11.440
3845,vadia,0,noun,7275,11.435
3846,fralda,0,noun,7268,11.424
3847,dai,0,intj,7266,11.421
3848,armada,0,noun,7265,11.419
3849,acampar,0,verb,7262,11.414
3850,bigode,0,noun,7259,11.410
3851,maquilhagem,0,noun,7254,11.402
3852,esquilo,0,noun,7252,11.399
3853,loira,0,noun,7244,11.386
3854,teres vindo,1,mwe,7243,11.385
3855,rata,0,noun,7242,11.383
3856,ruína,0,noun,7238,11.377
3857,nesses,0,unk,7235,11.372
3858,bico,0,noun,7228,11.361
3859,tráfico,0,noun,7227,11.359
3860,copiar,0,verb,7226,11.358
3861,múltiplo,0,adj,7218,11.345
3862,assentar,0,verb,7213,11.337
3863,escândalo,0,noun,7206,11.326
3864,cartaz,0,noun,7205,11.325
3865,sujar,0,verb,7191,11.303
3866,ronda,0,noun,7189,11.300
3867,careca,0,adj,7180,11.286
3868,nu,0,noun,7176,11.279
3869,promotor,0,noun,7175,11.278
3870,rancho,0,noun,7171,11.271
3871,bloqueio,0,noun,7170,11.270
3872,ex-mulher,0,noun,7168,11.267
3873,drone,0,noun,7162,11.257
3874,sanguíneo,0,adj,7162,11.257
3875,estupor,0,noun,7158,11.251
3876,avenida,0,noun,7156,11.248
3877,glorioso,0,adj,7155,11.246
3878,queca,0,noun,7151,11.240
3879,gatinho,0,noun,7148,11.235
3880,vodka,0,noun,7148,11.235
3881,varrer,0,verb,7147,11.234
3882,avariar,0,verb,7140,11.223
3883,carrinho,0,noun,7140,11.223
3884,fórmula,0,noun,7129,11.205
3885,perturbado,0,verb,7125,11.199
3886,libertação,0,noun,7120,11.191
3887,lorque,0,noun,7119,11.190
3888,media,0,noun,7110,11.175
3889,cartel,0,noun,7108,11.172
3890,maricas,0,adj,7107,11.171
3891,ladrar,0,verb,7105,11.168
3892,soviético,0,adj,7105,11.168
3893,espanhol,0,noun,7103,11.164
3894,independentemente,0,adv,7100,11.160
3895,brigar,0,noun,7099,11.158
3896,abortar,0,verb,7096,11.153
3897,balcão,0,noun,7094,11.150
3898,vasculhar,0,verb,7093,11.149
3899,condicional,0,adj,7090,11.144
3900,profecia,0,noun,7088,11.141
3901,suar,0,verb,7086,11.138
3902,mergulho,0,noun,7078,11.125
3903,troféu,0,noun,7077,11.124
3904,candidatar,0,verb,7066,11.106
3905,guião,0,noun,7066,11.106
3906,negativo,0,noun,7063,11.102
3907,dramático,0,adj,7058,11.094
3908,inscrever,0,verb,7057,11.092
3909,março,0,noun,7052,11.084
3910,especialidade,0,noun,7051,11.083
3911,arrombar,0,verb,7048,11.078
3912,cozinheiro,0,noun,7045,11.073
3913,raptor,0,noun,7043,11.070
3914,preservativo,0,noun,7038,11.062
3915,congressista,0,noun,7030,11.050
3916,expandir,0,verb,7026,11.043
3917,impor,0,verb,7025,11.042
3918,talentoso,0,adj,7016,11.028
3919,arrependido,0,adj,7015,11.026
3920,brevemente,0,adv,7011,11.020
3921,legado,0,noun,7011,11.020
3922,boxe,0,noun,7009,11.017
3923,massacre,0,noun,7009,11.017
3924,traçar,0,verb,7009,11.017
3925,euro,0,noun,7006,11.012
3926,desapontar,0,verb,6999,11.001
3927,pulseira,0,noun,6998,10.999
3928,assistência,0,noun,6994,10.993
3929,texto,0,noun,6989,10.985
3930,diretora,0,noun,6979,10.970
3931,convés,0,noun,6972,10.959
3932,disciplina,0,noun,6958,10.937
3933,emboscada,0,noun,6956,10.933
3934,edição,0,noun,6953,10.929
3935,ambição,0,noun,6943,10.913
3936,externo,0,adj,6940,10.908
3937,brinco,0,noun,6936,10.902
3938,borboleta,0,noun,6935,10.900
3939,supostamente,0,adv,6934,10.899
3940,galeria,0,noun,6929,10.891
3941,centro comercial,1,mwe,6927,10.888
3942,evoluir,0,verb,6926,10.886
3943,testa,0,noun,6925,10.885
3944,profundidade,0,noun,6922,10.880
3945,manutenção,0,noun,6917,10.872
3946,morta,0,noun,6917,10.872
3947,cereal,0,noun,6909,10.860
3948,demonstração,0,noun,6906,10.855
3949,humilde,0,adj,6906,10.855
3950,precipitar,0,verb,6903,10.850
3951,mutante,0,noun,6900,10.845
3952,foguete,0,noun,6895,10.838
3953,honrado,0,adj,6894,10.836
3954,terça,0,noun,6894,10.836
3955,alistar,0,verb,6891,10.831
3956,encorajar,0,verb,6890,10.830
3957,barão,0,noun,6889,10.828
3958,dispor,0,noun,6888,10.827
3959,quantia,0,noun,6876,10.808
3960,queixo,0,noun,6868,10.795
3961,grandalhão,0,noun,6864,10.789
3962,inevitável,0,adj,6861,10.784
3963,irlandês,0,adj,6859,10.781
3964,janeiro,0,noun,6858,10.779
3965,gordura,0,noun,6856,10.776
3966,consideração,0,noun,6850,10.767
3967,estrangular,0,verb,6849,10.765
3968,amaldiçoar,0,verb,6844,10.757
3969,lavandaria,0,noun,6840,10.751
3970,monge,0,noun,6838,10.748
3971,ressuscitar,0,verb,6836,10.745
3972,agricultor,0,noun,6831,10.737
3973,gravidez,0,noun,6828,10.732
3974,seres humanos,1,mwe,6827,10.731
3975,despistar,0,verb,6825,10.728
3976,expectativa,0,noun,6825,10.728
3977,sanita,0,noun,6825,10.728
3978,assombrar,0,verb,6820,10.720
3979,irmandade,0,noun,6820,10.720
3980,frequentar,0,verb,6818,10.717
3981,encantar,0,verb,6814,10.710
3982,convenção,0,noun,6813,10.709
3983,colo,0,noun,6810,10.704
3984,ego,0,noun,6809,10.702
3985,forno,0,noun,6804,10.695
3986,supervisor,0,noun,6803,10.693
3987,bacon,0,noun,6799,10.687
3988,vacina,0,noun,6799,10.687
3989,preguiçoso,0,adj,6795,10.680
3990,agredir,0,verb,6794,10.679
3991,outono,0,noun,6793,10.677
3992,alívio,0,noun,6792,10.676
3993,aturar,0,verb,6790,10.673
3994,servo,0,noun,6790,10.673
3995,pelos vistos,1,mwe,6777,10.652
3996,tendência,0,noun,6776,10.650
3997,grade,0,noun,6774,10.647
3998,recompensar,0,verb,6772,10.644
3999,profeta,0,noun,6769,10.639
4000,químico,0,adj,6766,10.635
4001,caminhada,0,noun,6764,10.632
4002,anónimo,0,adj,6763,10.630
4003,perfeição,0,noun,6762,10.628
4004,cesto,0,noun,6760,10.625
4005,nesta sala,1,mwe,6755,10.617
4006,contudo,0,adv,6752,10.613
4007,vaguear,0,verb,6750,10.610
4008,fortaleza,0,noun,6747,10.605
4009,poção,0,noun,6742,10.597
4010,volume,0,noun,6742,10.597
4011,psiquiátrico,0,adj,6741,10.595
4012,afiar,0,verb,6729,10.577
4013,imitar,0,verb,6728,10.575
4014,mm,0,noun,6719,10.561
4015,atuação,0,noun,6717,10.558
4016,clima,0,noun,6712,10.550
4017,inserir,0,verb,6697,10.526
4018,pirar,0,verb,6697,10.526
4019,hmm,0,intj,6694,10.522
4020,poeta,0,noun,6690,10.515
4021,detonar,0,verb,6685,10.507
4022,sob controlo,1,mwe,6685,10.507
4023,editor,0,noun,6682,10.503
4024,exterior,0,adj,6681,10.501
4025,concentrado,0,adj,6679,10.498
4026,corvo,0,noun,6670,10.484
4027,veado,0,noun,6669,10.482
4028,astronauta,0,noun,6667,10.479
4029,continente,0,noun,6666,10.478
4030,dezembro,0,noun,6666,10.478
4031,instituto,0,noun,6664,10.474
4032,viajante,0,noun,6662,10.471
4033,partícula,0,noun,6659,10.467
4034,travão,0,noun,6657,10.463
4035,terem vindo,1,mwe,6652,10.456
4036,aquecimento,0,noun,6650,10.452
4037,chocar,0,verb,6649,10.451
4038,medida,0,prep,6647,10.448
4039,litro,0,noun,6644,10.443
4040,descolar,0,verb,6643,10.441
4041,desconfiar,0,verb,6643,10.441
4042,reter,0,verb,6639,10.435
4043,comércio,0,noun,6621,10.407
4044,ópera,0,noun,6621,10.407
4045,eficaz,0,adj,6619,10.404
4046,atleta,0,noun,6615,10.397
4047,empatar,0,verb,6613,10.394
4048,comes,0,verb,6610,10.390
4049,júnior,0,noun,6609,10.388
4050,decifrar,0,verb,6607,10.385
4051,reabilitação,0,noun,6600,10.374
4052,espere espere,1,mwe,6599,10.372
4053,reator,0,noun,6598,10.371
4054,deusa,0,intj,6590,10.358
4055,discoteca,0,noun,6584,10.349
4056,pérola,0,noun,6583,10.347
4057,carroça,0,noun,6579,10.341
4058,surpreendente,0,adj,6578,10.339
4059,obstáculo,0,noun,6576,10.336
4060,alérgico,0,adj,6575,10.335
4061,britânico,0,noun,6572,10.330
4062,cais,0,noun,6572,10.330
4063,hong kong,1,mwe,6569,10.325
4064,aprovação,0,noun,6565,10.319
4065,arena,0,noun,6565,10.319
4066,calibre,0,noun,6563,10.316
4067,fatia,0,noun,6563,10.316
4068,cardeal,0,noun,6562,10.314
4069,correspondência,0,noun,6562,10.314
4070,liberdade condicional,1,mwe,6545,10.287
4071,pronunciar,0,verb,6542,10.283
4072,relatar,0,verb,6541,10.281
4073,visual,0,adj,6539,10.278
4074,banir,0,verb,6538,10.276
4075,queimadura,0,noun,6538,10.276
4076,envergonhado,0,adj,6535,10.272
4077,embebedar,0,verb,6534,10.270
4078,primeiro-ministro,0,noun,6532,10.267
4079,tomado,0,adj,6527,10.259
4080,fotógrafo,0,noun,6518,10.245
4081,intrometer,0,verb,6518,10.245
4082,projetar,0,verb,6518,10.245
4083,queima,0,noun,6514,10.239
4084,bispo,0,noun,6511,10.234
4085,desespero,0,noun,6500,10.217
4086,ocultar,0,verb,6497,10.212
4087,músico,0,noun,6493,10.206
4088,invulgar,0,adj,6491,10.203
4089,cobra,0,verb,6488,10.198
4090,orientação,0,noun,6486,10.195
4091,retribuir,0,verb,6486,10.195
4092,veterano,0,noun,6486,10.195
4093,depressão,0,noun,6484,10.192
4094,recruta,0,noun,6484,10.192
4095,insignificante,0,adj,6483,10.190
4096,morcego,0,noun,6480,10.185
4097,modificar,0,verb,6473,10.174
4098,regular,0,adj,6470,10.170
4099,rodar,0,verb,6469,10.168
4100,submeter,0,verb,6467,10.165
4101,bang,0,noun,6464,10.160
4102,acompanhante,0,noun,6463,10.159
4103,proibido,0,adj,6462,10.157
4104,contato,0,noun,6457,10.149
4105,faixa,0,noun,6454,10.144
4106,suporte,0,noun,6449,10.137
4107,alienígena,0,adj,6447,10.133
4108,absorver,0,verb,6444,10.129
4109,cadastro,0,noun,6443,10.127
4110,substância,0,noun,6433,10.111
4111,secundária,0,noun,6432,10.110
4112,bicho,0,noun,6431,10.108
4113,cuidadoso,0,adj,6431,10.108
4114,exigência,0,noun,6431,10.108
4115,tareia,0,noun,6431,10.108
4116,machucar,0,verb,6430,10.107
4117,magnético,0,adj,6429,10.105
4118,confirmação,0,noun,6428,10.104
4119,sepultura,0,noun,6428,10.104
4120,recibo,0,noun,6426,10.100
4121,ruído,0,noun,6422,10.094
4122,desaparecido,0,adj,6419,10.089
4123,decorrer,0,verb,6418,10.088
4124,lindo menino,1,mwe,6416,10.085
4125,escolar,0,adj,6414,10.082
4126,cavalgar,0,verb,6413,10.080
4127,fibra,0,noun,6412,10.078
4128,pedrado,0,adj,6407,10.071
4129,gruta,0,noun,6406,10.069
4130,jornada,0,noun,6403,10.064
4131,quarentena,0,noun,6403,10.064
4132,brilho,0,noun,6401,10.061
4133,parvoíce,0,noun,6401,10.061
4134,renunciar,0,verb,6398,10.056
4135,fósforo,0,noun,6390,10.044
4136,tijolo,0,noun,6387,10.039
4137,corretamente,0,adv,6384,10.034
4138,gelar,0,verb,6376,10.022
4139,freira,0,noun,6375,10.020
4140,inspiração,0,noun,6375,10.020
4141,rolar,0,verb,6374,10.019
4142,intruso,0,noun,6373,10.017
4143,limão,0,noun,6371,10.014
4144,polo,0,noun,6367,10.008
4145,comprido,0,adj,6366,10.006
4146,narcótico,0,noun,6366,10.006
4147,preservar,0,verb,6363,10.001
4148,soro,0,noun,6362,10.000
4149,parasita,0,noun,6352,9.984
4150,notável,0,adj,6349,9.979
4151,aposento,0,noun,6347,9.976
4152,contribuir,0,verb,6340,9.965
4153,paramédico,0,noun,6340,9.965
4154,celebridade,0,noun,6338,9.962
4155,atentado,0,noun,6337,9.960
4156,suplicar,0,verb,6337,9.960
4157,guarda-costas,0,noun,6336,9.959
4158,bolha,0,noun,6332,9.953
4159,evidente,0,adj,6330,9.949
4160,ordenado,0,verb,6327,9.945
4161,senha,0,noun,6326,9.943
4162,louvar,0,verb,6323,9.938
4163,terrorismo,0,noun,6323,9.938
4164,quarta-feira,0,noun,6318,9.931
4165,exclusivo,0,adj,6315,9.926
4166,rastrear,0,verb,6315,9.926
4167,raramente,0,adv,6313,9.923
4168,ficção,0,noun,6312,9.921
4169,picar,0,verb,6311,9.920
4170,retornar,0,verb,6308,9.915
4171,temporal,0,adj,6305,9.910
4172,fotografar,0,verb,6303,9.907
4173,variar,0,verb,6303,9.907
4174,anomalia,0,noun,6300,9.902
4175,borla,0,noun,6299,9.901
4176,rastejar,0,verb,6298,9.899
4177,cortesia,0,noun,6292,9.890
4178,alucinação,0,noun,6291,9.888
4179,leilão,0,noun,6287,9.882
4180,antecipar,0,verb,6281,9.872
4181,camada,0,noun,6281,9.872
4182,vício,0,noun,6281,9.872
4183,bolinho,0,noun,6279,9.869
4184,chanceler,0,noun,6276,9.865
4185,bónus,0,noun,6274,9.861
4186,municipal,0,adj,6273,9.860
4187,conferir,0,verb,6268,9.852
4188,secundário,0,adj,6260,9.839
4189,prego,0,noun,6257,9.835
4190,charuto,0,noun,6255,9.832
4191,lâmpada,0,noun,6253,9.828
4192,escrito,0,noun,6247,9.819
4193,fenda,0,noun,6245,9.816
4194,sofisticado,0,adj,6241,9.810
4195,casa-de-banho,0,noun,6234,9.799
4196,perito,0,adj,6231,9.794
4197,tolice,0,noun,6228,9.789
4198,captura,0,noun,6227,9.788
4199,tornado,0,noun,6227,9.788
4200,juntas,0,noun,6225,9.784
4201,crescimento,0,noun,6224,9.783
4202,torno,0,noun,6224,9.783
4203,fusão,0,noun,6223,9.781
4204,arranhão,0,noun,6222,9.780
4205,discordar,0,verb,6217,9.772
4206,preferido,0,adj,6217,9.772
4207,tinhas dito,1,mwe,6213,9.766
4208,véspera,0,noun,6212,9.764
4209,avatar,0,noun,6205,9.753
4210,invenção,0,noun,6205,9.753
4211,lindamente,0,adv,6198,9.742
4212,caseiro,0,adj,6197,9.740
4213,totó,0,noun,6196,9.739
4214,pólvora,0,noun,6192,9.733
4215,fluxo,0,noun,6191,9.731
4216,habitante,0,noun,6189,9.728
4217,lápis,0,noun,6188,9.726
4218,prevenir,0,verb,6186,9.723
4219,club,0,noun,6181,9.715
4220,batatas fritas,1,mwe,6180,9.714
4221,aluna,0,noun,6176,9.707
4222,tradicional,0,adj,6170,9.698
4223,silencioso,0,adj,6165,9.690
4224,ninja,0,noun,6162,9.685
4225,descansado,0,adj,6159,9.681
4226,elevado,0,adj,6158,9.679
4227,mercenário,0,noun,6158,9.679
4228,estádio,0,noun,6152,9.670
4229,engenharia,0,noun,6147,9.662
4230,franco,0,noun,6147,9.662
4231,amador,0,noun,6146,9.660
4232,sótão,0,noun,6143,9.656
4233,blá,0,intj,6139,9.649
4234,especificamente,0,adv,6135,9.643
4235,terapeuta,0,noun,6133,9.640
4236,vapor,0,noun,6132,9.638
4237,conveniente,0,adj,6131,9.637
4238,anoitecer,0,verb,6130,9.635
4239,donde,0,adv,6128,9.632
4240,bêbedo,0,noun,6127,9.630
4241,mole,0,adj,6122,9.623
4242,conforme,0,prep,6117,9.615
4243,subornar,0,verb,6117,9.615
4244,democracia,0,noun,6109,9.602
4245,gripe,0,noun,6107,9.599
4246,quite,0,adj,6099,9.586
4247,evolução,0,noun,6091,9.574
4248,passarinho,0,noun,6089,9.571
4249,atar,0,verb,6087,9.568
4250,dezena,0,det,6076,9.550
4251,letal,0,adj,6076,9.550
4252,ratazana,0,noun,6071,9.542
4253,abdicar,0,verb,6069,9.539
4254,bizarro,0,adj,6069,9.539
4255,fixo,0,adj,6069,9.539
4256,sms,0,noun,6069,9.539
4257,mecanismo,0,noun,6057,9.520
4258,operador,0,noun,6054,9.516
4259,whoa,0,noun,6054,9.516
4260,chuveiro,0,noun,6053,9.514
4261,insulto,0,noun,6051,9.511
4262,okay,0,intj,6049,9.508
4263,crocodilo,0,noun,6048,9.506
4264,criticar,0,verb,6043,9.498
4265,furacão,0,noun,6042,9.497
4266,ofensivo,0,adj,6041,9.495
4267,mês passado,1,mwe,6040,9.494
4268,arrefecer,0,verb,6036,9.487
4269,colapso,0,noun,6033,9.483
4270,doar,0,verb,6033,9.483
4271,pirâmide,0,noun,6033,9.483
4272,gratidão,0,noun,6032,9.481
4273,oposto,0,adj,6032,9.481
4274,correção,0,noun,6029,9.476
4275,guardado,0,adj,6020,9.462
4276,separação,0,noun,6015,9.454
4277,obsessão,0,noun,6012,9.450
4278,insinuar,0,verb,6011,9.448
4279,aproximadamente,0,adv,6009,9.445
4280,bastão,0,noun,6009,9.445
4281,macio,0,adj,6003,9.435
4282,faminto,0,adj,6002,9.434
4283,fisicamente,0,adv,6001,9.432
4284,fofinho,0,adj,5999,9.429
4285,centavo,0,noun,5992,9.418
4286,fator,0,noun,5992,9.418
4287,aluguer,0,noun,5991,9.417
4288,software,0,noun,5988,9.412
4289,carácter,0,noun,5987,9.410
4290,rolo,0,noun,5986,9.409
4291,grama,0,noun,5984,9.406
4292,atração,0,noun,5981,9.401
4293,brindar,0,verb,5972,9.387
4294,couro,0,noun,5966,9.377
4295,urina,0,noun,5964,9.374
4296,detido,0,adj,5960,9.368
4297,formulário,0,noun,5960,9.368
4298,chocado,0,adj,5957,9.363
4299,mexicano,0,noun,5956,9.362
4300,campainha,0,noun,5953,9.357
4301,to,0,unk,5943,9.341
4302,tropeçar,0,verb,5941,9.338
4303,cd,0,noun,5940,9.336
4304,sequestrar,0,verb,5937,9.332
4305,roupa interior,1,mwe,5936,9.330
4306,camarão,0,noun,5931,9.322
4307,artéria,0,noun,5914,9.296
4308,tóxico,0,adj,5912,9.292
4309,turco,0,noun,5910,9.289
4310,maré,0,noun,5909,9.288
4311,acolher,0,verb,5899,9.272
4312,facial,0,adj,5896,9.267
4313,distinto,0,adj,5886,9.252
4314,sujeitar,0,verb,5886,9.252
4315,cor-de-rosa,0,adj,5885,9.250
4316,tronco,0,noun,5885,9.250
4317,batalhão,0,noun,5883,9.247
4318,desfile,0,noun,5883,9.247
4319,devorar,0,verb,5881,9.244
4320,empresário,0,noun,5881,9.244
4321,degrau,0,noun,5880,9.242
4322,iniciativa,0,noun,5880,9.242
4323,decidido,0,adj,5879,9.241
4324,noivado,0,noun,5875,9.234
4325,torpedo,0,noun,5875,9.234
4326,organismo,0,noun,5872,9.230
4327,administrar,0,verb,5867,9.222
4328,oriental,0,noun,5863,9.215
4329,vigilante,0,noun,5861,9.212
4330,fragmento,0,noun,5858,9.208
4331,hospedeiro,0,noun,5856,9.204
4332,farda,0,noun,5855,9.203
4333,dvd,0,noun,5854,9.201
4334,vegetal,0,noun,5854,9.201
4335,desgraçado,0,noun,5853,9.200
4336,raposa,0,noun,5848,9.192
4337,pijama,0,noun,5847,9.190
4338,sonda,0,noun,5846,9.189
4339,marcial,0,adj,5840,9.179
4340,atormentar,0,verb,5838,9.176
4341,irrelevante,0,adj,5838,9.176
4342,desligado,0,adj,5835,9.171
4343,póquer,0,noun,5835,9.171
4344,votação,0,noun,5832,9.167
4345,lua-de-mel,0,noun,5829,9.162
4346,inofensivo,0,adj,5828,9.160
4347,pular,0,verb,5821,9.149
4348,tramado,0,adj,5821,9.149
4349,esfomeado,0,adj,5818,9.145
4350,planar,0,verb,5818,9.145
4351,bombardear,0,verb,5817,9.143
4352,adeusinho,0,noun,5815,9.140
4353,retomar,0,verb,5815,9.140
4354,sétimo,0,adj,5815,9.140
4355,sumir,0,verb,5810,9.132
4356,perpétuo,0,adj,5808,9.129
4357,furar,0,verb,5805,9.124
4358,brigar,0,verb,5804,9.123
4359,estimação,0,noun,5802,9.120
4360,perfurar,0,verb,5797,9.112
4361,peço imensa,1,mwe,5793,9.105
4362,farol,0,noun,5792,9.104
4363,transmissor,0,noun,5789,9.099
4364,depor,0,verb,5787,9.096
4365,ligeiro,0,adj,5786,9.094
4366,polegar,0,noun,5782,9.088
4367,churrasco,0,noun,5779,9.083
4368,relembrar,0,verb,5776,9.079
4369,desportivo,0,adj,5774,9.076
4370,anedota,0,noun,5769,9.068
4371,depositar,0,verb,5767,9.065
4372,merdoso,0,noun,5767,9.065
4373,cúpula,0,noun,5766,9.063
4374,escova,0,noun,5765,9.061
4375,informado,0,adj,5764,9.060
4376,tabaco,0,noun,5762,9.057
4377,love,0,noun,5753,9.043
4378,contudo,0,conj,5752,9.041
4379,alegrar,0,verb,5750,9.038
4380,relevante,0,adj,5750,9.038
4381,conteúdo,0,noun,5747,9.033
4382,clone,0,noun,5745,9.030
4383,subterrâneo,0,adj,5745,9.030
4384,lésbico,0,adj,5741,9.024
4385,orientar,0,verb,5741,9.024
4386,aperto,0,noun,5739,9.021
4387,comédia,0,noun,5735,9.014
4388,escalar,0,verb,5732,9.010
4389,herança,0,noun,5732,9.010
4390,assento,0,noun,5728,9.003
4391,duplicar,0,verb,5725,8.999
4392,encontreia,0,noun,5722,8.994
4393,fixar,0,verb,5722,8.994
4394,interferência,0,noun,5722,8.994
4395,antídoto,0,noun,5719,8.989
4396,batedor,0,noun,5715,8.983
4397,homossexual,0,adj,5713,8.980
4398,autógrafo,0,noun,5707,8.970
4399,paizinho,0,noun,5705,8.967
4400,supermercado,0,noun,5705,8.967
4401,reforçar,0,verb,5704,8.966
4402,convincente,0,adj,5698,8.956
4403,excesso,0,noun,5698,8.956
4404,refúgio,0,noun,5697,8.955
4405,influenciar,0,verb,5696,8.953
4406,político,0,adj,5690,8.944
4407,ativado,0,verb,5688,8.940
4408,cogumelo,0,noun,5688,8.940
4409,fofo,0,adj,5687,8.939
4410,destacar,0,verb,5685,8.936
4411,forjar,0,verb,5682,8.931
4412,gaita,0,noun,5682,8.931
4413,pico,0,noun,5680,8.928
4414,ringue,0,noun,5678,8.925
4415,minúsculo,0,adj,5677,8.923
4416,caçada,0,noun,5675,8.920
4417,pequenino,0,noun,5673,8.917
4418,obscuro,0,adj,5665,8.904
4419,culto,0,noun,5662,8.900
4420,prateleira,0,noun,5661,8.898
4421,combinado,0,adj,5660,8.896
4422,química,0,noun,5659,8.895
4423,somar,0,verb,5656,8.890
4424,económico,0,adj,5652,8.884
4425,top,0,noun,5650,8.881
4426,senhoria,0,noun,5649,8.879
4427,santuário,0,noun,5646,8.874
4428,imediato,0,noun,5645,8.873
4429,case,0,noun,5639,8.863
4430,calculo,0,noun,5638,8.862
4431,observador,0,noun,5634,8.856
4432,pipoca,0,noun,5633,8.854
4433,optar,0,verb,5630,8.849
4434,racista,0,adj,5630,8.849
4435,expedição,0,noun,5619,8.832
4436,gabar,0,verb,5619,8.832
4437,pentágono,0,noun,5618,8.830
4438,preferido,0,verb,5616,8.827
4439,agradecimento,0,noun,5614,8.824
4440,masturbar,0,verb,5614,8.824
4441,categoria,0,noun,5613,8.822
4442,comunista,0,adj,5610,8.818
4443,cacifo,0,noun,5607,8.813
4444,basquetebol,0,noun,5603,8.807
4445,assustaste,0,unk,5593,8.791
4446,embaixo,0,adv,5592,8.789
4447,pacto,0,noun,5587,8.782
4448,relato,0,noun,5586,8.780
4449,suborno,0,noun,5585,8.778
4450,feito,0,noun,5584,8.777
4451,sangrento,0,adj,5579,8.769
4452,apoderar,0,verb,5577,8.766
4453,nelas,0,unk,5577,8.766
4454,ho,0,noun,5576,8.764
4455,seguidor,0,noun,5574,8.761
4456,finanças,0,noun,5568,8.752
4457,particularmente,0,adv,5566,8.749
4458,fazenda,0,noun,5558,8.736
4459,designar,0,verb,5554,8.730
4460,mayor,0,noun,5554,8.730
4461,perverso,0,adj,5554,8.730
4462,varanda,0,noun,5554,8.730
4463,detonador,0,noun,5550,8.723
4464,conservar,0,verb,5546,8.717
4465,fax,0,noun,5546,8.717
4466,pálido,0,adj,5544,8.714
4467,sussurrar,0,verb,5544,8.714
4468,porteiro,0,noun,5543,8.712
4469,transplante,0,noun,5540,8.708
4470,acostumar,0,verb,5538,8.705
4471,relâmpago,0,noun,5538,8.705
4472,gentileza,0,noun,5536,8.701
4473,velhote,0,adj,5535,8.700
4474,c'um,0,unk,5533,8.697
4475,muitíssimo,0,adv,5533,8.697
4476,investidor,0,noun,5532,8.695
4477,leitor,0,noun,5527,8.687
4478,química,0,adj,5527,8.687
4479,pop,0,noun,5525,8.684
4480,cocktail,0,noun,5516,8.670
4481,caixote,0,noun,5514,8.667
4482,orgulhar,0,verb,5510,8.661
4483,vaso,0,noun,5510,8.661
4484,cavalaria,0,noun,5507,8.656
4485,rival,0,noun,5504,8.651
4486,idêntico,0,adj,5502,8.648
4487,vedação,0,noun,5493,8.634
4488,envolvimento,0,noun,5490,8.629
4489,qualificar,0,verb,5489,8.628
4490,cultivar,0,verb,5487,8.624
4491,filosofia,0,noun,5487,8.624
4492,páscoa,0,noun,5487,8.624
4493,quartel,0,noun,5483,8.618
4494,arbusto,0,noun,5481,8.615
4495,cebola,0,noun,5479,8.612
4496,vasto,0,adj,5479,8.612
4497,invocar,0,verb,5478,8.610
4498,monitorizar,0,verb,5478,8.610
4499,realista,0,adj,5478,8.610
4500,artificial,0,adj,5476,8.607
4501,desiludido,0,adj,5475,8.606
4502,objeção,0,noun,5474,8.604
4503,sun,0,noun,5469,8.596
4504,enigma,0,noun,5466,8.591
4505,metralhadora,0,noun,5466,8.591
4506,antigamente,0,adv,5464,8.588
4507,ora ora,1,mwe,5461,8.584
4508,adoecer,0,verb,5460,8.582
4509,desapontado,0,adj,5459,8.580
4510,peste,0,noun,5455,8.574
4511,carbono,0,noun,5452,8.569
4512,viciado,0,noun,5452,8.569
4513,integridade,0,noun,5449,8.565
4514,corporal,0,adj,5448,8.563
4515,noticiário,0,noun,5448,8.563
4516,entusiasmo,0,noun,5445,8.558
4517,resolvido,0,adj,5441,8.552
4518,ya,0,intj,5441,8.552
4519,coincidir,0,verb,5439,8.549
4520,federação,0,noun,5438,8.547
4521,inspeção,0,noun,5430,8.535
4522,distraído,0,adj,5428,8.532
4523,bruto,0,noun,5423,8.524
4524,necessariamente,0,adv,5422,8.522
4525,altitude,0,noun,5421,8.521
4526,motim,0,noun,5419,8.518
4527,deslizar,0,verb,5417,8.514
4528,elfo,0,noun,5417,8.514
4529,pescador,0,noun,5414,8.510
4530,adolescente,0,adj,5412,8.507
4531,seda,0,noun,5412,8.507
4532,adrenalina,0,noun,5410,8.503
4533,formiga,0,noun,5404,8.494
4534,legião,0,noun,5404,8.494
4535,sexto,0,adj,5404,8.494
4536,serra,0,noun,5401,8.489
4537,confiscar,0,verb,5397,8.483
4538,ralar,0,verb,5396,8.481
4539,rodada,0,noun,5393,8.477
4540,intimidar,0,verb,5391,8.474
4541,morro,0,noun,5383,8.461
4542,escolta,0,noun,5382,8.459
4543,falcão,0,noun,5382,8.459
4544,solidão,0,noun,5381,8.458
4545,triplo,0,adj,5380,8.456
4546,acumular,0,verb,5377,8.452
4547,efetuar,0,verb,5375,8.448
4548,extensão,0,noun,5375,8.448
4549,aleijar,0,verb,5374,8.447
4550,atendar,0,verb,5374,8.447
4551,mona,0,noun,5371,8.442
4552,alemã,0,noun,5369,8.439
4553,vizinha,0,noun,5368,8.437
4554,chumbo,0,noun,5366,8.434
4555,jazz,0,noun,5364,8.431
4556,broche,0,noun,5362,8.428
4557,cristão,0,adj,5362,8.428
4558,complicação,0,noun,5360,8.425
4559,missa,0,noun,5360,8.425
4560,elite,0,noun,5359,8.423
4561,bebes,0,noun,5357,8.420
4562,apunhalar,0,verb,5354,8.415
4563,mamilo,0,noun,5354,8.415
4564,okay,0,noun,5350,8.409
4565,fôlego,0,noun,5348,8.406
4566,realizador,0,noun,5347,8.404
4567,sem-abrigo,0,noun,5347,8.404
4568,presta atenção,1,mwe,5345,8.401
4569,cubo,0,noun,5343,8.398
4570,encanto,0,noun,5343,8.398
4571,man,0,intj,5342,8.397
4572,chutar,0,verb,5341,8.395
4573,decorar,0,verb,5341,8.395
4574,jurisdição,0,noun,5337,8.389
4575,drive,0,noun,5325,8.370
4576,fracassar,0,verb,5325,8.370
4577,borracha,0,noun,5324,8.368
4578,desmoronar,0,verb,5323,8.367
4579,inocência,0,noun,5321,8.364
4580,salvamento,0,noun,5318,8.359
4581,câmbio,0,noun,5317,8.357
4582,embrulhar,0,verb,5317,8.357
4583,percurso,0,noun,5317,8.357
4584,detetor,0,noun,5316,8.356
4585,ancião,0,noun,5315,8.354
4586,improvisar,0,verb,5315,8.354
4587,obrigatório,0,adj,5312,8.349
4588,mastigar,0,verb,5310,8.346
4589,avariado,0,adj,5304,8.337
4590,neutralizar,0,verb,5303,8.335
4591,contabilista,0,noun,5300,8.331
4592,vermelhas,0,noun,5298,8.327
4593,fornecedor,0,noun,5296,8.324
4594,afirmativo,0,adj,5291,8.316
4595,improvável,0,adj,5285,8.307
4596,intervir,0,verb,5285,8.307
4597,anca,0,noun,5280,8.299
4598,perito,0,noun,5278,8.296
4599,aparar,0,verb,5276,8.293
4600,judicial,0,adj,5276,8.293
4601,abordagem,0,noun,5274,8.290
4602,aborto,0,noun,5271,8.285
4603,desesperado,0,adj,5271,8.285
4604,aliviado,0,adj,5268,8.280
4605,válvula,0,noun,5268,8.280
4606,modesto,0,adj,5265,8.276
4607,gata,0,noun,5262,8.271
4608,engatar,0,verb,5261,8.269
4609,invés,0,noun,5257,8.263
4610,pílula,0,noun,5251,8.254
4611,censurar,0,verb,5249,8.250
4612,xixi,0,noun,5248,8.249
4613,bowling,0,noun,5243,8.241
4614,corporação,0,noun,5241,8.238
4615,maldade,0,noun,5240,8.236
4616,consultório,0,noun,5238,8.233
4617,demissão,0,noun,5237,8.232
4618,cessar,0,verb,5235,8.228
4619,recluso,0,noun,5235,8.228
4620,cocó,0,noun,5234,8.227
4621,imundo,0,adj,5232,8.224
4622,duende,0,noun,5230,8.220
4623,orfanato,0,noun,5227,8.216
4624,bluff,0,noun,5224,8.211
4625,remorso,0,noun,5223,8.209
4626,inúmero,0,adj,5222,8.208
4627,ansiedade,0,noun,5218,8.202
4628,lateral,0,adj,5212,8.192
4629,esperma,0,noun,5211,8.191
4630,desobedecer,0,verb,5207,8.184
4631,localizador,0,noun,5206,8.183
4632,perdedor,0,noun,5206,8.183
4633,golo,0,noun,5201,8.175
4634,aplauso,0,noun,5197,8.169
4635,madrugada,0,noun,5197,8.169
4636,aceso,0,adj,5196,8.167
4637,chulo,0,noun,5194,8.164
4638,sentimental,0,adj,5193,8.162
4639,eficiente,0,adj,5191,8.159
4640,desvio,0,noun,5190,8.158
4641,porca,0,noun,5185,8.150
4642,tesoura,0,noun,5184,8.148
4643,bacano,0,intj,5183,8.147
4644,irlandês,0,noun,5182,8.145
4645,currículo,0,noun,5180,8.142
4646,fevereiro,0,noun,5179,8.140
4647,desnecessário,0,adj,5178,8.139
4648,baía,0,noun,5171,8.128
4649,deduzir,0,verb,5170,8.126
4650,lareira,0,noun,5169,8.125
4651,resíduo,0,noun,5168,8.123
4652,greve,0,noun,5159,8.109
4653,legista,0,noun,5158,8.107
4654,esplêndido,0,adj,5156,8.104
4655,grandioso,0,adj,5156,8.104
4656,morfina,0,noun,5156,8.104
4657,condenação,0,noun,5154,8.101
4658,senadora,0,noun,5153,8.099
4659,estaca,0,noun,5146,8.088
4660,suor,0,noun,5146,8.088
4661,lente,0,noun,5142,8.082
4662,noz,0,noun,5139,8.077
4663,muçulmano,0,adj,5136,8.073
4664,recompor,0,verb,5136,8.073
4665,abrigar,0,verb,5133,8.068
4666,marcação,0,noun,5133,8.068
4667,aplicação,0,noun,5126,8.057
4668,elaborar,0,verb,5125,8.055
4669,colchão,0,noun,5123,8.052
4670,escocês,0,noun,5123,8.052
4671,verificação,0,noun,5120,8.048
4672,primária,0,noun,5119,8.046
4673,amoa,0,noun,5118,8.044
4674,dourado,0,noun,5118,8.044
4675,ferver,0,verb,5117,8.043
4676,kung,0,noun,5117,8.043
4677,pera,0,noun,5117,8.043
4678,casco,0,noun,5116,8.041
4679,imunidade,0,noun,5108,8.029
4680,arqueiro,0,noun,5105,8.024
4681,quebra,0,noun,5105,8.024
4682,reparação,0,noun,5104,8.022
4683,espantar,0,verb,5099,8.015
4684,conquista,0,noun,5098,8.013
4685,definição,0,noun,5093,8.005
4686,sesta,0,noun,5091,8.002
4687,restringir,0,adj,5084,7.991
4688,transação,0,noun,5084,7.991
4689,ingrediente,0,noun,5081,7.986
4690,reconsiderar,0,verb,5079,7.983
4691,concorrer,0,verb,5078,7.982
4692,altar,0,noun,5073,7.974
4693,recomendação,0,noun,5073,7.974
4694,chef,0,noun,5070,7.969
4695,patife,0,noun,5070,7.969
4696,honestidade,0,noun,5069,7.967
4697,indefeso,0,adj,5066,7.963
4698,visual,0,noun,5066,7.963
4699,ooh,0,intj,5061,7.955
4700,alcunha,0,noun,5060,7.953
4701,gaiola,0,noun,5059,7.952
4702,consultor,0,noun,5058,7.950
4703,adoção,0,noun,5056,7.947
4704,ponto final,1,mwe,5056,7.947
4705,empregar,0,verb,5053,7.942
4706,massacrar,0,verb,5050,7.938
4707,porão,0,noun,5048,7.934
4708,riso,0,noun,5047,7.933
4709,refugiado,0,noun,5046,7.931
4710,frequentemente,0,adv,5038,7.919
4711,primitivo,0,adj,5038,7.919
4712,endireitar,0,verb,5037,7.917
4713,inchar,0,verb,5032,7.909
4714,deixea,0,unk,5031,7.908
4715,hipoteca,0,noun,5026,7.900
4716,maduro,0,adj,5026,7.900
4717,terramoto,0,noun,5021,7.892
4718,fulano,0,noun,5017,7.886
4719,patente,0,noun,5015,7.883
4720,formal,0,adj,5013,7.879
4721,claque,0,noun,5011,7.876
4722,cobarde,0,adj,5011,7.876
4723,mobília,0,noun,5011,7.876
4724,alienígena,0,noun,5009,7.873
4725,escotilha,0,noun,5007,7.870
4726,aleatório,0,adj,5005,7.867
4727,feriado,0,noun,5005,7.867
4728,húmido,0,adj,5003,7.864
4729,fundador,0,noun,4998,7.856
4730,artilharia,0,noun,4996,7.853
4731,vestida,0,noun,4994,7.850
4732,marijuana,0,noun,4993,7.848
4733,escrito,0,adj,4990,7.843
4734,indicação,0,noun,4990,7.843
4735,criativo,0,adj,4989,7.842
4736,morango,0,noun,4986,7.837
4737,etiqueta,0,noun,4984,7.834
4738,estreia,0,noun,4982,7.831
4739,estabilizar,0,verb,4979,7.826
4740,providenciar,0,verb,4972,7.815
4741,pontaria,0,noun,4971,7.813
4742,sabotar,0,verb,4963,7.801
4743,revelação,0,noun,4958,7.793
4744,farmácia,0,noun,4957,7.791
4745,super-herói,0,noun,4957,7.791
4746,coro,0,noun,4956,7.790
4747,amargo,0,adj,4954,7.787
4748,poeira,0,noun,4951,7.782
4749,urinar,0,verb,4948,7.777
4750,fenómeno,0,noun,4946,7.774
4751,atualizar,0,verb,4944,7.771
4752,lunático,0,noun,4942,7.768
4753,virtude,0,noun,4937,7.760
4754,largo,0,noun,4935,7.757
4755,trégua,0,noun,4930,7.749
4756,atalho,0,noun,4927,7.744
4757,bateste,0,intj,4926,7.743
4758,interruptor,0,noun,4925,7.741
4759,del,0,noun,4924,7.740
4760,passatempo,0,noun,4924,7.740
4761,corrupção,0,noun,4923,7.738
4762,aceitável,0,adj,4920,7.733
4763,jipe,0,noun,4920,7.733
4764,beneficiar,0,verb,4917,7.729
4765,estadual,0,adj,4917,7.729
4766,legalmente,0,adv,4915,7.725
4767,cãozinho,0,noun,4913,7.722
4768,carvão,0,noun,4911,7.719
4769,telegrama,0,noun,4911,7.719
4770,pendurado,0,adj,4910,7.718
4771,preparação,0,noun,4910,7.718
4772,escrava,0,noun,4909,7.716
4773,moral,0,noun,4909,7.716
4774,overdose,0,noun,4904,7.708
4775,marado,0,adj,4896,7.696
4776,genuíno,0,adj,4894,7.692
4777,piquenique,0,noun,4892,7.689
4778,culpado,0,verb,4891,7.688
4779,inclusive,0,adv,4885,7.678
4780,mantimento,0,noun,4885,7.678
4781,velhota,0,noun,4882,7.674
4782,cantor,0,noun,4880,7.670
4783,eletrónico,0,adj,4880,7.670
4784,relativamente,0,adv,4877,7.666
4785,viciado,0,adj,4873,7.659
4786,corno,0,noun,4872,7.658
4787,revolta,0,noun,4867,7.650
4788,riscar,0,verb,4866,7.648
4789,cimo,0,noun,4865,7.647
4790,ta,0,noun,4865,7.647
4791,simpatia,0,noun,4864,7.645
4792,picante,0,adj,4859,7.637
4793,pilar,0,noun,4858,7.636
4794,all,0,noun,4850,7.623
4795,extração,0,noun,4848,7.620
4796,enfraquecer,0,verb,4847,7.619
4797,horizonte,0,noun,4846,7.617
4798,encantado,0,adj,4843,7.612
4799,asiático,0,adj,4842,7.611
4800,desprezar,0,verb,4842,7.611
4801,conspirar,0,verb,4841,7.609
4802,escrita,0,noun,4839,7.606
4803,tambor,0,noun,4837,7.603
4804,doméstica,0,noun,4836,7.601
4805,antecedente,0,noun,4833,7.596
4806,cadete,0,noun,4833,7.596
4807,camponês,0,noun,4832,7.595
4808,sacerdote,0,noun,4830,7.592
4809,ausente,0,adj,4829,7.590
4810,to,0,noun,4829,7.590
4811,apocalipse,0,noun,4823,7.581
4812,exercer,0,verb,4822,7.579
4813,aplaudir,0,verb,4821,7.578
4814,arranhar,0,verb,4821,7.578
4815,irónico,0,adj,4819,7.574
4816,vendemos,0,unk,4818,7.573
4817,perturbador,0,adj,4814,7.567
4818,avistar,0,verb,4811,7.562
4819,grão,0,noun,4811,7.562
4820,semestre,0,noun,4802,7.548
4821,homenzinho,0,noun,4798,7.541
4822,auto,0,adj,4795,7.537
4823,compartimento,0,noun,4786,7.523
4824,ignorante,0,adj,4786,7.523
4825,artefacto,0,noun,4785,7.521
4826,fachada,0,noun,4785,7.521
4827,severo,0,adj,4785,7.521
4828,iludir,0,verb,4784,7.519
4829,musical,0,noun,4784,7.519
4830,calendário,0,noun,4783,7.518
4831,mérito,0,noun,4781,7.515
4832,despenhar,0,verb,4780,7.513
4833,caluda,0,noun,4778,7.510
4834,ria,0,verb,4776,7.507
4835,reportagem,0,noun,4775,7.505
4836,lotaria,0,noun,4772,7.501
4837,indício,0,noun,4769,7.496
4838,arquiteto,0,noun,4766,7.491
4839,girl,0,noun,4765,7.490
4840,moreno,0,noun,4764,7.488
4841,mana,0,noun,4760,7.482
4842,movimentar,0,verb,4760,7.482
4843,racional,0,adj,4760,7.482
4844,antiguidade,0,noun,4756,7.475
4845,condicionado,0,adj,4755,7.474
4846,grosso,0,adj,4754,7.472
4847,impecável,0,adj,4754,7.472
4848,rum,0,noun,4754,7.472
4849,companheira,0,noun,4753,7.471
4850,chantagear,0,verb,4752,7.469
4851,mal-entendido,0,noun,4751,7.468
4852,paradeiro,0,noun,4751,7.468
4853,arruinado,0,adj,4750,7.466
4854,morde,0,noun,4749,7.464
4855,pica,0,noun,4749,7.464
4856,subtil,0,adj,4748,7.463
4857,representação,0,noun,4747,7.461
4858,venenoso,0,adj,4746,7.460
4859,hilariante,0,adj,4745,7.458
4860,significativo,0,adj,4743,7.455
4861,artístico,0,adj,4740,7.450
4862,gorila,0,noun,4739,7.449
4863,pateta,0,noun,4739,7.449
4864,anfitrião,0,noun,4735,7.442
4865,distúrbio,0,noun,4733,7.439
4866,is,0,noun,4732,7.438
4867,dádiva,0,noun,4730,7.435
4868,décimo,0,adj,4730,7.435
4869,dúzia,0,num,4729,7.433
4870,outrora,0,adv,4729,7.433
4871,escoltar,0,verb,4727,7.430
4872,recolha,0,noun,4727,7.430
4873,banquete,0,noun,4725,7.427
4874,preferido,0,noun,4724,7.425
4875,samurai,0,noun,4724,7.425
4876,secundário,0,noun,4724,7.425
4877,rufia,0,noun,4723,7.424
4878,acidentalmente,0,adv,4722,7.422
4879,coordenar,0,verb,4722,7.422
4880,proteína,0,noun,4718,7.416
4881,cenoura,0,noun,4715,7.411
4882,constituir,0,verb,4714,7.409
4883,arrependimento,0,noun,4711,7.405
4884,réu,0,noun,4710,7.403
4885,sob custódia,1,mwe,4710,7.403
4886,essência,0,noun,4709,7.402
4887,analista,0,noun,4708,7.400
4888,engordar,0,verb,4700,7.387
4889,ambicioso,0,adj,4698,7.384
4890,inverter,0,verb,4697,7.383
4891,choro,0,noun,4695,7.380
4892,simulação,0,noun,4695,7.380
4893,crucial,0,adj,4691,7.373
4894,hipócrita,0,adj,4691,7.373
4895,satisfação,0,noun,4690,7.372
4896,desconhecida,0,noun,4689,7.370
4897,pombo,0,noun,4688,7.369
4898,seta,0,noun,4688,7.369
4899,nó,0,noun,4684,7.362
4900,calção,0,noun,4683,7.361
4901,sabão,0,noun,4683,7.361
4902,internacional,0,noun,4680,7.356
4903,fundamental,0,adj,4675,7.348
4904,hóquei,0,noun,4674,7.347
4905,martini,0,noun,4673,7.345
4906,surpreso,0,adj,4672,7.343
4907,algemar,0,verb,4669,7.339
4908,cimento,0,noun,4664,7.331
4909,pecador,0,noun,4664,7.331
4910,homenagem,0,noun,4662,7.328
4911,enervar,0,verb,4655,7.317
4912,inteiramente,0,adv,4655,7.317
4913,refrigerante,0,noun,4652,7.312
4914,bode,0,noun,4651,7.310
4915,contínuo,0,adj,4650,7.309
4916,santidade,0,noun,4650,7.309
4917,cruzeiro,0,noun,4646,7.303
4918,decoração,0,noun,4645,7.301
4919,galo,0,noun,4644,7.299
4920,fluido,0,noun,4643,7.298
4921,radical,0,adj,4643,7.298
4922,entreter,0,verb,4640,7.293
4923,caderno,0,noun,4639,7.292
4924,peruca,0,noun,4639,7.292
4925,árabe,0,noun,4632,7.281
4926,menu,0,noun,4631,7.279
4927,boas vindas,1,mwe,4629,7.276
4928,sova,0,noun,4629,7.276
4929,poste,0,noun,4628,7.274
4930,cromo,0,noun,4626,7.271
4931,editora,0,noun,4626,7.271
4932,estábulo,0,noun,4620,7.262
4933,lagosta,0,noun,4619,7.260
4934,pano,0,noun,4619,7.260
4935,violador,0,noun,4618,7.259
4936,historial,0,noun,4617,7.257
4937,estatuto,0,noun,4616,7.255
4938,seleção,0,noun,4613,7.251
4939,armamento,0,noun,4607,7.241
4940,miséria,0,noun,4607,7.241
4941,implante,0,noun,4606,7.240
4942,intestino,0,noun,4606,7.240
4943,visível,0,adj,4600,7.230
4944,cruzamento,0,noun,4597,7.226
4945,item,0,noun,4596,7.224
4946,seriamente,0,adv,4596,7.224
4947,tráfego,0,noun,4595,7.222
4948,largaa,0,unk,4594,7.221
4949,ressentimento,0,noun,4590,7.215
4950,trilho,0,noun,4589,7.213
4951,novato,0,adj,4586,7.208
4952,emenda,0,noun,4584,7.205
4953,garanhão,0,noun,4584,7.205
4954,limusina,0,noun,4584,7.205
4955,camioneta,0,noun,4582,7.202
4956,inaceitável,0,adj,4581,7.200
4957,dentada,0,noun,4572,7.186
4958,veredicto,0,noun,4572,7.186
4959,atualização,0,noun,4565,7.175
4960,civilizado,0,adj,4563,7.172
4961,antena,0,noun,4561,7.169
4962,palavrinha,0,noun,4560,7.167
4963,escumalha,0,noun,4559,7.166
4964,zoo,0,noun,4558,7.164
4965,síndrome,0,noun,4557,7.163
4966,universitário,0,noun,4557,7.163
4967,trepar,0,verb,4552,7.155
4968,ansiar,0,verb,4550,7.152
4969,celebração,0,noun,4550,7.152
4970,diplomático,0,adj,4550,7.152
4971,residente,0,noun,4549,7.150
4972,voz alta,1,mwe,4549,7.150
4973,etc,0,adv,4548,7.149
4974,dispersar,0,verb,4547,7.147
4975,escurecer,0,verb,4547,7.147
4976,isolamento,0,noun,4546,7.145
4977,cooperação,0,noun,4545,7.144
4978,algodão,0,noun,4544,7.142
4979,componente,0,noun,4541,7.138
4980,ex-marido,0,noun,4539,7.134
4981,coxa,0,noun,4537,7.131
4982,proceder,0,verb,4537,7.131
4983,constituição,0,noun,4534,7.127
4984,pôr-do-sol,0,noun,4534,7.127
4985,supervisionar,0,verb,4534,7.127
4986,corretor,0,noun,4532,7.123
4987,naqueles,0,unk,4529,7.119
4988,paisagem,0,noun,4527,7.116
4989,latim,0,noun,4524,7.111
4990,restrição,0,noun,4521,7.106
4991,reiniciar,0,verb,4518,7.101
4992,vaivém,0,noun,4516,7.098
4993,inundar,0,verb,4511,7.090
4994,entendido,0,adj,4510,7.089
4995,wow,0,noun,4510,7.089
4996,antibiótico,0,noun,4507,7.084
4997,psicologia,0,noun,4507,7.084
4998,irritado,0,adj,4505,7.081
4999,acostumado,0,adj,4503,7.078
5000,espionagem,0,noun,4503,7.078
