rank,lemma,is_mwe,pos,raw_freq,freq_per_million
5001,traço,0,noun,4497,7.068
5002,nevoeiro,0,noun,4496,7.067
5003,campus,0,noun,4494,7.064
5004,desenterrar,0,verb,4492,7.061
5005,renovar,0,verb,4491,7.059
5006,integrar,0,verb,4490,7.057
5007,tentação,0,noun,4489,7.056
5008,ética,0,noun,4489,7.056
5009,equilibrar,0,verb,4488,7.054
5010,regimento,0,noun,4488,7.054
5011,zoológico,0,noun,4486,7.051
5012,happy,0,noun,4485,7.050
5013,labirinto,0,noun,4482,7.045
5014,disputa,0,noun,4481,7.043
5015,distribuição,0,noun,4481,7.043
5016,literatura,0,noun,4480,7.042
5017,lote,0,noun,4475,7.034
5018,vigarista,0,noun,4474,7.032
5019,costeiro,0,noun,4473,7.031
5020,peludo,0,adj,4473,7.031
5021,carregador,0,noun,4472,7.029
5022,descontrolado,0,adj,4472,7.029
5023,oposto,0,noun,4472,7.029
5024,embalar,0,verb,4471,7.028
5025,patriota,0,noun,4470,7.026
5026,doçura,0,noun,4469,7.024
5027,falsificar,0,verb,4467,7.021
5028,criada,0,noun,4465,7.018
5029,punhal,0,noun,4465,7.018
5030,ranger,0,noun,4465,7.018
5031,saborear,0,verb,4465,7.018
5032,rebelião,0,noun,4462,7.013
5033,província,0,noun,4461,7.012
5034,chantagem,0,noun,4455,7.002
5035,equação,0,noun,4455,7.002
5036,prolongar,0,verb,4450,6.994
5037,vibração,0,noun,4449,6.993
5038,colmeia,0,noun,4447,6.990
5039,reinar,0,verb,4445,6.987
5040,aproximação,0,noun,4444,6.985
5041,retorno,0,noun,4442,6.982
5042,psicólogo,0,noun,4440,6.979
5043,nódoa,0,noun,4437,6.974
5044,expirar,0,verb,4435,6.971
5045,ingénuo,0,adj,4434,6.969
5046,vulcão,0,noun,4434,6.969
5047,compreensão,0,noun,4433,6.968
5048,infetado,0,verb,4433,6.968
5049,falência,0,noun,4432,6.966
5050,imortal,0,adj,4432,6.966
5051,cunhado,0,noun,4431,6.965
5052,escuteiro,0,noun,4431,6.965
5053,docinho,0,noun,4430,6.963
5054,esqueleto,0,noun,4430,6.963
5055,gigantesco,0,adj,4429,6.961
5056,roll,0,noun,4429,6.961
5057,vómito,0,noun,4426,6.957
5058,abalar,0,verb,4425,6.955
5059,debater,0,verb,4422,6.950
5060,previsão,0,noun,4422,6.950
5061,cócegas,0,noun,4419,6.946
5062,ironia,0,noun,4418,6.944
5063,asilo,0,noun,4413,6.936
5064,cabina,0,noun,4413,6.936
5065,protótipo,0,noun,4413,6.936
5066,contornar,0,verb,4412,6.935
5067,sossegado,0,adj,4411,6.933
5068,amaldiçoado,0,adj,4408,6.928
5069,adotivo,0,adj,4404,6.922
5070,marine,0,noun,4401,6.917
5071,pacífico,0,adj,4400,6.916
5072,imprevisível,0,adj,4399,6.914
5073,parafuso,0,noun,4399,6.914
5074,gozo,0,noun,4398,6.913
5075,iate,0,noun,4397,6.911
5076,próximo passo,1,mwe,4397,6.911
5077,contaminar,0,verb,4395,6.908
5078,ganancioso,0,adj,4389,6.899
5079,mula,0,noun,4388,6.897
5080,respira fundo,1,mwe,4387,6.895
5081,batida,0,noun,4383,6.889
5082,bazar,0,noun,4382,6.888
5083,ventilação,0,noun,4381,6.886
5084,valorizar,0,verb,4378,6.881
5085,independência,0,noun,4377,6.880
5086,uva,0,noun,4376,6.878
5087,borda,0,noun,4374,6.875
5088,canja,0,noun,4370,6.869
5089,pelas traseiras,1,mwe,4370,6.869
5090,leme,0,noun,4369,6.867
5091,preferência,0,noun,4369,6.867
5092,assaltante,0,noun,4365,6.861
5093,covarde,0,adj,4362,6.856
5094,alergia,0,noun,4356,6.847
5095,ressaca,0,noun,4353,6.842
5096,desatar,0,verb,4351,6.839
5097,puzzle,0,noun,4351,6.839
5098,condicional,0,noun,4345,6.829
5099,àqueles,0,det,4345,6.829
5100,descartar,0,verb,4339,6.820
5101,treze,0,num,4337,6.817
5102,amém,0,intj,4324,6.796
5103,pintor,0,noun,4323,6.795
5104,prisioneira,0,noun,4321,6.792
5105,cachorrinho,0,noun,4317,6.785
5106,resistente,0,adj,4317,6.785
5107,maligno,0,adj,4316,6.784
5108,estágio,0,noun,4314,6.781
5109,lógico,0,adj,4314,6.781
5110,condenado,0,adj,4313,6.779
5111,móvel,0,noun,4311,6.776
5112,lume,0,noun,4309,6.773
5113,ripar,0,noun,4309,6.773
5114,toxina,0,noun,4308,6.771
5115,renascer,0,verb,4307,6.770
5116,fotográfico,0,adj,4303,6.763
5117,cona,0,noun,4302,6.762
5118,strip,0,noun,4302,6.762
5119,chique,0,adj,4301,6.760
5120,marina,0,noun,4297,6.754
5121,fundar,0,verb,4296,6.752
5122,berço,0,noun,4295,6.751
5123,fulo,0,adj,4293,6.748
5124,golfinho,0,noun,4293,6.748
5125,traje,0,noun,4292,6.746
5126,infetar,0,verb,4291,6.745
5127,tabuleiro,0,noun,4290,6.743
5128,aspirina,0,noun,4288,6.740
5129,exibição,0,noun,4285,6.735
5130,exótico,0,adj,4285,6.735
5131,cartucho,0,noun,4284,6.734
5132,capela,0,noun,4283,6.732
5133,reverter,0,verb,4283,6.732
5134,hobbit,0,noun,4282,6.730
5135,orgasmo,0,noun,4282,6.730
5136,comunicado,0,noun,4280,6.727
5137,diversos,0,det,4280,6.727
5138,registro,0,noun,4280,6.727
5139,farsa,0,noun,4275,6.719
5140,notificar,0,verb,4275,6.719
5141,precisão,0,noun,4275,6.719
5142,brandy,0,noun,4273,6.716
5143,carinho,0,noun,4273,6.716
5144,sarar,0,verb,4271,6.713
5145,chichi,0,noun,4268,6.708
5146,experiente,0,adj,4268,6.708
5147,progredir,0,verb,4268,6.708
5148,papagaio,0,noun,4267,6.707
5149,despedido,0,adj,4265,6.704
5150,crack,0,noun,4264,6.702
5151,cereja,0,noun,4263,6.701
5152,mordomo,0,noun,4255,6.688
5153,regulamento,0,noun,4255,6.688
5154,vidente,0,noun,4255,6.688
5155,implacável,0,adj,4254,6.686
5156,comprimento,0,noun,4252,6.683
5157,musical,0,adj,4250,6.680
5158,ogiva,0,noun,4249,6.679
5159,recarregar,0,verb,4247,6.675
5160,dormitório,0,noun,4246,6.674
5161,atum,0,noun,4244,6.671
5162,fluir,0,verb,4243,6.669
5163,insensível,0,adj,4243,6.669
5164,encontrado,0,verb,4241,6.666
5165,doação,0,noun,4237,6.660
5166,ditado,0,noun,4234,6.655
5167,cilada,0,noun,4231,6.650
5168,viciar,0,verb,4231,6.650
5169,chocante,0,adj,4230,6.649
5170,bunker,0,noun,4228,6.646
5171,cintura,0,noun,4228,6.646
5172,estelar,0,adj,4224,6.639
5173,aparentar,0,verb,4220,6.633
5174,desmontar,0,verb,4220,6.633
5175,terço,0,adj,4217,6.628
5176,transformação,0,noun,4213,6.622
5177,afeto,0,noun,4210,6.617
5178,encolher,0,verb,4210,6.617
5179,hálito,0,noun,4208,6.614
5180,retaguarda,0,noun,4207,6.613
5181,stripper,0,noun,4204,6.608
5182,adicional,0,adj,4201,6.603
5183,imaginário,0,adj,4199,6.600
5184,coitar,0,verb,4197,6.597
5185,desempenho,0,noun,4197,6.597
5186,dificilmente,0,adv,4192,6.589
5187,tipa,0,noun,4191,6.587
5188,malandro,0,noun,4187,6.581
5189,oitavo,0,adj,4186,6.580
5190,sedativo,0,noun,4185,6.578
5191,tábua,0,noun,4185,6.578
5192,camelo,0,noun,4184,6.576
5193,inscrição,0,noun,4183,6.575
5194,falir,0,verb,4182,6.573
5195,cera,0,noun,4179,6.569
5196,tequila,0,noun,4177,6.565
5197,ginger,0,noun,4176,6.564
5198,condenado,0,noun,4174,6.561
5199,estadia,0,noun,4172,6.558
5200,arsenal,0,noun,4171,6.556
5201,protestar,0,verb,4171,6.556
5202,ballet,0,noun,4169,6.553
5203,trovão,0,noun,4169,6.553
5204,linhagem,0,noun,4168,6.551
5205,dinamite,0,noun,4163,6.543
5206,san diego,1,mwe,4163,6.543
5207,desvendar,0,verb,4162,6.542
5208,fritar,0,verb,4162,6.542
5209,médio oriente,1,mwe,4155,6.531
5210,concretizar,0,verb,4153,6.528
5211,triângulo,0,noun,4153,6.528
5212,donzela,0,noun,4152,6.526
5213,grego,0,noun,4150,6.523
5214,infringir,0,verb,4150,6.523
5215,aurora,0,noun,4149,6.521
5216,esfera,0,noun,4149,6.521
5217,enjoado,0,adj,4148,6.520
5218,deficiente,0,noun,4147,6.518
5219,pelas costas,1,mwe,4144,6.514
5220,psíquico,0,adj,4144,6.514
5221,prancha,0,noun,4142,6.510
5222,mascarar,0,verb,4139,6.506
5223,destroço,0,noun,4138,6.504
5224,manifestar,0,verb,4136,6.501
5225,gravador,0,noun,4135,6.499
5226,aleluia,0,intj,4134,6.498
5227,extinguir,0,verb,4133,6.496
5228,mantem,0,verb,4131,6.493
5229,pátria,0,noun,4129,6.490
5230,superficial,0,adj,4129,6.490
5231,metáfora,0,noun,4128,6.488
5232,novato,0,noun,4124,6.482
5233,pudim,0,noun,4124,6.482
5234,vitamina,0,noun,4124,6.482
5235,abóbora,0,noun,4121,6.477
5236,coiro,0,noun,4121,6.477
5237,confronto,0,noun,4119,6.474
5238,sintético,0,adj,4119,6.474
5239,banqueiro,0,noun,4118,6.473
5240,estatal,0,adj,4117,6.471
5241,mineiro,0,noun,4116,6.470
5242,cotovelo,0,noun,4114,6.466
5243,pimenta,0,noun,4114,6.466
5244,aterrorizar,0,verb,4113,6.465
5245,pulsação,0,noun,4112,6.463
5246,contrabando,0,noun,4110,6.460
5247,biologia,0,noun,4107,6.455
5248,mãezinha,0,noun,4106,6.454
5249,contabilidade,0,noun,4102,6.448
5250,cristão,0,noun,4101,6.446
5251,mangueira,0,noun,4101,6.446
5252,quadrado,0,adj,4099,6.443
5253,proporcionar,0,verb,4096,6.438
5254,súbito,0,adj,4096,6.438
5255,penteado,0,noun,4095,6.437
5256,desrespeitar,0,verb,4093,6.433
5257,ciumento,0,adj,4089,6.427
5258,testículo,0,noun,4089,6.427
5259,lendário,0,adj,4084,6.419
5260,infinito,0,noun,4077,6.408
5261,invencível,0,adj,4073,6.402
5262,arredores,0,noun,4072,6.400
5263,condessa,0,noun,4071,6.399
5264,extinção,0,noun,4070,6.397
5265,alegação,0,noun,4066,6.391
5266,áudio,0,noun,4065,6.389
5267,atencioso,0,adj,4064,6.388
5268,insuportável,0,adj,4058,6.378
5269,mação,0,noun,4058,6.378
5270,sobrenatural,0,adj,4055,6.374
5271,técnico,0,adj,4052,6.369
5272,dane,0,noun,4048,6.363
5273,confiar nele,1,mwe,4045,6.358
5274,desilusão,0,noun,4045,6.358
5275,módulo,0,noun,4044,6.356
5276,campa,0,noun,4043,6.355
5277,boné,0,noun,4040,6.350
5278,caneca,0,noun,4039,6.348
5279,feroz,0,adj,4039,6.348
5280,iminente,0,adj,4039,6.348
5281,colateral,0,adj,4036,6.344
5282,pecar,0,verb,4035,6.342
5283,bordel,0,noun,4033,6.339
5284,complexo,0,adj,4029,6.333
5285,reitor,0,noun,4029,6.333
5286,repugnante,0,adj,4028,6.331
5287,pára-quedas,0,noun,4024,6.325
5288,gestão,0,noun,4023,6.323
5289,chui,0,noun,4019,6.317
5290,conheçoa,0,noun,4019,6.317
5291,juíza,0,noun,4019,6.317
5292,marcador,0,noun,4017,6.314
5293,matoua,0,noun,4015,6.311
5294,refrescar,0,verb,4015,6.311
5295,padrasto,0,noun,4010,6.303
5296,compatível,0,adj,4009,6.301
5297,diagnosticar,0,verb,4008,6.300
5298,emocionalmente,0,adv,4008,6.300
5299,potente,0,adj,4006,6.297
5300,lsso,0,adv,4005,6.295
5301,contentar,0,verb,4004,6.293
5302,reproduzir,0,verb,4004,6.293
5303,peão,0,noun,4003,6.292
5304,sexualmente,0,adv,4002,6.290
5305,pequenote,0,noun,3999,6.286
5306,patroa,0,noun,3998,6.284
5307,blusa,0,noun,3996,6.281
5308,contemplar,0,verb,3995,6.279
5309,imóvel,0,noun,3995,6.279
5310,posicionar,0,verb,3995,6.279
5311,batom,0,noun,3994,6.278
5312,apalpar,0,verb,3993,6.276
5313,lindíssimo,0,adj,3992,6.275
5314,tanga,0,noun,3992,6.275
5315,vossas vidas,1,mwe,3990,6.271
5316,digressão,0,noun,3988,6.268
5317,charme,0,noun,3986,6.265
5318,veterinário,0,noun,3986,6.265
5319,certificado,0,noun,3985,6.264
5320,ligeiramente,0,adv,3985,6.264
5321,barulhento,0,adj,3984,6.262
5322,classificar,0,verb,3981,6.257
5323,saudar,0,verb,3981,6.257
5324,desenrascar,0,verb,3979,6.254
5325,imigrante,0,noun,3979,6.254
5326,caranguejo,0,noun,3978,6.253
5327,comunitário,0,adj,3978,6.253
5328,respeitável,0,adj,3976,6.249
5329,namoro,0,noun,3975,6.248
5330,cordeiro,0,noun,3973,6.245
5331,fabricante,0,noun,3969,6.238
5332,incomum,0,adj,3968,6.237
5333,bondoso,0,adj,3967,6.235
5334,fino,0,noun,3967,6.235
5335,arame,0,noun,3965,6.232
5336,casca,0,noun,3965,6.232
5337,man,0,noun,3963,6.229
5338,bloqueado,0,adj,3960,6.224
5339,cova,0,noun,3960,6.224
5340,elogiar,0,verb,3960,6.224
5341,sub,0,noun,3960,6.224
5342,pira,0,intj,3959,6.223
5343,lisonjeado,0,adj,3955,6.216
5344,pobreza,0,noun,3955,6.216
5345,suspensão,0,noun,3952,6.212
5346,piza,0,noun,3950,6.209
5347,duelo,0,noun,3949,6.207
5348,estatística,0,noun,3948,6.205
5349,covarde,0,noun,3944,6.199
5350,dá-mo,0,noun,3944,6.199
5351,prece,0,noun,3944,6.199
5352,motivação,0,noun,3943,6.198
5353,nata,0,noun,3943,6.198
5354,clandestino,0,adj,3942,6.196
5355,terrivelmente,0,adv,3942,6.196
5356,coser,0,verb,3941,6.194
5357,matança,0,noun,3940,6.193
5358,palestra,0,noun,3939,6.191
5359,arrebentar,0,verb,3937,6.188
5360,deparar,0,verb,3937,6.188
5361,impressão digital,1,mwe,3934,6.183
5362,saboroso,0,adj,3934,6.183
5363,enfermeiro,0,noun,3933,6.182
5364,ignição,0,noun,3933,6.182
5365,mademoiselle,0,noun,3933,6.182
5366,aterrorizado,0,adj,3932,6.180
5367,estibordo,0,noun,3932,6.180
5368,gama,0,noun,3932,6.180
5369,individual,0,adj,3932,6.180
5370,funerário,0,adj,3930,6.177
5371,min,0,noun,3929,6.176
5372,contacto visual,1,mwe,3924,6.168
5373,rendimento,0,noun,3924,6.168
5374,lua cheia,1,mwe,3921,6.163
5375,concha,0,noun,3918,6.158
5376,coça,0,noun,3915,6.154
5377,entretenimento,0,noun,3915,6.154
5378,internar,0,verb,3915,6.154
5379,crachá,0,noun,3913,6.150
5380,mijo,0,noun,3911,6.147
5381,democrata,0,noun,3908,6.143
5382,espinha,0,noun,3908,6.143
5383,maltratar,0,verb,3907,6.141
5384,composto,0,noun,3906,6.139
5385,finalista,0,noun,3904,6.136
5386,hospitalidade,0,noun,3904,6.136
5387,lanche,0,noun,3904,6.136
5388,plasma,0,noun,3904,6.136
5389,apreender,0,verb,3901,6.132
5390,alho,0,noun,3899,6.128
5391,descarga,0,noun,3899,6.128
5392,inconveniente,0,adj,3899,6.128
5393,africano,0,adj,3898,6.127
5394,globo,0,noun,3893,6.119
5395,divertimento,0,noun,3892,6.117
5396,inseguro,0,adj,3892,6.117
5397,comporta,0,noun,3891,6.116
5398,candeeiro,0,noun,3887,6.110
5399,diploma,0,noun,3887,6.110
5400,responsabilizar,0,verb,3887,6.110
5401,provisão,0,noun,3886,6.108
5402,carniceiro,0,noun,3884,6.105
5403,banda desenhada,1,mwe,3883,6.103
5404,formatura,0,noun,3882,6.102
5405,mercearia,0,noun,3882,6.102
5406,hangar,0,noun,3878,6.095
5407,mutação,0,noun,3877,6.094
5408,harmonia,0,noun,3876,6.092
5409,consolo,0,noun,3875,6.091
5410,imigração,0,noun,3873,6.088
5411,cantora,0,noun,3872,6.086
5412,fundir,0,verb,3868,6.080
5413,ancestral,0,noun,3867,6.078
5414,resolução,0,noun,3867,6.078
5415,conviver,0,verb,3866,6.077
5416,exceder,0,verb,3865,6.075
5417,humilhação,0,noun,3865,6.075
5418,problemático,0,adj,3865,6.075
5419,cozer,0,verb,3864,6.073
5420,confiável,0,adj,3863,6.072
5421,metanfetamina,0,noun,3861,6.069
5422,viking,0,noun,3861,6.069
5423,ferido,0,noun,3858,6.064
5424,flanco,0,noun,3856,6.061
5425,gin,0,noun,3856,6.061
5426,arquivar,0,verb,3853,6.056
5427,brisa,0,noun,3853,6.056
5428,transição,0,noun,3852,6.055
5429,assembleia,0,noun,3850,6.051
5430,faraó,0,noun,3849,6.050
5431,seminário,0,noun,3849,6.050
5432,eternamente,0,adv,3848,6.048
5433,filhote,0,noun,3848,6.048
5434,universal,0,adj,3844,6.042
5435,ente,0,noun,3843,6.040
5436,mútuo,0,adj,3842,6.039
5437,plantação,0,noun,3840,6.036
5438,poupança,0,noun,3840,6.036
5439,scanner,0,noun,3839,6.034
5440,rebanho,0,noun,3838,6.033
5441,exagerado,0,adj,3835,6.028
5442,doméstico,0,adj,3832,6.023
5443,candidatura,0,noun,3830,6.020
5444,ajuste,0,noun,3829,6.018
5445,consistente,0,adj,3828,6.017
5446,manifestação,0,noun,3826,6.014
5447,excepcional,0,adj,3825,6.012
5448,p'ra,0,conj,3823,6.009
5449,diariamente,0,adv,3822,6.007
5450,batimento,0,noun,3821,6.006
5451,imitação,0,noun,3821,6.006
5452,varinha,0,noun,3819,6.003
5453,radioativo,0,adj,3818,6.001
5454,atómico,0,adj,3816,5.998
5455,esperem esperem,1,mwe,3815,5.996
5456,parecias,0,intj,3815,5.996
5457,panfleto,0,noun,3814,5.995
5458,tiraa,0,unk,3814,5.995
5459,fraternidade,0,noun,3812,5.992
5460,participação,0,noun,3812,5.992
5461,perceção,0,noun,3810,5.989
5462,temor,0,noun,3809,5.987
5463,idoso,0,noun,3807,5.984
5464,queroa,0,noun,3806,5.982
5465,citação,0,noun,3802,5.976
5466,espírito santo,1,mwe,3802,5.976
5467,isqueiro,0,noun,3802,5.976
5468,ocupação,0,noun,3802,5.976
5469,bem-estar,0,noun,3801,5.974
5470,comparação,0,noun,3800,5.973
5471,balançar,0,verb,3799,5.971
5472,deprimente,0,adj,3796,5.967
5473,árabe,0,adj,3795,5.965
5474,remar,0,verb,3794,5.963
5475,catástrofe,0,noun,3793,5.962
5476,verso,0,noun,3793,5.962
5477,your,0,noun,3793,5.962
5478,desesperadamente,0,adv,3791,5.959
5479,viatura,0,noun,3791,5.959
5480,averiguar,0,verb,3790,5.957
5481,penhasco,0,noun,3790,5.957
5482,mauzão,0,noun,3786,5.951
5483,bússola,0,noun,3785,5.949
5484,adjunto,0,noun,3784,5.948
5485,dançarina,0,noun,3784,5.948
5486,faísca,0,noun,3780,5.941
5487,urbano,0,adj,3779,5.940
5488,órfão,0,noun,3778,5.938
5489,transcrição,0,noun,3776,5.935
5490,induzir,0,verb,3775,5.934
5491,estourar,0,verb,3774,5.932
5492,hás-de,0,noun,3774,5.932
5493,semelhança,0,noun,3774,5.932
5494,negativa,0,noun,3773,5.930
5495,enterro,0,noun,3772,5.929
5496,explorador,0,noun,3772,5.929
5497,navegação,0,noun,3772,5.929
5498,violino,0,noun,3771,5.927
5499,ames,0,noun,3770,5.926
5500,pouquinho,0,noun,3770,5.926
5501,terminado,0,adj,3769,5.924
5502,desempregado,0,adj,3767,5.921
5503,oculto,0,adj,3765,5.918
5504,sida,0,noun,3765,5.918
5505,bailarina,0,noun,3763,5.915
5506,exterminar,0,verb,3763,5.915
5507,garfo,0,noun,3763,5.915
5508,regime,0,noun,3762,5.913
5509,traficar,0,verb,3762,5.913
5510,sushi,0,noun,3760,5.910
5511,bochecha,0,noun,3757,5.905
5512,mecânica,0,noun,3757,5.905
5513,resync,0,noun,3757,5.905
5514,vassoura,0,noun,3753,5.899
5515,comichão,0,noun,3752,5.897
5516,inventário,0,noun,3751,5.896
5517,paneleiro,0,noun,3750,5.894
5518,desandar,0,verb,3749,5.893
5519,pontuação,0,noun,3749,5.893
5520,soletrar,0,verb,3749,5.893
5521,eco,0,noun,3748,5.891
5522,bactéria,0,noun,3746,5.888
5523,fera,0,noun,3746,5.888
5524,inquérito,0,noun,3746,5.888
5525,concorrência,0,noun,3744,5.885
5526,dificultar,0,verb,3742,5.882
5527,mentor,0,noun,3740,5.879
5528,utilidade,0,noun,3740,5.879
5529,vedar,0,verb,3739,5.877
5530,expresso,0,noun,3737,5.874
5531,maroto,0,adj,3735,5.871
5532,quântico,0,adj,3734,5.869
5533,arco-íris,0,noun,3732,5.866
5534,excitação,0,noun,3731,5.864
5535,invasor,0,noun,3730,5.863
5536,reles,0,adj,3728,5.860
5537,bufo,0,noun,3727,5.858
5538,castor,0,noun,3727,5.858
5539,escritura,0,noun,3724,5.853
5540,filtro,0,noun,3722,5.850
5541,memorial,0,noun,3721,5.849
5542,moço,0,noun,3721,5.849
5543,ocular,0,adj,3721,5.849
5544,térmico,0,adj,3720,5.847
5545,infiel,0,adj,3716,5.841
5546,lenha,0,noun,3714,5.838
5547,arterial,0,adj,3713,5.836
5548,colorir,0,verb,3711,5.833
5549,balança,0,noun,3710,5.831
5550,forças especiais,1,mwe,3708,5.828
5551,señor,0,noun,3708,5.828
5552,torrada,0,noun,3708,5.828
5553,cobaia,0,noun,3706,5.825
5554,manada,0,noun,3706,5.825
5555,rã,0,noun,3702,5.819
5556,aah,0,intj,3701,5.817
5557,barraca,0,noun,3701,5.817
5558,administrador,0,noun,3700,5.816
5559,oposição,0,noun,3700,5.816
5560,tela,0,noun,3700,5.816
5561,convulsão,0,noun,3697,5.811
5562,cuidadosamente,0,adv,3695,5.808
5563,bosta,0,noun,3691,5.802
5564,simular,0,verb,3687,5.795
5565,barbear,0,verb,3685,5.792
5566,habitar,0,verb,3683,5.789
5567,repleto,0,adj,3681,5.786
5568,ambiental,0,adj,3680,5.784
5569,acelerador,0,noun,3679,5.783
5570,magoaste,0,intj,3679,5.783
5571,zecacurto,0,noun,3679,5.783
5572,guardanapo,0,noun,3674,5.775
5573,consulado,0,noun,3673,5.773
5574,percentagem,0,noun,3673,5.773
5575,hão-de,0,noun,3672,5.772
5576,defensor,0,noun,3668,5.765
5577,ligadura,0,noun,3667,5.764
5578,espetador,0,noun,3666,5.762
5579,deveras,0,adv,3663,5.757
5580,dispensado,0,adj,3663,5.757
5581,recetor,0,noun,3663,5.757
5582,refazer,0,verb,3662,5.756
5583,académico,0,adj,3661,5.754
5584,gladiador,0,noun,3657,5.748
5585,emissão,0,noun,3656,5.746
5586,capuz,0,noun,3654,5.743
5587,irresponsável,0,adj,3654,5.743
5588,rancor,0,noun,3654,5.743
5589,sinais vitais,1,mwe,3653,5.742
5590,be,0,unk,3648,5.734
5591,seringa,0,noun,3645,5.729
5592,raça humana,1,mwe,3644,5.728
5593,republicano,0,noun,3642,5.724
5594,beta,0,noun,3641,5.723
5595,mecânico,0,adj,3640,5.721
5596,raio-x,0,noun,3638,5.718
5597,regional,0,adj,3638,5.718
5598,alimentação,0,noun,3637,5.717
5599,conservador,0,adj,3637,5.717
5600,duzentos,0,num,3637,5.717
5601,mania,0,noun,3637,5.717
5602,presidência,0,noun,3636,5.715
5603,nordeste,0,noun,3634,5.712
5604,destruído,0,adj,3632,5.709
5605,rampa,0,noun,3632,5.709
5606,sequestro,0,noun,3631,5.707
5607,generosidade,0,noun,3629,5.704
5608,livraria,0,noun,3629,5.704
5609,governamental,0,adj,3627,5.701
5610,manchar,0,verb,3627,5.701
5611,agressor,0,noun,3626,5.699
5612,promissor,0,adj,3626,5.699
5613,revestir,0,verb,3624,5.696
5614,imprudente,0,adj,3622,5.693
5615,frito,0,noun,3621,5.691
5616,gratuito,0,adj,3621,5.691
5617,elo,0,noun,3620,5.690
5618,milícia,0,noun,3620,5.690
5619,útero,0,noun,3620,5.690
5620,astuto,0,adj,3619,5.688
5621,ex-namorada,0,noun,3618,5.687
5622,soberano,0,noun,3618,5.687
5623,reboque,0,noun,3617,5.685
5624,exploração,0,noun,3615,5.682
5625,dançarino,0,noun,3613,5.679
5626,imune,0,adj,3613,5.679
5627,oral,0,adj,3613,5.679
5628,chi,0,noun,3608,5.671
5629,certidão,0,noun,3607,5.669
5630,judio,0,adj,3605,5.666
5631,pergaminho,0,noun,3605,5.666
5632,colaboração,0,noun,3601,5.660
5633,profundeza,0,noun,3598,5.655
5634,coral,0,noun,3595,5.651
5635,tríade,0,noun,3595,5.651
5636,proveito,0,noun,3593,5.647
5637,net,0,noun,3592,5.646
5638,propaganda,0,noun,3592,5.646
5639,apagado,0,adj,3591,5.644
5640,descontrolar,0,verb,3591,5.644
5641,ocidente,0,noun,3591,5.644
5642,longo prazo,1,mwe,3590,5.643
5643,precedente,0,noun,3587,5.638
5644,convicção,0,noun,3585,5.635
5645,projeção,0,noun,3585,5.635
5646,bobo,0,noun,3584,5.633
5647,desvantagem,0,noun,3584,5.633
5648,ganância,0,noun,3584,5.633
5649,reaver,0,verb,3584,5.633
5650,cultural,0,adj,3583,5.632
5651,agentes federais,1,mwe,3580,5.627
5652,consumo,0,noun,3578,5.624
5653,teia,0,noun,3577,5.622
5654,genético,0,noun,3575,5.619
5655,higiénico,0,adj,3575,5.619
5656,that,0,noun,3573,5.616
5657,crucificar,0,verb,3572,5.614
5658,desgosto,0,noun,3570,5.611
5659,eletromagnético,0,adj,3568,5.608
5660,viola,0,noun,3568,5.608
5661,salmão,0,noun,3567,5.607
5662,bum,0,noun,3565,5.603
5663,invejar,0,verb,3564,5.602
5664,ova,0,noun,3564,5.602
5665,ascensão,0,noun,3563,5.600
5666,equipar,0,verb,3561,5.597
5667,diabólico,0,adj,3559,5.594
5668,grandeza,0,noun,3558,5.592
5669,boom,0,noun,3554,5.586
5670,estabelecimento,0,noun,3553,5.585
5671,nave espacial,1,mwe,3553,5.585
5672,concreto,0,adj,3550,5.580
5673,aquário,0,noun,3549,5.578
5674,noroeste,0,noun,3547,5.575
5675,desfiladeiro,0,noun,3546,5.574
5676,avaria,0,noun,3542,5.567
5677,comediante,0,noun,3542,5.567
5678,documentário,0,noun,3542,5.567
5679,moldar,0,verb,3542,5.567
5680,pónei,0,noun,3542,5.567
5681,desonrar,0,verb,3541,5.566
5682,parcial,0,adj,3541,5.566
5683,protegido,0,verb,3541,5.566
5684,entendido,0,noun,3538,5.561
5685,pulga,0,noun,3538,5.561
5686,punição,0,noun,3538,5.561
5687,mártir,0,noun,3536,5.558
5688,pen,0,noun,3535,5.556
5689,espertalhão,0,noun,3534,5.555
5690,mimar,0,verb,3533,5.553
5691,subúrbio,0,noun,3532,5.552
5692,aperitivo,0,noun,3531,5.550
5693,preliminar,0,noun,3530,5.548
5694,analgésico,0,noun,3528,5.545
5695,válido,0,adj,3527,5.544
5696,irmãozinho,0,noun,3526,5.542
5697,charro,0,noun,3525,5.541
5698,meigo,0,adj,3525,5.541
5699,desejoso,0,adj,3521,5.534
5700,ex-namorado,0,noun,3520,5.533
5701,karma,0,noun,3520,5.533
5702,eixo,0,noun,3519,5.531
5703,crueldade,0,noun,3518,5.530
5704,esteroide,0,noun,3517,5.528
5705,leito,0,noun,3517,5.528
5706,grelha,0,noun,3516,5.526
5707,home,0,unk,3515,5.525
5708,medula,0,noun,3515,5.525
5709,alcoólico,0,noun,3514,5.523
5710,porno,0,noun,3512,5.520
5711,estagiário,0,noun,3511,5.519
5712,tesão,0,noun,3511,5.519
5713,cru,0,adj,3510,5.517
5714,chumbar,0,verb,3509,5.515
5715,industrial,0,adj,3509,5.515
5716,escorpião,0,noun,3508,5.514
5717,sereia,0,noun,3506,5.511
5718,disfarçado,0,adj,3505,5.509
5719,pêssego,0,noun,3505,5.509
5720,tango,0,noun,3503,5.506
5721,admirador,0,noun,3502,5.504
5722,maço,0,noun,3502,5.504
5723,poça,0,noun,3501,5.503
5724,rebuçado,0,noun,3500,5.501
5725,trincheira,0,noun,3499,5.500
5726,ajudinha,0,noun,3498,5.498
5727,humilhante,0,adj,3498,5.498
5728,colisão,0,noun,3496,5.495
5729,mini,0,adj,3496,5.495
5730,facada,0,noun,3495,5.493
5731,âncora,0,noun,3494,5.492
5732,traiçoeiro,0,adj,3493,5.490
5733,furo,0,noun,3492,5.489
5734,lema,0,noun,3492,5.489
5735,perverter,0,verb,3492,5.489
5736,vereador,0,noun,3492,5.489
5737,aleijado,0,noun,3491,5.487
5738,comerciante,0,noun,3491,5.487
5739,comparecer,0,verb,3490,5.486
5740,remo,0,noun,3490,5.486
5741,sensibilidade,0,noun,3489,5.484
5742,discrição,0,noun,3488,5.482
5743,noutras,0,det,3488,5.482
5744,sudoeste,0,adj,3485,5.478
5745,vala,0,noun,3483,5.475
5746,bastidor,0,noun,3482,5.473
5747,experimental,0,adj,3482,5.473
5748,sondagem,0,noun,3481,5.471
5749,apagão,0,noun,3480,5.470
5750,despedaçar,0,verb,3480,5.470
5751,subitamente,0,adv,3480,5.470
5752,tropical,0,adj,3480,5.470
5753,instruir,0,verb,3476,5.464
5754,salgado,0,adj,3476,5.464
5755,concorrente,0,noun,3472,5.457
5756,cruzada,0,noun,3472,5.457
5757,light,0,noun,3471,5.456
5758,cirúrgico,0,adj,3469,5.453
5759,coçar,0,verb,3469,5.453
5760,maléfico,0,adj,3469,5.453
5761,levoa,0,noun,3467,5.449
5762,asteroide,0,noun,3466,5.448
5763,relativo,0,adj,3466,5.448
5764,rima,0,noun,3466,5.448
5765,emergir,0,verb,3464,5.445
5766,pratear,0,verb,3461,5.440
5767,definitivo,0,adj,3460,5.438
5768,recipiente,0,noun,3460,5.438
5769,sessenta,0,num,3459,5.437
5770,intuição,0,noun,3458,5.435
5771,high,0,noun,3457,5.434
5772,facilidade,0,noun,3456,5.432
5773,destroçar,0,verb,3454,5.429
5774,compreensível,0,adj,3453,5.427
5775,dardo,0,noun,3450,5.423
5776,epidemia,0,noun,3450,5.423
5777,europeu,0,noun,3450,5.423
5778,caloiro,0,noun,3449,5.421
5779,consentimento,0,noun,3448,5.420
5780,medalhão,0,noun,3447,5.418
5781,persuadir,0,verb,3447,5.418
5782,solucionar,0,verb,3447,5.418
5783,previsível,0,adj,3445,5.415
5784,injustiça,0,noun,3443,5.412
5785,negação,0,noun,3443,5.412
5786,utilizador,0,noun,3443,5.412
5787,florescer,0,verb,3441,5.409
5788,mercado negro,1,mwe,3440,5.407
5789,extremo,0,noun,3439,5.405
5790,ingrato,0,adj,3438,5.404
5791,hippie,0,noun,3436,5.401
5792,contagioso,0,adj,3432,5.394
5793,desprezível,0,adj,3429,5.390
5794,foco,0,noun,3429,5.390
5795,submundo,0,noun,3429,5.390
5796,warp,0,noun,3428,5.388
5797,shot,0,noun,3425,5.383
5798,infernal,0,adj,3424,5.382
5799,levoua,0,noun,3424,5.382
5800,odor,0,noun,3424,5.382
5801,lunar,0,adj,3423,5.380
5802,panda,0,noun,3422,5.379
5803,rapar,0,verb,3422,5.379
5804,virtual,0,adj,3422,5.379
5805,dissolver,0,verb,3420,5.376
5806,alcoólico,0,adj,3419,5.374
5807,vara,0,noun,3417,5.371
5808,bonitão,0,adj,3415,5.368
5809,gole,0,noun,3414,5.366
5810,teta,0,noun,3414,5.366
5811,preparativo,0,noun,3413,5.365
5812,abismo,0,noun,3412,5.363
5813,shh,0,intj,3412,5.363
5814,mosquito,0,noun,3411,5.361
5815,abafar,0,verb,3410,5.360
5816,sucata,0,noun,3410,5.360
5817,contexto,0,noun,3409,5.358
5818,decapitar,0,verb,3408,5.357
5819,orgânico,0,adj,3404,5.350
5820,maca,0,noun,3403,5.349
5821,peido,0,noun,3403,5.349
5822,europeu,0,adj,3402,5.347
5823,operário,0,noun,3402,5.347
5824,papai,0,intj,3400,5.344
5825,salva-vidas,0,adj,3400,5.344
5826,milionário,0,noun,3399,5.343
5827,rendição,0,noun,3399,5.343
5828,repentino,0,adj,3398,5.341
5829,venerar,0,verb,3396,5.338
5830,traumatismo,0,noun,3394,5.335
5831,corromper,0,verb,3392,5.332
5832,mafioso,0,noun,3391,5.330
5833,carteiro,0,noun,3390,5.328
5834,foguetão,0,noun,3390,5.328
5835,rapidez,0,noun,3390,5.328
5836,charmoso,0,adj,3386,5.322
5837,jardineiro,0,noun,3384,5.319
5838,redimir,0,verb,3383,5.317
5839,desempenhar,0,verb,3382,5.316
5840,espontâneo,0,adj,3382,5.316
5841,bin,0,noun,3381,5.314
5842,abutre,0,noun,3380,5.313
5843,químico,0,noun,3380,5.313
5844,parceria,0,noun,3379,5.311
5845,estupendo,0,adj,3378,5.310
5846,vago,0,adj,3378,5.310
5847,enfurecer,0,verb,3377,5.308
5848,composição,0,noun,3375,5.305
5849,deixeia,0,noun,3375,5.305
5850,espertinho,0,noun,3375,5.305
5851,espuma,0,noun,3375,5.305
5852,parlamento,0,noun,3375,5.305
5853,grávida,0,noun,3374,5.303
5854,característica,0,noun,3373,5.302
5855,jurado,0,noun,3373,5.302
5856,arrepio,0,noun,3370,5.297
5857,determinação,0,noun,3370,5.297
5858,fortalecer,0,verb,3370,5.297
5859,masmorra,0,noun,3370,5.297
5860,cozinheira,0,noun,3368,5.294
5861,erupção,0,noun,3368,5.294
5862,fornicar,0,verb,3367,5.292
5863,jeitoso,0,adj,3367,5.292
5864,interrupção,0,noun,3366,5.291
5865,inapropriado,0,adj,3365,5.289
5866,pote,0,noun,3365,5.289
5867,inquilino,0,noun,3361,5.283
5868,pressentir,0,verb,3361,5.283
5869,arrogância,0,noun,3360,5.281
5870,grosseiro,0,adj,3360,5.281
5871,marcado,0,adj,3360,5.281
5872,descida,0,noun,3359,5.280
5873,spray,0,noun,3355,5.273
5874,temporariamente,0,adv,3354,5.272
5875,entidade,0,noun,3352,5.269
5876,ração,0,noun,3351,5.267
5877,contribuição,0,noun,3349,5.264
5878,prático,0,adj,3349,5.264
5879,abastecer,0,verb,3348,5.262
5880,apelar,0,verb,3348,5.262
5881,impaciente,0,adj,3345,5.258
5882,trajetória,0,noun,3345,5.258
5883,saldo,0,noun,3343,5.255
5884,tostão,0,noun,3342,5.253
5885,holandês,0,adj,3341,5.251
5886,variedade,0,noun,3341,5.251
5887,naquelas,0,det,3339,5.248
5888,pinguim,0,adj,3338,5.247
5889,amassar,0,verb,3336,5.244
5890,codificar,0,verb,3336,5.244
5891,hormona,0,noun,3335,5.242
5892,energético,0,adj,3334,5.240
5893,sobrancelha,0,noun,3333,5.239
5894,abastecimento,0,noun,3332,5.237
5895,infantaria,0,noun,3332,5.237
5896,avance,0,verb,3330,5.234
5897,unidas,0,noun,3330,5.234
5898,aperfeiçoar,0,verb,3329,5.233
5899,argumentar,0,verb,3329,5.233
5900,orar,0,verb,3329,5.233
5901,cauteloso,0,adj,3327,5.229
5902,cerco,0,noun,3327,5.229
5903,quartel-general,0,noun,3326,5.228
5904,admissão,0,noun,3323,5.223
5905,ginástica,0,noun,3322,5.222
5906,bombista,0,noun,3319,5.217
5907,encenar,0,verb,3319,5.217
5908,amuleto,0,noun,3318,5.215
5909,amear,0,verb,3317,5.214
5910,sossegar,0,verb,3317,5.214
5911,manual,0,adj,3315,5.211
5912,perícia,0,noun,3313,5.207
5913,publicamente,0,adv,3313,5.207
5914,curvar,0,verb,3310,5.203
5915,ampliar,0,verb,3309,5.201
5916,auxiliar,0,adj,3309,5.201
5917,mecânico,0,noun,3309,5.201
5918,portador,0,noun,3309,5.201
5919,saca,0,verb,3309,5.201
5920,vagão,0,noun,3307,5.198
5921,indiana,0,noun,3305,5.195
5922,propulsor,0,noun,3303,5.192
5923,espia,0,noun,3302,5.190
5924,nuca,0,noun,3302,5.190
5925,ganso,0,noun,3301,5.189
5926,rap,0,noun,3301,5.189
5927,revólver,0,noun,3301,5.189
5928,tributo,0,noun,3301,5.189
5929,bronze,0,noun,3300,5.187
5930,clínico,0,adj,3298,5.184
5931,limonada,0,noun,3298,5.184
5932,reviver,0,verb,3298,5.184
5933,ânimo,0,noun,3295,5.179
5934,porquinho,0,noun,3294,5.177
5935,rogar,0,verb,3294,5.177
5936,paranoia,0,noun,3293,5.176
5937,picada,0,noun,3292,5.174
5938,saia daí,1,mwe,3292,5.174
5939,mutilar,0,verb,3291,5.173
5940,alargar,0,verb,3290,5.171
5941,spa,0,noun,3289,5.170
5942,emocionado,0,adj,3288,5.168
5943,lsto,0,intj,3286,5.165
5944,sutiã,0,noun,3286,5.165
5945,ousado,0,adj,3285,5.163
5946,presunto,0,noun,3285,5.163
5947,residir,0,verb,3285,5.163
5948,ventre,0,noun,3285,5.163
5949,costeleta,0,noun,3283,5.160
5950,entornar,0,verb,3281,5.157
5951,virgindade,0,noun,3281,5.157
5952,fry,0,noun,3277,5.151
5953,tocha,0,noun,3277,5.151
5954,night,0,noun,3276,5.149
5955,sentinela,0,noun,3276,5.149
5956,comunista,0,noun,3275,5.148
5957,round,0,noun,3275,5.148
5958,minhoca,0,noun,3273,5.144
5959,memorizar,0,verb,3272,5.143
5960,educado,0,adj,3268,5.137
5961,secretamente,0,adv,3266,5.133
5962,combatente,0,adj,3265,5.132
5963,trocado,0,verb,3265,5.132
5964,destruidor,0,noun,3264,5.130
5965,antiquar,0,verb,3262,5.127
5966,bisbilhotar,0,verb,3262,5.127
5967,boi,0,noun,3260,5.124
5968,vampira,0,noun,3260,5.124
5969,ordinário,0,adj,3259,5.122
5970,motivar,0,verb,3258,5.121
5971,proximidade,0,noun,3258,5.121
5972,chiça,0,noun,3257,5.119
5973,alavanca,0,noun,3254,5.115
5974,novinho,0,adj,3254,5.115
5975,velar,0,pron,3254,5.115
5976,terraço,0,noun,3252,5.111
5977,contenção,0,noun,3251,5.110
5978,fedor,0,noun,3250,5.108
5979,histérico,0,adj,3249,5.107
5980,suposição,0,noun,3246,5.102
5981,feder,0,verb,3245,5.100
5982,coruja,0,noun,3243,5.097
5983,montagem,0,noun,3242,5.096
5984,alfândega,0,noun,3241,5.094
5985,rigoroso,0,adj,3241,5.094
5986,andamento,0,noun,3240,5.093
5987,parir,0,verb,3239,5.091
5988,senhorio,0,noun,3239,5.091
5989,bárbaro,0,noun,3237,5.088
5990,tosse,0,noun,3236,5.086
5991,admirável,0,adj,3234,5.083
5992,incómodo,0,noun,3232,5.080
5993,cachimbo,0,noun,3231,5.078
5994,impostor,0,noun,3231,5.078
5995,quadrante,0,noun,3229,5.075
5996,rijo,0,adj,3228,5.074
5997,esfolar,0,verb,3227,5.072
5998,panela,0,noun,3226,5.071
5999,sudeste,0,adj,3225,5.069
6000,afirmação,0,noun,3224,5.067
6001,enriquecer,0,verb,3222,5.064
6002,geleia,0,noun,3222,5.064
6003,vergonhoso,0,adj,3221,5.063
6004,brando,0,adj,3220,5.061
6005,apelo,0,noun,3219,5.060
6006,escape,0,noun,3219,5.060
6007,demoníaco,0,adj,3218,5.058
6008,empenhado,0,adj,3218,5.058
6009,coleira,0,noun,3217,5.056
6010,postura,0,noun,3216,5.055
6011,denso,0,adj,3214,5.052
6012,excessivo,0,adj,3214,5.052
6013,estranhamente,0,adv,3213,5.050
6014,avozinha,0,noun,3212,5.049
6015,taxista,0,noun,3212,5.049
6016,desembarcar,0,verb,3211,5.047
6017,ohh,0,intj,3211,5.047
6018,cume,0,noun,3210,5.045
6019,doador,0,noun,3210,5.045
6020,aniquilar,0,verb,3209,5.044
6021,lucrar,0,verb,3206,5.039
6022,nato,0,noun,3206,5.039
6023,chicote,0,noun,3205,5.038
6024,neutro,0,adj,3205,5.038
6025,canalizador,0,noun,3204,5.036
6026,armazenar,0,verb,3203,5.034
6027,condolência,0,noun,3202,5.033
6028,embalagem,0,noun,3202,5.033
6029,construtor,0,noun,3200,5.030
6030,crescente,0,adj,3200,5.030
6031,espectro,0,noun,3198,5.027
6032,falsificação,0,noun,3198,5.027
6033,rochedo,0,noun,3197,5.025
6034,carvalho,0,noun,3196,5.023
6035,coca-cola,0,noun,3196,5.023
6036,bora,0,verb,3195,5.022
6037,ressonância,0,noun,3195,5.022
6038,apto,0,adj,3194,5.020
6039,caçadeira,0,noun,3193,5.019
6040,embarque,0,verb,3193,5.019
6041,remediar,0,verb,3193,5.019
6042,roxo,0,adj,3193,5.019
6043,convir,0,verb,3192,5.017
6044,multiplicar,0,verb,3191,5.016
6045,nativo,0,noun,3191,5.016
6046,rabino,0,noun,3191,5.016
6047,manto,0,noun,3187,5.009
6048,relações sexuais,1,mwe,3187,5.009
6049,relíquia,0,noun,3187,5.009
6050,caveira,0,noun,3186,5.008
6051,wraith,0,noun,3186,5.008
6052,rendar,0,verb,3185,5.006
6053,interpretação,0,noun,3184,5.005
6054,mortos-vivos,0,noun,3184,5.005
6055,árbitro,0,noun,3184,5.005
6056,nativo,0,adj,3183,5.003
6057,design,0,noun,3182,5.001
6058,ignorância,0,noun,3181,5.000
6059,similar,0,adj,3180,4.998
6060,bandeja,0,noun,3179,4.997
6061,destemido,0,adj,3178,4.995
6062,pantera,0,noun,3176,4.992
6063,caracol,0,noun,3175,4.990
6064,ofício,0,noun,3174,4.989
6065,tabela,0,noun,3173,4.987
6066,seguido,0,verb,3172,4.986
6067,surf,0,noun,3171,4.984
6068,sucedido,0,adj,3169,4.981
6069,guarda costeira,1,mwe,3168,4.979
6070,convento,0,noun,3164,4.973
6071,desencadear,0,verb,3163,4.972
6072,trigo,0,noun,3163,4.972
6073,babar,0,verb,3162,4.970
6074,caçadora,0,noun,3160,4.967
6075,tenhoa,0,noun,3160,4.967
6076,castanha,0,adj,3156,4.961
6077,lucrativo,0,adj,3156,4.961
6078,bengala,0,noun,3154,4.957
6079,mostarda,0,noun,3154,4.957
6080,desconfiado,0,adj,3153,4.956
6081,isca,0,noun,3147,4.946
6082,supervisão,0,noun,3147,4.946
6083,mataa,0,unk,3146,4.945
6084,frontal,0,adj,3145,4.943
6085,tralha,0,noun,3144,4.942
6086,desprezo,0,noun,3143,4.940
6087,esmurrar,0,verb,3142,4.939
6088,expansão,0,noun,3140,4.935
6089,especializar,0,verb,3139,4.934
6090,pervertido,0,noun,3139,4.934
6091,eletrónico,0,noun,3138,4.932
6092,lésbico,0,noun,3138,4.932
6093,ostra,0,noun,3137,4.931
6094,bombardeamento,0,noun,3136,4.929
6095,encarregado,0,verb,3133,4.924
6096,estalar,0,verb,3132,4.923
6097,finalista,0,adj,3132,4.923
6098,psicótico,0,adj,3132,4.923
6099,átomo,0,noun,3131,4.921
6100,copa,0,noun,3128,4.917
6101,roer,0,verb,3128,4.917
6102,deriva,0,noun,3126,4.913
6103,enfarte,0,noun,3126,4.913
6104,mosqueteiro,0,noun,3126,4.913
6105,agonia,0,noun,3122,4.907
6106,batido,0,noun,3121,4.906
6107,presidencial,0,adj,3121,4.906
6108,favorecer,0,verb,3119,4.902
6109,implantar,0,verb,3119,4.902
6110,cordão,0,noun,3118,4.901
6111,agudo,0,adj,3117,4.899
6112,comovente,0,adj,3116,4.898
6113,gangster,0,noun,3116,4.898
6114,imortal,0,noun,3116,4.898
6115,abençoado,0,adj,3115,4.896
6116,manuscrito,0,noun,3114,4.895
6117,átrio,0,noun,3113,4.893
6118,exagero,0,noun,3110,4.888
6119,exigente,0,adj,3110,4.888
6120,redondo,0,adj,3107,4.884
6121,smoking,0,noun,3107,4.884
6122,cercado,0,adj,3105,4.880
6123,chaminé,0,noun,3105,4.880
6124,delícia,0,noun,3104,4.879
6125,inimiga,0,noun,3104,4.879
6126,patrulhar,0,verb,3104,4.879
6127,triunfo,0,noun,3104,4.879
6128,bridge,0,noun,3102,4.876
6129,regar,0,verb,3101,4.874
6130,sirene,0,noun,3098,4.869
6131,primar,0,verb,3097,4.868
6132,reabrir,0,verb,3097,4.868
6133,rutura,0,noun,3096,4.866
6134,caminhão,0,noun,3093,4.862
6135,exprimir,0,verb,3092,4.860
6136,saque,0,noun,3092,4.860
6137,conexão,0,noun,3091,4.858
6138,licenciar,0,verb,3091,4.858
6139,dezoito,0,num,3088,4.854
6140,dador,0,noun,3087,4.852
6141,mosteiro,0,noun,3087,4.852
6142,amorzinho,0,noun,3084,4.847
6143,entravar,0,verb,3084,4.847
6144,todo-poderoso,0,noun,3084,4.847
6145,sã,0,adv,3080,4.841
6146,achado,0,verb,3079,4.840
6147,furtivo,0,adj,3079,4.840
6148,clareza,0,noun,3078,4.838
6149,procurador-geral,0,noun,3078,4.838
6150,voador,0,noun,3077,4.836
6151,informática,0,noun,3076,4.835
6152,inspirador,0,adj,3075,4.833
6153,muscular,0,adj,3075,4.833
6154,take,0,unk,3071,4.827
6155,cowboy,0,noun,3070,4.825
6156,ponderar,0,verb,3069,4.824
6157,with,0,noun,3069,4.824
6158,deixoua,0,noun,3068,4.822
6159,documentar,0,verb,3065,4.818
6160,instrutor,0,noun,3065,4.818
6161,algoritmo,0,noun,3064,4.816
6162,rameira,0,noun,3064,4.816
6163,fortemente,0,adv,3063,4.814
6164,dossier,0,noun,3062,4.813
6165,mergulhador,0,noun,3062,4.813
6166,tacada,0,noun,3062,4.813
6167,intelectual,0,adj,3061,4.811
6168,iogurte,0,noun,3059,4.808
6169,impotente,0,adj,3058,4.807
6170,contrair,0,verb,3055,4.802
6171,programação,0,noun,3054,4.800
6172,lima,0,noun,3053,4.799
6173,auxiliar,0,noun,3051,4.796
6174,circulação,0,noun,3051,4.796
6175,exterminador,0,noun,3051,4.796
6176,lixeira,0,noun,3045,4.786
6177,sorria,0,intj,3045,4.786
6178,hematoma,0,noun,3044,4.785
6179,devidamente,0,adv,3043,4.783
6180,farinha,0,noun,3042,4.781
6181,ervilha,0,noun,3041,4.780
6182,confortar,0,verb,3040,4.778
6183,moção,0,noun,3040,4.778
6184,mortífero,0,adj,3039,4.777
6185,bombardeiro,0,noun,3038,4.775
6186,considerável,0,adj,3038,4.775
6187,forasteiro,0,noun,3038,4.775
6188,trenó,0,noun,3038,4.775
6189,fatura,0,noun,3037,4.774
6190,sobrecarregar,0,verb,3037,4.774
6191,realeza,0,noun,3035,4.770
6192,gravemente,0,adv,3034,4.769
6193,espelunca,0,noun,3033,4.767
6194,descendente,0,adj,3031,4.764
6195,destrancar,0,verb,3031,4.764
6196,dezasseis,0,num,3031,4.764
6197,indiano,0,adj,3031,4.764
6198,matador,0,noun,3031,4.764
6199,radiante,0,adj,3031,4.764
6200,múmia,0,noun,3030,4.763
6201,aliar,0,noun,3029,4.761
6202,alojamento,0,noun,3028,4.759
6203,tigela,0,noun,3027,4.758
6204,vadio,0,adj,3027,4.758
6205,aprisionar,0,verb,3025,4.755
6206,escultura,0,noun,3025,4.755
6207,matinal,0,adj,3025,4.755
6208,bon,0,noun,3024,4.753
6209,veloz,0,adj,3024,4.753
6210,despercebido,0,adj,3023,4.752
6211,ripostar,0,verb,3023,4.752
6212,barragem,0,noun,3022,4.750
6213,rotação,0,noun,3022,4.750
6214,suicido,0,adj,3022,4.750
6215,ides,0,noun,3020,4.747
6216,mmm,0,intj,3020,4.747
6217,more,0,noun,3020,4.747
6218,apresentar queixa,1,mwe,3019,4.745
6219,desordem,0,noun,3018,4.744
6220,excêntrico,0,adj,3018,4.744
6221,etapa,0,noun,3014,4.737
6222,assuntos internos,1,mwe,3011,4.733
6223,drenar,0,verb,3010,4.731
6224,crente,0,noun,3008,4.728
6225,extorsão,0,noun,3008,4.728
6226,celeste,0,noun,3007,4.726
6227,mentalmente,0,adv,3007,4.726
6228,prefeito,0,noun,3007,4.726
6229,ganho,0,noun,3006,4.725
6230,mariquinhas,0,noun,3006,4.725
6231,meia dúzia,1,mwe,3006,4.725
6232,barman,0,noun,3005,4.723
6233,javali,0,noun,3004,4.722
6234,farmacêutico,0,noun,2999,4.714
6235,desabafar,0,verb,2995,4.708
6236,sensacional,0,adj,2995,4.708
6237,fraquinho,0,noun,2994,4.706
6238,monumento,0,noun,2994,4.706
6239,funcionamento,0,noun,2990,4.700
6240,fungo,0,noun,2988,4.697
6241,esboço,0,noun,2987,4.695
6242,espremer,0,verb,2987,4.695
6243,irracional,0,adj,2986,4.693
6244,móvel,0,adj,2985,4.692
6245,incentivo,0,noun,2983,4.689
6246,cómodo,0,noun,2982,4.687
6247,navalha,0,noun,2982,4.687
6248,ianque,0,noun,2981,4.686
6249,intimidade,0,noun,2980,4.684
6250,tremor,0,noun,2980,4.684
6251,calmamente,0,adv,2979,4.682
6252,infinito,0,adj,2979,4.682
6253,conectar,0,verb,2978,4.681
6254,maestro,0,noun,2978,4.681
6255,acertado,0,verb,2977,4.679
6256,aquisição,0,noun,2977,4.679
6257,bravura,0,noun,2976,4.678
6258,erótico,0,adj,2975,4.676
6259,jurídico,0,adj,2975,4.676
6260,absolver,0,verb,2974,4.675
6261,lamentável,0,adj,2973,4.673
6262,disco rígido,1,mwe,2972,4.671
6263,agitação,0,noun,2970,4.668
6264,mercê,0,noun,2969,4.667
6265,tremendo,0,adj,2968,4.665
6266,manicómio,0,noun,2967,4.664
6267,jarda,0,noun,2966,4.662
6268,búfalo,0,noun,2965,4.660
6269,estimular,0,verb,2965,4.660
6270,porcento,0,noun,2965,4.660
6271,coletivo,0,adj,2964,4.659
6272,reprimir,0,verb,2964,4.659
6273,duquesa,0,noun,2963,4.657
6274,prostituição,0,noun,2963,4.657
6275,deslumbrante,0,adj,2961,4.654
6276,queque,0,noun,2960,4.653
6277,zoom,0,noun,2959,4.651
6278,tese,0,noun,2958,4.649
6279,artes marciais,1,mwe,2957,4.648
6280,bug,0,noun,2957,4.648
6281,contusão,0,noun,2956,4.646
6282,discordo,0,noun,2955,4.645
6283,maratona,0,noun,2954,4.643
6284,cisne,0,noun,2951,4.638
6285,intermediário,0,noun,2951,4.638
6286,véu,0,noun,2951,4.638
6287,desonesto,0,adj,2948,4.634
6288,marketing,0,noun,2946,4.631
6289,prosperar,0,verb,2946,4.631
6290,credível,0,adj,2944,4.627
6291,skate,0,noun,2943,4.626
6292,horroroso,0,adj,2941,4.623
6293,tripa,0,noun,2940,4.621
6294,palavrão,0,noun,2938,4.618
6295,bruto,0,adj,2937,4.616
6296,cansativo,0,adj,2936,4.615
6297,amador,0,adj,2935,4.613
6298,delito,0,noun,2935,4.613
6299,kms,0,noun,2935,4.613
6300,memorando,0,noun,2935,4.613
6301,en,0,prep,2934,4.612
6302,recreio,0,noun,2933,4.610
6303,requisitar,0,verb,2933,4.610
6304,ursinho,0,noun,2932,4.609
6305,destinar,0,verb,2931,4.607
6306,admirado,0,adj,2930,4.605
6307,milímetro,0,noun,2930,4.605
6308,stop,0,unk,2930,4.605
6309,suado,0,adj,2930,4.605
6310,amarrado,0,adj,2927,4.601
6311,credibilidade,0,noun,2927,4.601
6312,impune,0,adj,2927,4.601
6313,manifesto,0,noun,2927,4.601
6314,apoiado,0,adj,2926,4.599
6315,discípulo,0,noun,2926,4.599
6316,derradeiro,0,adj,2923,4.594
6317,apito,0,noun,2922,4.593
6318,combinado,0,noun,2919,4.588
6319,barbeiro,0,noun,2918,4.587
6320,ogre,0,noun,2918,4.587
6321,dó,0,adv,2917,4.585
6322,bilhar,0,noun,2915,4.582
6323,indiferente,0,adj,2914,4.580
6324,piratear,0,verb,2914,4.580
6325,assédio,0,noun,2913,4.579
6326,mãozinha,0,noun,2913,4.579
6327,riscar,0,noun,2913,4.579
6328,anual,0,noun,2912,4.577
6329,maciço,0,adj,2912,4.577
6330,nevar,0,verb,2912,4.577
6331,polaco,0,noun,2909,4.572
6332,pornográfico,0,adj,2907,4.569
6333,roto,0,noun,2905,4.566
6334,anotação,0,noun,2904,4.564
6335,flexível,0,adj,2904,4.564
6336,provado,0,adj,2903,4.563
6337,associado,0,adj,2901,4.560
6338,náusea,0,noun,2901,4.560
6339,foleiro,0,adj,2899,4.557
6340,àquilo,0,det,2899,4.557
6341,exposto,0,adj,2898,4.555
6342,homossexual,0,noun,2897,4.553
6343,meteorito,0,noun,2896,4.552
6344,carneiro,0,noun,2895,4.550
6345,dedicação,0,noun,2895,4.550
6346,revoltar,0,verb,2895,4.550
6347,engasgar,0,verb,2894,4.549
6348,cegar,0,verb,2893,4.547
6349,papo,0,noun,2893,4.547
6350,wc,0,noun,2892,4.546
6351,marshal,0,noun,2891,4.544
6352,elástico,0,adj,2890,4.542
6353,nerd,0,noun,2888,4.539
6354,arodri,0,noun,2887,4.538
6355,brecha,0,noun,2887,4.538
6356,reviravolta,0,noun,2887,4.538
6357,orcs,0,noun,2885,4.535
6358,soviético,0,noun,2885,4.535
6359,seguramente,0,adv,2883,4.531
6360,tinto,0,noun,2883,4.531
6361,familiarizado,0,adj,2882,4.530
6362,presenciar,0,verb,2881,4.528
6363,dilema,0,noun,2880,4.527
6364,tresandar,0,verb,2880,4.527
6365,migalha,0,noun,2879,4.525
6366,espalhado,0,adj,2878,4.524
6367,melhora,0,noun,2878,4.524
6368,porte,0,noun,2878,4.524
6369,buraco negro,1,mwe,2876,4.520
6370,carpete,0,noun,2876,4.520
6371,especulação,0,noun,2876,4.520
6372,oráculo,0,noun,2875,4.519
6373,coiote,0,noun,2874,4.517
6374,competente,0,adj,2873,4.516
6375,catálogo,0,noun,2871,4.513
6376,resumo,0,noun,2868,4.508
6377,esponja,0,noun,2867,4.506
6378,liberar,0,verb,2867,4.506
6379,vegetariano,0,adj,2864,4.502
6380,bonitinho,0,adj,2863,4.500
6381,contador,0,noun,2862,4.498
6382,imperial,0,noun,2862,4.498
6383,informático,0,adj,2861,4.497
6384,atear,0,verb,2858,4.492
6385,legume,0,noun,2857,4.491
6386,empurrão,0,noun,2855,4.487
6387,gueto,0,noun,2855,4.487
6388,catedral,0,noun,2854,4.486
6389,sinceridade,0,noun,2854,4.486
6390,lã,0,noun,2853,4.484
6391,manta,0,noun,2850,4.480
6392,cósmico,0,adj,2849,4.478
6393,eleitor,0,noun,2849,4.478
6394,convencional,0,adj,2848,4.476
6395,instantâneo,0,adj,2848,4.476
6396,esvair,0,verb,2846,4.473
6397,melodia,0,noun,2846,4.473
6398,respiratório,0,adj,2844,4.470
6399,vibrar,0,verb,2844,4.470
6400,pairar,0,verb,2843,4.469
6401,convidada,0,noun,2841,4.465
6402,cratera,0,noun,2841,4.465
6403,prudente,0,adj,2840,4.464
6404,ilimitado,0,adj,2839,4.462
6405,imortalidade,0,noun,2838,4.461
6406,recriar,0,verb,2838,4.461
6407,frequente,0,adj,2837,4.459
6408,paralisar,0,verb,2833,4.453
6409,pedrada,0,noun,2833,4.453
6410,fodida,0,verb,2832,4.451
6411,loura,0,adj,2830,4.448
6412,humidade,0,noun,2827,4.443
6413,balística,0,noun,2826,4.442
6414,cigano,0,noun,2826,4.442
6415,tampão,0,noun,2825,4.440
6416,tellos,0,unk,2825,4.440
6417,anal,0,adj,2824,4.439
6418,anestesia,0,noun,2824,4.439
6419,surto,0,noun,2824,4.439
6420,purificar,0,verb,2822,4.436
6421,cálice,0,noun,2817,4.428
6422,fogão,0,noun,2817,4.428
6423,aposentar,0,verb,2816,4.426
6424,expulso,0,adj,2816,4.426
6425,justamente,0,adv,2816,4.426
6426,oitenta,0,num,2816,4.426
6427,regularmente,0,adv,2815,4.425
6428,subconsciente,0,noun,2815,4.425
6429,esposo,0,noun,2810,4.417
6430,otimista,0,noun,2810,4.417
6431,revirar,0,verb,2810,4.417
6432,virado,0,adj,2809,4.415
6433,cristã,0,adj,2808,4.414
6434,liquidar,0,verb,2807,4.412
6435,tranquilizante,0,noun,2807,4.412
6436,caramelo,0,noun,2805,4.409
6437,petição,0,noun,2805,4.409
6438,pagão,0,noun,2804,4.407
6439,fosso,0,noun,2803,4.406
6440,ocasionalmente,0,adv,2802,4.404
6441,reconfortante,0,adj,2799,4.399
6442,comprido,0,verb,2798,4.398
6443,twitter,0,noun,2798,4.398
6444,cautela,0,noun,2797,4.396
6445,pugilista,0,noun,2795,4.393
6446,acariciar,0,verb,2793,4.390
6447,abdómen,0,noun,2791,4.387
6448,feitio,0,noun,2791,4.387
6449,forças armadas,1,mwe,2791,4.387
6450,anónimo,0,noun,2789,4.384
6451,aquático,0,adj,2789,4.384
6452,sacudir,0,verb,2788,4.382
6453,maia,0,noun,2787,4.381
6454,financiamento,0,noun,2786,4.379
6455,ressurreição,0,noun,2786,4.379
6456,engenho,0,noun,2784,4.376
6457,tentador,0,adj,2784,4.376
6458,felicitar,0,verb,2783,4.374
6459,repousar,0,verb,2783,4.374
6460,web,0,noun,2783,4.374
6461,aspirar,0,verb,2782,4.373
6462,esparguete,0,noun,2782,4.373
6463,inauguração,0,noun,2781,4.371
6464,bilionário,0,noun,2780,4.370
6465,igualdade,0,noun,2779,4.368
6466,speed,0,noun,2779,4.368
6467,samaritano,0,noun,2778,4.366
6468,gostoso,0,adj,2777,4.365
6469,artifício,0,noun,2776,4.363
6470,livremente,0,adv,2776,4.363
6471,prisional,0,adj,2776,4.363
6472,latino,0,noun,2775,4.362
6473,programado,0,adj,2774,4.360
6474,delirar,0,verb,2773,4.359
6475,safado,0,adj,2772,4.357
6476,fins-de-semana,0,noun,2771,4.355
6477,prematuro,0,adj,2770,4.354
6478,réplica,0,noun,2770,4.354
6479,duvidoso,0,adj,2769,4.352
6480,catorze,0,num,2768,4.351
6481,polegada,0,noun,2767,4.349
6482,falido,0,adj,2766,4.348
6483,maníaco,0,noun,2766,4.348
6484,naval,0,adj,2766,4.348
6485,alpendre,0,noun,2764,4.344
6486,bourbon,0,noun,2764,4.344
6487,chifre,0,noun,2764,4.344
6488,loiro,0,adj,2764,4.344
6489,descodificar,0,verb,2762,4.341
6490,residente,0,adj,2762,4.341
6491,estimativa,0,noun,2761,4.340
6492,tantas saudades,1,mwe,2761,4.340
6493,casual,0,adj,2759,4.337
6494,moinho,0,noun,2758,4.335
6495,patrocinador,0,noun,2757,4.333
6496,chapa,0,noun,2756,4.332
6497,agarrado,0,adj,2755,4.330
6498,torneira,0,noun,2755,4.330
6499,link,0,noun,2754,4.329
6500,reclamação,0,noun,2754,4.329
6501,macarrão,0,noun,2752,4.326
6502,matraca,0,noun,2752,4.326
6503,deceção,0,noun,2751,4.324
6504,redução,0,noun,2750,4.322
6505,transportador,0,noun,2750,4.322
6506,avante,0,noun,2749,4.321
6507,aparição,0,noun,2748,4.319
6508,out,0,noun,2747,4.318
6509,reinado,0,noun,2747,4.318
6510,biopsia,0,noun,2746,4.316
6511,evidentemente,0,adv,2746,4.316
6512,recitar,0,verb,2745,4.315
6513,reconstrução,0,noun,2745,4.315
6514,fascinar,0,verb,2743,4.311
6515,arranque,0,noun,2740,4.307
6516,infetado,0,adj,2739,4.305
6517,meteoro,0,noun,2739,4.305
6518,pinguim,0,noun,2739,4.305
6519,sogro,0,noun,2738,4.304
6520,episódios anteriores,1,mwe,2737,4.302
6521,italiansubs,0,noun,2737,4.302
6522,apólice,0,noun,2736,4.300
6523,redondeza,0,noun,2736,4.300
6524,androide,0,noun,2735,4.299
6525,acidental,0,adj,2734,4.297
6526,borrar,0,verb,2733,4.296
6527,metálico,0,adj,2733,4.296
6528,ilegalmente,0,adv,2732,4.294
6529,larva,0,noun,2732,4.294
6530,suspiro,0,noun,2732,4.294
6531,country,0,unk,2731,4.293
6532,canela,0,noun,2729,4.289
6533,competência,0,noun,2729,4.289
6534,compreensivo,0,adj,2728,4.288
6535,fantoche,0,noun,2728,4.288
6536,rebocar,0,verb,2728,4.288
6537,alternativo,0,adj,2725,4.283
6538,cilindro,0,noun,2725,4.283
6539,obstrução,0,noun,2725,4.283
6540,get,0,noun,2724,4.282
6541,planeamento,0,noun,2723,4.280
6542,tanas,0,noun,2723,4.280
6543,alcateia,0,noun,2721,4.277
6544,aliar,0,verb,2721,4.277
6545,egípcio,0,adj,2720,4.275
6546,espanto,0,noun,2720,4.275
6547,ósseo,0,adj,2720,4.275
6548,derrame,0,noun,2719,4.274
6549,terno,0,noun,2719,4.274
6550,frustrante,0,adj,2717,4.271
6551,heroico,0,adj,2717,4.271
6552,descuidado,0,adj,2715,4.267
6553,encaminhar,0,verb,2715,4.267
6554,noutros,0,det,2714,4.266
6555,orquestra,0,noun,2714,4.266
6556,pino,0,noun,2714,4.266
6557,pêsames,0,noun,2714,4.266
6558,voador,0,adj,2714,4.266
6559,alfinete,0,noun,2708,4.256
6560,viável,0,adj,2708,4.256
6561,desleixar,0,verb,2707,4.255
6562,gaulês,0,noun,2707,4.255
6563,pinto,0,noun,2707,4.255
6564,telescópio,0,noun,2706,4.253
6565,planície,0,noun,2705,4.252
6566,boletim,0,noun,2704,4.250
6567,fidelidade,0,noun,2704,4.250
6568,supremo tribunal,1,mwe,2704,4.250
6569,vingador,0,noun,2704,4.250
6570,magistrado,0,noun,2702,4.247
6571,aroma,0,noun,2701,4.245
6572,auge,0,noun,2701,4.245
6573,suíço,0,adj,2701,4.245
6574,quimioterapia,0,noun,2699,4.242
6575,baralho,0,noun,2698,4.241
6576,feixe,0,noun,2698,4.241
6577,soutien,0,noun,2698,4.241
6578,rodeio,0,noun,2696,4.238
6579,desativado,0,verb,2695,4.236
6580,iluminação,0,noun,2695,4.236
6581,noventa,0,num,2695,4.236
6582,molhado,0,adj,2694,4.234
6583,especiaria,0,noun,2691,4.230
6584,incómodo,0,adj,2691,4.230
6585,coelhinho,0,noun,2690,4.228
6586,ketchup,0,noun,2690,4.228
6587,decência,0,noun,2689,4.227
6588,pedófilo,0,noun,2688,4.225
6589,trouxea,0,unk,2686,4.222
6590,aceite,0,adj,2685,4.220
6591,espinho,0,noun,2685,4.220
6592,mascote,0,noun,2685,4.220
6593,sinistro,0,noun,2684,4.219
6594,temperamento,0,noun,2684,4.219
6595,avesso,0,noun,2683,4.217
6596,devoção,0,noun,2683,4.217
6597,bato,0,verb,2681,4.214
6598,órfão,0,adj,2680,4.212
6599,calipigia,0,noun,2679,4.211
6600,destroçado,0,adj,2678,4.209
6601,decisivo,0,adj,2677,4.208
6602,unicórnio,0,noun,2675,4.205
6603,vespa,0,noun,2673,4.201
6604,gargalhada,0,noun,2672,4.200
6605,gatinha,0,noun,2672,4.200
6606,dentário,0,adj,2671,4.198
6607,papi,0,noun,2671,4.198
6608,beijinho,0,intj,2670,4.197
6609,separatista,0,noun,2670,4.197
6610,relvado,0,noun,2669,4.195
6611,angariação,0,noun,2668,4.194
6612,escorrer,0,verb,2668,4.194
6613,rédea,0,noun,2667,4.192
6614,judaico,0,adj,2666,4.190
6615,afetado,0,verb,2665,4.189
6616,nações unidas,1,mwe,2665,4.189
6617,banca,0,noun,2663,4.186
6618,ferreiro,0,noun,2663,4.186
6619,imperial,0,adj,2663,4.186
6620,escravatura,0,noun,2661,4.183
6621,congelador,0,noun,2660,4.181
6622,seita,0,noun,2660,4.181
6623,ídolo,0,noun,2659,4.179
6624,vejoa,0,noun,2658,4.178
6625,engenhoso,0,adj,2656,4.175
6626,gala,0,noun,2653,4.170
6627,matrimónio,0,noun,2653,4.170
6628,roupão,0,noun,2653,4.170
6629,arrasado,0,adj,2651,4.167
6630,fação,0,noun,2650,4.165
6631,trapo,0,noun,2650,4.165
6632,set,0,noun,2649,4.164
6633,manhoso,0,adj,2648,4.162
6634,recife,0,noun,2647,4.161
6635,angariar,0,verb,2646,4.159
6636,distinção,0,noun,2646,4.159
6637,raivoso,0,adj,2646,4.159
6638,repouso,0,noun,2645,4.157
6639,distanciar,0,verb,2644,4.156
6640,víbora,0,noun,2641,4.151
6641,irregular,0,adj,2639,4.148
6642,pisa,0,noun,2639,4.148
6643,estimulante,0,adj,2638,4.146
6644,bancada,0,noun,2637,4.145
6645,morador,0,noun,2637,4.145
6646,ultra,0,noun,2637,4.145
6647,dependente,0,adj,2634,4.140
6648,deportar,0,verb,2634,4.140
6649,luar,0,noun,2634,4.140
6650,bagageira,0,noun,2633,4.139
6651,cubano,0,adj,2633,4.139
6652,mayday,0,noun,2631,4.135
6653,melhoria,0,noun,2631,4.135
6654,repetição,0,noun,2631,4.135
6655,pente,0,noun,2630,4.134
6656,estoirar,0,verb,2629,4.132
6657,sénior,0,noun,2628,4.131
6658,palha,0,noun,2627,4.129
6659,alce,0,intj,2625,4.126
6660,alucinar,0,verb,2625,4.126
6661,bad,0,noun,2624,4.124
6662,casinha,0,noun,2621,4.120
6663,desconhecido,0,noun,2621,4.120
6664,engate,0,noun,2621,4.120
6665,reivindicar,0,verb,2621,4.120
6666,estabilidade,0,noun,2620,4.118
6667,estelar,0,noun,2620,4.118
6668,proa,0,noun,2620,4.118
6669,bunda,0,noun,2619,4.117
6670,covil,0,noun,2618,4.115
6671,competitivo,0,adj,2617,4.113
6672,cínico,0,adj,2617,4.113
6673,pinça,0,noun,2617,4.113
6674,stock,0,noun,2615,4.110
6675,vice,0,noun,2615,4.110
6676,credencial,0,noun,2614,4.109
6677,extremidade,0,noun,2614,4.109
6678,fofo,0,noun,2614,4.109
6679,espécime,0,noun,2612,4.106
6680,horrendo,0,adj,2612,4.106
6681,aparente,0,adj,2611,4.104
6682,gere,0,noun,2611,4.104
6683,chili,0,noun,2610,4.102
6684,fileira,0,noun,2610,4.102
6685,oponente,0,noun,2610,4.102
6686,golpear,0,verb,2609,4.101
6687,guarda-roupa,0,noun,2609,4.101
6688,produtivo,0,adj,2608,4.099
6689,quadrado,0,noun,2608,4.099
6690,batizar,0,verb,2607,4.098
6691,calçar,0,verb,2607,4.098
6692,incorreto,0,adj,2607,4.098
6693,contrariar,0,verb,2605,4.095
6694,don't,0,unk,2604,4.093
6695,titã,0,noun,2604,4.093
6696,ementa,0,noun,2603,4.091
6697,persistente,0,adj,2603,4.091
6698,consumidor,0,noun,2601,4.088
6699,vertical,0,adj,2601,4.088
6700,formalidade,0,noun,2600,4.087
6701,saquear,0,verb,2599,4.085
6702,alumínio,0,noun,2597,4.082
6703,ardente,0,adj,2597,4.082
6704,dróide,0,adj,2597,4.082
6705,exorcismo,0,noun,2596,4.080
6706,riacho,0,noun,2596,4.080
6707,calcanhar,0,verb,2594,4.077
6708,estritamente,0,adv,2592,4.074
6709,amnésia,0,noun,2591,4.073
6710,kaboom,0,noun,2591,4.073
6711,bruxaria,0,noun,2589,4.069
6712,entusiasmar,0,verb,2588,4.068
6713,cunhada,0,noun,2587,4.066
6714,feto,0,noun,2587,4.066
6715,mutuamente,0,adv,2587,4.066
6716,homicido,0,adj,2586,4.065
6717,sultão,0,noun,2586,4.065
6718,what,0,unk,2586,4.065
6719,traidora,0,noun,2585,4.063
6720,compensação,0,noun,2584,4.062
6721,entes queridos,1,mwe,2584,4.062
6722,intensivo,0,adj,2584,4.062
6723,rabugento,0,adj,2584,4.062
6724,marinho,0,adj,2583,4.060
6725,pi,0,noun,2583,4.060
6726,setenta,0,num,2583,4.060
6727,suavemente,0,adv,2583,4.060
6728,apreensão,0,noun,2582,4.058
6729,hacker,0,noun,2582,4.058
6730,esqui,0,noun,2581,4.057
6731,matulão,0,noun,2581,4.057
6732,cantina,0,noun,2580,4.055
6733,diplomata,0,noun,2580,4.055
6734,dígito,0,noun,2580,4.055
6735,relações públicas,1,mwe,2580,4.055
6736,união soviética,1,mwe,2580,4.055
6737,graxa,0,noun,2579,4.054
6738,interminável,0,adj,2579,4.054
6739,escavação,0,noun,2578,4.052
6740,neurológico,0,adj,2577,4.051
6741,páre,0,verb,2576,4.049
6742,teoricamente,0,adv,2576,4.049
6743,chui,0,intj,2575,4.047
6744,arquitetura,0,noun,2574,4.046
6745,tutor,0,noun,2574,4.046
6746,descontar,0,verb,2573,4.044
6747,fodeste,0,verb,2570,4.040
6748,naval,0,noun,2570,4.040
6749,asma,0,noun,2569,4.038
6750,tatuar,0,verb,2569,4.038
6751,gráfico,0,noun,2568,4.036
6752,honor,0,noun,2568,4.036
6753,retrete,0,noun,2568,4.036
6754,apoiante,0,noun,2567,4.035
6755,madrinha,0,noun,2567,4.035
6756,premir,0,verb,2566,4.033
6757,suprimento,0,noun,2566,4.033
6758,paralisado,0,adj,2565,4.032
6759,redenção,0,noun,2565,4.032
6760,ópio,0,noun,2565,4.032
6761,marioneta,0,noun,2564,4.030
6762,patrocinar,0,verb,2563,4.029
6763,aeronave,0,noun,2562,4.027
6764,falhanço,0,noun,2562,4.027
6765,jet,0,noun,2562,4.027
6766,costura,0,noun,2560,4.024
6767,peluche,0,noun,2560,4.024
6768,constrangedor,0,adj,2559,4.022
6769,inicialmente,0,adv,2559,4.022
6770,silenciar,0,verb,2559,4.022
6771,demolir,0,verb,2558,4.021
6772,restabelecer,0,verb,2556,4.018
6773,sobrevoar,0,verb,2556,4.018
6774,fornecimento,0,noun,2555,4.016
6775,strike,0,noun,2555,4.016
6776,automaticamente,0,adv,2554,4.014
6777,indicador,0,noun,2552,4.011
6778,mercúrio,0,noun,2551,4.010
6779,gelatina,0,noun,2550,4.008
6780,picha,0,noun,2550,4.008
6781,esmeralda,0,noun,2549,4.007
6782,juvenil,0,adj,2549,4.007
6783,ages,0,noun,2548,4.005
6784,filósofo,0,noun,2548,4.005
6785,auxílio,0,noun,2545,4.000
6786,bisturi,0,noun,2545,4.000
6787,desertor,0,noun,2544,3.999
6788,dezassete,0,num,2544,3.999
6789,acomodar,0,verb,2541,3.994
6790,cadeado,0,noun,2541,3.994
6791,honorário,0,noun,2541,3.994
6792,legítima defesa,1,mwe,2541,3.994
6793,lápide,0,noun,2541,3.994
6794,comprovar,0,verb,2540,3.992
6795,executivo,0,noun,2539,3.991
6796,inundação,0,noun,2539,3.991
6797,anatomia,0,noun,2538,3.989
6798,canalização,0,noun,2537,3.988
6799,marciano,0,noun,2537,3.988
6800,apanhaa,0,unk,2536,3.986
6801,discretamente,0,adv,2536,3.986
6802,estalo,0,noun,2536,3.986
6803,vulcano,0,noun,2536,3.986
6804,espantado,0,adj,2535,3.985
6805,frustração,0,noun,2535,3.985
6806,obsceno,0,adj,2535,3.985
6807,correia,0,noun,2533,3.981
6808,molécula,0,noun,2531,3.978
6809,estreito,0,adj,2530,3.977
6810,ioga,0,noun,2530,3.977
6811,minar,0,verb,2530,3.977
6812,constipação,0,noun,2529,3.975
6813,crónico,0,adj,2529,3.975
6814,insano,0,adj,2528,3.974
6815,rastro,0,noun,2526,3.970
6816,descolagem,0,noun,2525,3.969
6817,ilibar,0,verb,2525,3.969
6818,preocupante,0,adj,2525,3.969
6819,baunilha,0,noun,2524,3.967
6820,maxilar,0,noun,2522,3.964
6821,tecnológico,0,adj,2522,3.964
6822,acessório,0,noun,2521,3.963
6823,deliberadamente,0,adv,2520,3.961
6824,esculpir,0,verb,2520,3.961
6825,especular,0,verb,2519,3.959
6826,mágoa,0,noun,2519,3.959
6827,contracto,0,noun,2518,3.958
6828,pistoleiro,0,noun,2518,3.958
6829,trunfo,0,noun,2518,3.958
6830,alga,0,noun,2517,3.956
6831,funcional,0,adj,2517,3.956
6832,heil,0,noun,2517,3.956
6833,diálogo,0,noun,2514,3.951
6834,diligência,0,noun,2512,3.948
6835,reescrever,0,verb,2510,3.945
6836,pupila,0,noun,2508,3.942
6837,est,0,noun,2507,3.940
6838,nomeação,0,noun,2507,3.940
6839,intensidade,0,noun,2506,3.939
6840,rodeado,0,adj,2506,3.939
6841,condomínio,0,noun,2505,3.937
6842,indelicado,0,adj,2505,3.937
6843,tratado,0,noun,2504,3.936
6844,gasto,0,noun,2503,3.934
6845,afligir,0,verb,2502,3.933
6846,insanidade,0,noun,2502,3.933
6847,sémen,0,noun,2502,3.933
6848,urânio,0,noun,2502,3.933
6849,ingerir,0,verb,2501,3.931
6850,apontamento,0,noun,2500,3.929
6851,carril,0,noun,2499,3.928
6852,celestial,0,adj,2499,3.928
6853,quarterback,0,noun,2499,3.928
6854,baba,0,noun,2498,3.926
6855,ahh,0,intj,2497,3.925
6856,coitado,0,noun,2495,3.922
6857,gracioso,0,adj,2495,3.922
6858,palmada,0,noun,2494,3.920
6859,raspar,0,verb,2494,3.920
6860,denúncia,0,noun,2493,3.918
6861,magia negra,1,mwe,2493,3.918
6862,babe,0,noun,2492,3.917
6863,baú,0,noun,2492,3.917
6864,árduo,0,adj,2492,3.917
6865,bruxo,0,noun,2490,3.914
6866,obrigadinho,0,intj,2490,3.914
6867,engraçadinho,0,adj,2489,3.912
6868,frustrar,0,verb,2489,3.912
6869,monstruoso,0,adj,2489,3.912
6870,peculiar,0,adj,2487,3.909
6871,consistir,0,verb,2486,3.907
6872,infetado,0,noun,2486,3.907
6873,devastador,0,adj,2484,3.904
6874,esgueirar,0,verb,2484,3.904
6875,playboy,0,noun,2483,3.903
6876,sádico,0,adj,2483,3.903
6877,mamar,0,verb,2481,3.900
6878,pentear,0,verb,2480,3.898
6879,perturbação,0,noun,2480,3.898
6880,sonoro,0,adj,2480,3.898
6881,teso,0,intj,2480,3.898
6882,gemer,0,verb,2479,3.896
6883,detonação,0,noun,2478,3.895
6884,economizar,0,verb,2478,3.895
6885,madrasta,0,noun,2477,3.893
6886,erguido,0,verb,2476,3.892
6887,decepcionado,0,adj,2475,3.890
6888,incompleto,0,adj,2475,3.890
6889,vistea,0,unk,2475,3.890
6890,costa leste,1,mwe,2474,3.889
6891,ofendido,0,adj,2474,3.889
6892,egípcio,0,noun,2473,3.887
6893,incisão,0,noun,2473,3.887
6894,infiltrado,0,adj,2472,3.885
6895,mendigo,0,noun,2472,3.885
6896,escovar,0,verb,2470,3.882
6897,receitar,0,verb,2470,3.882
6898,caligrafia,0,noun,2469,3.881
6899,confidencialidade,0,noun,2469,3.881
6900,penitenciária,0,noun,2468,3.879
6901,raciocínio,0,noun,2467,3.878
6902,empate,0,noun,2465,3.874
6903,frota estelar,1,mwe,2465,3.874
6904,karaté,0,noun,2465,3.874
6905,seguradora,0,noun,2464,3.873
6906,tédio,0,noun,2462,3.870
6907,download,0,noun,2461,3.868
6908,fanático,0,noun,2460,3.867
6909,louro,0,noun,2460,3.867
6910,goma,0,noun,2459,3.865
6911,permanentemente,0,adv,2457,3.862
6912,plenamente,0,adv,2457,3.862
6913,porta-voz,0,noun,2457,3.862
6914,prado,0,noun,2457,3.862
6915,repetidamente,0,adv,2457,3.862
6916,sobrenome,0,noun,2457,3.862
6917,universitário,0,adj,2456,3.860
6918,acorrentar,0,verb,2453,3.856
6919,cônsul,0,adj,2453,3.856
6920,recepcionista,0,noun,2453,3.856
6921,sacramento,0,noun,2453,3.856
6922,feiticeira,0,noun,2452,3.854
6923,orquídea,0,noun,2452,3.854
6924,assinalar,0,verb,2451,3.852
6925,estúpida,0,noun,2451,3.852
6926,conveniência,0,noun,2450,3.851
6927,marítimo,0,adj,2450,3.851
6928,retaliação,0,noun,2450,3.851
6929,tecla,0,noun,2450,3.851
6930,camuflagem,0,noun,2448,3.848
6931,escorregadio,0,adj,2448,3.848
6932,atacante,0,noun,2447,3.846
6933,controlador,0,noun,2447,3.846
6934,folheto,0,noun,2447,3.846
6935,todavia,0,adv,2447,3.846
6936,milénio,0,noun,2445,3.843
6937,camarote,0,noun,2443,3.840
6938,adega,0,noun,2441,3.837
6939,imperatriz,0,noun,2441,3.837
6940,efeitos secundários,1,mwe,2440,3.835
6941,password,0,noun,2440,3.835
6942,transparente,0,adj,2440,3.835
6943,publicitário,0,adj,2438,3.832
6944,borracho,0,noun,2437,3.830
6945,dicionário,0,noun,2437,3.830
6946,sociopata,0,noun,2437,3.830
6947,delírio,0,noun,2436,3.829
6948,destruíste,0,noun,2436,3.829
6949,xarope,0,noun,2436,3.829
6950,coitada,0,noun,2434,3.826
6951,fenomenal,0,adj,2434,3.826
6952,ré,0,noun,2434,3.826
6953,suster,0,verb,2434,3.826
6954,marreta,0,noun,2433,3.824
6955,poster,0,noun,2433,3.824
6956,bombordo,0,noun,2432,3.823
6957,delinquente,0,noun,2432,3.823
6958,dental,0,adj,2432,3.823
6959,manipulação,0,noun,2432,3.823
6960,substituição,0,noun,2431,3.821
6961,baralhar,0,verb,2430,3.819
6962,eramos,0,verb,2430,3.819
6963,bom-dia,0,intj,2429,3.818
6964,estufa,0,noun,2428,3.816
6965,negligência,0,noun,2428,3.816
6966,vovó,0,noun,2427,3.815
6967,cana,0,noun,2424,3.810
6968,silencioso,0,noun,2424,3.810
6969,turístico,0,adj,2424,3.810
6970,médico-legista,0,noun,2423,3.808
6971,aventureiro,0,adj,2422,3.807
6972,lançador,0,noun,2422,3.807
6973,on-line,0,adj,2422,3.807
6974,município,0,noun,2420,3.804
6975,ameaçador,0,adj,2417,3.799
6976,ditador,0,noun,2417,3.799
6977,namoriscar,0,verb,2417,3.799
6978,editar,0,verb,2416,3.797
6979,empacotar,0,verb,2416,3.797
6980,orgia,0,noun,2416,3.797
6981,poker,0,noun,2416,3.797
6982,subida,0,noun,2416,3.797
6983,adoroa,0,noun,2415,3.796
6984,cabedal,0,noun,2415,3.796
6985,carrasco,0,noun,2415,3.796
6986,excursão,0,noun,2413,3.793
6987,baixinho,0,adv,2412,3.791
6988,chimpanzé,0,noun,2411,3.790
6989,ereção,0,noun,2411,3.790
6990,guisado,0,noun,2411,3.790
6991,fedelho,0,noun,2410,3.788
6992,minoria,0,noun,2410,3.788
6993,impulsivo,0,adj,2409,3.786
6994,irmãzinha,0,noun,2409,3.786
6995,retardar,0,verb,2409,3.786
6996,apavorado,0,adj,2408,3.785
6997,baza,0,noun,2408,3.785
6998,hospedar,0,verb,2408,3.785
6999,igualar,0,verb,2407,3.783
7000,louça,0,noun,2407,3.783
7001,ouvinte,0,noun,2407,3.783
7002,vaidade,0,noun,2407,3.783
7003,coitadinho,0,noun,2406,3.782
7004,cargueiro,0,noun,2405,3.780
7005,escaldante,0,adj,2404,3.779
7006,triunfar,0,verb,2404,3.779
7007,armadilhar,0,verb,2403,3.777
7008,medrica,0,noun,2403,3.777
7009,nascença,0,noun,2402,3.775
7010,perfuração,0,noun,2402,3.775
7011,impróprio,0,adj,2401,3.774
7012,levea,0,unk,2401,3.774
7013,defensivo,0,adj,2399,3.771
7014,teórico,0,adj,2399,3.771
7015,acolhedor,0,adj,2398,3.769
7016,lagarto,0,noun,2398,3.769
7017,balanço,0,noun,2397,3.768
7018,pulmonar,0,adj,2397,3.768
7019,racial,0,adj,2397,3.768
7020,villa,0,noun,2397,3.768
7021,cigano,0,adj,2396,3.766
7022,desembucha,0,verb,2394,3.763
7023,sola,0,noun,2393,3.761
7024,soprano,0,noun,2393,3.761
7025,botar,0,verb,2392,3.760
7026,ferry,0,noun,2392,3.760
7027,pestanejar,0,noun,2392,3.760
7028,rebolar,0,verb,2392,3.760
7029,superstição,0,noun,2391,3.758
7030,gentilmente,0,adv,2390,3.757
7031,belga,0,noun,2389,3.755
7032,matriz,0,noun,2389,3.755
7033,desabar,0,verb,2388,3.753
7034,vigor,0,noun,2388,3.753
7035,dá-ma,0,noun,2387,3.752
7036,rusga,0,noun,2386,3.750
7037,semear,0,verb,2385,3.749
7038,detalhar,0,verb,2383,3.746
7039,pedacinho,0,noun,2383,3.746
7040,correspondente,0,noun,2382,3.744
7041,contestar,0,verb,2381,3.742
7042,rachar,0,verb,2381,3.742
7043,procuradoria,0,noun,2380,3.741
7044,sarcasmo,0,noun,2380,3.741
7045,coágulo,0,noun,2379,3.739
7046,existente,0,adj,2379,3.739
7047,donativo,0,noun,2378,3.738
7048,numas,0,det,2377,3.736
7049,proporção,0,noun,2376,3.735
7050,desmascarar,0,verb,2375,3.733
7051,interagir,0,verb,2375,3.733
7052,quinhentos,0,num,2375,3.733
7053,indiana,0,adj,2374,3.731
7054,reanimar,0,verb,2374,3.731
7055,ovni,0,noun,2373,3.730
7056,plateia,0,noun,2373,3.730
7057,burocracia,0,noun,2371,3.727
7058,cliché,0,noun,2371,3.727
7059,preconceito,0,noun,2371,3.727
7060,direitinho,0,adv,2370,3.725
7061,curado,0,adj,2369,3.724
7062,descartável,0,adj,2369,3.724
7063,subsídio,0,noun,2369,3.724
7064,una,0,verb,2369,3.724
7065,margarita,0,noun,2367,3.720
7066,queimado,0,noun,2364,3.716
7067,moda antiga,1,mwe,2363,3.714
7068,repor,0,unk,2363,3.714
7069,assobiar,0,verb,2362,3.713
7070,galdéria,0,noun,2362,3.713
7071,nabo,0,noun,2362,3.713
7072,rejeição,0,noun,2362,3.713
7073,administrativo,0,adj,2361,3.711
7074,central park,1,mwe,2361,3.711
7075,devastar,0,verb,2361,3.711
7076,revolucionário,0,adj,2361,3.711
7077,condecorar,0,verb,2360,3.709
7078,hino,0,noun,2358,3.706
7079,exílio,0,noun,2355,3.702
7080,propriedade privada,1,mwe,2355,3.702
7081,radical,0,noun,2355,3.702
7082,hectare,0,noun,2352,3.697
7083,caldeira,0,noun,2351,3.695
7084,sucumbir,0,verb,2351,3.695
7085,barricada,0,noun,2350,3.694
7086,baço,0,noun,2350,3.694
7087,dotar,0,verb,2350,3.694
7088,moca,0,noun,2350,3.694
7089,entendimento,0,noun,2349,3.692
7090,inchaço,0,noun,2349,3.692
7091,alfaiate,0,noun,2348,3.691
7092,óbito,0,noun,2348,3.691
7093,quentinho,0,adj,2347,3.689
7094,saliva,0,noun,2346,3.687
7095,ambulante,0,adj,2345,3.686
7096,caloroso,0,adj,2345,3.686
7097,fusível,0,noun,2343,3.683
7098,surfar,0,verb,2343,3.683
7099,taberna,0,noun,2343,3.683
7100,descendente,0,noun,2339,3.676
7101,esquiar,0,verb,2339,3.676
7102,natação,0,noun,2339,3.676
7103,popa,0,noun,2339,3.676
7104,privar,0,verb,2338,3.675
7105,apurar,0,verb,2337,3.673
7106,cafeína,0,noun,2337,3.673
7107,urna,0,noun,2337,3.673
7108,híbrido,0,noun,2336,3.672
7109,conselheira,0,noun,2335,3.670
7110,hidrogénio,0,noun,2334,3.669
7111,envenenamento,0,noun,2333,3.667
7112,sincronizado,0,adj,2333,3.667
7113,atendedor,0,noun,2332,3.665
7114,guerreira,0,noun,2332,3.665
7115,latino,0,adj,2332,3.665
7116,toupeira,0,noun,2332,3.665
7117,espreita,0,noun,2331,3.664
7118,fração,0,noun,2330,3.662
7119,gravado,0,adj,2329,3.661
7120,blog,0,noun,2328,3.659
7121,cadê,0,verb,2328,3.659
7122,negociante,0,noun,2328,3.659
7123,perseguidor,0,noun,2328,3.659
7124,preliminar,0,adj,2328,3.659
7125,cabeleireiro,0,noun,2327,3.658
7126,aveia,0,noun,2325,3.654
7127,idiotice,0,noun,2323,3.651
7128,vil,0,adj,2323,3.651
7129,hostilidade,0,noun,2322,3.650
7130,inimiga,0,adj,2322,3.650
7131,divorciado,0,adj,2321,3.648
7132,durão,0,adj,2321,3.648
7133,medieval,0,adj,2320,3.647
7134,sócia,0,noun,2320,3.647
7135,agravar,0,verb,2319,3.645
7136,carpinteiro,0,noun,2319,3.645
7137,acolhimento,0,noun,2318,3.643
7138,dês ouvidos,1,mwe,2318,3.643
7139,enxaqueca,0,noun,2318,3.643
7140,encerramento,0,noun,2317,3.642
7141,ferrar,0,verb,2317,3.642
7142,pegajoso,0,adj,2316,3.640
7143,alien,0,unk,2315,3.639
7144,arrombamento,0,noun,2314,3.637
7145,camera,0,noun,2314,3.637
7146,deputado,0,noun,2314,3.637
7147,aldeão,0,noun,2313,3.636
7148,dote,0,noun,2313,3.636
7149,exemplar,0,noun,2310,3.631
7150,toxicológico,0,adj,2310,3.631
7151,encarregado,0,adj,2309,3.629
7152,tolerância,0,noun,2309,3.629
7153,tradutor,0,noun,2309,3.629
7154,geneticamente,0,adv,2306,3.625
7155,ventilador,0,noun,2306,3.625
7156,incitar,0,verb,2305,3.623
7157,contração,0,noun,2304,3.621
7158,guarda-chuva,0,noun,2304,3.621
7159,acudir,0,verb,2303,3.620
7160,súbdito,0,noun,2303,3.620
7161,tossir,0,verb,2303,3.620
7162,concelho,0,noun,2301,3.617
7163,empresarial,0,adj,2301,3.617
7164,presunçoso,0,adj,2301,3.617
7165,rondar,0,verb,2301,3.617
7166,ocorrência,0,noun,2300,3.615
7167,rena,0,noun,2300,3.615
7168,evaporar,0,verb,2299,3.614
7169,ecstasy,0,noun,2298,3.612
7170,empreiteiro,0,noun,2297,3.610
7171,palhaçada,0,noun,2297,3.610
7172,punhado,0,noun,2297,3.610
7173,sobrevivo,0,verb,2297,3.610
7174,bilhões,0,num,2296,3.609
7175,hi,0,intj,2296,3.609
7176,sanguessuga,0,noun,2296,3.609
7177,caviar,0,noun,2294,3.606
7178,luisadom,0,noun,2294,3.606
7179,perspicaz,0,adj,2294,3.606
7180,fazendeiro,0,noun,2293,3.604
7181,colaborador,0,noun,2292,3.603
7182,batizado,0,verb,2291,3.601
7183,deficiência,0,noun,2289,3.598
7184,essencialmente,0,adv,2289,3.598
7185,desertar,0,verb,2288,3.596
7186,estojo,0,noun,2288,3.596
7187,aviação,0,noun,2287,3.595
7188,licor,0,noun,2287,3.595
7189,botar,0,noun,2286,3.593
7190,fiscal,0,adj,2286,3.593
7191,espirrar,0,verb,2285,3.592
7192,desrespeito,0,noun,2284,3.590
7193,charada,0,noun,2283,3.588
7194,esfomear,0,verb,2283,3.588
7195,delegação,0,noun,2282,3.587
7196,sabonete,0,noun,2281,3.585
7197,enxerto,0,noun,2280,3.584
7198,fundamento,0,noun,2280,3.584
7199,prevalecer,0,verb,2280,3.584
7200,empolgado,0,adj,2279,3.582
7201,ileso,0,adj,2279,3.582
7202,aprendiz,0,adj,2276,3.577
7203,ascender,0,verb,2275,3.576
7204,creche,0,noun,2275,3.576
7205,hera,0,noun,2275,3.576
7206,cravar,0,verb,2274,3.574
7207,recrutamento,0,noun,2274,3.574
7208,amora,0,noun,2273,3.573
7209,ceia,0,noun,2273,3.573
7210,desemprego,0,noun,2273,3.573
7211,frita,0,noun,2273,3.573
7212,pretexto,0,noun,2272,3.571
7213,idioma,0,noun,2271,3.570
7214,paralelo,0,noun,2271,3.570
7215,tripulante,0,noun,2271,3.570
7216,intitular,0,verb,2270,3.568
7217,pia,0,noun,2269,3.566
7218,consolar,0,verb,2268,3.565
7219,mamífero,0,noun,2268,3.565
7220,bombear,0,verb,2267,3.563
7221,cativeiro,0,noun,2267,3.563
7222,duração,0,noun,2267,3.563
7223,padaria,0,noun,2267,3.563
7224,pub,0,noun,2266,3.562
7225,ressonar,0,verb,2265,3.560
7226,restos mortais,1,mwe,2265,3.560
7227,largo,0,adj,2264,3.559
7228,empenhar,0,verb,2263,3.557
7229,mastro,0,noun,2262,3.555
7230,focado,0,adj,2261,3.554
7231,vácuo,0,noun,2261,3.554
7232,temporada episódio,1,mwe,2260,3.552
7233,afugentar,0,verb,2259,3.551
7234,diarreia,0,noun,2258,3.549
7235,hetero,0,adj,2258,3.549
7236,prejuízo,0,noun,2256,3.546
7237,subsolo,0,noun,2255,3.544
7238,admiração,0,noun,2254,3.543
7239,surpreendeu,0,unk,2253,3.541
7240,pretendente,0,noun,2252,3.540
7241,sabre,0,noun,2252,3.540
7242,angústia,0,noun,2251,3.538
7243,azeitona,0,noun,2251,3.538
7244,camarim,0,noun,2251,3.538
7245,carinhoso,0,adj,2249,3.535
7246,contaminação,0,noun,2249,3.535
7247,poético,0,adj,2249,3.535
7248,rinoceronte,0,noun,2249,3.535
7249,abandono,0,noun,2248,3.533
7250,lula,0,noun,2248,3.533
7251,des,0,noun,2247,3.532
7252,chuto,0,noun,2243,3.526
7253,pickle,0,noun,2242,3.524
7254,flauta,0,noun,2238,3.518
7255,pureza,0,noun,2237,3.516
7256,digerir,0,verb,2236,3.515
7257,casulo,0,noun,2235,3.513
7258,louro,0,adj,2235,3.513
7259,canalizar,0,verb,2232,3.508
7260,espiral,0,noun,2232,3.508
7261,milagroso,0,adj,2231,3.507
7262,dormente,0,adj,2228,3.502
7263,incerto,0,adj,2227,3.500
7264,merecedor,0,adj,2227,3.500
7265,bexiga,0,noun,2226,3.499
7266,fanático,0,adj,2225,3.497
7267,life,0,noun,2225,3.497
7268,variação,0,noun,2224,3.496
7269,beliche,0,noun,2223,3.494
7270,novela,0,noun,2223,3.494
7271,apanheia,0,noun,2222,3.493
7272,baralhado,0,adj,2222,3.493
7273,cruzado,0,noun,2222,3.493
7274,colombiano,0,adj,2221,3.491
7275,decrescente,0,adj,2221,3.491
7276,incentivar,0,verb,2220,3.489
7277,mon,0,unk,2220,3.489
7278,luxúria,0,noun,2219,3.488
7279,paisana,0,noun,2219,3.488
7280,down,0,unk,2218,3.486
7281,imitador,0,noun,2214,3.480
7282,simplificar,0,verb,2214,3.480
7283,game,0,noun,2213,3.478
7284,aconselhamento,0,noun,2211,3.475
7285,agricultura,0,noun,2211,3.475
7286,rafeiro,0,noun,2211,3.475
7287,trezentos,0,num,2211,3.475
7288,espesso,0,adj,2210,3.474
7289,imobilizar,0,verb,2210,3.474
7290,proclamar,0,verb,2210,3.474
7291,inexplicável,0,adj,2207,3.469
7292,mija,0,noun,2206,3.467
7293,molecular,0,adj,2204,3.464
7294,viua,0,noun,2204,3.464
7295,encontroua,0,noun,2203,3.463
7296,reabastecer,0,verb,2203,3.463
7297,repreender,0,verb,2203,3.463
7298,dinastia,0,noun,2202,3.461
7299,emotivo,0,adj,2201,3.460
7300,mesquita,0,noun,2200,3.458
7301,ditar,0,verb,2199,3.456
7302,indecente,0,adj,2198,3.455
7303,abrea,0,unk,2197,3.453
7304,devagarinho,0,adv,2197,3.453
7305,insolente,0,adj,2197,3.453
7306,matemático,0,adj,2197,3.453
7307,sossego,0,noun,2193,3.447
7308,estacionado,0,adj,2192,3.445
7309,infração,0,noun,2192,3.445
7310,otimista,0,adj,2192,3.445
7311,porno,0,adj,2192,3.445
7312,sopro,0,noun,2192,3.445
7313,repensar,0,verb,2191,3.444
7314,cambada,0,noun,2190,3.442
7315,verter,0,verb,2189,3.441
7316,semáforo,0,noun,2188,3.439
7317,basquete,0,noun,2187,3.438
7318,demolição,0,noun,2187,3.438
7319,flagrante,0,noun,2186,3.436
7320,providência,0,noun,2186,3.436
7321,sogra,0,noun,2186,3.436
7322,camionista,0,noun,2184,3.433
7323,meditar,0,verb,2184,3.433
7324,melão,0,noun,2184,3.433
7325,médium,0,noun,2184,3.433
7326,quota,0,noun,2184,3.433
7327,manualmente,0,adv,2183,3.431
7328,multar,0,verb,2183,3.431
7329,viral,0,adj,2183,3.431
7330,escalada,0,noun,2182,3.430
7331,puré,0,noun,2182,3.430
7332,fóssil,0,noun,2180,3.427
7333,pum,0,noun,2180,3.427
7334,shopping,0,noun,2180,3.427
7335,criativo,0,noun,2179,3.425
7336,entupir,0,verb,2178,3.423
7337,desgraçar,0,verb,2177,3.422
7338,doutoramento,0,noun,2177,3.422
7339,tremendo,0,noun,2176,3.420
7340,embaraçar,0,verb,2175,3.419
7341,lúcido,0,adj,2175,3.419
7342,traumático,0,adj,2174,3.417
7343,desorientado,0,adj,2173,3.416
7344,revolucionário,0,noun,2173,3.416
7345,condizer,0,verb,2172,3.414
7346,fértil,0,adj,2172,3.414
7347,humanitário,0,adj,2172,3.414
7348,dizimar,0,verb,2170,3.411
7349,multibanco,0,adj,2170,3.411
7350,sonar,0,noun,2170,3.411
7351,babysitter,0,noun,2169,3.409
7352,mobilizar,0,verb,2169,3.409
7353,tópico,0,noun,2169,3.409
7354,aspirador,0,noun,2168,3.408
7355,gracinha,0,noun,2167,3.406
7356,peixinho,0,noun,2167,3.406
7357,desmantelar,0,verb,2166,3.405
7358,indemnização,0,noun,2166,3.405
7359,largura,0,noun,2166,3.405
7360,amplo,0,adj,2165,3.403
7361,assediar,0,verb,2165,3.403
7362,miniatura,0,noun,2165,3.403
7363,instantaneamente,0,adv,2164,3.401
7364,bebedeira,0,noun,2163,3.400
7365,piolho,0,noun,2163,3.400
7366,influente,0,adj,2161,3.397
7367,preparo,0,noun,2160,3.395
7368,rebaixar,0,verb,2160,3.395
7369,embrulho,0,noun,2159,3.394
7370,abertamente,0,adv,2158,3.392
7371,inválido,0,adj,2158,3.392
7372,principiante,0,noun,2158,3.392
7373,distribuidor,0,noun,2157,3.390
7374,governante,0,noun,2157,3.390
7375,arguido,0,noun,2156,3.389
7376,ausentar,0,verb,2156,3.389
7377,emboscar,0,verb,2156,3.389
7378,favorável,0,adj,2156,3.389
7379,porção,0,noun,2156,3.389
7380,tailandês,0,adj,2156,3.389
7381,coleccionador,0,noun,2154,3.386
7382,jardim zoológico,1,mwe,2153,3.384
7383,voltinha,0,noun,2153,3.384
7384,delgado,0,adj,2152,3.383
7385,neural,0,adj,2152,3.383
7386,contratempo,0,noun,2151,3.381
7387,coreano,0,adj,2151,3.381
7388,introdução,0,noun,2151,3.381
7389,turbulência,0,noun,2151,3.381
7390,heterossexual,0,adj,2150,3.379
7391,jarro,0,noun,2150,3.379
7392,aprontar,0,verb,2149,3.378
7393,berrar,0,verb,2149,3.378
7394,fiar,0,verb,2149,3.378
7395,trapalhada,0,noun,2149,3.378
7396,carregado,0,adj,2147,3.375
7397,colarinho,0,noun,2147,3.375
7398,tromba,0,noun,2146,3.373
7399,cavidade,0,noun,2145,3.372
7400,escravizar,0,verb,2145,3.372
7401,arrendar,0,verb,2144,3.370
7402,vitorioso,0,adj,2144,3.370
7403,vocal,0,adj,2144,3.370
7404,western,0,noun,2144,3.370
7405,anual,0,adj,2143,3.368
7406,porta-bagagens,0,noun,2143,3.368
7407,barracão,0,noun,2142,3.367
7408,tumulto,0,noun,2142,3.367
7409,descontraído,0,adj,2141,3.365
7410,esgotado,0,adj,2141,3.365
7411,paragem cardíaca,1,mwe,2140,3.364
7412,way,0,noun,2140,3.364
7413,aterrador,0,adj,2139,3.362
7414,papar,0,verb,2139,3.362
7415,roedor,0,noun,2139,3.362
7416,stressar,0,verb,2139,3.362
7417,pregador,0,noun,2138,3.361
7418,publicação,0,noun,2138,3.361
7419,asqueroso,0,adj,2137,3.359
7420,encerrado,0,verb,2137,3.359
7421,pneumonia,0,noun,2137,3.359
7422,registado,0,adj,2137,3.359
7423,concessão,0,noun,2136,3.357
7424,culinária,0,noun,2136,3.357
7425,amigão,0,noun,2134,3.354
7426,impiedoso,0,adj,2134,3.354
7427,almôndega,0,noun,2133,3.353
7428,decomposição,0,noun,2133,3.353
7429,içar,0,verb,2133,3.353
7430,zebra,0,noun,2133,3.353
7431,tirania,0,noun,2132,3.351
7432,habitação,0,noun,2131,3.349
7433,like,0,unk,2131,3.349
7434,comprem,0,noun,2129,3.346
7435,diabete,0,noun,2128,3.345
7436,presságio,0,noun,2128,3.345
7437,qualificação,0,noun,2128,3.345
7438,website,0,noun,2128,3.345
7439,higiene,0,noun,2125,3.340
7440,imaturo,0,adj,2124,3.338
7441,pára-brisas,0,noun,2123,3.337
7442,marechal,0,noun,2122,3.335
7443,precipício,0,noun,2120,3.332
7444,sequestrador,0,noun,2119,3.331
7445,fiável,0,adj,2118,3.329
7446,prover,0,verb,2118,3.329
7447,radiografia,0,noun,2118,3.329
7448,incendiário,0,adj,2117,3.327
7449,cone,0,noun,2116,3.326
7450,evangelho,0,noun,2114,3.323
7451,separamos,0,unk,2114,3.323
7452,borrifar,0,verb,2113,3.321
7453,can,0,noun,2113,3.321
7454,parâmetro,0,noun,2113,3.321
7455,retaliar,0,verb,2112,3.320
7456,voluntariamente,0,adv,2112,3.320
7457,extravagante,0,adj,2111,3.318
7458,nádega,0,noun,2111,3.318
7459,restringir,0,verb,2111,3.318
7460,estímulo,0,noun,2110,3.316
7461,compositor,0,noun,2109,3.315
7462,desvanecer,0,verb,2109,3.315
7463,jornalismo,0,noun,2109,3.315
7464,desimpedir,0,verb,2108,3.313
7465,fuzilar,0,verb,2108,3.313
7466,habitat,0,noun,2107,3.312
7467,hospício,0,noun,2107,3.312
7468,matadouro,0,noun,2107,3.312
7469,obra-prima,0,noun,2107,3.312
7470,destrutivo,0,adj,2106,3.310
7471,distorcer,0,verb,2106,3.310
7472,oui,0,verb,2106,3.310
7473,aflito,0,adj,2105,3.309
7474,cómico,0,adj,2104,3.307
7475,aconchegar,0,verb,2103,3.305
7476,carinha,0,noun,2103,3.305
7477,galão,0,noun,2103,3.305
7478,got,0,noun,2103,3.305
7479,mandamento,0,noun,2103,3.305
7480,mandíbula,0,noun,2103,3.305
7481,recinto,0,noun,2103,3.305
7482,sarcástico,0,adj,2102,3.304
7483,tona,0,noun,2102,3.304
7484,amputar,0,verb,2101,3.302
7485,craniano,0,adj,2101,3.302
7486,reconhecimento facial,1,mwe,2101,3.302
7487,posar,0,verb,2100,3.301
7488,ritmo cardíaco,1,mwe,2100,3.301
7489,germe,0,noun,2099,3.299
7490,projétil,0,noun,2098,3.298
7491,trip,0,noun,2098,3.298
7492,leopardo,0,noun,2097,3.296
7493,purgatório,0,noun,2097,3.296
7494,polvo,0,noun,2096,3.294
7495,demanda,0,noun,2095,3.293
7496,extenso,0,adj,2095,3.293
7497,rótulo,0,noun,2095,3.293
7498,balneário,0,noun,2094,3.291
7499,preferida,0,noun,2094,3.291
7500,carnaval,0,noun,2093,3.290
7501,gafanhoto,0,noun,2093,3.290
7502,ejetar,0,verb,2092,3.288
7503,luminoso,0,adj,2092,3.288
7504,pontual,0,adj,2092,3.288
7505,transpirar,0,verb,2092,3.288
7506,anseio,0,noun,2091,3.287
7507,cortejar,0,verb,2091,3.287
7508,manejar,0,verb,2090,3.285
7509,canhoto,0,adj,2089,3.283
7510,encantado,0,noun,2089,3.283
7511,hot,0,noun,2089,3.283
7512,retroceder,0,verb,2089,3.283
7513,satisfatório,0,adj,2088,3.282
7514,soja,0,noun,2088,3.282
7515,centrar,0,verb,2087,3.280
7516,danificado,0,adj,2087,3.280
7517,mercador,0,noun,2086,3.279
7518,pomba,0,noun,2086,3.279
7519,micro,0,noun,2085,3.277
7520,transtornado,0,adj,2085,3.277
7521,calminha,0,adj,2084,3.276
7522,amavaa,0,unk,2083,3.274
7523,semanal,0,adj,2083,3.274
7524,critério,0,noun,2082,3.272
7525,enfiado,0,adj,2082,3.272
7526,ilustre,0,adj,2082,3.272
7527,cinturão,0,noun,2081,3.271
7528,domar,0,verb,2080,3.269
7529,empatia,0,noun,2080,3.269
7530,maluquice,0,noun,2080,3.269
7531,eclipse,0,noun,2079,3.268
7532,microondas,0,noun,2079,3.268
7533,unica,0,adj,2079,3.268
7534,penhor,0,noun,2078,3.266
7535,compatriota,0,noun,2077,3.265
7536,pingar,0,verb,2077,3.265
7537,rechear,0,verb,2077,3.265
7538,cubano,0,noun,2076,3.263
7539,enfeitiçar,0,verb,2076,3.263
7540,bagunça,0,noun,2075,3.261
7541,enquadrar,0,verb,2075,3.261
7542,paralisia,0,noun,2075,3.261
7543,sigilo,0,noun,2074,3.260
7544,esfrega,0,noun,2073,3.258
7545,exemplar,0,adj,2073,3.258
7546,indígena,0,adj,2073,3.258
7547,blindar,0,verb,2072,3.257
7548,expiatório,0,adj,2072,3.257
7549,mineral,0,noun,2070,3.254
7550,toa,0,noun,2070,3.254
7551,mimo,0,noun,2069,3.252
7552,tombar,0,verb,2069,3.252
7553,íman,0,noun,2069,3.252
7554,dolares,0,noun,2068,3.250
7555,manipulador,0,adj,2068,3.250
7556,matilha,0,noun,2067,3.249
7557,limitação,0,noun,2066,3.247
7558,rifle,0,noun,2066,3.247
7559,bobo,0,adj,2065,3.246
7560,destacamento,0,noun,2065,3.246
7561,gesso,0,noun,2065,3.246
7562,acasalar,0,verb,2064,3.244
7563,lavatório,0,noun,2064,3.244
7564,estilhaço,0,noun,2062,3.241
7565,good,0,noun,2061,3.239
7566,touchdown,0,noun,2061,3.239
7567,tumba,0,noun,2060,3.238
7568,vietnamita,0,adj,2060,3.238
7569,canil,0,noun,2059,3.236
7570,colidir,0,verb,2058,3.235
7571,estaleiro,0,noun,2058,3.235
7572,ribeiro,0,noun,2056,3.232
7573,whiskey,0,noun,2056,3.232
7574,santificar,0,verb,2055,3.230
7575,trator,0,noun,2055,3.230
7576,besteira,0,noun,2053,3.227
7577,empolgante,0,adj,2053,3.227
7578,contagem decrescente,1,mwe,2052,3.225
7579,infelicidade,0,noun,2051,3.224
7580,visualizar,0,verb,2051,3.224
7581,épico,0,adj,2051,3.224
7582,espeto,0,noun,2050,3.222
7583,levantamento,0,noun,2050,3.222
7584,reunido,0,adj,2050,3.222
7585,tranquilizar,0,verb,2049,3.221
7586,alojar,0,verb,2048,3.219
7587,contrabandear,0,verb,2048,3.219
7588,encravar,0,verb,2048,3.219
7589,doninha,0,noun,2047,3.217
7590,hesitação,0,noun,2047,3.217
7591,elenco,0,noun,2046,3.216
7592,molde,0,noun,2046,3.216
7593,refeitório,0,noun,2046,3.216
7594,substituta,0,noun,2046,3.216
7595,liberal,0,adj,2044,3.213
7596,aprendizagem,0,noun,2042,3.210
7597,arrepiante,0,adj,2042,3.210
7598,formato,0,noun,2042,3.210
7599,pauzinho,0,noun,2041,3.208
7600,aneurisma,0,noun,2040,3.206
7601,intrigante,0,adj,2039,3.205
7602,remotamente,0,adv,2039,3.205
7603,adaga,0,noun,2038,3.203
7604,frustrado,0,adj,2038,3.203
7605,suprimir,0,verb,2038,3.203
7606,surpreendentemente,0,adv,2038,3.203
7607,capricho,0,noun,2037,3.202
7608,pseudónimo,0,noun,2037,3.202
7609,adiantamento,0,noun,2036,3.200
7610,fénix,0,noun,2036,3.200
7611,autografar,0,verb,2035,3.199
7612,fodeu,0,verb,2035,3.199
7613,graduação,0,noun,2035,3.199
7614,genro,0,noun,2034,3.197
7615,truz,0,noun,2034,3.197
7616,auto-estima,0,noun,2032,3.194
7617,desajeitado,0,adj,2032,3.194
7618,deu-mo,0,noun,2031,3.192
7619,situar,0,verb,2031,3.192
7620,aquecimento global,1,mwe,2029,3.189
7621,dinâmica,0,noun,2028,3.188
7622,patim,0,noun,2028,3.188
7623,itinerário,0,noun,2027,3.186
7624,just,0,noun,2027,3.186
7625,chacinar,0,verb,2026,3.184
7626,cota,0,noun,2026,3.184
7627,ficção científica,1,mwe,2026,3.184
7628,maternidade,0,noun,2025,3.183
7629,pose,0,noun,2025,3.183
7630,colono,0,noun,2024,3.181
7631,hip-hop,0,noun,2024,3.181
7632,retratar,0,verb,2024,3.181
7633,enzima,0,noun,2023,3.180
7634,ralo,0,noun,2023,3.180
7635,exilar,0,verb,2022,3.178
7636,matastea,0,unk,2022,3.178
7637,trela,0,noun,2022,3.178
7638,abalado,0,adj,2021,3.177
7639,derrotado,0,noun,2021,3.177
7640,ativista,0,noun,2020,3.175
7641,chinelo,0,noun,2020,3.175
7642,arcebispo,0,noun,2019,3.173
7643,decididamente,0,adv,2019,3.173
7644,proeza,0,noun,2019,3.173
7645,sódio,0,noun,2019,3.173
7646,exaltar,0,verb,2018,3.172
7647,modificação,0,noun,2018,3.172
7648,requisito,0,noun,2018,3.172
7649,blusão,0,noun,2017,3.170
7650,lasanha,0,noun,2017,3.170
7651,paranormal,0,noun,2016,3.169
7652,caloria,0,noun,2015,3.167
7653,demente,0,adj,2015,3.167
7654,elmo,0,noun,2015,3.167
7655,aptidão,0,noun,2014,3.166
7656,égua,0,noun,2014,3.166
7657,estéril,0,adj,2012,3.162
7658,finalizar,0,verb,2012,3.162
7659,guaxinim,0,noun,2012,3.162
7660,surfista,0,noun,2012,3.162
7661,triplicar,0,verb,2011,3.161
7662,guru,0,noun,2010,3.159
7663,punheta,0,noun,2010,3.159
7664,apresentador,0,noun,2009,3.158
7665,catastrófico,0,adj,2009,3.158
7666,couve,0,noun,2009,3.158
7667,intimação,0,noun,2009,3.158
7668,mpenaf,0,noun,2009,3.158
7669,chefiar,0,verb,2008,3.156
7670,cachecol,0,noun,2007,3.155
7671,consentir,0,verb,2007,3.155
7672,sobrepor,0,unk,2007,3.155
7673,lingerie,0,noun,2004,3.150
7674,banhar,0,verb,2002,3.147
7675,medíocre,0,adj,2002,3.147
7676,are,0,unk,2001,3.145
7677,bacano,0,noun,2001,3.145
7678,enxofre,0,noun,2001,3.145
7679,cuidados médicos,1,mwe,2000,3.144
7680,morteiro,0,noun,2000,3.144
7681,jazer,0,verb,1999,3.142
7682,polir,0,verb,1999,3.142
7683,barro,0,noun,1998,3.140
7684,polígrafo,0,noun,1997,3.139
7685,aderir,0,verb,1995,3.136
7686,baldar,0,verb,1995,3.136
7687,morno,0,adj,1994,3.134
7688,participante,0,noun,1994,3.134
7689,patinar,0,verb,1994,3.134
7690,intrigar,0,verb,1992,3.131
7691,pendente,0,noun,1992,3.131
7692,digitar,0,verb,1991,3.129
7693,torradeira,0,noun,1991,3.129
7694,drogar,0,verb,1990,3.128
7695,moralidade,0,noun,1990,3.128
7696,verbal,0,adj,1990,3.128
7697,cordelinho,0,noun,1989,3.126
7698,primeiros socorros,1,mwe,1988,3.125
7699,avançado,0,adj,1987,3.123
7700,eficiência,0,noun,1987,3.123
7701,pioneiro,0,noun,1987,3.123
7702,defensivo,0,noun,1986,3.122
7703,velejar,0,verb,1986,3.122
7704,meditação,0,noun,1985,3.120
7705,acessível,0,adj,1984,3.118
7706,colonial,0,adj,1984,3.118
7707,klingon,0,adj,1984,3.118
7708,reformatório,0,noun,1984,3.118
7709,tremar,0,verb,1984,3.118
7710,yoga,0,noun,1984,3.118
7711,broca,0,noun,1983,3.117
7712,barbatana,0,noun,1982,3.115
7713,amarelas,0,noun,1981,3.114
7714,índice,0,noun,1981,3.114
7715,humildade,0,noun,1980,3.112
7716,decreto,0,noun,1979,3.111
7717,consola,0,noun,1978,3.109
7718,êxtase,0,noun,1978,3.109
7719,amadurecer,0,verb,1977,3.107
7720,híbrido,0,adj,1977,3.107
7721,alhada,0,noun,1976,3.106
7722,estrelar,0,verb,1976,3.106
7723,vegetariano,0,noun,1976,3.106
7724,brutalmente,0,adv,1975,3.104
7725,fossa,0,noun,1975,3.104
7726,lona,0,noun,1974,3.103
7727,inquieto,0,adj,1973,3.101
7728,empilhar,0,verb,1972,3.100
7729,suspenso,0,adj,1972,3.100
7730,animação,0,noun,1970,3.096
7731,reta,0,noun,1969,3.095
7732,cataratas,0,noun,1968,3.093
7733,floco,0,noun,1968,3.093
7734,bracelete,0,noun,1967,3.092
7735,infligir,0,verb,1967,3.092
7736,atestar,0,verb,1966,3.090
7737,negociador,0,noun,1966,3.090
7738,abram alas,1,mwe,1964,3.087
7739,clique,0,noun,1964,3.087
7740,industrial,0,noun,1964,3.087
7741,governanta,0,noun,1963,3.085
7742,ipod,0,noun,1963,3.085
7743,remodelar,0,verb,1963,3.085
7744,sutura,0,noun,1963,3.085
7745,bonzinho,0,noun,1962,3.084
7746,trimestre,0,noun,1961,3.082
7747,vocação,0,noun,1960,3.081
7748,plutónio,0,noun,1959,3.079
7749,alheio,0,adj,1958,3.078
7750,candidata,0,noun,1958,3.078
7751,cascata,0,noun,1958,3.078
7752,contribuinte,0,noun,1958,3.078
7753,suculento,0,adj,1958,3.078
7754,esmola,0,noun,1956,3.074
7755,pastilha elástica,1,mwe,1956,3.074
7756,humilhado,0,adj,1954,3.071
7757,involuntário,0,adj,1954,3.071
7758,regente,0,noun,1954,3.071
7759,nono,0,adj,1953,3.070
7760,palito,0,noun,1953,3.070
7761,azeite,0,noun,1952,3.068
7762,inadequado,0,adj,1952,3.068
7763,sórdido,0,adj,1952,3.068
7764,karaoke,0,noun,1951,3.067
7765,prometido,0,adj,1951,3.067
7766,cafetaria,0,noun,1950,3.065
7767,furto,0,noun,1950,3.065
7768,jarra,0,noun,1950,3.065
7769,costa oeste,1,mwe,1949,3.063
7770,teclado,0,noun,1949,3.063
7771,consecutivo,0,adj,1948,3.062
7772,gaivota,0,noun,1948,3.062
7773,atada,0,verb,1947,3.060
7774,embarcação,0,noun,1947,3.060
7775,coroar,0,verb,1946,3.059
7776,aprendiz,0,noun,1945,3.057
7777,despensa,0,noun,1944,3.056
7778,velhice,0,noun,1944,3.056
7779,interação,0,noun,1943,3.054
7780,transfusão,0,noun,1943,3.054
7781,carrego,0,verb,1942,3.052
7782,emendar,0,verb,1942,3.052
7783,reconciliar,0,verb,1942,3.052
7784,ris,0,intj,1941,3.051
7785,enferrujar,0,verb,1940,3.049
7786,sucessor,0,noun,1940,3.049
7787,interrompido,0,verb,1939,3.048
7788,plausível,0,adj,1939,3.048
7789,próspero,0,adj,1939,3.048
7790,sorvete,0,noun,1939,3.048
7791,alinhamento,0,noun,1938,3.046
7792,empenho,0,noun,1938,3.046
7793,empreendimento,0,noun,1937,3.045
7794,jacuzzi,0,noun,1936,3.043
7795,prévio,0,adj,1936,3.043
7796,discursar,0,verb,1935,3.041
7797,troll,0,noun,1935,3.041
7798,hipnotizar,0,verb,1933,3.038
7799,aldrabão,0,noun,1932,3.037
7800,campeã,0,noun,1932,3.037
7801,irresistível,0,adj,1932,3.037
7802,brutalidade,0,noun,1931,3.035
7803,grosso,0,noun,1931,3.035
7804,hospedado,0,adj,1930,3.034
7805,lagoa,0,noun,1930,3.034
7806,chefia,0,noun,1929,3.032
7807,propulsão,0,noun,1929,3.032
7808,baronesa,0,noun,1928,3.030
7809,órfã,0,adj,1928,3.030
7810,encarnar,0,verb,1927,3.029
7811,potencialmente,0,adv,1927,3.029
7812,sentenciar,0,verb,1927,3.029
7813,esgotamento,0,noun,1926,3.027
7814,jeitoso,0,noun,1926,3.027
7815,encenação,0,noun,1925,3.026
7816,meticuloso,0,adj,1925,3.026
7817,originar,0,verb,1925,3.026
7818,traste,0,noun,1925,3.026
7819,extrato,0,noun,1924,3.024
7820,gema,0,noun,1924,3.024
7821,musa,0,noun,1923,3.023
7822,abate,0,noun,1922,3.021
7823,incapacidade,0,noun,1922,3.021
7824,molestar,0,verb,1922,3.021
7825,exercitar,0,verb,1920,3.018
7826,rocket,0,noun,1918,3.015
7827,carnificina,0,noun,1917,3.013
7828,gel,0,noun,1917,3.013
7829,imperdoável,0,adj,1917,3.013
7830,rubi,0,noun,1917,3.013
7831,killer,0,adj,1916,3.012
7832,pinheiro,0,noun,1916,3.012
7833,israelita,0,adj,1915,3.010
7834,tormento,0,noun,1914,3.008
7835,detetada,0,verb,1912,3.005
7836,optimo,0,adj,1912,3.005
7837,obediência,0,noun,1911,3.004
7838,yakuza,0,noun,1911,3.004
7839,substancial,0,adj,1910,3.002
7840,avozinho,0,noun,1909,3.001
7841,filial,0,noun,1909,3.001
7842,loiça,0,noun,1909,3.001
7843,efetivamente,0,adv,1908,2.999
7844,impressora,0,noun,1908,2.999
7845,assistente social,1,mwe,1907,2.997
7846,d'água,0,noun,1907,2.997
7847,fúnebre,0,adj,1907,2.997
7848,chicotear,0,verb,1906,2.996
7849,estreito,0,noun,1903,2.991
7850,gasosa,0,noun,1903,2.991
7851,danar,0,verb,1901,2.988
7852,over,0,unk,1901,2.988
7853,papão,0,noun,1901,2.988
7854,classificação,0,noun,1900,2.986
7855,prodígio,0,noun,1900,2.986
7856,banal,0,adj,1899,2.985
7857,certinho,0,adj,1899,2.985
7858,literário,0,adj,1898,2.983
7859,originalmente,0,adv,1898,2.983
7860,equivalente,0,noun,1896,2.980
7861,validade,0,noun,1896,2.980
7862,desenrolar,0,verb,1894,2.977
7863,persa,0,noun,1894,2.977
7864,tranquilidade,0,noun,1894,2.977
7865,estática,0,noun,1893,2.975
7866,nobreza,0,noun,1893,2.975
7867,auscultador,0,noun,1892,2.974
7868,bibliotecário,0,noun,1892,2.974
7869,cremar,0,verb,1892,2.974
7870,maionese,0,noun,1892,2.974
7871,revogar,0,verb,1892,2.974
7872,reino unido,1,mwe,1891,2.972
7873,filho-da-puta,0,noun,1890,2.971
7874,menta,0,noun,1890,2.971
7875,mordidela,0,noun,1890,2.971
7876,persuasivo,0,adj,1890,2.971
7877,ponche,0,noun,1890,2.971
7878,curandeiro,0,noun,1889,2.969
7879,mesquinho,0,adj,1889,2.969
7880,pretensioso,0,adj,1889,2.969
7881,direitos civis,1,mwe,1888,2.968
7882,inalar,0,verb,1888,2.968
7883,metamorfo,0,noun,1888,2.968
7884,pendente,0,adj,1888,2.968
7885,apache,0,adj,1887,2.966
7886,dominus,0,unk,1887,2.966
7887,temporizador,0,noun,1886,2.964
7888,infravermelho,0,noun,1885,2.963
7889,realçar,0,verb,1885,2.963
7890,travessura,0,noun,1885,2.963
7891,armazenamento,0,noun,1883,2.960
7892,esquivar,0,verb,1883,2.960
7893,possuído,0,adj,1883,2.960
7894,feitiçaria,0,noun,1882,2.958
7895,setor,0,noun,1882,2.958
7896,bip,0,noun,1881,2.957
7897,sorridente,0,adj,1881,2.957
7898,conversação,0,noun,1880,2.955
7899,omitir,0,verb,1880,2.955
7900,agendar,0,verb,1879,2.953
7901,jaguar,0,noun,1879,2.953
7902,depilar,0,verb,1878,2.952
7903,pontapear,0,verb,1876,2.949
7904,sonhador,0,noun,1876,2.949
7905,adesivo,0,adj,1875,2.947
7906,guarnição,0,noun,1875,2.947
7907,sondar,0,verb,1875,2.947
7908,ripada,0,noun,1873,2.944
7909,cimeira,0,noun,1872,2.942
7910,farejar,0,verb,1872,2.942
7911,massivo,0,adj,1872,2.942
7912,parágrafo,0,noun,1872,2.942
7913,verídico,0,adj,1872,2.942
7914,bolinha,0,noun,1871,2.941
7915,escasso,0,adj,1871,2.941
7916,compressão,0,noun,1870,2.939
7917,now,0,noun,1870,2.939
7918,baseball,0,noun,1869,2.938
7919,doutra,0,det,1869,2.938
7920,murmurar,0,verb,1869,2.938
7921,anjinho,0,noun,1868,2.936
7922,documentação,0,noun,1868,2.936
7923,vazar,0,verb,1868,2.936
7924,dróide,0,noun,1867,2.935
7925,insulina,0,noun,1867,2.935
7926,medonho,0,adj,1867,2.935
7927,polaco,0,adj,1867,2.935
7928,prestação,0,noun,1867,2.935
7929,visar,0,verb,1867,2.935
7930,control,0,noun,1866,2.933
7931,cosmos,0,noun,1866,2.933
7932,câncer,0,noun,1866,2.933
7933,grelhar,0,verb,1866,2.933
7934,inspeccionar,0,verb,1866,2.933
7935,joalharia,0,noun,1866,2.933
7936,protagonista,0,noun,1866,2.933
7937,true,0,noun,1866,2.933
7938,figa,0,noun,1865,2.931
7939,longínquo,0,adj,1865,2.931
7940,tirano,0,noun,1865,2.931
7941,choramingar,0,verb,1864,2.930
7942,escravidão,0,noun,1864,2.930
7943,inventor,0,noun,1864,2.930
7944,orgânico,0,noun,1864,2.930
7945,cirurgiã,0,noun,1863,2.928
7946,mindinho,0,noun,1863,2.928
7947,relaxado,0,adj,1863,2.928
7948,san francisco,1,mwe,1863,2.928
7949,aldrabar,0,verb,1862,2.927
7950,impasse,0,noun,1862,2.927
7951,farra,0,noun,1861,2.925
7952,perita,0,noun,1861,2.925
7953,consumar,0,verb,1859,2.922
7954,desenhos animados,1,mwe,1858,2.920
7955,implementar,0,verb,1858,2.920
7956,mos,0,noun,1858,2.920
7957,turbo,0,noun,1858,2.920
7958,fodi,0,verb,1857,2.919
7959,olímpico,0,adj,1857,2.919
7960,champô,0,noun,1856,2.917
7961,pousada,0,noun,1856,2.917
7962,reservado,0,adj,1856,2.917
7963,televisor,0,noun,1856,2.917
7964,galho,0,noun,1855,2.916
7965,blasfémia,0,noun,1854,2.914
7966,sexualidade,0,noun,1854,2.914
7967,flutuante,0,adj,1852,2.911
7968,salsa,0,noun,1852,2.911
7969,assimilar,0,verb,1850,2.908
7970,boa-noite,0,intj,1850,2.908
7971,contradizer,0,verb,1850,2.908
7972,escória,0,noun,1850,2.908
7973,orador,0,noun,1850,2.908
7974,africano,0,noun,1848,2.905
7975,binóculo,0,noun,1848,2.905
7976,enforcamento,0,noun,1848,2.905
7977,esterco,0,noun,1848,2.905
7978,mortinho,0,adj,1848,2.905
7979,reconquistar,0,verb,1848,2.905
7980,serial,0,noun,1848,2.905
7981,arduamente,0,adv,1847,2.903
7982,definido,0,adj,1847,2.903
7983,descuidar,0,verb,1847,2.903
7984,impenetrável,0,adj,1847,2.903
7985,anzol,0,noun,1846,2.902
7986,prosperidade,0,noun,1845,2.900
7987,australiano,0,adj,1844,2.898
7988,séc,0,noun,1844,2.898
7989,ameixa,0,noun,1843,2.897
7990,back,0,noun,1843,2.897
7991,carcaça,0,noun,1842,2.895
7992,dominador,0,noun,1842,2.895
7993,enfadonho,0,adj,1842,2.895
7994,herdeira,0,noun,1842,2.895
7995,reagrupar,0,verb,1842,2.895
7996,camarado,0,adj,1841,2.894
7997,grado,0,noun,1841,2.894
7998,pianista,0,noun,1841,2.894
7999,manchete,0,noun,1840,2.892
8000,insónia,0,noun,1839,2.891
8001,gerência,0,noun,1837,2.887
8002,pago,0,adj,1837,2.887
8003,sanidade,0,noun,1837,2.887
8004,cianeto,0,noun,1836,2.886
8005,reprodução,0,noun,1836,2.886
8006,caminhante,0,noun,1835,2.884
8007,grana,0,noun,1835,2.884
8008,sustento,0,noun,1835,2.884
8009,bode expiatório,1,mwe,1834,2.883
8010,malcriado,0,verb,1834,2.883
8011,reencontrar,0,verb,1834,2.883
8012,névoa,0,noun,1833,2.881
8013,prior,0,noun,1833,2.881
8014,reciclar,0,verb,1833,2.881
8015,canguru,0,noun,1832,2.880
8016,cláusula,0,noun,1832,2.880
8017,embriagar,0,verb,1832,2.880
8018,premiar,0,verb,1832,2.880
8019,sueco,0,adj,1832,2.880
8020,condescendente,0,adj,1831,2.878
8021,gravitacional,0,adj,1831,2.878
8022,oferenda,0,noun,1831,2.878
8023,vagabunda,0,noun,1831,2.878
8024,berro,0,noun,1830,2.876
8025,cripta,0,noun,1830,2.876
8026,intencional,0,adj,1830,2.876
8027,elegância,0,noun,1829,2.875
8028,memorável,0,adj,1829,2.875
8029,mola,0,noun,1829,2.875
8030,robusto,0,adj,1829,2.875
8031,controverso,0,adj,1828,2.873
8032,inovador,0,adj,1828,2.873
8033,rural,0,adj,1827,2.872
8034,druida,0,noun,1826,2.870
8035,cortador,0,noun,1825,2.869
8036,florista,0,noun,1825,2.869
8037,rales,0,intj,1825,2.869
8038,adulterar,0,verb,1824,2.867
8039,atrasado mental,1,mwe,1824,2.867
8040,escusado,0,adj,1824,2.867
8041,glândula,0,noun,1824,2.867
8042,moderar,0,verb,1823,2.865
8043,enferrujado,0,adj,1822,2.864
8044,pavilhão,0,noun,1822,2.864
8045,pontas soltas,1,mwe,1821,2.862
8046,astro,0,noun,1820,2.861
8047,eie,0,noun,1820,2.861
8048,enjoar,0,verb,1820,2.861
8049,milady,0,noun,1820,2.861
8050,missionário,0,noun,1819,2.859
8051,flexão,0,noun,1817,2.856
8052,genocídio,0,noun,1817,2.856
8053,agrícola,0,adj,1815,2.853
8054,atracar,0,verb,1815,2.853
8055,biografia,0,noun,1815,2.853
8056,comovido,0,adj,1815,2.853
8057,superintendente,0,noun,1815,2.853
8058,sífilis,0,noun,1815,2.853
8059,vénia,0,noun,1815,2.853
8060,zarpar,0,verb,1815,2.853
8061,islâmico,0,adj,1814,2.851
8062,jardinagem,0,noun,1814,2.851
8063,registos telefónicos,1,mwe,1814,2.851
8064,certeiro,0,adj,1812,2.848
8065,justificação,0,noun,1812,2.848
8066,mm-hmm,0,unk,1812,2.848
8067,mal-educado,0,adj,1811,2.847
8068,bárbara,0,noun,1810,2.845
8069,lagarto,0,adj,1810,2.845
8070,maníaco,0,adj,1810,2.845
8071,prescrever,0,verb,1810,2.845
8072,psiquiatria,0,noun,1810,2.845
8073,perecer,0,verb,1809,2.843
8074,incorporar,0,verb,1808,2.842
8075,integral,0,adj,1808,2.842
8076,intocável,0,adj,1808,2.842
8077,atrevido,0,adj,1807,2.840
8078,machete,0,noun,1807,2.840
8079,ortodoxo,0,adj,1806,2.839
8080,popularidade,0,noun,1806,2.839
8081,punk,0,adj,1806,2.839
8082,acolá,0,adv,1804,2.836
8083,desbloquear,0,verb,1804,2.836
8084,olímpico,0,noun,1804,2.836
8085,clonar,0,verb,1803,2.834
8086,mai,0,noun,1803,2.834
8087,marginal,0,noun,1803,2.834
8088,primeira-dama,0,noun,1803,2.834
8089,ótico,0,adj,1803,2.834
8090,cabeludo,0,adj,1802,2.832
8091,insígnia,0,noun,1802,2.832
8092,agrado,0,noun,1801,2.831
8093,clemência,0,noun,1801,2.831
8094,congregação,0,noun,1801,2.831
8095,fio dental,1,mwe,1801,2.831
8096,bronco,0,noun,1800,2.829
8097,meia-idade,0,noun,1800,2.829
8098,lavabo,0,noun,1799,2.828
8099,acre,0,noun,1798,2.826
8100,atrocidade,0,noun,1798,2.826
8101,baterista,0,noun,1798,2.826
8102,baloiço,0,noun,1797,2.825
8103,escandaloso,0,adj,1797,2.825
8104,maninho,0,noun,1797,2.825
8105,prémio nobel,1,mwe,1797,2.825
8106,encurtar,0,verb,1796,2.823
8107,antecedência,0,noun,1795,2.821
8108,sarjeta,0,noun,1795,2.821
8109,sauna,0,noun,1795,2.821
8110,who,0,noun,1794,2.820
8111,igualzinho,0,adj,1793,2.818
8112,place,0,noun,1793,2.818
8113,autocolante,0,noun,1792,2.817
8114,cupão,0,noun,1792,2.817
8115,extinguir,0,adj,1792,2.817
8116,holograma,0,noun,1792,2.817
8117,pulverizar,0,verb,1792,2.817
8118,qualificado,0,adj,1792,2.817
8119,telefonista,0,noun,1792,2.817
8120,cólera,0,noun,1791,2.815
8121,rapaziado,0,adj,1791,2.815
8122,abundância,0,noun,1790,2.814
8123,fita adesiva,1,mwe,1790,2.814
8124,historiador,0,noun,1790,2.814
8125,vin,0,unk,1790,2.814
8126,acerto,0,noun,1789,2.812
8127,natureza humana,1,mwe,1789,2.812
8128,valete,0,noun,1789,2.812
8129,adolescência,0,noun,1788,2.810
8130,malcheiroso,0,adj,1788,2.810
8131,titânio,0,noun,1788,2.810
8132,dissipar,0,verb,1787,2.809
8133,cesta,0,noun,1786,2.807
8134,intencionalmente,0,adv,1786,2.807
8135,ricaço,0,noun,1786,2.807
8136,núpcias,0,noun,1785,2.806
8137,delicadeza,0,noun,1784,2.804
8138,hierarquia,0,noun,1784,2.804
8139,obcecar,0,verb,1784,2.804
8140,but,0,noun,1783,2.803
8141,concussão,0,noun,1783,2.803
8142,paróquia,0,noun,1783,2.803
8143,sapatilha,0,noun,1783,2.803
8144,atinar,0,verb,1782,2.801
8145,escadaria,0,noun,1782,2.801
8146,televisivo,0,adj,1781,2.799
8147,imparável,0,adj,1779,2.796
8148,abdominal,0,adj,1777,2.793
8149,apostado,0,adj,1777,2.793
8150,parcialmente,0,adv,1777,2.793
8151,púrpura,0,adj,1777,2.793
8152,pocilga,0,noun,1776,2.792
8153,soneca,0,noun,1776,2.792
8154,voluntariar,0,verb,1776,2.792
8155,córtex,0,noun,1775,2.790
8156,mármore,0,noun,1775,2.790
8157,asar,0,noun,1774,2.788
8158,people,0,noun,1774,2.788
8159,saloio,0,noun,1774,2.788
8160,disciplinar,0,adj,1773,2.787
8161,especificação,0,noun,1773,2.787
8162,nadador,0,noun,1773,2.787
8163,xelim,0,noun,1772,2.785
8164,empunhar,0,verb,1771,2.784
8165,funcionária,0,noun,1771,2.784
8166,dissuadir,0,verb,1770,2.782
8167,anulação,0,noun,1769,2.781
8168,magricela,0,noun,1769,2.781
8169,subjugar,0,verb,1769,2.781
8170,capanga,0,noun,1767,2.777
8171,furado,0,verb,1765,2.774
8172,catalogar,0,verb,1764,2.773
8173,herpes,0,noun,1764,2.773
8174,goela,0,noun,1763,2.771
8175,operações especiais,1,mwe,1763,2.771
8176,indiciar,0,verb,1762,2.770
8177,leucemia,0,noun,1762,2.770
8178,queridinha,0,noun,1762,2.770
8179,vendido,0,verb,1762,2.770
8180,vingativo,0,adj,1762,2.770
8181,whoo,0,noun,1762,2.770
8182,entediado,0,adj,1760,2.766
8183,minimizar,0,verb,1760,2.766
8184,comover,0,verb,1759,2.765
8185,condiz,0,unk,1759,2.765
8186,paralelo,0,adj,1759,2.765
8187,viação,0,noun,1758,2.763
8188,fantasiar,0,verb,1755,2.759
8189,tuberculose,0,noun,1755,2.759
8190,entalar,0,verb,1754,2.757
8191,inclinação,0,noun,1754,2.757
8192,mamute,0,noun,1754,2.757
8193,afastado,0,adj,1753,2.755
8194,gritaria,0,noun,1753,2.755
8195,nono,0,noun,1753,2.755
8196,porcelana,0,noun,1751,2.752
8197,ruir,0,verb,1750,2.751
8198,tardio,0,adj,1750,2.751
8199,filho-da-mãe,0,noun,1749,2.749
8200,frigorifico,0,noun,1749,2.749
8201,incerteza,0,noun,1749,2.749
8202,procuradora,0,noun,1749,2.749
8203,talhante,0,noun,1749,2.749
8204,liso,0,adj,1748,2.748
8205,piloto automático,1,mwe,1748,2.748
8206,watts,0,noun,1747,2.746
8207,conversinha,0,noun,1746,2.744
8208,fertilidade,0,noun,1746,2.744
8209,verruga,0,noun,1746,2.744
8210,franqueza,0,noun,1745,2.743
8211,comemoração,0,noun,1744,2.741
8212,conhaque,0,noun,1744,2.741
8213,ingénuo,0,noun,1744,2.741
8214,jangada,0,noun,1744,2.741
8215,prioritário,0,adj,1744,2.741
8216,sub,0,unk,1744,2.741
8217,úlcera,0,noun,1744,2.741
8218,court,0,noun,1743,2.740
8219,reparo,0,noun,1743,2.740
8220,jackpot,0,noun,1742,2.738
8221,run,0,unk,1742,2.738
8222,apostador,0,noun,1741,2.736
8223,desentendimento,0,noun,1741,2.736
8224,laceração,0,noun,1741,2.736
8225,trilha,0,noun,1741,2.736
8226,garantido,0,adj,1740,2.735
8227,lixívia,0,noun,1740,2.735
8228,per,0,noun,1740,2.735
8229,coberta,0,noun,1739,2.733
8230,duradouro,0,adj,1739,2.733
8231,pedal,0,noun,1739,2.733
8232,ruga,0,noun,1739,2.733
8233,firewall,0,noun,1738,2.732
8234,ético,0,adj,1738,2.732
8235,buffet,0,noun,1737,2.730
8236,call,0,noun,1737,2.730
8237,encharcado,0,adj,1736,2.729
8238,belíssimo,0,adj,1735,2.727
8239,potássio,0,noun,1735,2.727
8240,costurar,0,verb,1734,2.725
8241,ensanguentar,0,verb,1734,2.725
8242,posterior,0,adj,1733,2.724
8243,advertir,0,verb,1732,2.722
8244,graduar,0,verb,1732,2.722
8245,informal,0,adj,1732,2.722
8246,oval,0,noun,1732,2.722
8247,redigir,0,verb,1732,2.722
8248,rupia,0,noun,1732,2.722
8249,vao,0,noun,1732,2.722
8250,espantalho,0,noun,1731,2.721
8251,estante,0,noun,1731,2.721
8252,folgar,0,verb,1731,2.721
8253,sucção,0,noun,1731,2.721
8254,apache,0,noun,1730,2.719
8255,medusa,0,noun,1730,2.719
8256,cessar-fogo,0,noun,1729,2.718
8257,leveia,0,noun,1729,2.718
8258,maçaneta,0,noun,1729,2.718
8259,batoteiro,0,noun,1728,2.716
8260,caraíba,0,noun,1728,2.716
8261,focinho,0,noun,1728,2.716
8262,internado,0,adj,1728,2.716
8263,oca,0,noun,1728,2.716
8264,sucessão,0,noun,1728,2.716
8265,cetro,0,noun,1727,2.714
8266,d'artagnan,0,noun,1727,2.714
8267,despoletar,0,verb,1727,2.714
8268,encriptar,0,verb,1727,2.714
8269,ski,0,noun,1727,2.714
8270,utilização,0,noun,1727,2.714
8271,zelador,0,noun,1727,2.714
8272,canoa,0,noun,1726,2.713
8273,criatividade,0,noun,1726,2.713
8274,finalidade,0,noun,1726,2.713
8275,microscópio,0,noun,1726,2.713
8276,voilá,0,noun,1726,2.713
8277,obsoleto,0,adj,1725,2.711
8278,caótico,0,adj,1724,2.710
8279,programador,0,noun,1724,2.710
8280,erradicar,0,verb,1722,2.707
8281,matrimonial,0,adj,1721,2.705
8282,maçarico,0,noun,1721,2.705
8283,pedreira,0,noun,1721,2.705
8284,roupeiro,0,noun,1721,2.705
8285,vagamente,0,adv,1721,2.705
8286,xeque-mate,0,noun,1721,2.705
8287,corar,0,verb,1720,2.703
8288,domicílio,0,noun,1720,2.703
8289,girafa,0,noun,1720,2.703
8290,hélio,0,noun,1720,2.703
8291,soda,0,noun,1719,2.702
8292,chamamento,0,noun,1717,2.699
8293,sabotagem,0,noun,1717,2.699
8294,descontente,0,adj,1716,2.697
8295,simbólico,0,adj,1716,2.697
8296,provocação,0,noun,1715,2.696
8297,van der,1,mwe,1715,2.696
8298,postar,0,verb,1714,2.694
8299,densidade,0,noun,1713,2.692
8300,desacreditar,0,verb,1713,2.692
8301,dissecar,0,verb,1713,2.692
8302,especado,0,adj,1713,2.692
8303,moldura,0,noun,1713,2.692
8304,marisco,0,noun,1712,2.691
8305,paternidade,0,noun,1712,2.691
8306,bofetada,0,noun,1711,2.689
8307,confirmado,0,verb,1711,2.689
8308,not,0,unk,1710,2.688
8309,herege,0,noun,1709,2.686
8310,sanitário,0,adj,1709,2.686
8311,maminha,0,noun,1708,2.685
8312,peregrino,0,noun,1708,2.685
8313,piercing,0,noun,1708,2.685
8314,sussurro,0,noun,1708,2.685
8315,nazista,0,noun,1707,2.683
8316,eliminação,0,noun,1705,2.680
8317,performance,0,noun,1705,2.680
8318,baton,0,noun,1704,2.678
8319,chamado,0,adj,1704,2.678
8320,singular,0,adj,1704,2.678
8321,buzina,0,noun,1702,2.675
8322,lacaio,0,noun,1702,2.675
8323,nasal,0,adj,1702,2.675
8324,aceleração,0,noun,1701,2.674
8325,moribundo,0,adj,1701,2.674
8326,sardinha,0,noun,1701,2.674
8327,calmante,0,noun,1700,2.672
8328,pavor,0,noun,1700,2.672
8329,umbigo,0,noun,1699,2.670
8330,diplomacia,0,noun,1698,2.669
8331,fertilizante,0,noun,1698,2.669
8332,indestrutível,0,adj,1698,2.669
8333,asiático,0,noun,1697,2.667
8334,desamarrar,0,verb,1697,2.667
8335,encontraa,0,unk,1697,2.667
8336,amamentar,0,verb,1696,2.666
8337,biquíni,0,noun,1696,2.666
8338,simpatizar,0,verb,1696,2.666
8339,conhecea,0,unk,1695,2.664
8340,filtrar,0,verb,1695,2.664
8341,gracias,0,noun,1695,2.664
8342,guloseima,0,noun,1695,2.664
8343,caução,0,noun,1694,2.663
8344,ganga,0,noun,1694,2.663
8345,cinzeiro,0,noun,1693,2.661
8346,deliberar,0,verb,1693,2.661
8347,rigor,0,noun,1693,2.661
8348,capataz,0,noun,1692,2.659
8349,ocasional,0,adj,1692,2.659
8350,pepino,0,noun,1692,2.659
8351,pintado,0,noun,1692,2.659
8352,discernimento,0,noun,1690,2.656
8353,manifestante,0,noun,1690,2.656
8354,sacaninha,0,noun,1690,2.656
8355,ventoinha,0,noun,1690,2.656
8356,visibilidade,0,noun,1690,2.656
8357,ecografia,0,noun,1689,2.655
8358,fabrico,0,noun,1689,2.655
8359,luxuoso,0,adj,1689,2.655
8360,petisco,0,noun,1689,2.655
8361,redação,0,noun,1688,2.653
8362,coagir,0,verb,1687,2.652
8363,presidir,0,verb,1687,2.652
8364,burocrata,0,noun,1686,2.650
8365,habilidoso,0,adj,1686,2.650
8366,negligenciar,0,verb,1686,2.650
8367,atentamente,0,adv,1685,2.648
8368,encarrego,0,verb,1685,2.648
8369,retórica,0,noun,1685,2.648
8370,zanga,0,noun,1685,2.648
8371,gestor,0,noun,1683,2.645
8372,rapariguinha,0,noun,1683,2.645
8373,atacador,0,noun,1682,2.644
8374,maravilhosamente,0,adv,1682,2.644
8375,renal,0,adj,1682,2.644
8376,aviador,0,noun,1681,2.642
8377,escolhido,0,noun,1681,2.642
8378,monopólio,0,noun,1681,2.642
8379,normalidade,0,noun,1681,2.642
8380,sepultar,0,verb,1681,2.642
8381,deslize,0,noun,1680,2.641
8382,ensinamento,0,noun,1680,2.641
8383,pardal,0,noun,1680,2.641
8384,transtorno,0,noun,1680,2.641
8385,visionário,0,noun,1680,2.641
8386,brusco,0,adj,1679,2.639
8387,nuns,0,det,1679,2.639
8388,falso alarme,1,mwe,1678,2.637
8389,israelita,0,noun,1678,2.637
8390,part-time,0,noun,1678,2.637
8391,licenciatura,0,noun,1677,2.636
8392,reprogramar,0,verb,1677,2.636
8393,letreiro,0,noun,1675,2.633
8394,margarida,0,noun,1675,2.633
8395,vacilar,0,verb,1675,2.633
8396,avental,0,noun,1674,2.631
8397,cabeceira,0,noun,1674,2.631
8398,extradição,0,noun,1673,2.630
8399,hut,0,noun,1673,2.630
8400,emissário,0,noun,1672,2.628
8401,grilo,0,noun,1672,2.628
8402,apitar,0,verb,1671,2.626
8403,deteriorar,0,verb,1671,2.626
8404,racismo,0,noun,1671,2.626
8405,co-piloto,0,noun,1670,2.625
8406,praguejar,0,verb,1670,2.625
8407,reembolso,0,noun,1670,2.625
8408,tagarelar,0,verb,1670,2.625
8409,equipado,0,adj,1669,2.623
8410,mensal,0,adj,1669,2.623
8411,sobrecarga,0,noun,1669,2.623
8412,chico,0,noun,1668,2.622
8413,escudeiro,0,noun,1668,2.622
8414,formalmente,0,adv,1668,2.622
8415,processador,0,noun,1668,2.622
8416,mestrado,0,noun,1665,2.617
8417,tomografia,0,noun,1664,2.615
8418,alfabeto,0,noun,1663,2.614
8419,diferenciar,0,verb,1663,2.614
8420,glaciar,0,noun,1663,2.614
8421,abdominal,0,noun,1662,2.612
8422,aquecedor,0,noun,1662,2.612
8423,carrossel,0,noun,1662,2.612
8424,devastado,0,adj,1662,2.612
8425,recital,0,noun,1662,2.612
8426,simbolizar,0,verb,1662,2.612
8427,supersticioso,0,adj,1662,2.612
8428,two,0,noun,1662,2.612
8429,viagra,0,noun,1662,2.612
8430,milorde,0,noun,1661,2.611
8431,rosado,0,verb,1661,2.611
8432,della,0,noun,1660,2.609
8433,rascunho,0,noun,1660,2.609
8434,reflexão,0,noun,1660,2.609
8435,zé-ninguém,0,noun,1660,2.609
8436,ravina,0,noun,1658,2.606
8437,velório,0,noun,1657,2.604
8438,falador,0,noun,1656,2.603
8439,down,0,noun,1655,2.601
8440,pilhar,0,verb,1655,2.601
8441,reformado,0,noun,1655,2.601
8442,stand,0,noun,1655,2.601
8443,abominável,0,adj,1654,2.600
8444,violoncelo,0,noun,1654,2.600
8445,desintegrar,0,verb,1653,2.598
8446,despejo,0,noun,1653,2.598
8447,fiasco,0,noun,1653,2.598
8448,recém,0,adj,1653,2.598
8449,zé,0,noun,1653,2.598
8450,divindade,0,noun,1652,2.597
8451,malha,0,noun,1652,2.597
8452,trajeto,0,noun,1652,2.597
8453,usaa,0,unk,1652,2.597
8454,mortalidade,0,noun,1651,2.595
8455,recolher obrigatório,1,mwe,1651,2.595
8456,arrojado,0,adj,1650,2.593
8457,borbulha,0,noun,1650,2.593
8458,merci,0,noun,1650,2.593
8459,sedar,0,verb,1650,2.593
8460,turbina,0,noun,1650,2.593
8461,mitzvah,0,adj,1649,2.592
8462,politicamente,0,adv,1649,2.592
8463,endurecer,0,verb,1648,2.590
8464,larguea,0,unk,1647,2.589
8465,esterilizar,0,verb,1646,2.587
8466,hábil,0,adj,1646,2.587
8467,slogan,0,noun,1646,2.587
8468,imaculado,0,adj,1645,2.586
8469,tique,0,noun,1645,2.586
8470,velhinha,0,noun,1645,2.586
8471,palheiro,0,noun,1644,2.584
8472,penthouse,0,unk,1644,2.584
8473,scan,0,noun,1644,2.584
8474,tosta,0,noun,1644,2.584
8475,arrumado,0,adj,1643,2.582
8476,campónio,0,noun,1643,2.582
8477,coroação,0,noun,1643,2.582
8478,navegador,0,noun,1643,2.582
8479,orla,0,noun,1643,2.582
8480,she,0,unk,1642,2.581
8481,isolado,0,adj,1641,2.579
8482,alface,0,noun,1639,2.576
8483,bisavô,0,noun,1639,2.576
8484,recorte,0,noun,1639,2.576
8485,vocabulário,0,noun,1639,2.576
8486,ágil,0,adj,1639,2.576
8487,dependência,0,noun,1638,2.575
8488,hemisfério,0,noun,1638,2.575
8489,regenerar,0,verb,1638,2.575
8490,ganza,0,noun,1637,2.573
8491,hélice,0,noun,1637,2.573
8492,renascimento,0,noun,1637,2.573
8493,surra,0,noun,1637,2.573
8494,enredo,0,noun,1636,2.571
8495,suplemento,0,noun,1636,2.571
8496,banha,0,noun,1635,2.570
8497,minucioso,0,adj,1634,2.568
8498,cãibra,0,noun,1633,2.567
8499,derivar,0,verb,1633,2.567
8500,drástico,0,adj,1633,2.567
8501,hindu,0,noun,1632,2.565
8502,renovação,0,noun,1632,2.565
8503,epinefrina,0,noun,1631,2.564
8504,flora,0,noun,1631,2.564
8505,amazona,0,noun,1629,2.560
8506,disputar,0,verb,1629,2.560
8507,vestiário,0,noun,1629,2.560
8508,alastrar,0,verb,1628,2.559
8509,canadiano,0,noun,1628,2.559
8510,marfim,0,noun,1628,2.559
8511,alarido,0,noun,1627,2.557
8512,tour,0,noun,1627,2.557
8513,coiso,0,noun,1626,2.556
8514,comunhão,0,noun,1626,2.556
8515,engraxar,0,verb,1626,2.556
8516,mister,0,noun,1626,2.556
8517,prega,0,noun,1625,2.554
8518,inimaginável,0,adj,1624,2.553
8519,lasca,0,noun,1624,2.553
8520,porta-aviões,0,noun,1624,2.553
8521,adios,0,intj,1623,2.551
8522,afogamento,0,noun,1623,2.551
8523,diâmetro,0,noun,1623,2.551
8524,lutadora,0,noun,1623,2.551
8525,valeria,0,noun,1623,2.551
8526,elixir,0,noun,1622,2.549
8527,intérprete,0,noun,1622,2.549
8528,sujidade,0,noun,1622,2.549
8529,ativação,0,noun,1621,2.548
8530,devoto,0,adj,1621,2.548
8531,fixamente,0,adv,1621,2.548
8532,hobby,0,noun,1621,2.548
8533,klingon,0,noun,1621,2.548
8534,silenciosamente,0,adv,1621,2.548
8535,assassinado,0,verb,1619,2.545
8536,fiscal,0,noun,1619,2.545
8537,matoa,0,noun,1619,2.545
8538,mentalidade,0,noun,1619,2.545
8539,virilha,0,noun,1619,2.545
8540,espreitadela,0,noun,1618,2.543
8541,inacabado,0,verb,1618,2.543
8542,reaparecer,0,verb,1618,2.543
8543,desastrado,0,verb,1617,2.542
8544,atrelado,0,noun,1616,2.540
8545,ninjitis,0,noun,1616,2.540
8546,saga,0,noun,1616,2.540
8547,combustão,0,noun,1614,2.537
8548,berma,0,noun,1613,2.535
8549,fay,0,noun,1613,2.535
8550,poluição,0,noun,1613,2.535
8551,betão,0,noun,1612,2.534
8552,estafeta,0,noun,1611,2.532
8553,interface,0,noun,1610,2.531
8554,proferir,0,verb,1610,2.531
8555,sandália,0,noun,1610,2.531
8556,status,0,noun,1610,2.531
8557,achado,0,noun,1609,2.529
8558,incompetente,0,adj,1608,2.527
8559,sintonia,0,noun,1608,2.527
8560,ananás,0,noun,1607,2.526
8561,irritação,0,noun,1606,2.524
8562,mos,0,intj,1606,2.524
8563,reservatório,0,noun,1605,2.523
8564,damasco,0,noun,1604,2.521
8565,obstruir,0,verb,1604,2.521
8566,sera,0,noun,1604,2.521
8567,torácico,0,adj,1603,2.520
8568,arrecadação,0,noun,1602,2.518
8569,bonzinho,0,adj,1602,2.518
8570,elevação,0,noun,1602,2.518
8571,right,0,unk,1602,2.518
8572,saudita,0,noun,1602,2.518
8573,anarquia,0,noun,1601,2.516
8574,non,0,noun,1600,2.515
8575,acusado,0,noun,1599,2.513
8576,estalagem,0,noun,1599,2.513
8577,enjoar,0,noun,1598,2.512
8578,tontura,0,noun,1598,2.512
8579,viga,0,noun,1598,2.512
8580,asfixiar,0,verb,1597,2.510
8581,pechincha,0,noun,1597,2.510
8582,baga,0,noun,1596,2.509
8583,intoxicação,0,noun,1596,2.509
8584,pessimista,0,adj,1596,2.509
8585,remoção,0,noun,1595,2.507
8586,treinadora,0,noun,1595,2.507
8587,alicate,0,noun,1594,2.505
8588,preguiça,0,noun,1594,2.505
8589,encantamento,0,noun,1593,2.504
8590,ridicularizar,0,verb,1593,2.504
8591,invólucro,0,noun,1592,2.502
8592,escombros,0,noun,1591,2.501
8593,fórum,0,noun,1591,2.501
8594,janta,0,noun,1591,2.501
8595,stressado,0,adj,1591,2.501
8596,hipnose,0,noun,1590,2.499
8597,bonjour,0,noun,1589,2.498
8598,travesseiro,0,noun,1589,2.498
8599,tinhaa,0,unk,1588,2.496
8600,abominação,0,noun,1587,2.494
8601,esquartejar,0,verb,1587,2.494
8602,intelecto,0,noun,1587,2.494
8603,mórbido,0,adj,1587,2.494
8604,czar,0,noun,1586,2.493
8605,pobrezinha,0,noun,1586,2.493
8606,afortunar,0,verb,1585,2.491
8607,aceitação,0,noun,1584,2.490
8608,apêndice,0,noun,1584,2.490
8609,templário,0,noun,1584,2.490
8610,piranha,0,noun,1583,2.488
8611,said,0,noun,1583,2.488
8612,defrontar,0,verb,1582,2.487
8613,pulha,0,noun,1582,2.487
8614,timing,0,noun,1582,2.487
8615,trampa,0,noun,1582,2.487
8616,engodo,0,noun,1581,2.485
8617,primário,0,adj,1581,2.485
8618,aventurar,0,verb,1580,2.483
8619,batismo,0,noun,1579,2.482
8620,hipoteticamente,0,adv,1579,2.482
8621,constelação,0,noun,1577,2.479
8622,distrital,0,adj,1577,2.479
8623,oportuno,0,adj,1577,2.479
8624,have,0,unk,1576,2.477
8625,amêndoa,0,noun,1575,2.476
8626,babaca,0,noun,1575,2.476
8627,dito,0,adj,1575,2.476
8628,embaraço,0,noun,1575,2.476
8629,perdurar,0,verb,1575,2.476
8630,agachar,0,verb,1574,2.474
8631,otimismo,0,noun,1574,2.474
8632,bam,0,noun,1573,2.472
8633,descapotável,0,noun,1573,2.472
8634,esquecimento,0,noun,1573,2.472
8635,estratégica,0,noun,1573,2.472
8636,loucamente,0,adv,1573,2.472
8637,psicóloga,0,noun,1573,2.472
8638,aspirante,0,noun,1572,2.471
8639,ciao,0,noun,1572,2.471
8640,fumaça,0,noun,1572,2.471
8641,agressividade,0,noun,1571,2.469
8642,conceção,0,noun,1571,2.469
8643,correria,0,noun,1571,2.469
8644,enrolado,0,adj,1571,2.469
8645,fascista,0,adj,1571,2.469
8646,louvor,0,noun,1571,2.469
8647,mandaa,0,unk,1571,2.469
8648,vibrador,0,noun,1571,2.469
8649,charlatão,0,noun,1570,2.468
8650,ding,0,noun,1570,2.468
8651,encurralado,0,adj,1570,2.468
8652,wi-fi,0,noun,1570,2.468
8653,processamento,0,noun,1569,2.466
8654,bronzeado,0,noun,1568,2.465
8655,cruzador,0,noun,1568,2.465
8656,deformar,0,verb,1568,2.465
8657,matricula,0,noun,1568,2.465
8658,vergar,0,verb,1568,2.465
8659,enguia,0,noun,1567,2.463
8660,incontrolável,0,adj,1567,2.463
8661,despertador,0,noun,1566,2.461
8662,eleitoral,0,adj,1565,2.460
8663,quietinho,0,adj,1565,2.460
8664,texugo,0,noun,1565,2.460
8665,you're,0,unk,1565,2.460
8666,advertência,0,noun,1564,2.458
8667,infame,0,noun,1564,2.458
8668,nítido,0,adj,1564,2.458
8669,trama,0,noun,1564,2.458
8670,ícone,0,noun,1564,2.458
8671,estrume,0,noun,1563,2.457
8672,odioso,0,adj,1562,2.455
8673,dezanove,0,num,1561,2.454
8674,valentão,0,adj,1561,2.454
8675,desmancha-prazeres,0,unk,1560,2.452
8676,implicação,0,noun,1560,2.452
8677,lagarta,0,noun,1559,2.450
8678,mateia,0,noun,1558,2.449
8679,jacaré,0,noun,1557,2.447
8680,mer,0,noun,1557,2.447
8681,paspalho,0,noun,1557,2.447
8682,cético,0,adj,1556,2.446
8683,espasmo,0,noun,1556,2.446
8684,leoa,0,noun,1556,2.446
8685,pio,0,noun,1556,2.446
8686,sebo,0,noun,1556,2.446
8687,adesivo,0,noun,1555,2.444
8688,cubículo,0,noun,1555,2.444
8689,fetiche,0,noun,1555,2.444
8690,miligrama,0,noun,1555,2.444
8691,operativo,0,noun,1555,2.444
8692,robe,0,noun,1555,2.444
8693,aeródromo,0,noun,1554,2.443
8694,colado,0,adj,1554,2.443
8695,feno,0,noun,1554,2.443
8696,fornalha,0,noun,1554,2.443
8697,montante,0,noun,1554,2.443
8698,palavra-passe,0,noun,1554,2.443
8699,adiantado,0,adj,1553,2.441
8700,alegadamente,0,adv,1553,2.441
8701,amabilidade,0,noun,1553,2.441
8702,emprestado,0,noun,1553,2.441
8703,paradoxo,0,noun,1553,2.441
8704,perjúrio,0,noun,1553,2.441
8705,tentáculo,0,noun,1553,2.441
8706,arqueólogo,0,noun,1552,2.439
8707,arrepiar,0,verb,1552,2.439
8708,piora,0,noun,1552,2.439
8709,extorquir,0,verb,1551,2.438
8710,interditar,0,verb,1551,2.438
8711,estrear,0,verb,1550,2.436
8712,pinga,0,noun,1550,2.436
8713,socapa,0,noun,1550,2.436
8714,masturbação,0,noun,1549,2.435
8715,obsessivo,0,adj,1549,2.435
8716,pincel,0,noun,1549,2.435
8717,veludo,0,noun,1549,2.435
8718,accionistas,0,noun,1548,2.433
8719,barca,0,noun,1548,2.433
8720,comedor,0,noun,1547,2.432
8721,diretiva,0,noun,1547,2.432
8722,durão,0,noun,1547,2.432
8723,anfitriã,0,noun,1546,2.430
8724,débil,0,adj,1546,2.430
8725,desastroso,0,adj,1544,2.427
8726,lotar,0,verb,1544,2.427
8727,ring,0,noun,1544,2.427
8728,baril,0,adj,1543,2.425
8729,porta-luvas,0,noun,1543,2.425
8730,batimento cardíaco,1,mwe,1542,2.424
8731,horda,0,noun,1542,2.424
8732,óvulo,0,noun,1542,2.424
8733,beliscar,0,verb,1541,2.422
8734,criancinha,0,noun,1541,2.422
8735,homenagear,0,verb,1541,2.422
8736,mordida,0,noun,1541,2.422
8737,recaída,0,noun,1541,2.422
8738,varíola,0,noun,1541,2.422
8739,desintoxicação,0,noun,1540,2.421
8740,embriagado,0,adj,1540,2.421
8741,infiltração,0,noun,1540,2.421
8742,indeciso,0,adj,1539,2.419
8743,crês,0,adj,1538,2.417
8744,filhinha,0,noun,1538,2.417
8745,fútil,0,adj,1538,2.417
8746,giz,0,noun,1538,2.417
8747,refugiar,0,verb,1537,2.416
8748,mexerico,0,noun,1536,2.414
8749,vitela,0,noun,1536,2.414
8750,proveniente,0,adj,1535,2.413
8751,talho,0,noun,1535,2.413
8752,treinamento,0,noun,1535,2.413
8753,articulação,0,noun,1534,2.411
8754,aterra,0,noun,1533,2.410
8755,censura,0,noun,1532,2.408
8756,mimado,0,adj,1532,2.408
8757,prejudicial,0,adj,1532,2.408
8758,algemado,0,adj,1531,2.406
8759,clientela,0,noun,1531,2.406
8760,estilista,0,noun,1531,2.406
8761,gringo,0,noun,1531,2.406
8762,insuficiência,0,noun,1531,2.406
8763,designer,0,noun,1530,2.405
8764,entediante,0,adj,1530,2.405
8765,humm,0,noun,1530,2.405
8766,ratinho,0,noun,1530,2.405
8767,blackjack,0,noun,1529,2.403
8768,desci,0,unk,1528,2.402
8769,paixoneta,0,noun,1528,2.402
8770,vértebra,0,noun,1528,2.402
8771,adultério,0,noun,1527,2.400
8772,altruísta,0,adj,1527,2.400
8773,diagrama,0,noun,1527,2.400
8774,trabalhinho,0,noun,1527,2.400
8775,forçado,0,adj,1526,2.399
8776,sobressair,0,verb,1526,2.399
8777,stressante,0,adj,1526,2.399
8778,transe,0,noun,1526,2.399
8779,avalanche,0,noun,1525,2.397
8780,desforra,0,noun,1525,2.397
8781,reprovar,0,verb,1525,2.397
8782,vendar,0,verb,1525,2.397
8783,bobina,0,noun,1524,2.395
8784,despedimento,0,noun,1524,2.395
8785,estrondo,0,noun,1523,2.394
8786,hamster,0,noun,1523,2.394
8787,honroso,0,adj,1523,2.394
8788,redondo,0,noun,1523,2.394
8789,século xx,1,mwe,1523,2.394
8790,gráfico,0,adj,1522,2.392
8791,indigno,0,adj,1522,2.392
8792,turismo,0,noun,1522,2.392
8793,infantário,0,noun,1521,2.391
8794,sensei,0,noun,1521,2.391
8795,calçada,0,noun,1520,2.389
8796,inverso,0,adj,1520,2.389
8797,menosprezar,0,verb,1520,2.389
8798,want,0,noun,1518,2.386
8799,aspiração,0,noun,1517,2.384
8800,informante,0,noun,1517,2.384
8801,milionário,0,adj,1517,2.384
8802,cappuccino,0,noun,1516,2.383
8803,lira,0,noun,1516,2.383
8804,colocaa,0,unk,1515,2.381
8805,how,0,noun,1515,2.381
8806,indiano,0,noun,1515,2.381
8807,nitrato,0,noun,1515,2.381
8808,canadiano,0,adj,1514,2.380
8809,serva,0,noun,1514,2.380
8810,meramente,0,adv,1513,2.378
8811,segmento,0,noun,1513,2.378
8812,when,0,noun,1513,2.378
8813,clarificar,0,verb,1512,2.377
8814,encriptação,0,noun,1512,2.377
8815,defeituoso,0,adj,1511,2.375
8816,intensificar,0,verb,1511,2.375
8817,vadio,0,noun,1511,2.375
8818,democrático,0,adj,1510,2.373
8819,equivaler,0,verb,1510,2.373
8820,àquelas,0,det,1510,2.373
8821,escolhia,0,noun,1509,2.372
8822,manequim,0,noun,1509,2.372
8823,rouge,0,noun,1509,2.372
8824,desgastar,0,verb,1508,2.370
8825,lubrificante,0,noun,1508,2.370
8826,volt,0,noun,1508,2.370
8827,válido,0,verb,1508,2.370
8828,advocacia,0,noun,1507,2.369
8829,comunismo,0,noun,1507,2.369
8830,esperteza,0,noun,1507,2.369
8831,ante,0,prep,1506,2.367
8832,lesma,0,noun,1506,2.367
8833,primogénito,0,noun,1506,2.367
8834,aflição,0,noun,1505,2.366
8835,anti,0,noun,1505,2.366
8836,bem-sucedido,0,adj,1505,2.366
8837,cegueira,0,noun,1505,2.366
8838,inexperiente,0,adj,1505,2.366
8839,concreto,0,noun,1504,2.364
8840,imperativo,0,adj,1504,2.364
8841,inesquecível,0,adj,1504,2.364
8842,pestana,0,noun,1504,2.364
8843,uh-huh,0,intj,1504,2.364
8844,deixoa,0,noun,1503,2.362
8845,fodo,0,noun,1503,2.362
8846,sózinha,0,adj,1503,2.362
8847,desfecho,0,noun,1502,2.361
8848,saltos altos,1,mwe,1502,2.361
8849,son,0,noun,1502,2.361
8850,gorducho,0,adj,1501,2.359
8851,dinamarquês,0,adj,1500,2.358
8852,solidariedade,0,noun,1500,2.358
8853,totalidade,0,noun,1500,2.358
8854,pastelaria,0,noun,1499,2.356
8855,rixa,0,noun,1499,2.356
8856,colesterol,0,noun,1498,2.355
8857,habitualmente,0,adv,1498,2.355
8858,melancia,0,noun,1498,2.355
8859,pin,0,noun,1498,2.355
8860,talismã,0,noun,1498,2.355
8861,cuidados intensivos,1,mwe,1496,2.351
8862,trespassar,0,verb,1496,2.351
8863,anos-luz,0,noun,1495,2.350
8864,infalível,0,adj,1495,2.350
8865,scooter,0,noun,1495,2.350
8866,mitologia,0,noun,1494,2.348
8867,protestante,0,noun,1494,2.348
8868,rabinho,0,noun,1494,2.348
8869,continental,0,noun,1493,2.347
8870,crepe,0,noun,1493,2.347
8871,privilegiar,0,verb,1493,2.347
8872,descafeinado,0,adj,1492,2.345
8873,desconforto,0,noun,1492,2.345
8874,pasto,0,noun,1492,2.345
8875,preferível,0,adj,1492,2.345
8876,tração,0,noun,1492,2.345
8877,coitadinha,0,noun,1491,2.344
8878,guerrilha,0,noun,1491,2.344
8879,lavagem cerebral,1,mwe,1491,2.344
8880,misericordioso,0,adj,1491,2.344
8881,achoa,0,noun,1489,2.340
8882,deteção,0,noun,1489,2.340
8883,muleta,0,noun,1489,2.340
8884,sedento,0,adj,1489,2.340
8885,passadeira,0,noun,1488,2.339
8886,património,0,noun,1488,2.339
8887,premeditar,0,verb,1488,2.339
8888,roleta,0,noun,1488,2.339
8889,silo,0,noun,1488,2.339
8890,solenemente,0,adv,1488,2.339
8891,conjugal,0,adj,1487,2.337
8892,menção,0,noun,1487,2.337
8893,trio,0,noun,1487,2.337
8894,boche,0,noun,1486,2.336
8895,capô,0,noun,1486,2.336
8896,deixastea,0,unk,1486,2.336
8897,prevenção,0,noun,1486,2.336
8898,renegado,0,noun,1486,2.336
8899,delegacia,0,noun,1485,2.334
8900,embater,0,verb,1485,2.334
8901,exclusivamente,0,adv,1485,2.334
8902,refrescante,0,adj,1485,2.334
8903,egocêntrico,0,adj,1484,2.333
8904,hip,0,noun,1484,2.333
8905,orientador,0,noun,1484,2.333
8906,reunido,0,verb,1484,2.333
8907,sedução,0,noun,1483,2.331
8908,inflamável,0,adj,1482,2.329
8909,pipa,0,noun,1482,2.329
8910,característica,0,adj,1481,2.328
8911,galáctico,0,adj,1481,2.328
8912,massagista,0,noun,1481,2.328
8913,omeleta,0,noun,1481,2.328
8914,bailarino,0,noun,1480,2.326
8915,licitação,0,noun,1480,2.326
8916,malária,0,noun,1479,2.325
8917,men,0,noun,1479,2.325
8918,radiador,0,noun,1479,2.325
8919,bichinho,0,noun,1478,2.323
8920,destaque,0,noun,1478,2.323
8921,ménage,0,noun,1478,2.323
8922,simultaneamente,0,adv,1478,2.323
8923,autoestrada,0,noun,1477,2.322
8924,ensopado,0,adj,1477,2.322
8925,fiado,0,adj,1477,2.322
8926,submergir,0,verb,1477,2.322
8927,biológicas,0,noun,1476,2.320
8928,clicar,0,verb,1476,2.320
8929,vestuário,0,noun,1476,2.320
8930,brincalhão,0,noun,1475,2.318
8931,hardware,0,noun,1475,2.318
8932,pilinha,0,noun,1475,2.318
8933,pombinho,0,noun,1475,2.318
8934,aura,0,noun,1474,2.317
8935,cansaço,0,noun,1474,2.317
8936,curto-circuito,0,noun,1474,2.317
8937,iniciação,0,noun,1474,2.317
8938,mordo,0,intj,1474,2.317
8939,natalício,0,adj,1474,2.317
8940,esbarrar,0,verb,1472,2.314
8941,puramente,0,adv,1472,2.314
8942,trailer,0,noun,1472,2.314
8943,beldade,0,noun,1471,2.312
8944,platina,0,noun,1471,2.312
8945,quebra-cabeças,0,noun,1471,2.312
8946,afeição,0,noun,1470,2.311
8947,amiguinha,0,noun,1470,2.311
8948,boia,0,noun,1470,2.311
8949,aloha,0,noun,1469,2.309
8950,apelidar,0,verb,1469,2.309
8951,concluído,0,verb,1469,2.309
8952,nudez,0,noun,1469,2.309
8953,perspetivar,0,noun,1469,2.309
8954,reorganizar,0,verb,1469,2.309
8955,esquizofrenia,0,noun,1468,2.307
8956,comício,0,noun,1467,2.306
8957,justiceiro,0,noun,1467,2.306
8958,corroborar,0,verb,1466,2.304
8959,estratégico,0,adj,1466,2.304
8960,leproso,0,noun,1466,2.304
8961,opressão,0,noun,1466,2.304
8962,pronúncia,0,noun,1466,2.304
8963,pós-traumático,0,adj,1466,2.304
8964,viras,0,intj,1466,2.304
8965,blogue,0,noun,1465,2.303
8966,negociável,0,adj,1465,2.303
8967,transbordar,0,verb,1465,2.303
8968,atolado,0,adj,1464,2.301
8969,atropelamento,0,noun,1464,2.301
8970,áspero,0,adj,1464,2.301
8971,ajeitar,0,verb,1463,2.300
8972,hepatite,0,noun,1463,2.300
8973,lamechar,0,adj,1463,2.300
8974,soltaa,0,unk,1463,2.300
8975,abadia,0,noun,1462,2.298
8976,atlas,0,noun,1462,2.298
8977,constipado,0,adj,1462,2.298
8978,declínio,0,noun,1462,2.298
8979,passivo,0,adj,1462,2.298
8980,bono,0,noun,1461,2.296
8981,champagne,0,noun,1461,2.296
8982,crosta,0,noun,1461,2.296
8983,heroísmo,0,noun,1461,2.296
8984,odiamos,0,unk,1461,2.296
8985,profissionalmente,0,adv,1460,2.295
8986,maturidade,0,noun,1459,2.293
8987,assédio sexual,1,mwe,1458,2.292
8988,atendimento,0,noun,1458,2.292
8989,cato,0,noun,1458,2.292
8990,descongelar,0,verb,1458,2.292
8991,intrigado,0,adj,1458,2.292
8992,cólon,0,noun,1457,2.290
8993,firmeza,0,noun,1457,2.290
8994,numeroso,0,adj,1457,2.290
8995,marquês,0,noun,1456,2.289
8996,negligente,0,adj,1456,2.289
8997,tónico,0,adj,1456,2.289
8998,adiamento,0,noun,1455,2.287
8999,caco,0,noun,1454,2.285
9000,adereço,0,noun,1453,2.284
9001,lacuna,0,noun,1453,2.284
9002,pólen,0,noun,1453,2.284
9003,submerso,0,adj,1453,2.284
9004,vigiado,0,adj,1453,2.284
9005,arrasa,0,noun,1452,2.282
9006,beneficência,0,noun,1452,2.282
9007,clarão,0,noun,1452,2.282
9008,motivado,0,adj,1452,2.282
9009,presidencial,0,noun,1452,2.282
9010,videojogo,0,noun,1452,2.282
9011,macabro,0,adj,1451,2.281
9012,rolha,0,noun,1451,2.281
9013,conformar,0,verb,1450,2.279
9014,cheiroso,0,adj,1449,2.278
9015,homicida,0,noun,1449,2.278
9016,moranguita,0,noun,1449,2.278
9017,suma,0,noun,1449,2.278
9018,trapaceiro,0,noun,1449,2.278
9019,aprofundar,0,verb,1448,2.276
9020,saltador,0,noun,1448,2.276
9021,afinar,0,verb,1447,2.274
9022,monótono,0,adj,1447,2.274
9023,tórax,0,noun,1447,2.274
9024,demência,0,noun,1446,2.273
9025,careta,0,noun,1445,2.271
9026,comunicação social,1,mwe,1445,2.271
9027,garotinha,0,noun,1445,2.271
9028,trança,0,noun,1445,2.271
9029,comprometido,0,adj,1444,2.270
9030,hello,0,noun,1444,2.270
9031,inquietar,0,verb,1444,2.270
9032,possessão,0,noun,1444,2.270
9033,auditoria,0,noun,1443,2.268
9034,carimbo,0,noun,1443,2.268
9035,cobrador,0,noun,1443,2.268
9036,procriar,0,verb,1443,2.268
9037,borrão,0,noun,1442,2.267
9038,empregador,0,noun,1441,2.265
9039,finges,0,noun,1441,2.265
9040,vaqueiro,0,noun,1441,2.265
9041,asfixia,0,noun,1440,2.263
9042,assemelhar,0,verb,1440,2.263
9043,intrusão,0,noun,1440,2.263
9044,beisebol,0,noun,1439,2.262
9045,maleta,0,noun,1439,2.262
9046,mandão,0,adj,1439,2.262
9047,travessia,0,noun,1439,2.262
9048,absolvição,0,noun,1438,2.260
9049,canivete,0,noun,1438,2.260
9050,novata,0,noun,1438,2.260
9051,polar,0,adj,1438,2.260
9052,alternar,0,verb,1437,2.259
9053,break,0,noun,1437,2.259
9054,reanimação,0,noun,1437,2.259
9055,bíblico,0,adj,1436,2.257
9056,holocausto,0,noun,1436,2.257
9057,lírio,0,noun,1436,2.257
9058,meio-irmão,0,noun,1436,2.257
9059,aparelhagem,0,noun,1435,2.256
9060,importação,0,noun,1435,2.256
9061,refinado,0,adj,1435,2.256
9062,circunstancial,0,adj,1434,2.254
9063,perdoado,0,adj,1434,2.254
9064,uno,0,noun,1434,2.254
9065,climático,0,adj,1432,2.251
9066,joguinho,0,noun,1432,2.251
9067,pacificamente,0,adv,1432,2.251
9068,desígnio,0,noun,1431,2.249
9069,grua,0,noun,1431,2.249
9070,bandalho,0,noun,1430,2.248
9071,festivo,0,adj,1430,2.248
9072,frigideira,0,noun,1430,2.248
9073,repelir,0,verb,1430,2.248
9074,canário,0,noun,1429,2.246
9075,dispensável,0,adj,1429,2.246
9076,renegar,0,verb,1429,2.246
9077,iraniano,0,noun,1428,2.245
9078,meia-hora,0,noun,1428,2.245
9079,patinho,0,noun,1427,2.243
9080,republicano,0,adj,1427,2.243
9081,bárbaro,0,adj,1426,2.241
9082,invejoso,0,adj,1426,2.241
9083,refresco,0,noun,1426,2.241
9084,atordoar,0,verb,1425,2.240
9085,risada,0,noun,1425,2.240
9086,coelhinha,0,noun,1424,2.238
9087,decepcionar,0,verb,1424,2.238
9088,detergente,0,noun,1424,2.238
9089,escrúpulo,0,noun,1424,2.238
9090,fedorento,0,adj,1424,2.238
9091,idolatrar,0,verb,1424,2.238
9092,inestimável,0,adj,1424,2.238
9093,lástima,0,noun,1423,2.237
9094,homo,0,noun,1422,2.235
9095,incapacitado,0,adj,1422,2.235
9096,roxo,0,noun,1422,2.235
9097,arruaceiro,0,noun,1420,2.232
9098,coxear,0,noun,1420,2.232
9099,incompetência,0,noun,1420,2.232
9100,abstinência,0,noun,1419,2.230
9101,austríaco,0,adj,1419,2.230
9102,pulo,0,noun,1419,2.230
9103,continuamente,0,adv,1418,2.229
9104,ressentir,0,verb,1418,2.229
9105,safari,0,noun,1418,2.229
9106,bobagem,0,noun,1417,2.227
9107,canibal,0,adj,1417,2.227
9108,desarrumar,0,verb,1417,2.227
9109,from,0,noun,1417,2.227
9110,pedinte,0,noun,1417,2.227
9111,provérbio,0,noun,1417,2.227
9112,histeria,0,noun,1416,2.226
9113,puma,0,noun,1416,2.226
9114,sniper,0,noun,1416,2.226
9115,calçado,0,noun,1415,2.224
9116,head,0,noun,1415,2.224
9117,magnata,0,noun,1415,2.224
9118,embrulhada,0,noun,1414,2.223
9119,extintor,0,noun,1414,2.223
9120,marmelada,0,noun,1414,2.223
9121,remexer,0,verb,1414,2.223
9122,embrião,0,noun,1413,2.221
9123,alinhado,0,adj,1412,2.219
9124,bombom,0,noun,1412,2.219
9125,cool,0,noun,1412,2.219
9126,gnomo,0,noun,1412,2.219
9127,hiperespaço,0,noun,1412,2.219
9128,irromper,0,verb,1412,2.219
9129,loura,0,noun,1412,2.219
9130,altifalante,0,noun,1411,2.218
9131,desumano,0,adj,1411,2.218
9132,envolto,0,verb,1411,2.218
9133,estancar,0,verb,1411,2.218
9134,here,0,noun,1411,2.218
9135,incompetente,0,noun,1411,2.218
9136,recheio,0,noun,1411,2.218
9137,relutante,0,adj,1411,2.218
9138,simultâneo,0,adj,1411,2.218
9139,dedução,0,noun,1410,2.216
9140,enojar,0,verb,1410,2.216
9141,desmembrar,0,verb,1409,2.215
9142,individuo,0,noun,1409,2.215
9143,persa,0,adj,1409,2.215
9144,delirante,0,adj,1408,2.213
9145,listar,0,verb,1408,2.213
9146,parteira,0,noun,1408,2.213
9147,âmbar,0,noun,1408,2.213
9148,amen,0,noun,1407,2.212
9149,cheese,0,noun,1406,2.210
9150,desfeito,0,verb,1406,2.210
9151,equador,0,noun,1406,2.210
9152,quilate,0,noun,1406,2.210
9153,vaidoso,0,adj,1406,2.210
9154,costa rica,1,mwe,1405,2.208
9155,eletricista,0,noun,1405,2.208
9156,inversão,0,noun,1405,2.208
9157,palhinha,0,noun,1405,2.208
9158,vovô,0,intj,1405,2.208
9159,zumbido,0,noun,1405,2.208
9160,ata,0,noun,1404,2.207
9161,anime,0,intj,1403,2.205
9162,beijinho,0,noun,1402,2.204
9163,ugh,0,unk,1402,2.204
9164,bronca,0,noun,1401,2.202
9165,configuração,0,noun,1401,2.202
9166,fiambre,0,noun,1401,2.202
9167,próstata,0,noun,1401,2.202
9168,tártaro,0,noun,1401,2.202
9169,corporativo,0,adj,1400,2.201
9170,egoísmo,0,noun,1400,2.201
9171,atmosférico,0,adj,1399,2.199
9172,blur,0,noun,1399,2.199
9173,desagradar,0,verb,1399,2.199
9174,esfriar,0,verb,1399,2.199
9175,socialmente,0,adv,1399,2.199
9176,acatar,0,verb,1398,2.197
9177,pradaria,0,noun,1398,2.197
9178,emissor,0,noun,1397,2.196
9179,manobrar,0,verb,1397,2.196
9180,narrativa,0,noun,1397,2.196
9181,zen,0,adj,1397,2.196
9182,baby-sitter,0,noun,1396,2.194
9183,expulsão,0,noun,1396,2.194
9184,notificação,0,noun,1396,2.194
9185,transtornar,0,verb,1395,2.193
9186,derby,0,noun,1394,2.191
9187,imperfeito,0,adj,1394,2.191
9188,esplendor,0,noun,1393,2.190
9189,verniz,0,noun,1393,2.190
9190,vulnerabilidade,0,noun,1393,2.190
9191,engenhoca,0,noun,1392,2.188
9192,esfregona,0,noun,1392,2.188
9193,firmemente,0,adv,1392,2.188
9194,holográfico,0,adj,1392,2.188
9195,imunitário,0,adj,1392,2.188
9196,minimamente,0,adv,1392,2.188
9197,pulsar,0,noun,1392,2.188
9198,was,0,noun,1392,2.188
9199,insensato,0,adj,1391,2.186
9200,revoltado,0,adj,1391,2.186
9201,atraiçoar,0,verb,1390,2.185
9202,cateter,0,noun,1390,2.185
9203,interrogação,0,noun,1390,2.185
9204,dióxido,0,noun,1389,2.183
9205,legendar,0,verb,1389,2.183
9206,pétala,0,noun,1389,2.183
9207,salpico,0,noun,1389,2.183
9208,nitrogénio,0,noun,1388,2.182
9209,ternura,0,noun,1388,2.182
9210,antidepressivo,0,noun,1387,2.180
9211,atendeste,0,intj,1387,2.180
9212,chacal,0,noun,1387,2.180
9213,prótese,0,noun,1387,2.180
9214,armação,0,noun,1386,2.179
9215,descalçar,0,verb,1386,2.179
9216,misericordioso,0,noun,1386,2.179
9217,selecionar,0,verb,1386,2.179
9218,devolução,0,noun,1385,2.177
9219,elástico,0,noun,1385,2.177
9220,pró,0,adj,1385,2.177
9221,ténue,0,adj,1385,2.177
9222,uivar,0,verb,1385,2.177
9223,consagrar,0,verb,1384,2.175
9224,explícito,0,adj,1384,2.175
9225,petrolífero,0,adj,1384,2.175
9226,sonâmbulo,0,noun,1384,2.175
9227,desfrute,0,verb,1383,2.174
9228,emblema,0,noun,1383,2.174
9229,puberdade,0,noun,1383,2.174
9230,sangramento,0,noun,1383,2.174
9231,talão,0,noun,1383,2.174
9232,apetitoso,0,adj,1382,2.172
9233,assessor,0,noun,1382,2.172
9234,clavícula,0,noun,1382,2.172
9235,pretensão,0,noun,1382,2.172
9236,sinfonia,0,noun,1382,2.172
9237,íris,0,noun,1382,2.172
9238,corcunda,0,noun,1381,2.171
9239,derramamento,0,noun,1381,2.171
9240,forreta,0,adj,1381,2.171
9241,premonição,0,noun,1381,2.171
9242,agarraa,0,unk,1380,2.169
9243,contradição,0,noun,1380,2.169
9244,detrito,0,noun,1380,2.169
9245,embaraçado,0,adj,1380,2.169
9246,farpar,0,verb,1380,2.169
9247,materno,0,adj,1380,2.169
9248,prestável,0,adj,1380,2.169
9249,vinagre,0,noun,1380,2.169
9250,continuação,0,noun,1379,2.168
9251,répteis,0,noun,1378,2.166
9252,grotesco,0,adj,1377,2.164
9253,hard,0,noun,1377,2.164
9254,incinerar,0,verb,1377,2.164
9255,sublime,0,adj,1377,2.164
9256,insubs,0,noun,1376,2.163
9257,intrigar,0,noun,1376,2.163
9258,mesada,0,noun,1376,2.163
9259,raios-x,0,noun,1376,2.163
9260,visualização,0,noun,1376,2.163
9261,hand,0,noun,1375,2.161
9262,importunar,0,verb,1375,2.161
9263,dia-a-dia,0,noun,1374,2.160
9264,iraquiano,0,noun,1373,2.158
9265,lancha,0,noun,1373,2.158
9266,versus,0,prep,1373,2.158
9267,nadinha,0,noun,1372,2.157
9268,numérico,0,adj,1372,2.157
9269,penetração,0,noun,1372,2.157
9270,temível,0,adj,1372,2.157
9271,transgressão,0,noun,1372,2.157
9272,fodasse,0,intj,1371,2.155
9273,poluir,0,verb,1371,2.155
9274,quadril,0,noun,1371,2.155
9275,loção,0,noun,1370,2.153
9276,operatório,0,adj,1370,2.153
9277,sinistra,0,adj,1370,2.153
9278,hipocrisia,0,noun,1369,2.152
9279,precoce,0,adj,1369,2.152
9280,tensão arterial,1,mwe,1369,2.152
9281,amêijoa,0,noun,1368,2.150
9282,bacia,0,noun,1368,2.150
9283,contorcer,0,verb,1368,2.150
9284,toro,0,noun,1368,2.150
9285,atiraa,0,unk,1367,2.149
9286,gengibre,0,noun,1367,2.149
9287,mail,0,noun,1367,2.149
9288,patrono,0,noun,1367,2.149
9289,projetor,0,noun,1367,2.149
9290,psicótica,0,adj,1366,2.147
9291,roulotte,0,noun,1366,2.147
9292,sérvio,0,noun,1366,2.147
9293,cozinhado,0,noun,1365,2.146
9294,evasão,0,noun,1365,2.146
9295,imoral,0,adj,1365,2.146
9296,estagiária,0,noun,1364,2.144
9297,pendura,0,noun,1364,2.144
9298,nódoas negras,1,mwe,1363,2.142
9299,pager,0,noun,1363,2.142
9300,questionário,0,noun,1363,2.142
9301,hurra,0,noun,1362,2.141
9302,remendar,0,verb,1362,2.141
9303,say,0,unk,1362,2.141
9304,selado,0,adj,1362,2.141
9305,know,0,unk,1361,2.139
9306,lavrador,0,noun,1361,2.139
9307,acertado,0,adj,1360,2.138
9308,collants,0,noun,1360,2.138
9309,guitarrista,0,noun,1360,2.138
9310,propagar,0,verb,1360,2.138
9311,escoteiro,0,noun,1359,2.136
9312,interceção,0,noun,1359,2.136
9313,neblina,0,noun,1359,2.136
9314,divergência,0,noun,1358,2.135
9315,dorido,0,adj,1358,2.135
9316,pomposo,0,adj,1358,2.135
9317,armando,0,noun,1357,2.133
9318,maconha,0,noun,1356,2.131
9319,quilômetros,0,noun,1356,2.131
9320,aniversariante,0,noun,1355,2.130
9321,holandês,0,noun,1355,2.130
9322,nado,0,noun,1355,2.130
9323,pr,0,noun,1355,2.130
9324,virtualmente,0,adv,1355,2.130
9325,relevância,0,noun,1354,2.128
9326,desportista,0,noun,1353,2.127
9327,guerrilheiro,0,noun,1353,2.127
9328,preenchido,0,adj,1353,2.127
9329,replicar,0,verb,1353,2.127
9330,xeque,0,intj,1353,2.127
9331,burrito,0,noun,1352,2.125
9332,encravado,0,adj,1351,2.123
9333,penitência,0,noun,1351,2.123
9334,psicose,0,noun,1351,2.123
9335,servido,0,adj,1351,2.123
9336,respeitosamente,0,adv,1350,2.122
9337,chiclete,0,noun,1349,2.120
9338,contingência,0,noun,1349,2.120
9339,estrutural,0,adj,1349,2.120
9340,gorro,0,noun,1349,2.120
9341,eufemismo,0,noun,1348,2.119
9342,legendas originais,1,mwe,1348,2.119
9343,reembolsar,0,verb,1348,2.119
9344,suscetível,0,adj,1348,2.119
9345,ameaçado,0,adj,1347,2.117
9346,carrada,0,noun,1347,2.117
9347,lóbulo,0,noun,1347,2.117
9348,persistir,0,verb,1347,2.117
9349,rodeo,0,noun,1347,2.117
9350,chat,0,noun,1346,2.116
9351,convenientemente,0,adv,1346,2.116
9352,diesel,0,noun,1346,2.116
9353,tofu,0,noun,1346,2.116
9354,bermudas,0,noun,1345,2.114
9355,cavalinho,0,noun,1345,2.114
9356,cívico,0,adj,1345,2.114
9357,encalhar,0,verb,1345,2.114
9358,especificar,0,verb,1345,2.114
9359,estã,0,intj,1345,2.114
9360,apavorar,0,verb,1344,2.112
9361,consolação,0,noun,1344,2.112
9362,saldar,0,verb,1344,2.112
9363,medicar,0,verb,1343,2.111
9364,bafo,0,noun,1342,2.109
9365,horrivelmente,0,adv,1342,2.109
9366,marujo,0,noun,1342,2.109
9367,ping,0,noun,1342,2.109
9368,túnica,0,noun,1342,2.109
9369,insatisfeito,0,adj,1341,2.108
9370,preservação,0,noun,1341,2.108
9371,trufa,0,noun,1341,2.108
9372,nascente,0,noun,1340,2.106
9373,olfato,0,noun,1340,2.106
9374,formigueiro,0,noun,1339,2.105
9375,gaze,0,noun,1339,2.105
9376,provisório,0,adj,1339,2.105
9377,cabecinha,0,noun,1338,2.103
9378,despacho,0,noun,1338,2.103
9379,apegar,0,verb,1337,2.101
9380,triangular,0,verb,1337,2.101
9381,anticorpo,0,noun,1336,2.100
9382,carona,0,noun,1336,2.100
9383,cerrar,0,verb,1336,2.100
9384,evasivo,0,adj,1336,2.100
9385,mega,0,adj,1336,2.100
9386,asno,0,noun,1335,2.098
9387,assombroso,0,adj,1335,2.098
9388,hiena,0,noun,1335,2.098
9389,inflamar,0,verb,1335,2.098
9390,inovação,0,noun,1335,2.098
9391,lacrosse,0,noun,1335,2.098
9392,testosterona,0,noun,1335,2.098
9393,viragem,0,noun,1335,2.098
9394,antecessor,0,noun,1334,2.097
9395,arame farpado,1,mwe,1334,2.097
9396,cerâmica,0,noun,1333,2.095
9397,divagar,0,verb,1333,2.095
9398,heart,0,noun,1333,2.095
9399,micro-ondas,0,noun,1333,2.095
9400,ponteiro,0,noun,1333,2.095
9401,benéfico,0,adj,1332,2.094
9402,executor,0,noun,1332,2.094
9403,adoravas,0,unk,1331,2.092
9404,australiano,0,noun,1331,2.092
9405,mística,0,adj,1331,2.092
9406,preventivo,0,adj,1331,2.092
9407,efetivo,0,adj,1330,2.090
9408,iraquiano,0,adj,1330,2.090
9409,neurótico,0,adj,1330,2.090
9410,bué,0,noun,1329,2.089
9411,contrabandista,0,adj,1329,2.089
9412,distorção,0,noun,1328,2.087
9413,ebay,0,noun,1328,2.087
9414,montra,0,noun,1328,2.087
9415,moribundo,0,noun,1328,2.087
9416,produtora,0,noun,1328,2.087
9417,racha,0,noun,1328,2.087
9418,ratoeira,0,noun,1328,2.087
9419,solene,0,adj,1328,2.087
9420,concorrente,0,adj,1327,2.086
9421,palavra-chave,0,noun,1327,2.086
9422,refinaria,0,noun,1327,2.086
9423,acompanhamento,0,noun,1326,2.084
9424,anonimato,0,noun,1326,2.084
9425,colhões,0,noun,1326,2.084
9426,puxo,0,noun,1326,2.084
9427,retrair,0,verb,1326,2.084
9428,secador,0,noun,1326,2.084
9429,superioridade,0,noun,1326,2.084
9430,vigília,0,noun,1326,2.084
9431,amada,0,noun,1325,2.083
9432,cobardolas,0,noun,1325,2.083
9433,auditivo,0,adj,1324,2.081
9434,botija,0,noun,1324,2.081
9435,chibo,0,noun,1324,2.081
9436,multimilionário,0,adj,1324,2.081
9437,junção,0,noun,1323,2.079
9438,limusine,0,noun,1323,2.079
9439,monarca,0,noun,1323,2.079
9440,tendão,0,noun,1323,2.079
9441,viajem,0,noun,1323,2.079
9442,concerteza,0,noun,1322,2.078
9443,experimento,0,noun,1322,2.078
9444,intimidação,0,noun,1322,2.078
9445,macaquinho,0,noun,1322,2.078
9446,pediatra,0,noun,1322,2.078
9447,saciar,0,verb,1322,2.078
9448,unânime,0,adj,1322,2.078
9449,vice-rei,0,noun,1322,2.078
9450,inchado,0,adj,1321,2.076
9451,reconciliação,0,noun,1321,2.076
9452,vagar,0,verb,1321,2.076
9453,atualizado,0,verb,1320,2.075
9454,propina,0,noun,1320,2.075
9455,queima-roupa,0,noun,1320,2.075
9456,sírio,0,noun,1320,2.075
9457,vudu,0,noun,1320,2.075
9458,desconfiança,0,noun,1319,2.073
9459,ferro-velho,0,noun,1319,2.073
9460,infortúnio,0,noun,1319,2.073
9461,ateu,0,noun,1318,2.072
9462,camuflar,0,verb,1318,2.072
9463,comprimir,0,verb,1318,2.072
9464,entusiasta,0,adj,1318,2.072
9465,hola,0,noun,1318,2.072
9466,rumar,0,verb,1318,2.072
9467,cacau,0,noun,1317,2.070
9468,danos colaterais,1,mwe,1317,2.070
9469,escaravelho,0,noun,1317,2.070
9470,frx,0,noun,1317,2.070
9471,incursão,0,noun,1317,2.070
9472,remarcar,0,verb,1317,2.070
9473,virtuoso,0,adj,1317,2.070
9474,budista,0,adj,1316,2.068
9475,caráter,0,noun,1316,2.068
9476,cuspo,0,noun,1316,2.068
9477,engrenagem,0,noun,1316,2.068
9478,indisposto,0,adj,1316,2.068
9479,rajada,0,noun,1316,2.068
9480,eletrocutar,0,verb,1315,2.067
9481,estirpe,0,noun,1315,2.067
9482,preceder,0,verb,1315,2.067
9483,prostituto,0,noun,1315,2.067
9484,apóstolo,0,noun,1314,2.065
9485,crepúsculo,0,noun,1314,2.065
9486,marada,0,verb,1314,2.065
9487,cidadã,0,noun,1312,2.062
9488,degolar,0,verb,1312,2.062
9489,embuste,0,noun,1312,2.062
9490,espirituoso,0,adj,1312,2.062
9491,modéstia,0,noun,1312,2.062
9492,rapagão,0,noun,1312,2.062
9493,remontar,0,verb,1312,2.062
9494,severamente,0,adv,1312,2.062
9495,soul,0,noun,1312,2.062
9496,emagrecer,0,verb,1311,2.061
9497,expediente,0,noun,1311,2.061
9498,blindado,0,noun,1310,2.059
9499,literal,0,adj,1310,2.059
9500,amplificador,0,noun,1309,2.057
9501,cupido,0,noun,1309,2.057
9502,desamparar,0,verb,1309,2.057
9503,legislação,0,noun,1309,2.057
9504,oferecida,0,noun,1309,2.057
9505,retardado,0,noun,1309,2.057
9506,ball,0,noun,1308,2.056
9507,caneco,0,noun,1308,2.056
9508,salientar,0,verb,1308,2.056
9509,contaminado,0,adj,1307,2.054
9510,desembarque,0,noun,1307,2.054
9511,artrite,0,noun,1306,2.053
9512,corretar,0,adj,1306,2.053
9513,estandarte,0,noun,1306,2.053
9514,festinha,0,noun,1306,2.053
9515,abade,0,noun,1305,2.051
9516,aorta,0,noun,1305,2.051
9517,comestível,0,adj,1305,2.051
9518,monsenhor,0,noun,1305,2.051
9519,desarmado,0,adj,1304,2.050
9520,disfunção,0,noun,1304,2.050
9521,fascista,0,noun,1304,2.050
9522,fictício,0,adj,1304,2.050
9523,olhinho,0,noun,1304,2.050
9524,boda,0,noun,1303,2.048
9525,estaca zero,1,mwe,1303,2.048
9526,apanhada,0,noun,1302,2.046
9527,cockpit,0,noun,1302,2.046
9528,hemorragia interna,1,mwe,1302,2.046
9529,ilícito,0,adj,1302,2.046
9530,insinuação,0,noun,1302,2.046
9531,serrar,0,verb,1302,2.046
9532,deck,0,noun,1301,2.045
9533,descarrilar,0,noun,1301,2.045
9534,feminista,0,adj,1301,2.045
9535,laia,0,noun,1301,2.045
9536,merdosa,0,adj,1301,2.045
9537,mutilação,0,noun,1301,2.045
9538,varão,0,noun,1301,2.045
9539,caixinha,0,noun,1300,2.043
9540,cher,0,unk,1300,2.043
9541,decadência,0,noun,1300,2.043
9542,degenerar,0,verb,1300,2.043
9543,arranha-céus,0,noun,1299,2.042
9544,manager,0,noun,1299,2.042
9545,polar,0,noun,1299,2.042
9546,imparcial,0,adj,1298,2.040
9547,alçapão,0,noun,1297,2.039
9548,cifra,0,noun,1297,2.039
9549,comodoro,0,adj,1297,2.039
9550,espiã,0,noun,1297,2.039
9551,idoso,0,adj,1297,2.039
9552,padeiro,0,noun,1297,2.039
9553,recair,0,verb,1297,2.039
9554,indispensável,0,adj,1296,2.037
9555,robótica,0,noun,1296,2.037
9556,salina,0,noun,1296,2.037
9557,conserto,0,noun,1295,2.035
9558,voadora,0,noun,1295,2.035
9559,injustamente,0,adv,1294,2.034
9560,destacado,0,verb,1293,2.032
9561,déjà,0,noun,1293,2.032
9562,resmungar,0,verb,1293,2.032
9563,descascar,0,verb,1292,2.031
9564,repercussão,0,noun,1292,2.031
9565,sina,0,noun,1292,2.031
9566,urgentemente,0,adv,1292,2.031
9567,afiado,0,adj,1291,2.029
9568,caldo,0,noun,1291,2.029
9569,desodorizante,0,noun,1291,2.029
9570,dispendioso,0,adj,1291,2.029
9571,ecológico,0,adj,1291,2.029
9572,suspense,0,noun,1291,2.029
9573,usual,0,adj,1291,2.029
9574,ânus,0,noun,1291,2.029
9575,amnistia,0,noun,1290,2.028
9576,paternal,0,adj,1290,2.028
9577,patriótico,0,adj,1290,2.028
9578,cesariana,0,noun,1289,2.026
9579,condor,0,noun,1289,2.026
9580,heh,0,intj,1289,2.026
9581,indefinidamente,0,adv,1289,2.026
9582,lazer,0,noun,1289,2.026
9583,provação,0,noun,1289,2.026
9584,stick,0,noun,1289,2.026
9585,conquistador,0,noun,1288,2.024
9586,retina,0,noun,1288,2.024
9587,bypass,0,noun,1287,2.023
9588,cachorro-quente,0,noun,1286,2.021
9589,cântico,0,noun,1286,2.021
9590,free,0,noun,1286,2.021
9591,look,0,unk,1286,2.021
9592,pirataria,0,noun,1285,2.020
9593,caldeirão,0,noun,1284,2.018
9594,espartano,0,adj,1284,2.018
9595,financeiramente,0,adv,1284,2.018
9596,impensável,0,noun,1284,2.018
9597,meteorológico,0,adj,1284,2.018
9598,barrar,0,verb,1283,2.017
9599,camareiro,0,noun,1283,2.017
9600,caserna,0,noun,1283,2.017
9601,checar,0,verb,1283,2.017
9602,controvérsia,0,noun,1283,2.017
9603,encruzilhada,0,noun,1283,2.017
9604,bla,0,intj,1282,2.015
9605,demo,0,noun,1282,2.015
9606,errante,0,adj,1282,2.015
9607,intestinal,0,adj,1282,2.015
9608,limpinho,0,adj,1282,2.015
9609,clérigo,0,noun,1281,2.013
9610,engendrar,0,verb,1281,2.013
9611,prezar,0,verb,1281,2.013
9612,reclusa,0,noun,1281,2.013
9613,talibãs,0,noun,1281,2.013
9614,ápice,0,noun,1281,2.013
9615,odiado,0,adj,1280,2.012
9616,redes sociais,1,mwe,1280,2.012
9617,ferrugem,0,noun,1279,2.010
9618,residencial,0,adj,1279,2.010
9619,sintonizar,0,verb,1279,2.010
9620,sync,0,noun,1279,2.010
9621,ajudaa,0,unk,1278,2.009
9622,chihuahua,0,noun,1278,2.009
9623,exaustivo,0,adj,1276,2.006
9624,exportação,0,noun,1276,2.006
9625,proibição,0,noun,1276,2.006
9626,astral,0,adj,1275,2.004
9627,conversão,0,noun,1275,2.004
9628,moer,0,verb,1274,2.002
9629,oprimir,0,verb,1274,2.002
9630,pastel,0,noun,1274,2.002
9631,reciclagem,0,noun,1274,2.002
9632,simulador,0,noun,1274,2.002
9633,xau,0,intj,1274,2.002
9634,coligação,0,noun,1273,2.001
9635,despachado,0,adj,1273,2.001
9636,humildemente,0,adv,1273,2.001
9637,incondicional,0,adj,1273,2.001
9638,concluído,0,adj,1272,1.999
9639,fluído,0,noun,1272,1.999
9640,intensamente,0,adv,1272,1.999
9641,levantado,0,adj,1272,1.999
9642,limiar,0,noun,1272,1.999
9643,mulherengo,0,noun,1272,1.999
9644,pingo,0,noun,1272,1.999
9645,teatral,0,adj,1272,1.999
9646,dominó,0,noun,1271,1.998
9647,gótico,0,adj,1271,1.998
9648,pitada,0,noun,1271,1.998
9649,acionar,0,verb,1270,1.996
9650,crucifixo,0,noun,1270,1.996
9651,hipotético,0,adj,1270,1.996
9652,dócil,0,adj,1269,1.995
9653,maternal,0,adj,1269,1.995
9654,peregrinação,0,noun,1269,1.995
9655,adequadamente,0,adv,1268,1.993
9656,cobrança,0,noun,1268,1.993
9657,doi,0,intj,1268,1.993
9658,espadachim,0,noun,1268,1.993
9659,gradualmente,0,adv,1268,1.993
9660,inspetora,0,noun,1268,1.993
9661,zelar,0,verb,1268,1.993
9662,amolecer,0,verb,1267,1.991
9663,apartar,0,verb,1267,1.991
9664,cronómetro,0,noun,1267,1.991
9665,cultivo,0,noun,1267,1.991
9666,célebre,0,adj,1267,1.991
9667,nunotr,0,noun,1267,1.991
9668,néctar,0,noun,1267,1.991
9669,queridinho,0,adj,1267,1.991
9670,audácia,0,noun,1266,1.990
9671,briefing,0,noun,1266,1.990
9672,tecer,0,verb,1266,1.990
9673,disquete,0,noun,1265,1.988
9674,fogo-de-artifício,0,noun,1265,1.988
9675,hipopótamo,0,noun,1265,1.988
9676,impingir,0,verb,1265,1.988
9677,odeioa,0,noun,1265,1.988
9678,autoclismo,0,noun,1264,1.987
9679,cronometrar,0,verb,1264,1.987
9680,doa,0,noun,1264,1.987
9681,estudioso,0,noun,1264,1.987
9682,seção,0,noun,1264,1.987
9683,traumatizado,0,adj,1264,1.987
9684,desolar,0,verb,1263,1.985
9685,encalço,0,noun,1263,1.985
9686,exibicionista,0,adj,1263,1.985
9687,latitude,0,noun,1263,1.985
9688,restauração,0,noun,1263,1.985
9689,conclusivo,0,adj,1261,1.982
9690,cálcio,0,noun,1261,1.982
9691,entristecer,0,verb,1261,1.982
9692,pálpebra,0,noun,1261,1.982
9693,autodestruição,0,noun,1260,1.980
9694,recapitular,0,verb,1260,1.980
9695,silicone,0,noun,1260,1.980
9696,variado,0,adj,1260,1.980
9697,bugiganga,0,noun,1259,1.979
9698,hepático,0,adj,1259,1.979
9699,resort,0,noun,1259,1.979
9700,cidadania,0,noun,1258,1.977
9701,desmaio,0,noun,1258,1.977
9702,farrapo,0,noun,1258,1.977
9703,metano,0,noun,1258,1.977
9704,meteorologia,0,noun,1258,1.977
9705,pertinente,0,adj,1258,1.977
9706,suplente,0,adj,1258,1.977
9707,subtileza,0,noun,1257,1.976
9708,capitalismo,0,noun,1256,1.974
9709,contraste,0,noun,1256,1.974
9710,raso,0,adj,1256,1.974
9711,teletransporte,0,noun,1256,1.974
9712,atlético,0,adj,1255,1.973
9713,daninho,0,adj,1255,1.973
9714,decadente,0,adj,1255,1.973
9715,desprevenir,0,verb,1255,1.973
9716,dormias,0,noun,1255,1.973
9717,yin,0,noun,1255,1.973
9718,box,0,noun,1254,1.971
9719,encarcerar,0,verb,1254,1.971
9720,ficheiros secretos,1,mwe,1254,1.971
9721,tornar-se-á,0,unk,1254,1.971
9722,vigarice,0,noun,1254,1.971
9723,vínculo,0,noun,1254,1.971
9724,holofote,0,noun,1253,1.969
9725,pontiagudo,0,adj,1253,1.969
9726,cinta,0,noun,1252,1.968
9727,emocionar,0,verb,1252,1.968
9728,encharcar,0,verb,1252,1.968
9729,miudinha,0,noun,1252,1.968
9730,étnico,0,adj,1252,1.968
9731,carente,0,adj,1251,1.966
9732,quarteto,0,noun,1251,1.966
9733,mandeia,0,noun,1250,1.965
9734,golf,0,noun,1249,1.963
9735,slide,0,noun,1249,1.963
9736,castrar,0,verb,1248,1.962
9737,metea,0,unk,1248,1.962
9738,oleoduto,0,noun,1248,1.962
9739,sulista,0,adj,1248,1.962
9740,cibernético,0,adj,1247,1.960
9741,coreano,0,noun,1247,1.960
9742,framboesa,0,noun,1247,1.960
9743,variável,0,adj,1247,1.960
9744,azedo,0,adj,1246,1.958
9745,barbearia,0,noun,1246,1.958
9746,pavão,0,noun,1246,1.958
9747,talher,0,verb,1246,1.958
9748,alvorada,0,noun,1245,1.957
9749,conheciaa,0,unk,1245,1.957
9750,contrabandista,0,noun,1245,1.957
9751,desinfetar,0,verb,1245,1.957
9752,tournée,0,noun,1245,1.957
9753,excremento,0,noun,1244,1.955
9754,metropolitana,0,noun,1244,1.955
9755,rivalidade,0,noun,1244,1.955
9756,adoração,0,noun,1243,1.954
9757,babá,0,noun,1243,1.954
9758,doo,0,noun,1242,1.952
9759,coreografia,0,noun,1241,1.951
9760,desmanchar,0,verb,1240,1.949
9761,cacete,0,noun,1239,1.947
9762,domesticar,0,verb,1239,1.947
9763,estrangulamento,0,noun,1239,1.947
9764,segredinho,0,noun,1239,1.947
9765,sinistro,0,adj,1239,1.947
9766,atrativo,0,adj,1238,1.946
9767,inquisição,0,noun,1238,1.946
9768,vandalismo,0,noun,1238,1.946
9769,drogou,0,verb,1237,1.944
9770,inteligência artificial,1,mwe,1237,1.944
9771,envenenado,0,adj,1236,1.943
9772,façanha,0,noun,1236,1.943
9773,vangloriar,0,verb,1236,1.943
9774,orifício,0,noun,1235,1.941
9775,salteador,0,noun,1235,1.941
9776,benfeitor,0,noun,1234,1.940
9777,degradar,0,verb,1234,1.940
9778,vulcânico,0,adj,1234,1.940
9779,cristiano,0,adj,1233,1.938
9780,hackear,0,verb,1233,1.938
9781,touché,0,noun,1233,1.938
9782,embaixadora,0,noun,1232,1.936
9783,indisponível,0,adj,1232,1.936
9784,peida,0,noun,1232,1.936
9785,fraturar,0,adj,1231,1.935
9786,rasgado,0,verb,1231,1.935
9787,see,0,noun,1231,1.935
9788,estatura,0,noun,1230,1.933
9789,esventrar,0,verb,1230,1.933
9790,liberal,0,noun,1230,1.933
9791,submissão,0,noun,1230,1.933
9792,temido,0,adj,1230,1.933
9793,crazy,0,noun,1229,1.932
9794,fora-da-lei,0,noun,1229,1.932
9795,familiarizar,0,verb,1228,1.930
9796,heresia,0,noun,1228,1.930
9797,morto-vivo,0,noun,1228,1.930
9798,musculado,0,adj,1228,1.930
9799,nicotina,0,noun,1228,1.930
9800,sósia,0,noun,1228,1.930
9801,ursa,0,noun,1228,1.930
9802,guardiã,0,noun,1227,1.929
9803,imbatível,0,adj,1227,1.929
9804,prognóstico,0,noun,1227,1.929
9805,classificado,0,verb,1226,1.927
9806,acrobacia,0,noun,1225,1.925
9807,constatar,0,verb,1225,1.925
9808,idosa,0,noun,1225,1.925
9809,persiana,0,noun,1225,1.925
9810,afixar,0,verb,1224,1.924
9811,atraído,0,adj,1224,1.924
9812,dialeto,0,noun,1224,1.924
9813,fraturar,0,verb,1224,1.924
9814,nebulosa,0,noun,1224,1.924
9815,reality,0,noun,1224,1.924
9816,tlfonseca,0,noun,1224,1.924
9817,descendência,0,noun,1223,1.922
9818,formosa,0,noun,1223,1.922
9819,tulipa,0,noun,1223,1.922
9820,valsa,0,noun,1222,1.921
9821,foxtrot,0,noun,1221,1.919
9822,lenhador,0,noun,1221,1.919
9823,maquilhar,0,verb,1221,1.919
9824,maquinista,0,noun,1221,1.919
9825,tenebroso,0,adj,1221,1.919
9826,buenos aires,1,mwe,1220,1.918
9827,carótida,0,noun,1220,1.918
9828,ditadura,0,noun,1220,1.918
9829,farmacêutico,0,adj,1219,1.916
9830,filhinho,0,noun,1219,1.916
9831,hop,0,adj,1219,1.916
9832,mão-de-obra,0,noun,1219,1.916
9833,vetor,0,noun,1219,1.916
9834,embeber,0,verb,1218,1.914
9835,massajar,0,verb,1218,1.914
9836,auditório,0,noun,1217,1.913
9837,chalé,0,noun,1217,1.913
9838,contemporâneo,0,adj,1217,1.913
9839,desafiador,0,adj,1217,1.913
9840,menininha,0,noun,1217,1.913
9841,persuasão,0,noun,1217,1.913
9842,violentamente,0,adv,1217,1.913
9843,colossal,0,adj,1216,1.911
9844,irreal,0,adj,1216,1.911
9845,mamada,0,noun,1216,1.911
9846,aristocrata,0,noun,1215,1.910
9847,fissura,0,noun,1215,1.910
9848,limbo,0,noun,1215,1.910
9849,misteriosamente,0,adv,1215,1.910
9850,pensador,0,noun,1215,1.910
9851,pré-nupcial,0,adj,1215,1.910
9852,trocaste,0,noun,1215,1.910
9853,yuan,0,noun,1215,1.910
9854,espessura,0,noun,1214,1.908
9855,saiste,0,verb,1213,1.907
9856,thunder,0,noun,1213,1.907
9857,desapertar,0,verb,1212,1.905
9858,martelar,0,verb,1212,1.905
9859,montão,0,noun,1212,1.905
9860,socorrer,0,verb,1212,1.905
9861,mídia,0,noun,1211,1.903
9862,pizzaria,0,noun,1211,1.903
9863,questionável,0,adj,1211,1.903
9864,saltaste,0,intj,1211,1.903
9865,vaporizar,0,verb,1211,1.903
9866,vislumbre,0,noun,1211,1.903
9867,abundante,0,adj,1210,1.902
9868,magnitude,0,noun,1210,1.902
9869,remodelação,0,noun,1210,1.902
9870,tático,0,adj,1210,1.902
9871,bloco operatório,1,mwe,1209,1.900
9872,escalpe,0,noun,1209,1.900
9873,pâncreas,0,noun,1209,1.900
9874,reavaliar,0,verb,1209,1.900
9875,suco,0,noun,1209,1.900
9876,gonna,0,unk,1208,1.899
9877,lost,0,noun,1208,1.899
9878,mísero,0,adj,1208,1.899
9879,remessa,0,noun,1208,1.899
9880,shot,0,unk,1208,1.899
9881,signo,0,noun,1208,1.899
9882,apanhoua,0,noun,1207,1.897
9883,assente,0,adj,1207,1.897
9884,clamar,0,verb,1207,1.897
9885,equívoco,0,noun,1207,1.897
9886,fémur,0,noun,1207,1.897
9887,narina,0,noun,1206,1.896
9888,reformular,0,verb,1206,1.896
9889,temperar,0,verb,1206,1.896
9890,adivinho,0,adj,1205,1.894
9891,coordenação,0,noun,1205,1.894
9892,exaustão,0,noun,1205,1.894
9893,fumador,0,adj,1205,1.894
9894,cómico,0,noun,1204,1.892
9895,frade,0,noun,1204,1.892
9896,projetado,0,verb,1204,1.892
9897,tranquilamente,0,adv,1204,1.892
9898,acesa,0,noun,1203,1.891
9899,corroer,0,verb,1203,1.891
9900,patriotismo,0,noun,1203,1.891
9901,falsificador,0,noun,1202,1.889
9902,ironicamente,0,adv,1202,1.889
9903,paulacoelho,0,noun,1202,1.889
9904,prestígio,0,noun,1202,1.889
9905,acobardar,0,verb,1201,1.888
9906,anteontem,0,adv,1201,1.888
9907,complexidade,0,noun,1201,1.888
9908,trocadilho,0,noun,1201,1.888
9909,hidráulico,0,adj,1200,1.886
9910,inibidor,0,noun,1200,1.886
9911,roteiro,0,noun,1200,1.886
9912,piroso,0,adj,1199,1.885
9913,micróbio,0,noun,1198,1.883
9914,curto prazo,1,mwe,1197,1.881
9915,educadamente,0,adv,1197,1.881
9916,malvada,0,noun,1197,1.881
9917,místico,0,adj,1197,1.881
9918,portagem,0,noun,1197,1.881
9919,arpão,0,noun,1196,1.880
9920,conspirador,0,noun,1195,1.878
9921,desfilar,0,verb,1195,1.878
9922,dilatar,0,verb,1195,1.878
9923,estranhar,0,verb,1194,1.877
9924,muggles,0,noun,1194,1.877
9925,sunrising,0,noun,1194,1.877
9926,colegial,0,noun,1193,1.875
9927,logótipo,0,noun,1193,1.875
9928,perplexo,0,adj,1193,1.875
9929,tampouco,0,adv,1193,1.875
9930,vaginal,0,adj,1193,1.875
9931,cancelado,0,adj,1192,1.874
9932,cognitivo,0,adj,1192,1.874
9933,criminalidade,0,noun,1192,1.874
9934,dumas,0,det,1192,1.874
9935,escapatória,0,noun,1192,1.874
9936,locomotiva,0,noun,1192,1.874
9937,soalho,0,noun,1192,1.874
9938,vegetação,0,noun,1192,1.874
9939,competidor,0,noun,1191,1.872
9940,patrocínio,0,noun,1191,1.872
9941,remem,0,intj,1191,1.872
9942,voltagem,0,noun,1191,1.872
9943,amontoar,0,verb,1190,1.870
9944,congelado,0,noun,1190,1.870
9945,foragido,0,verb,1190,1.870
9946,ultimato,0,noun,1190,1.870
9947,autoridades locais,1,mwe,1189,1.869
9948,coxo,0,noun,1189,1.869
9949,nutriente,0,noun,1189,1.869
9950,bacalhau,0,noun,1188,1.867
9951,cirurgia plástica,1,mwe,1188,1.867
9952,cruz vermelha,1,mwe,1188,1.867
9953,ferroviário,0,adj,1188,1.867
9954,maldoso,0,adj,1188,1.867
9955,rasteira,0,noun,1188,1.867
9956,girassol,0,noun,1187,1.866
9957,rabi,0,noun,1186,1.864
9958,adentro,0,adv,1185,1.863
9959,fármaco,0,noun,1185,1.863
9960,acasalamento,0,noun,1184,1.861
9961,consenso,0,noun,1184,1.861
9962,mediano,0,adj,1184,1.861
9963,palmeira,0,noun,1184,1.861
9964,vodca,0,noun,1184,1.861
9965,doutrina,0,noun,1183,1.859
9966,genital,0,adj,1183,1.859
9967,rimar,0,verb,1183,1.859
9968,arromba,0,noun,1182,1.858
9969,patologia,0,noun,1182,1.858
9970,pessimamente,0,adv,1181,1.856
9971,profanar,0,verb,1181,1.856
9972,silenciador,0,noun,1181,1.856
9973,revestimento,0,noun,1180,1.855
9974,textura,0,noun,1180,1.855
9975,bugiar,0,verb,1179,1.853
9976,empatado,0,adj,1179,1.853
9977,estabilizador,0,noun,1179,1.853
9978,santinho,0,noun,1179,1.853
9979,entusiasmante,0,adj,1178,1.852
9980,fixação,0,noun,1178,1.852
9981,spot,0,noun,1178,1.852
9982,tempinho,0,noun,1178,1.852
9983,adepto,0,noun,1177,1.850
9984,auricular,0,noun,1177,1.850
9985,chapada,0,noun,1177,1.850
9986,coveiro,0,noun,1177,1.850
9987,pacóvio,0,noun,1177,1.850
9988,sujeira,0,noun,1177,1.850
9989,best,0,unk,1176,1.848
9990,eficácia,0,noun,1176,1.848
9991,let,0,unk,1176,1.848
9992,registador,0,adj,1176,1.848
9993,there,0,noun,1176,1.848
9994,addic,0,unk,1175,1.847
9995,amplificar,0,verb,1175,1.847
9996,cachorros quentes,1,mwe,1175,1.847
9997,cantiga,0,noun,1174,1.845
9998,carnívoro,0,noun,1174,1.845
9999,decretar,0,verb,1174,1.845
10000,lótus,0,noun,1174,1.845
