rank	lemma	is_mwe	pos	raw_freq	freq_per_million
5001	neta	0	noun	4502	7.076
5002	partilha	0	noun	4501	7.075
5003	bicha	0	noun	4500	7.073
5004	traço	0	noun	4497	7.068
5005	nevoeiro	0	noun	4496	7.067
5006	campus	0	noun	4494	7.064
5007	desenterrar	0	verb	4492	7.061
5008	renovar	0	verb	4491	7.059
5009	integrar	0	verb	4490	7.057
5010	tentação	0	noun	4489	7.056
5011	ética	0	noun	4489	7.056
5012	equilibrar	0	verb	4488	7.054
5013	regimento	0	noun	4488	7.054
5014	zoológico	0	noun	4486	7.051
5015	happy	0	noun	4485	7.050
5016	labirinto	0	noun	4482	7.045
5017	disputa	0	noun	4481	7.043
5018	distribuição	0	noun	4481	7.043
5019	literatura	0	noun	4480	7.042
5020	lote	0	noun	4475	7.034
5021	vigarista	0	noun	4474	7.032
5022	costeiro	0	noun	4473	7.031
5023	peludo	0	adj	4473	7.031
5024	carregador	0	noun	4472	7.029
5025	descontrolado	0	adj	4472	7.029
5026	oposto	0	noun	4472	7.029
5027	embalar	0	verb	4471	7.028
5028	patriota	0	noun	4470	7.026
5029	doçura	0	noun	4469	7.024
5030	falsificar	0	verb	4467	7.021
5031	criada	0	noun	4465	7.018
5032	punhal	0	noun	4465	7.018
5033	ranger	0	noun	4465	7.018
5034	saborear	0	verb	4465	7.018
5035	rebelião	0	noun	4462	7.013
5036	província	0	noun	4461	7.012
5037	chantagem	0	noun	4455	7.002
5038	equação	0	noun	4455	7.002
5039	prolongar	0	verb	4450	6.994
5040	vibração	0	noun	4449	6.993
5041	colmeia	0	noun	4447	6.990
5042	reinar	0	verb	4445	6.987
5043	aproximação	0	noun	4444	6.985
5044	retorno	0	noun	4442	6.982
5045	psicólogo	0	noun	4440	6.979
5046	nódoa	0	noun	4437	6.974
5047	expirar	0	verb	4435	6.971
5048	ingénuo	0	adj	4434	6.969
5049	vulcão	0	noun	4434	6.969
5050	compreensão	0	noun	4433	6.968
5051	infetado	0	verb	4433	6.968
5052	falência	0	noun	4432	6.966
5053	imortal	0	adj	4432	6.966
5054	cunhado	0	noun	4431	6.965
5055	escuteiro	0	noun	4431	6.965
5056	docinho	0	noun	4430	6.963
5057	esqueleto	0	noun	4430	6.963
5058	gigantesco	0	adj	4429	6.961
5059	roll	0	noun	4429	6.961
5060	vómito	0	noun	4426	6.957
5061	abalar	0	verb	4425	6.955
5062	debater	0	verb	4422	6.950
5063	previsão	0	noun	4422	6.950
5064	cócegas	0	noun	4419	6.946
5065	ironia	0	noun	4418	6.944
5066	asilo	0	noun	4413	6.936
5067	cabina	0	noun	4413	6.936
5068	protótipo	0	noun	4413	6.936
5069	contornar	0	verb	4412	6.935
5070	sossegado	0	adj	4411	6.933
5071	amaldiçoado	0	adj	4408	6.928
5072	adotivo	0	adj	4404	6.922
5073	marine	0	noun	4401	6.917
5074	pacífico	0	adj	4400	6.916
5075	imprevisível	0	adj	4399	6.914
5076	parafuso	0	noun	4399	6.914
5077	gozo	0	noun	4398	6.913
5078	iate	0	noun	4397	6.911
5079	próximo passo	1	mwe	4397	6.911
5080	contaminar	0	verb	4395	6.908
5081	ganancioso	0	adj	4389	6.899
5082	mula	0	noun	4388	6.897
5083	respira fundo	1	mwe	4387	6.895
5084	batida	0	noun	4383	6.889
5085	bazar	0	noun	4382	6.888
5086	ventilação	0	noun	4381	6.886
5087	valorizar	0	verb	4378	6.881
5088	independência	0	noun	4377	6.880
5089	uva	0	noun	4376	6.878
5090	borda	0	noun	4374	6.875
5091	canja	0	noun	4370	6.869
5092	pelas traseiras	1	mwe	4370	6.869
5093	leme	0	noun	4369	6.867
5094	preferência	0	noun	4369	6.867
5095	assaltante	0	noun	4365	6.861
5096	covarde	0	adj	4362	6.856
5097	alergia	0	noun	4356	6.847
5098	ressaca	0	noun	4353	6.842
5099	desatar	0	verb	4351	6.839
5100	puzzle	0	noun	4351	6.839
5101	condicional	0	noun	4345	6.829
5102	àqueles	0	unk	4345	6.829
5103	descartar	0	verb	4339	6.820
5104	treze	0	num	4337	6.817
5105	amém	0	intj	4324	6.796
5106	pintor	0	noun	4323	6.795
5107	prisioneira	0	noun	4321	6.792
5108	cachorrinho	0	noun	4317	6.785
5109	resistente	0	adj	4317	6.785
5110	maligno	0	adj	4316	6.784
5111	estágio	0	noun	4314	6.781
5112	lógico	0	adj	4314	6.781
5113	condenado	0	adj	4313	6.779
5114	móvel	0	noun	4311	6.776
5115	lume	0	noun	4309	6.773
5116	ripar	0	noun	4309	6.773
5117	toxina	0	noun	4308	6.771
5118	renascer	0	verb	4307	6.770
5119	fotográfico	0	adj	4303	6.763
5120	cona	0	noun	4302	6.762
5121	strip	0	noun	4302	6.762
5122	chique	0	adj	4301	6.760
5123	marina	0	noun	4297	6.754
5124	fundar	0	verb	4296	6.752
5125	berço	0	noun	4295	6.751
5126	fulo	0	adj	4293	6.748
5127	golfinho	0	noun	4293	6.748
5128	traje	0	noun	4292	6.746
5129	infetar	0	verb	4291	6.745
5130	tabuleiro	0	noun	4290	6.743
5131	aspirina	0	noun	4288	6.740
5132	exibição	0	noun	4285	6.735
5133	exótico	0	adj	4285	6.735
5134	cartucho	0	noun	4284	6.734
5135	capela	0	noun	4283	6.732
5136	reverter	0	verb	4283	6.732
5137	hobbit	0	noun	4282	6.730
5138	orgasmo	0	noun	4282	6.730
5139	comunicado	0	noun	4280	6.727
5140	diversos	0	det	4280	6.727
5141	registro	0	noun	4280	6.727
5142	farsa	0	noun	4275	6.719
5143	notificar	0	verb	4275	6.719
5144	precisão	0	noun	4275	6.719
5145	brandy	0	noun	4273	6.716
5146	carinho	0	noun	4273	6.716
5147	sarar	0	verb	4271	6.713
5148	chichi	0	noun	4268	6.708
5149	experiente	0	adj	4268	6.708
5150	progredir	0	verb	4268	6.708
5151	papagaio	0	noun	4267	6.707
5152	despedido	0	adj	4265	6.704
5153	crack	0	noun	4264	6.702
5154	cereja	0	noun	4263	6.701
5155	mordomo	0	noun	4255	6.688
5156	regulamento	0	noun	4255	6.688
5157	vidente	0	noun	4255	6.688
5158	implacável	0	adj	4254	6.686
5159	comprimento	0	noun	4252	6.683
5160	musical	0	adj	4250	6.680
5161	ogiva	0	noun	4249	6.679
5162	recarregar	0	verb	4247	6.675
5163	dormitório	0	noun	4246	6.674
5164	atum	0	noun	4244	6.671
5165	fluir	0	verb	4243	6.669
5166	insensível	0	adj	4243	6.669
5167	encontrado	0	verb	4241	6.666
5168	doação	0	noun	4237	6.660
5169	ditado	0	noun	4234	6.655
5170	cilada	0	noun	4231	6.650
5171	viciar	0	verb	4231	6.650
5172	chocante	0	adj	4230	6.649
5173	bunker	0	noun	4228	6.646
5174	cintura	0	noun	4228	6.646
5175	estelar	0	adj	4224	6.639
5176	aparentar	0	verb	4220	6.633
5177	desmontar	0	verb	4220	6.633
5178	terço	0	adj	4217	6.628
5179	transformação	0	noun	4213	6.622
5180	afeto	0	noun	4210	6.617
5181	encolher	0	verb	4210	6.617
5182	hálito	0	noun	4208	6.614
5183	retaguarda	0	noun	4207	6.613
5184	stripper	0	noun	4204	6.608
5185	adicional	0	adj	4201	6.603
5186	imaginário	0	adj	4199	6.600
5187	coitar	0	verb	4197	6.597
5188	desempenho	0	noun	4197	6.597
5189	dificilmente	0	adv	4192	6.589
5190	tipa	0	noun	4191	6.587
5191	malandro	0	noun	4187	6.581
5192	oitavo	0	adj	4186	6.580
5193	sedativo	0	noun	4185	6.578
5194	tábua	0	noun	4185	6.578
5195	camelo	0	noun	4184	6.576
5196	inscrição	0	noun	4183	6.575
5197	falir	0	verb	4182	6.573
5198	cera	0	noun	4179	6.569
5199	tequila	0	noun	4177	6.565
5200	ginger	0	noun	4176	6.564
5201	condenado	0	noun	4174	6.561
5202	estadia	0	noun	4172	6.558
5203	arsenal	0	noun	4171	6.556
5204	protestar	0	verb	4171	6.556
5205	ballet	0	noun	4169	6.553
5206	trovão	0	noun	4169	6.553
5207	linhagem	0	noun	4168	6.551
5208	dinamite	0	noun	4163	6.543
5209	san diego	1	mwe	4163	6.543
5210	desvendar	0	verb	4162	6.542
5211	fritar	0	verb	4162	6.542
5212	médio oriente	1	mwe	4155	6.531
5213	concretizar	0	verb	4153	6.528
5214	triângulo	0	noun	4153	6.528
5215	donzela	0	noun	4152	6.526
5216	grego	0	noun	4150	6.523
5217	infringir	0	verb	4150	6.523
5218	aurora	0	noun	4149	6.521
5219	esfera	0	noun	4149	6.521
5220	enjoado	0	adj	4148	6.520
5221	deficiente	0	noun	4147	6.518
5222	pelas costas	1	mwe	4144	6.514
5223	psíquico	0	adj	4144	6.514
5224	prancha	0	noun	4142	6.510
5225	mascarar	0	verb	4139	6.506
5226	destroço	0	noun	4138	6.504
5227	manifestar	0	verb	4136	6.501
5228	gravador	0	noun	4135	6.499
5229	aleluia	0	intj	4134	6.498
5230	extinguir	0	verb	4133	6.496
5231	mantem	0	verb	4131	6.493
5232	pátria	0	noun	4129	6.490
5233	superficial	0	adj	4129	6.490
5234	metáfora	0	noun	4128	6.488
5235	novato	0	noun	4124	6.482
5236	pudim	0	noun	4124	6.482
5237	vitamina	0	noun	4124	6.482
5238	abóbora	0	noun	4121	6.477
5239	coiro	0	noun	4121	6.477
5240	confronto	0	noun	4119	6.474
5241	sintético	0	adj	4119	6.474
5242	banqueiro	0	noun	4118	6.473
5243	estatal	0	adj	4117	6.471
5244	mineiro	0	noun	4116	6.470
5245	cotovelo	0	noun	4114	6.466
5246	pimenta	0	noun	4114	6.466
5247	aterrorizar	0	verb	4113	6.465
5248	pulsação	0	noun	4112	6.463
5249	contrabando	0	noun	4110	6.460
5250	biologia	0	noun	4107	6.455
5251	mãezinha	0	noun	4106	6.454
5252	contabilidade	0	noun	4102	6.448
5253	cristão	0	noun	4101	6.446
5254	mangueira	0	noun	4101	6.446
5255	quadrado	0	adj	4099	6.443
5256	proporcionar	0	verb	4096	6.438
5257	súbito	0	adj	4096	6.438
5258	penteado	0	noun	4095	6.437
5259	desrespeitar	0	verb	4093	6.433
5260	ciumento	0	adj	4089	6.427
5261	testículo	0	noun	4089	6.427
5262	lendário	0	adj	4084	6.419
5263	infinito	0	noun	4077	6.408
5264	invencível	0	adj	4073	6.402
5265	arredores	0	noun	4072	6.400
5266	condessa	0	noun	4071	6.399
5267	extinção	0	noun	4070	6.397
5268	alegação	0	noun	4066	6.391
5269	áudio	0	noun	4065	6.389
5270	atencioso	0	adj	4064	6.388
5271	insuportável	0	adj	4058	6.378
5272	mação	0	noun	4058	6.378
5273	sobrenatural	0	adj	4055	6.374
5274	técnico	0	adj	4052	6.369
5275	dane	0	noun	4048	6.363
5276	confiar nele	1	mwe	4045	6.358
5277	desilusão	0	noun	4045	6.358
5278	módulo	0	noun	4044	6.356
5279	campa	0	noun	4043	6.355
5280	boné	0	noun	4040	6.350
5281	caneca	0	noun	4039	6.348
5282	feroz	0	adj	4039	6.348
5283	iminente	0	adj	4039	6.348
5284	colateral	0	adj	4036	6.344
5285	pecar	0	verb	4035	6.342
5286	bordel	0	noun	4033	6.339
5287	complexo	0	adj	4029	6.333
5288	reitor	0	noun	4029	6.333
5289	repugnante	0	adj	4028	6.331
5290	pára-quedas	0	noun	4024	6.325
5291	gestão	0	noun	4023	6.323
5292	chui	0	noun	4019	6.317
5293	conheçoa	0	noun	4019	6.317
5294	juíza	0	noun	4019	6.317
5295	marcador	0	noun	4017	6.314
5296	matoua	0	noun	4015	6.311
5297	refrescar	0	verb	4015	6.311
5298	padrasto	0	noun	4010	6.303
5299	compatível	0	adj	4009	6.301
5300	diagnosticar	0	verb	4008	6.300
5301	emocionalmente	0	adv	4008	6.300
5302	potente	0	adj	4006	6.297
5303	lsso	0	adv	4005	6.295
5304	contentar	0	verb	4004	6.293
5305	reproduzir	0	verb	4004	6.293
5306	peão	0	noun	4003	6.292
5307	sexualmente	0	adv	4002	6.290
5308	pequenote	0	noun	3999	6.286
5309	patroa	0	noun	3998	6.284
5310	blusa	0	noun	3996	6.281
5311	contemplar	0	verb	3995	6.279
5312	imóvel	0	noun	3995	6.279
5313	posicionar	0	verb	3995	6.279
5314	batom	0	noun	3994	6.278
5315	apalpar	0	verb	3993	6.276
5316	lindíssimo	0	adj	3992	6.275
5317	tanga	0	noun	3992	6.275
5318	vossas vidas	1	mwe	3990	6.271
5319	digressão	0	noun	3988	6.268
5320	charme	0	noun	3986	6.265
5321	veterinário	0	noun	3986	6.265
5322	certificado	0	noun	3985	6.264
5323	ligeiramente	0	adv	3985	6.264
5324	barulhento	0	adj	3984	6.262
5325	classificar	0	verb	3981	6.257
5326	saudar	0	verb	3981	6.257
5327	desenrascar	0	verb	3979	6.254
5328	imigrante	0	noun	3979	6.254
5329	caranguejo	0	noun	3978	6.253
5330	comunitário	0	adj	3978	6.253
5331	respeitável	0	adj	3976	6.249
5332	namoro	0	noun	3975	6.248
5333	cordeiro	0	noun	3973	6.245
5334	fabricante	0	noun	3969	6.238
5335	incomum	0	adj	3968	6.237
5336	bondoso	0	adj	3967	6.235
5337	fino	0	noun	3967	6.235
5338	arame	0	noun	3965	6.232
5339	casca	0	noun	3965	6.232
5340	man	0	noun	3963	6.229
5341	bloqueado	0	adj	3960	6.224
5342	cova	0	noun	3960	6.224
5343	elogiar	0	verb	3960	6.224
5344	sub	0	noun	3960	6.224
5345	pira	0	intj	3959	6.223
5346	lisonjeado	0	adj	3955	6.216
5347	pobreza	0	noun	3955	6.216
5348	suspensão	0	noun	3952	6.212
5349	piza	0	noun	3950	6.209
5350	duelo	0	noun	3949	6.207
5351	estatística	0	noun	3948	6.205
5352	covarde	0	noun	3944	6.199
5353	dá-mo	0	noun	3944	6.199
5354	prece	0	noun	3944	6.199
5355	motivação	0	noun	3943	6.198
5356	nata	0	noun	3943	6.198
5357	clandestino	0	adj	3942	6.196
5358	terrivelmente	0	adv	3942	6.196
5359	coser	0	verb	3941	6.194
5360	matança	0	noun	3940	6.193
5361	palestra	0	noun	3939	6.191
5362	arrebentar	0	verb	3937	6.188
5363	deparar	0	verb	3937	6.188
5364	impressão digital	1	mwe	3934	6.183
5365	saboroso	0	adj	3934	6.183
5366	enfermeiro	0	noun	3933	6.182
5367	ignição	0	noun	3933	6.182
5368	mademoiselle	0	noun	3933	6.182
5369	aterrorizado	0	adj	3932	6.180
5370	estibordo	0	noun	3932	6.180
5371	gama	0	noun	3932	6.180
5372	individual	0	adj	3932	6.180
5373	funerário	0	adj	3930	6.177
5374	min	0	noun	3929	6.176
5375	contacto visual	1	mwe	3924	6.168
5376	rendimento	0	noun	3924	6.168
5377	lua cheia	1	mwe	3921	6.163
5378	concha	0	noun	3918	6.158
5379	coça	0	noun	3915	6.154
5380	entretenimento	0	noun	3915	6.154
5381	internar	0	verb	3915	6.154
5382	crachá	0	noun	3913	6.150
5383	mijo	0	noun	3911	6.147
5384	democrata	0	noun	3908	6.143
5385	espinha	0	noun	3908	6.143
5386	maltratar	0	verb	3907	6.141
5387	composto	0	noun	3906	6.139
5388	finalista	0	noun	3904	6.136
5389	hospitalidade	0	noun	3904	6.136
5390	lanche	0	noun	3904	6.136
5391	plasma	0	noun	3904	6.136
5392	apreender	0	verb	3901	6.132
5393	alho	0	noun	3899	6.128
5394	descarga	0	noun	3899	6.128
5395	inconveniente	0	adj	3899	6.128
5396	africano	0	adj	3898	6.127
5397	globo	0	noun	3893	6.119
5398	divertimento	0	noun	3892	6.117
5399	inseguro	0	adj	3892	6.117
5400	comporta	0	noun	3891	6.116
5401	candeeiro	0	noun	3887	6.110
5402	diploma	0	noun	3887	6.110
5403	responsabilizar	0	verb	3887	6.110
5404	provisão	0	noun	3886	6.108
5405	carniceiro	0	noun	3884	6.105
5406	banda desenhada	1	mwe	3883	6.103
5407	formatura	0	noun	3882	6.102
5408	mercearia	0	noun	3882	6.102
5409	hangar	0	noun	3878	6.095
5410	mutação	0	noun	3877	6.094
5411	harmonia	0	noun	3876	6.092
5412	consolo	0	noun	3875	6.091
5413	imigração	0	noun	3873	6.088
5414	cantora	0	noun	3872	6.086
5415	fundir	0	verb	3868	6.080
5416	ancestral	0	noun	3867	6.078
5417	resolução	0	noun	3867	6.078
5418	conviver	0	verb	3866	6.077
5419	exceder	0	verb	3865	6.075
5420	humilhação	0	noun	3865	6.075
5421	problemático	0	adj	3865	6.075
5422	cozer	0	verb	3864	6.073
5423	confiável	0	adj	3863	6.072
5424	metanfetamina	0	noun	3861	6.069
5425	viking	0	noun	3861	6.069
5426	ferido	0	noun	3858	6.064
5427	flanco	0	noun	3856	6.061
5428	gin	0	noun	3856	6.061
5429	arquivar	0	verb	3853	6.056
5430	brisa	0	noun	3853	6.056
5431	transição	0	noun	3852	6.055
5432	assembleia	0	noun	3850	6.051
5433	faraó	0	noun	3849	6.050
5434	seminário	0	noun	3849	6.050
5435	eternamente	0	adv	3848	6.048
5436	filhote	0	noun	3848	6.048
5437	universal	0	adj	3844	6.042
5438	ente	0	noun	3843	6.040
5439	mútuo	0	adj	3842	6.039
5440	plantação	0	noun	3840	6.036
5441	poupança	0	noun	3840	6.036
5442	scanner	0	noun	3839	6.034
5443	rebanho	0	noun	3838	6.033
5444	exagerado	0	adj	3835	6.028
5445	doméstico	0	adj	3832	6.023
5446	candidatura	0	noun	3830	6.020
5447	ajuste	0	noun	3829	6.018
5448	consistente	0	adj	3828	6.017
5449	manifestação	0	noun	3826	6.014
5450	excepcional	0	adj	3825	6.012
5451	p'ra	0	conj	3823	6.009
5452	diariamente	0	adv	3822	6.007
5453	batimento	0	noun	3821	6.006
5454	imitação	0	noun	3821	6.006
5455	varinha	0	noun	3819	6.003
5456	radioativo	0	adj	3818	6.001
5457	atómico	0	adj	3816	5.998
5458	esperem esperem	1	mwe	3815	5.996
5459	parecias	0	intj	3815	5.996
5460	panfleto	0	noun	3814	5.995
5461	tiraa	0	unk	3814	5.995
5462	fraternidade	0	noun	3812	5.992
5463	participação	0	noun	3812	5.992
5464	perceção	0	noun	3810	5.989
5465	temor	0	noun	3809	5.987
5466	idoso	0	noun	3807	5.984
5467	queroa	0	noun	3806	5.982
5468	citação	0	noun	3802	5.976
5469	espírito santo	1	mwe	3802	5.976
5470	isqueiro	0	noun	3802	5.976
5471	ocupação	0	noun	3802	5.976
5472	bem-estar	0	noun	3801	5.974
5473	comparação	0	noun	3800	5.973
5474	balançar	0	verb	3799	5.971
5475	deprimente	0	adj	3796	5.967
5476	árabe	0	adj	3795	5.965
5477	remar	0	verb	3794	5.963
5478	catástrofe	0	noun	3793	5.962
5479	verso	0	noun	3793	5.962
5480	your	0	noun	3793	5.962
5481	desesperadamente	0	adv	3791	5.959
5482	viatura	0	noun	3791	5.959
5483	averiguar	0	verb	3790	5.957
5484	penhasco	0	noun	3790	5.957
5485	mauzão	0	noun	3786	5.951
5486	bússola	0	noun	3785	5.949
5487	adjunto	0	noun	3784	5.948
5488	dançarina	0	noun	3784	5.948
5489	faísca	0	noun	3780	5.941
5490	urbano	0	adj	3779	5.940
5491	órfão	0	noun	3778	5.938
5492	transcrição	0	noun	3776	5.935
5493	induzir	0	verb	3775	5.934
5494	estourar	0	verb	3774	5.932
5495	hás-de	0	noun	3774	5.932
5496	semelhança	0	noun	3774	5.932
5497	negativa	0	noun	3773	5.930
5498	enterro	0	noun	3772	5.929
5499	explorador	0	noun	3772	5.929
5500	navegação	0	noun	3772	5.929
5501	violino	0	noun	3771	5.927
5502	ames	0	noun	3770	5.926
5503	pouquinho	0	noun	3770	5.926
5504	terminado	0	adj	3769	5.924
5505	desempregado	0	adj	3767	5.921
5506	oculto	0	adj	3765	5.918
5507	sida	0	noun	3765	5.918
5508	bailarina	0	noun	3763	5.915
5509	exterminar	0	verb	3763	5.915
5510	garfo	0	noun	3763	5.915
5511	regime	0	noun	3762	5.913
5512	traficar	0	verb	3762	5.913
5513	sushi	0	noun	3760	5.910
5514	bochecha	0	noun	3757	5.905
5515	mecânica	0	noun	3757	5.905
5516	resync	0	noun	3757	5.905
5517	vassoura	0	noun	3753	5.899
5518	comichão	0	noun	3752	5.897
5519	inventário	0	noun	3751	5.896
5520	paneleiro	0	noun	3750	5.894
5521	desandar	0	verb	3749	5.893
5522	pontuação	0	noun	3749	5.893
5523	soletrar	0	verb	3749	5.893
5524	eco	0	noun	3748	5.891
5525	bactéria	0	noun	3746	5.888
5526	fera	0	noun	3746	5.888
5527	inquérito	0	noun	3746	5.888
5528	concorrência	0	noun	3744	5.885
5529	dificultar	0	verb	3742	5.882
5530	mentor	0	noun	3740	5.879
5531	utilidade	0	noun	3740	5.879
5532	vedar	0	verb	3739	5.877
5533	expresso	0	noun	3737	5.874
5534	maroto	0	adj	3735	5.871
5535	quântico	0	adj	3734	5.869
5536	arco-íris	0	noun	3732	5.866
5537	excitação	0	noun	3731	5.864
5538	invasor	0	noun	3730	5.863
5539	reles	0	adj	3728	5.860
5540	bufo	0	noun	3727	5.858
5541	castor	0	noun	3727	5.858
5542	escritura	0	noun	3724	5.853
5543	filtro	0	noun	3722	5.850
5544	memorial	0	noun	3721	5.849
5545	moço	0	noun	3721	5.849
5546	ocular	0	adj	3721	5.849
5547	térmico	0	adj	3720	5.847
5548	infiel	0	adj	3716	5.841
5549	lenha	0	noun	3714	5.838
5550	arterial	0	adj	3713	5.836
5551	colorir	0	verb	3711	5.833
5552	balança	0	noun	3710	5.831
5553	forças especiais	1	mwe	3708	5.828
5554	señor	0	noun	3708	5.828
5555	torrada	0	noun	3708	5.828
5556	cobaia	0	noun	3706	5.825
5557	manada	0	noun	3706	5.825
5558	rã	0	noun	3702	5.819
5559	aah	0	intj	3701	5.817
5560	barraca	0	noun	3701	5.817
5561	administrador	0	noun	3700	5.816
5562	oposição	0	noun	3700	5.816
5563	tela	0	noun	3700	5.816
5564	convulsão	0	noun	3697	5.811
5565	cuidadosamente	0	adv	3695	5.808
5566	bosta	0	noun	3691	5.802
5567	simular	0	verb	3687	5.795
5568	barbear	0	verb	3685	5.792
5569	habitar	0	verb	3683	5.789
5570	repleto	0	adj	3681	5.786
5571	ambiental	0	adj	3680	5.784
5572	acelerador	0	noun	3679	5.783
5573	magoaste	0	intj	3679	5.783
5574	zecacurto	0	noun	3679	5.783
5575	guardanapo	0	noun	3674	5.775
5576	consulado	0	noun	3673	5.773
5577	percentagem	0	noun	3673	5.773
5578	hão-de	0	noun	3672	5.772
5579	defensor	0	noun	3668	5.765
5580	ligadura	0	noun	3667	5.764
5581	espetador	0	noun	3666	5.762
5582	deveras	0	adv	3663	5.757
5583	dispensado	0	adj	3663	5.757
5584	recetor	0	noun	3663	5.757
5585	refazer	0	verb	3662	5.756
5586	académico	0	adj	3661	5.754
5587	gladiador	0	noun	3657	5.748
5588	emissão	0	noun	3656	5.746
5589	capuz	0	noun	3654	5.743
5590	irresponsável	0	adj	3654	5.743
5591	rancor	0	noun	3654	5.743
5592	sinais vitais	1	mwe	3653	5.742
5593	be	0	unk	3648	5.734
5594	seringa	0	noun	3645	5.729
5595	raça humana	1	mwe	3644	5.728
5596	republicano	0	noun	3642	5.724
5597	beta	0	noun	3641	5.723
5598	mecânico	0	adj	3640	5.721
5599	raio-x	0	noun	3638	5.718
5600	regional	0	adj	3638	5.718
5601	alimentação	0	noun	3637	5.717
5602	conservador	0	adj	3637	5.717
5603	duzentos	0	num	3637	5.717
5604	mania	0	noun	3637	5.717
5605	presidência	0	noun	3636	5.715
5606	nordeste	0	noun	3634	5.712
5607	destruído	0	adj	3632	5.709
5608	rampa	0	noun	3632	5.709
5609	sequestro	0	noun	3631	5.707
5610	generosidade	0	noun	3629	5.704
5611	livraria	0	noun	3629	5.704
5612	governamental	0	adj	3627	5.701
5613	manchar	0	verb	3627	5.701
5614	agressor	0	noun	3626	5.699
5615	promissor	0	adj	3626	5.699
5616	revestir	0	verb	3624	5.696
5617	imprudente	0	adj	3622	5.693
5618	frito	0	noun	3621	5.691
5619	gratuito	0	adj	3621	5.691
5620	elo	0	noun	3620	5.690
5621	milícia	0	noun	3620	5.690
5622	útero	0	noun	3620	5.690
5623	astuto	0	adj	3619	5.688
5624	ex-namorada	0	noun	3618	5.687
5625	soberano	0	noun	3618	5.687
5626	reboque	0	noun	3617	5.685
5627	exploração	0	noun	3615	5.682
5628	dançarino	0	noun	3613	5.679
5629	imune	0	adj	3613	5.679
5630	oral	0	adj	3613	5.679
5631	chi	0	noun	3608	5.671
5632	certidão	0	noun	3607	5.669
5633	judio	0	adj	3605	5.666
5634	pergaminho	0	noun	3605	5.666
5635	colaboração	0	noun	3601	5.660
5636	profundeza	0	noun	3598	5.655
5637	coral	0	noun	3595	5.651
5638	tríade	0	noun	3595	5.651
5639	proveito	0	noun	3593	5.647
5640	net	0	noun	3592	5.646
5641	propaganda	0	noun	3592	5.646
5642	apagado	0	adj	3591	5.644
5643	descontrolar	0	verb	3591	5.644
5644	ocidente	0	noun	3591	5.644
5645	longo prazo	1	mwe	3590	5.643
5646	precedente	0	noun	3587	5.638
5647	convicção	0	noun	3585	5.635
5648	projeção	0	noun	3585	5.635
5649	bobo	0	noun	3584	5.633
5650	desvantagem	0	noun	3584	5.633
5651	ganância	0	noun	3584	5.633
5652	reaver	0	verb	3584	5.633
5653	cultural	0	adj	3583	5.632
5654	agentes federais	1	mwe	3580	5.627
5655	consumo	0	noun	3578	5.624
5656	teia	0	noun	3577	5.622
5657	genético	0	noun	3575	5.619
5658	higiénico	0	adj	3575	5.619
5659	that	0	noun	3573	5.616
5660	crucificar	0	verb	3572	5.614
5661	desgosto	0	noun	3570	5.611
5662	eletromagnético	0	adj	3568	5.608
5663	viola	0	noun	3568	5.608
5664	salmão	0	noun	3567	5.607
5665	bum	0	noun	3565	5.603
5666	invejar	0	verb	3564	5.602
5667	ova	0	noun	3564	5.602
5668	ascensão	0	noun	3563	5.600
5669	equipar	0	verb	3561	5.597
5670	diabólico	0	adj	3559	5.594
5671	grandeza	0	noun	3558	5.592
5672	boom	0	noun	3554	5.586
5673	estabelecimento	0	noun	3553	5.585
5674	nave espacial	1	mwe	3553	5.585
5675	concreto	0	adj	3550	5.580
5676	aquário	0	noun	3549	5.578
5677	noroeste	0	noun	3547	5.575
5678	desfiladeiro	0	noun	3546	5.574
5679	avaria	0	noun	3542	5.567
5680	comediante	0	noun	3542	5.567
5681	documentário	0	noun	3542	5.567
5682	moldar	0	verb	3542	5.567
5683	pónei	0	noun	3542	5.567
5684	desonrar	0	verb	3541	5.566
5685	parcial	0	adj	3541	5.566
5686	protegido	0	verb	3541	5.566
5687	entendido	0	noun	3538	5.561
5688	pulga	0	noun	3538	5.561
5689	punição	0	noun	3538	5.561
5690	mártir	0	noun	3536	5.558
5691	pen	0	noun	3535	5.556
5692	espertalhão	0	noun	3534	5.555
5693	mimar	0	verb	3533	5.553
5694	subúrbio	0	noun	3532	5.552
5695	aperitivo	0	noun	3531	5.550
5696	preliminar	0	noun	3530	5.548
5697	analgésico	0	noun	3528	5.545
5698	válido	0	adj	3527	5.544
5699	irmãozinho	0	noun	3526	5.542
5700	charro	0	noun	3525	5.541
5701	meigo	0	adj	3525	5.541
5702	desejoso	0	adj	3521	5.534
5703	ex-namorado	0	noun	3520	5.533
5704	karma	0	noun	3520	5.533
5705	eixo	0	noun	3519	5.531
5706	crueldade	0	noun	3518	5.530
5707	esteroide	0	noun	3517	5.528
5708	leito	0	noun	3517	5.528
5709	grelha	0	noun	3516	5.526
5710	home	0	unk	3515	5.525
5711	medula	0	noun	3515	5.525
5712	alcoólico	0	noun	3514	5.523
5713	porno	0	noun	3512	5.520
5714	estagiário	0	noun	3511	5.519
5715	tesão	0	noun	3511	5.519
5716	cru	0	adj	3510	5.517
5717	chumbar	0	verb	3509	5.515
5718	industrial	0	adj	3509	5.515
5719	escorpião	0	noun	3508	5.514
5720	sereia	0	noun	3506	5.511
5721	disfarçado	0	adj	3505	5.509
5722	pêssego	0	noun	3505	5.509
5723	tango	0	noun	3503	5.506
5724	admirador	0	noun	3502	5.504
5725	maço	0	noun	3502	5.504
5726	poça	0	noun	3501	5.503
5727	rebuçado	0	noun	3500	5.501
5728	trincheira	0	noun	3499	5.500
5729	ajudinha	0	noun	3498	5.498
5730	humilhante	0	adj	3498	5.498
5731	colisão	0	noun	3496	5.495
5732	mini	0	adj	3496	5.495
5733	facada	0	noun	3495	5.493
5734	âncora	0	noun	3494	5.492
5735	traiçoeiro	0	adj	3493	5.490
5736	furo	0	noun	3492	5.489
5737	lema	0	noun	3492	5.489
5738	perverter	0	verb	3492	5.489
5739	vereador	0	noun	3492	5.489
5740	aleijado	0	noun	3491	5.487
5741	comerciante	0	noun	3491	5.487
5742	comparecer	0	verb	3490	5.486
5743	remo	0	noun	3490	5.486
5744	sensibilidade	0	noun	3489	5.484
5745	discrição	0	noun	3488	5.482
5746	noutras	0	unk	3488	5.482
5747	sudoeste	0	adj	3485	5.478
5748	vala	0	noun	3483	5.475
5749	bastidor	0	noun	3482	5.473
5750	experimental	0	adj	3482	5.473
5751	sondagem	0	noun	3481	5.471
5752	apagão	0	noun	3480	5.470
5753	despedaçar	0	verb	3480	5.470
5754	subitamente	0	adv	3480	5.470
5755	tropical	0	adj	3480	5.470
5756	instruir	0	verb	3476	5.464
5757	salgado	0	adj	3476	5.464
5758	concorrente	0	noun	3472	5.457
5759	cruzada	0	noun	3472	5.457
5760	light	0	noun	3471	5.456
5761	cirúrgico	0	adj	3469	5.453
5762	coçar	0	verb	3469	5.453
5763	maléfico	0	adj	3469	5.453
5764	levoa	0	noun	3467	5.449
5765	asteroide	0	noun	3466	5.448
5766	relativo	0	adj	3466	5.448
5767	rima	0	noun	3466	5.448
5768	emergir	0	verb	3464	5.445
5769	pratear	0	verb	3461	5.440
5770	definitivo	0	adj	3460	5.438
5771	recipiente	0	noun	3460	5.438
5772	sessenta	0	num	3459	5.437
5773	intuição	0	noun	3458	5.435
5774	high	0	noun	3457	5.434
5775	facilidade	0	noun	3456	5.432
5776	destroçar	0	verb	3454	5.429
5777	compreensível	0	adj	3453	5.427
5778	dardo	0	noun	3450	5.423
5779	epidemia	0	noun	3450	5.423
5780	europeu	0	noun	3450	5.423
5781	caloiro	0	noun	3449	5.421
5782	consentimento	0	noun	3448	5.420
5783	medalhão	0	noun	3447	5.418
5784	persuadir	0	verb	3447	5.418
5785	solucionar	0	verb	3447	5.418
5786	previsível	0	adj	3445	5.415
5787	injustiça	0	noun	3443	5.412
5788	negação	0	noun	3443	5.412
5789	utilizador	0	noun	3443	5.412
5790	florescer	0	verb	3441	5.409
5791	mercado negro	1	mwe	3440	5.407
5792	extremo	0	noun	3439	5.405
5793	ingrato	0	adj	3438	5.404
5794	hippie	0	noun	3436	5.401
5795	contagioso	0	adj	3432	5.394
5796	desprezível	0	adj	3429	5.390
5797	foco	0	noun	3429	5.390
5798	submundo	0	noun	3429	5.390
5799	warp	0	noun	3428	5.388
5800	shot	0	noun	3425	5.383
5801	infernal	0	adj	3424	5.382
5802	levoua	0	noun	3424	5.382
5803	odor	0	noun	3424	5.382
5804	lunar	0	adj	3423	5.380
5805	panda	0	noun	3422	5.379
5806	rapar	0	verb	3422	5.379
5807	virtual	0	adj	3422	5.379
5808	dissolver	0	verb	3420	5.376
5809	alcoólico	0	adj	3419	5.374
5810	vara	0	noun	3417	5.371
5811	bonitão	0	adj	3415	5.368
5812	gole	0	noun	3414	5.366
5813	teta	0	noun	3414	5.366
5814	preparativo	0	noun	3413	5.365
5815	abismo	0	noun	3412	5.363
5816	shh	0	intj	3412	5.363
5817	mosquito	0	noun	3411	5.361
5818	abafar	0	verb	3410	5.360
5819	sucata	0	noun	3410	5.360
5820	contexto	0	noun	3409	5.358
5821	decapitar	0	verb	3408	5.357
5822	orgânico	0	adj	3404	5.350
5823	maca	0	noun	3403	5.349
5824	peido	0	noun	3403	5.349
5825	europeu	0	adj	3402	5.347
5826	operário	0	noun	3402	5.347
5827	papai	0	intj	3400	5.344
5828	salva-vidas	0	adj	3400	5.344
5829	milionário	0	noun	3399	5.343
5830	rendição	0	noun	3399	5.343
5831	repentino	0	adj	3398	5.341
5832	venerar	0	verb	3396	5.338
5833	traumatismo	0	noun	3394	5.335
5834	corromper	0	verb	3392	5.332
5835	mafioso	0	noun	3391	5.330
5836	carteiro	0	noun	3390	5.328
5837	foguetão	0	noun	3390	5.328
5838	rapidez	0	noun	3390	5.328
5839	charmoso	0	adj	3386	5.322
5840	jardineiro	0	noun	3384	5.319
5841	redimir	0	verb	3383	5.317
5842	desempenhar	0	verb	3382	5.316
5843	espontâneo	0	adj	3382	5.316
5844	bin	0	noun	3381	5.314
5845	abutre	0	noun	3380	5.313
5846	químico	0	noun	3380	5.313
5847	parceria	0	noun	3379	5.311
5848	estupendo	0	adj	3378	5.310
5849	vago	0	adj	3378	5.310
5850	enfurecer	0	verb	3377	5.308
5851	composição	0	noun	3375	5.305
5852	deixeia	0	noun	3375	5.305
5853	espertinho	0	noun	3375	5.305
5854	espuma	0	noun	3375	5.305
5855	parlamento	0	noun	3375	5.305
5856	grávida	0	noun	3374	5.303
5857	característica	0	noun	3373	5.302
5858	jurado	0	noun	3373	5.302
5859	arrepio	0	noun	3370	5.297
5860	determinação	0	noun	3370	5.297
5861	fortalecer	0	verb	3370	5.297
5862	masmorra	0	noun	3370	5.297
5863	cozinheira	0	noun	3368	5.294
5864	erupção	0	noun	3368	5.294
5865	fornicar	0	verb	3367	5.292
5866	jeitoso	0	adj	3367	5.292
5867	interrupção	0	noun	3366	5.291
5868	inapropriado	0	adj	3365	5.289
5869	pote	0	noun	3365	5.289
5870	inquilino	0	noun	3361	5.283
5871	pressentir	0	verb	3361	5.283
5872	arrogância	0	noun	3360	5.281
5873	grosseiro	0	adj	3360	5.281
5874	marcado	0	adj	3360	5.281
5875	descida	0	noun	3359	5.280
5876	spray	0	noun	3355	5.273
5877	temporariamente	0	adv	3354	5.272
5878	entidade	0	noun	3352	5.269
5879	ração	0	noun	3351	5.267
5880	contribuição	0	noun	3349	5.264
5881	prático	0	adj	3349	5.264
5882	abastecer	0	verb	3348	5.262
5883	apelar	0	verb	3348	5.262
5884	impaciente	0	adj	3345	5.258
5885	trajetória	0	noun	3345	5.258
5886	saldo	0	noun	3343	5.255
5887	tostão	0	noun	3342	5.253
5888	holandês	0	adj	3341	5.251
5889	variedade	0	noun	3341	5.251
5890	naquelas	0	unk	3339	5.248
5891	pinguim	0	adj	3338	5.247
5892	amassar	0	verb	3336	5.244
5893	codificar	0	verb	3336	5.244
5894	hormona	0	noun	3335	5.242
5895	energético	0	adj	3334	5.240
5896	sobrancelha	0	noun	3333	5.239
5897	abastecimento	0	noun	3332	5.237
5898	infantaria	0	noun	3332	5.237
5899	avance	0	verb	3330	5.234
5900	unidas	0	noun	3330	5.234
5901	aperfeiçoar	0	verb	3329	5.233
5902	argumentar	0	verb	3329	5.233
5903	orar	0	verb	3329	5.233
5904	cauteloso	0	adj	3327	5.229
5905	cerco	0	noun	3327	5.229
5906	quartel-general	0	noun	3326	5.228
5907	admissão	0	noun	3323	5.223
5908	ginástica	0	noun	3322	5.222
5909	bombista	0	noun	3319	5.217
5910	encenar	0	verb	3319	5.217
5911	amuleto	0	noun	3318	5.215
5912	amear	0	verb	3317	5.214
5913	sossegar	0	verb	3317	5.214
5914	manual	0	adj	3315	5.211
5915	perícia	0	noun	3313	5.207
5916	publicamente	0	adv	3313	5.207
5917	curvar	0	verb	3310	5.203
5918	ampliar	0	verb	3309	5.201
5919	auxiliar	0	adj	3309	5.201
5920	mecânico	0	noun	3309	5.201
5921	portador	0	noun	3309	5.201
5922	saca	0	verb	3309	5.201
5923	vagão	0	noun	3307	5.198
5924	indiana	0	noun	3305	5.195
5925	propulsor	0	noun	3303	5.192
5926	espia	0	noun	3302	5.190
5927	nuca	0	noun	3302	5.190
5928	ganso	0	noun	3301	5.189
5929	rap	0	noun	3301	5.189
5930	revólver	0	noun	3301	5.189
5931	tributo	0	noun	3301	5.189
5932	bronze	0	noun	3300	5.187
5933	clínico	0	adj	3298	5.184
5934	limonada	0	noun	3298	5.184
5935	reviver	0	verb	3298	5.184
5936	ânimo	0	noun	3295	5.179
5937	porquinho	0	noun	3294	5.177
5938	rogar	0	verb	3294	5.177
5939	paranoia	0	noun	3293	5.176
5940	picada	0	noun	3292	5.174
5941	saia daí	1	mwe	3292	5.174
5942	mutilar	0	verb	3291	5.173
5943	alargar	0	verb	3290	5.171
5944	spa	0	noun	3289	5.170
5945	emocionado	0	adj	3288	5.168
5946	lsto	0	intj	3286	5.165
5947	sutiã	0	noun	3286	5.165
5948	ousado	0	adj	3285	5.163
5949	presunto	0	noun	3285	5.163
5950	residir	0	verb	3285	5.163
5951	ventre	0	noun	3285	5.163
5952	costeleta	0	noun	3283	5.160
5953	entornar	0	verb	3281	5.157
5954	virgindade	0	noun	3281	5.157
5955	fry	0	noun	3277	5.151
5956	tocha	0	noun	3277	5.151
5957	night	0	noun	3276	5.149
5958	sentinela	0	noun	3276	5.149
5959	comunista	0	noun	3275	5.148
5960	round	0	noun	3275	5.148
5961	minhoca	0	noun	3273	5.144
5962	memorizar	0	verb	3272	5.143
5963	educado	0	adj	3268	5.137
5964	secretamente	0	adv	3266	5.133
5965	combatente	0	adj	3265	5.132
5966	trocado	0	verb	3265	5.132
5967	destruidor	0	noun	3264	5.130
5968	antiquar	0	verb	3262	5.127
5969	bisbilhotar	0	verb	3262	5.127
5970	boi	0	noun	3260	5.124
5971	vampira	0	noun	3260	5.124
5972	ordinário	0	adj	3259	5.122
5973	motivar	0	verb	3258	5.121
5974	proximidade	0	noun	3258	5.121
5975	chiça	0	noun	3257	5.119
5976	alavanca	0	noun	3254	5.115
5977	novinho	0	adj	3254	5.115
5978	velar	0	pron	3254	5.115
5979	terraço	0	noun	3252	5.111
5980	contenção	0	noun	3251	5.110
5981	fedor	0	noun	3250	5.108
5982	histérico	0	adj	3249	5.107
5983	suposição	0	noun	3246	5.102
5984	feder	0	verb	3245	5.100
5985	coruja	0	noun	3243	5.097
5986	montagem	0	noun	3242	5.096
5987	alfândega	0	noun	3241	5.094
5988	rigoroso	0	adj	3241	5.094
5989	andamento	0	noun	3240	5.093
5990	parir	0	verb	3239	5.091
5991	senhorio	0	noun	3239	5.091
5992	bárbaro	0	noun	3237	5.088
5993	tosse	0	noun	3236	5.086
5994	admirável	0	adj	3234	5.083
5995	incómodo	0	noun	3232	5.080
5996	cachimbo	0	noun	3231	5.078
5997	impostor	0	noun	3231	5.078
5998	quadrante	0	noun	3229	5.075
5999	rijo	0	adj	3228	5.074
6000	esfolar	0	verb	3227	5.072
6001	panela	0	noun	3226	5.071
6002	sudeste	0	adj	3225	5.069
6003	afirmação	0	noun	3224	5.067
6004	enriquecer	0	verb	3222	5.064
6005	geleia	0	noun	3222	5.064
6006	vergonhoso	0	adj	3221	5.063
6007	brando	0	adj	3220	5.061
6008	apelo	0	noun	3219	5.060
6009	escape	0	noun	3219	5.060
6010	demoníaco	0	adj	3218	5.058
6011	empenhado	0	adj	3218	5.058
6012	coleira	0	noun	3217	5.056
6013	postura	0	noun	3216	5.055
6014	denso	0	adj	3214	5.052
6015	excessivo	0	adj	3214	5.052
6016	estranhamente	0	adv	3213	5.050
6017	avozinha	0	noun	3212	5.049
6018	taxista	0	noun	3212	5.049
6019	desembarcar	0	verb	3211	5.047
6020	ohh	0	intj	3211	5.047
6021	cume	0	noun	3210	5.045
6022	doador	0	noun	3210	5.045
6023	aniquilar	0	verb	3209	5.044
6024	lucrar	0	verb	3206	5.039
6025	nato	0	noun	3206	5.039
6026	chicote	0	noun	3205	5.038
6027	neutro	0	adj	3205	5.038
6028	canalizador	0	noun	3204	5.036
6029	armazenar	0	verb	3203	5.034
6030	condolência	0	noun	3202	5.033
6031	embalagem	0	noun	3202	5.033
6032	construtor	0	noun	3200	5.030
6033	crescente	0	adj	3200	5.030
6034	espectro	0	noun	3198	5.027
6035	falsificação	0	noun	3198	5.027
6036	rochedo	0	noun	3197	5.025
6037	carvalho	0	noun	3196	5.023
6038	coca-cola	0	noun	3196	5.023
6039	bora	0	verb	3195	5.022
6040	ressonância	0	noun	3195	5.022
6041	apto	0	adj	3194	5.020
6042	caçadeira	0	noun	3193	5.019
6043	embarque	0	verb	3193	5.019
6044	remediar	0	verb	3193	5.019
6045	roxo	0	adj	3193	5.019
6046	convir	0	verb	3192	5.017
6047	multiplicar	0	verb	3191	5.016
6048	nativo	0	noun	3191	5.016
6049	rabino	0	noun	3191	5.016
6050	manto	0	noun	3187	5.009
6051	relações sexuais	1	mwe	3187	5.009
6052	relíquia	0	noun	3187	5.009
6053	caveira	0	noun	3186	5.008
6054	wraith	0	noun	3186	5.008
6055	rendar	0	verb	3185	5.006
6056	interpretação	0	noun	3184	5.005
6057	mortos-vivos	0	noun	3184	5.005
6058	árbitro	0	noun	3184	5.005
6059	nativo	0	adj	3183	5.003
6060	design	0	noun	3182	5.001
6061	ignorância	0	noun	3181	5.000
6062	similar	0	adj	3180	4.998
6063	bandeja	0	noun	3179	4.997
6064	destemido	0	adj	3178	4.995
6065	pantera	0	noun	3176	4.992
6066	caracol	0	noun	3175	4.990
6067	ofício	0	noun	3174	4.989
6068	tabela	0	noun	3173	4.987
6069	seguido	0	verb	3172	4.986
6070	surf	0	noun	3171	4.984
6071	sucedido	0	adj	3169	4.981
6072	guarda costeira	1	mwe	3168	4.979
6073	convento	0	noun	3164	4.973
6074	desencadear	0	verb	3163	4.972
6075	trigo	0	noun	3163	4.972
6076	babar	0	verb	3162	4.970
6077	caçadora	0	noun	3160	4.967
6078	tenhoa	0	noun	3160	4.967
6079	castanha	0	adj	3156	4.961
6080	lucrativo	0	adj	3156	4.961
6081	bengala	0	noun	3154	4.957
6082	mostarda	0	noun	3154	4.957
6083	desconfiado	0	adj	3153	4.956
6084	isca	0	noun	3147	4.946
6085	supervisão	0	noun	3147	4.946
6086	mataa	0	unk	3146	4.945
6087	frontal	0	adj	3145	4.943
6088	tralha	0	noun	3144	4.942
6089	desprezo	0	noun	3143	4.940
6090	esmurrar	0	verb	3142	4.939
6091	expansão	0	noun	3140	4.935
6092	especializar	0	verb	3139	4.934
6093	pervertido	0	noun	3139	4.934
6094	eletrónico	0	noun	3138	4.932
6095	lésbico	0	noun	3138	4.932
6096	ostra	0	noun	3137	4.931
6097	bombardeamento	0	noun	3136	4.929
6098	encarregado	0	verb	3133	4.924
6099	estalar	0	verb	3132	4.923
6100	finalista	0	adj	3132	4.923
6101	psicótico	0	adj	3132	4.923
6102	átomo	0	noun	3131	4.921
6103	copa	0	noun	3128	4.917
6104	roer	0	verb	3128	4.917
6105	deriva	0	noun	3126	4.913
6106	enfarte	0	noun	3126	4.913
6107	mosqueteiro	0	noun	3126	4.913
6108	agonia	0	noun	3122	4.907
6109	batido	0	noun	3121	4.906
6110	presidencial	0	adj	3121	4.906
6111	favorecer	0	verb	3119	4.902
6112	implantar	0	verb	3119	4.902
6113	cordão	0	noun	3118	4.901
6114	agudo	0	adj	3117	4.899
6115	comovente	0	adj	3116	4.898
6116	gangster	0	noun	3116	4.898
6117	imortal	0	noun	3116	4.898
6118	abençoado	0	adj	3115	4.896
6119	manuscrito	0	noun	3114	4.895
6120	átrio	0	noun	3113	4.893
6121	exagero	0	noun	3110	4.888
6122	exigente	0	adj	3110	4.888
6123	redondo	0	adj	3107	4.884
6124	smoking	0	noun	3107	4.884
6125	cercado	0	adj	3105	4.880
6126	chaminé	0	noun	3105	4.880
6127	delícia	0	noun	3104	4.879
6128	inimiga	0	noun	3104	4.879
6129	patrulhar	0	verb	3104	4.879
6130	triunfo	0	noun	3104	4.879
6131	bridge	0	noun	3102	4.876
6132	regar	0	verb	3101	4.874
6133	sirene	0	noun	3098	4.869
6134	primar	0	verb	3097	4.868
6135	reabrir	0	verb	3097	4.868
6136	rutura	0	noun	3096	4.866
6137	caminhão	0	noun	3093	4.862
6138	exprimir	0	verb	3092	4.860
6139	saque	0	noun	3092	4.860
6140	conexão	0	noun	3091	4.858
6141	licenciar	0	verb	3091	4.858
6142	dezoito	0	num	3088	4.854
6143	dador	0	noun	3087	4.852
6144	mosteiro	0	noun	3087	4.852
6145	amorzinho	0	noun	3084	4.847
6146	entravar	0	verb	3084	4.847
6147	todo-poderoso	0	noun	3084	4.847
6148	sã	0	adv	3080	4.841
6149	achado	0	verb	3079	4.840
6150	furtivo	0	adj	3079	4.840
6151	clareza	0	noun	3078	4.838
6152	procurador-geral	0	noun	3078	4.838
6153	voador	0	noun	3077	4.836
6154	informática	0	noun	3076	4.835
6155	inspirador	0	adj	3075	4.833
6156	muscular	0	adj	3075	4.833
6157	take	0	unk	3071	4.827
6158	cowboy	0	noun	3070	4.825
6159	ponderar	0	verb	3069	4.824
6160	with	0	noun	3069	4.824
6161	deixoua	0	noun	3068	4.822
6162	documentar	0	verb	3065	4.818
6163	instrutor	0	noun	3065	4.818
6164	algoritmo	0	noun	3064	4.816
6165	rameira	0	noun	3064	4.816
6166	fortemente	0	adv	3063	4.814
6167	dossier	0	noun	3062	4.813
6168	mergulhador	0	noun	3062	4.813
6169	tacada	0	noun	3062	4.813
6170	intelectual	0	adj	3061	4.811
6171	iogurte	0	noun	3059	4.808
6172	impotente	0	adj	3058	4.807
6173	contrair	0	verb	3055	4.802
6174	programação	0	noun	3054	4.800
6175	lima	0	noun	3053	4.799
6176	auxiliar	0	noun	3051	4.796
6177	circulação	0	noun	3051	4.796
6178	exterminador	0	noun	3051	4.796
6179	lixeira	0	noun	3045	4.786
6180	sorria	0	intj	3045	4.786
6181	hematoma	0	noun	3044	4.785
6182	devidamente	0	adv	3043	4.783
6183	farinha	0	noun	3042	4.781
6184	ervilha	0	noun	3041	4.780
6185	confortar	0	verb	3040	4.778
6186	moção	0	noun	3040	4.778
6187	mortífero	0	adj	3039	4.777
6188	bombardeiro	0	noun	3038	4.775
6189	considerável	0	adj	3038	4.775
6190	forasteiro	0	noun	3038	4.775
6191	trenó	0	noun	3038	4.775
6192	fatura	0	noun	3037	4.774
6193	sobrecarregar	0	verb	3037	4.774
6194	realeza	0	noun	3035	4.770
6195	gravemente	0	adv	3034	4.769
6196	espelunca	0	noun	3033	4.767
6197	descendente	0	adj	3031	4.764
6198	destrancar	0	verb	3031	4.764
6199	dezasseis	0	num	3031	4.764
6200	indiano	0	adj	3031	4.764
6201	matador	0	noun	3031	4.764
6202	radiante	0	adj	3031	4.764
6203	múmia	0	noun	3030	4.763
6204	aliar	0	noun	3029	4.761
6205	alojamento	0	noun	3028	4.759
6206	tigela	0	noun	3027	4.758
6207	vadio	0	adj	3027	4.758
6208	aprisionar	0	verb	3025	4.755
6209	escultura	0	noun	3025	4.755
6210	matinal	0	adj	3025	4.755
6211	bon	0	noun	3024	4.753
6212	veloz	0	adj	3024	4.753
6213	despercebido	0	adj	3023	4.752
6214	ripostar	0	verb	3023	4.752
6215	barragem	0	noun	3022	4.750
6216	rotação	0	noun	3022	4.750
6217	suicido	0	adj	3022	4.750
6218	ides	0	noun	3020	4.747
6219	mmm	0	intj	3020	4.747
6220	more	0	noun	3020	4.747
6221	apresentar queixa	1	mwe	3019	4.745
6222	desordem	0	noun	3018	4.744
6223	excêntrico	0	adj	3018	4.744
6224	etapa	0	noun	3014	4.737
6225	assuntos internos	1	mwe	3011	4.733
6226	drenar	0	verb	3010	4.731
6227	crente	0	noun	3008	4.728
6228	extorsão	0	noun	3008	4.728
6229	celeste	0	noun	3007	4.726
6230	mentalmente	0	adv	3007	4.726
6231	prefeito	0	noun	3007	4.726
6232	ganho	0	noun	3006	4.725
6233	mariquinhas	0	noun	3006	4.725
6234	meia dúzia	1	mwe	3006	4.725
6235	barman	0	noun	3005	4.723
6236	javali	0	noun	3004	4.722
6237	farmacêutico	0	noun	2999	4.714
6238	desabafar	0	verb	2995	4.708
6239	sensacional	0	adj	2995	4.708
6240	fraquinho	0	noun	2994	4.706
6241	monumento	0	noun	2994	4.706
6242	funcionamento	0	noun	2990	4.700
6243	fungo	0	noun	2988	4.697
6244	esboço	0	noun	2987	4.695
6245	espremer	0	verb	2987	4.695
6246	irracional	0	adj	2986	4.693
6247	móvel	0	adj	2985	4.692
6248	incentivo	0	noun	2983	4.689
6249	cómodo	0	noun	2982	4.687
6250	navalha	0	noun	2982	4.687
6251	ianque	0	noun	2981	4.686
6252	intimidade	0	noun	2980	4.684
6253	tremor	0	noun	2980	4.684
6254	calmamente	0	adv	2979	4.682
6255	infinito	0	adj	2979	4.682
6256	conectar	0	verb	2978	4.681
6257	maestro	0	noun	2978	4.681
6258	acertado	0	verb	2977	4.679
6259	aquisição	0	noun	2977	4.679
6260	bravura	0	noun	2976	4.678
6261	erótico	0	adj	2975	4.676
6262	jurídico	0	adj	2975	4.676
6263	absolver	0	verb	2974	4.675
6264	lamentável	0	adj	2973	4.673
6265	disco rígido	1	mwe	2972	4.671
6266	agitação	0	noun	2970	4.668
6267	mercê	0	noun	2969	4.667
6268	tremendo	0	adj	2968	4.665
6269	manicómio	0	noun	2967	4.664
6270	jarda	0	noun	2966	4.662
6271	búfalo	0	noun	2965	4.660
6272	estimular	0	verb	2965	4.660
6273	porcento	0	noun	2965	4.660
6274	coletivo	0	adj	2964	4.659
6275	reprimir	0	verb	2964	4.659
6276	duquesa	0	noun	2963	4.657
6277	prostituição	0	noun	2963	4.657
6278	deslumbrante	0	adj	2961	4.654
6279	queque	0	noun	2960	4.653
6280	zoom	0	noun	2959	4.651
6281	tese	0	noun	2958	4.649
6282	artes marciais	1	mwe	2957	4.648
6283	bug	0	noun	2957	4.648
6284	contusão	0	noun	2956	4.646
6285	discordo	0	noun	2955	4.645
6286	maratona	0	noun	2954	4.643
6287	cisne	0	noun	2951	4.638
6288	intermediário	0	noun	2951	4.638
6289	véu	0	noun	2951	4.638
6290	desonesto	0	adj	2948	4.634
6291	marketing	0	noun	2946	4.631
6292	prosperar	0	verb	2946	4.631
6293	credível	0	adj	2944	4.627
6294	skate	0	noun	2943	4.626
6295	horroroso	0	adj	2941	4.623
6296	tripa	0	noun	2940	4.621
6297	palavrão	0	noun	2938	4.618
6298	bruto	0	adj	2937	4.616
6299	cansativo	0	adj	2936	4.615
6300	amador	0	adj	2935	4.613
6301	delito	0	noun	2935	4.613
6302	kms	0	noun	2935	4.613
6303	memorando	0	noun	2935	4.613
6304	en	0	prep	2934	4.612
6305	recreio	0	noun	2933	4.610
6306	requisitar	0	verb	2933	4.610
6307	ursinho	0	noun	2932	4.609
6308	destinar	0	verb	2931	4.607
6309	admirado	0	adj	2930	4.605
6310	milímetro	0	noun	2930	4.605
6311	stop	0	unk	2930	4.605
6312	suado	0	adj	2930	4.605
6313	amarrado	0	adj	2927	4.601
6314	credibilidade	0	noun	2927	4.601
6315	impune	0	adj	2927	4.601
6316	manifesto	0	noun	2927	4.601
6317	apoiado	0	adj	2926	4.599
6318	discípulo	0	noun	2926	4.599
6319	derradeiro	0	adj	2923	4.594
6320	apito	0	noun	2922	4.593
6321	combinado	0	noun	2919	4.588
6322	barbeiro	0	noun	2918	4.587
6323	ogre	0	noun	2918	4.587
6324	dó	0	adv	2917	4.585
6325	bilhar	0	noun	2915	4.582
6326	indiferente	0	adj	2914	4.580
6327	piratear	0	verb	2914	4.580
6328	assédio	0	noun	2913	4.579
6329	mãozinha	0	noun	2913	4.579
6330	riscar	0	noun	2913	4.579
6331	anual	0	noun	2912	4.577
6332	maciço	0	adj	2912	4.577
6333	nevar	0	verb	2912	4.577
6334	polaco	0	noun	2909	4.572
6335	pornográfico	0	adj	2907	4.569
6336	roto	0	noun	2905	4.566
6337	anotação	0	noun	2904	4.564
6338	flexível	0	adj	2904	4.564
6339	provado	0	adj	2903	4.563
6340	associado	0	adj	2901	4.560
6341	náusea	0	noun	2901	4.560
6342	foleiro	0	adj	2899	4.557
6343	àquilo	0	noun	2899	4.557
6344	exposto	0	adj	2898	4.555
6345	homossexual	0	noun	2897	4.553
6346	meteorito	0	noun	2896	4.552
6347	carneiro	0	noun	2895	4.550
6348	dedicação	0	noun	2895	4.550
6349	revoltar	0	verb	2895	4.550
6350	engasgar	0	verb	2894	4.549
6351	cegar	0	verb	2893	4.547
6352	papo	0	noun	2893	4.547
6353	wc	0	noun	2892	4.546
6354	marshal	0	noun	2891	4.544
6355	elástico	0	adj	2890	4.542
6356	nerd	0	noun	2888	4.539
6357	arodri	0	noun	2887	4.538
6358	brecha	0	noun	2887	4.538
6359	reviravolta	0	noun	2887	4.538
6360	orcs	0	noun	2885	4.535
6361	soviético	0	noun	2885	4.535
6362	seguramente	0	adv	2883	4.531
6363	tinto	0	noun	2883	4.531
6364	familiarizado	0	adj	2882	4.530
6365	presenciar	0	verb	2881	4.528
6366	dilema	0	noun	2880	4.527
6367	tresandar	0	verb	2880	4.527
6368	migalha	0	noun	2879	4.525
6369	espalhado	0	adj	2878	4.524
6370	melhora	0	noun	2878	4.524
6371	porte	0	noun	2878	4.524
6372	buraco negro	1	mwe	2876	4.520
6373	carpete	0	noun	2876	4.520
6374	especulação	0	noun	2876	4.520
6375	oráculo	0	noun	2875	4.519
6376	coiote	0	noun	2874	4.517
6377	competente	0	adj	2873	4.516
6378	catálogo	0	noun	2871	4.513
6379	resumo	0	noun	2868	4.508
6380	esponja	0	noun	2867	4.506
6381	liberar	0	verb	2867	4.506
6382	vegetariano	0	adj	2864	4.502
6383	bonitinho	0	adj	2863	4.500
6384	contador	0	noun	2862	4.498
6385	imperial	0	noun	2862	4.498
6386	informático	0	adj	2861	4.497
6387	atear	0	verb	2858	4.492
6388	legume	0	noun	2857	4.491
6389	empurrão	0	noun	2855	4.487
6390	gueto	0	noun	2855	4.487
6391	catedral	0	noun	2854	4.486
6392	sinceridade	0	noun	2854	4.486
6393	lã	0	noun	2853	4.484
6394	manta	0	noun	2850	4.480
6395	cósmico	0	adj	2849	4.478
6396	eleitor	0	noun	2849	4.478
6397	convencional	0	adj	2848	4.476
6398	instantâneo	0	adj	2848	4.476
6399	esvair	0	verb	2846	4.473
6400	melodia	0	noun	2846	4.473
6401	respiratório	0	adj	2844	4.470
6402	vibrar	0	verb	2844	4.470
6403	pairar	0	verb	2843	4.469
6404	convidada	0	noun	2841	4.465
6405	cratera	0	noun	2841	4.465
6406	prudente	0	adj	2840	4.464
6407	ilimitado	0	adj	2839	4.462
6408	imortalidade	0	noun	2838	4.461
6409	recriar	0	verb	2838	4.461
6410	frequente	0	adj	2837	4.459
6411	paralisar	0	verb	2833	4.453
6412	pedrada	0	noun	2833	4.453
6413	fodida	0	verb	2832	4.451
6414	loura	0	adj	2830	4.448
6415	humidade	0	noun	2827	4.443
6416	balística	0	noun	2826	4.442
6417	cigano	0	noun	2826	4.442
6418	tampão	0	noun	2825	4.440
6419	tellos	0	unk	2825	4.440
6420	anal	0	adj	2824	4.439
6421	anestesia	0	noun	2824	4.439
6422	surto	0	noun	2824	4.439
6423	purificar	0	verb	2822	4.436
6424	cálice	0	noun	2817	4.428
6425	fogão	0	noun	2817	4.428
6426	aposentar	0	verb	2816	4.426
6427	expulso	0	adj	2816	4.426
6428	justamente	0	adv	2816	4.426
6429	oitenta	0	num	2816	4.426
6430	regularmente	0	adv	2815	4.425
6431	subconsciente	0	noun	2815	4.425
6432	esposo	0	noun	2810	4.417
6433	otimista	0	noun	2810	4.417
6434	revirar	0	verb	2810	4.417
6435	virado	0	adj	2809	4.415
6436	cristã	0	adj	2808	4.414
6437	liquidar	0	verb	2807	4.412
6438	tranquilizante	0	noun	2807	4.412
6439	caramelo	0	noun	2805	4.409
6440	petição	0	noun	2805	4.409
6441	pagão	0	noun	2804	4.407
6442	fosso	0	noun	2803	4.406
6443	ocasionalmente	0	adv	2802	4.404
6444	reconfortante	0	adj	2799	4.399
6445	comprido	0	verb	2798	4.398
6446	twitter	0	noun	2798	4.398
6447	cautela	0	noun	2797	4.396
6448	pugilista	0	noun	2795	4.393
6449	acariciar	0	verb	2793	4.390
6450	abdómen	0	noun	2791	4.387
6451	feitio	0	noun	2791	4.387
6452	forças armadas	1	mwe	2791	4.387
6453	anónimo	0	noun	2789	4.384
6454	aquático	0	adj	2789	4.384
6455	sacudir	0	verb	2788	4.382
6456	maia	0	noun	2787	4.381
6457	financiamento	0	noun	2786	4.379
6458	ressurreição	0	noun	2786	4.379
6459	engenho	0	noun	2784	4.376
6460	tentador	0	adj	2784	4.376
6461	felicitar	0	verb	2783	4.374
6462	repousar	0	verb	2783	4.374
6463	web	0	noun	2783	4.374
6464	aspirar	0	verb	2782	4.373
6465	esparguete	0	noun	2782	4.373
6466	inauguração	0	noun	2781	4.371
6467	bilionário	0	noun	2780	4.370
6468	igualdade	0	noun	2779	4.368
6469	speed	0	noun	2779	4.368
6470	samaritano	0	noun	2778	4.366
6471	gostoso	0	adj	2777	4.365
6472	artifício	0	noun	2776	4.363
6473	livremente	0	adv	2776	4.363
6474	prisional	0	adj	2776	4.363
6475	latino	0	noun	2775	4.362
6476	programado	0	adj	2774	4.360
6477	delirar	0	verb	2773	4.359
6478	safado	0	adj	2772	4.357
6479	fins-de-semana	0	noun	2771	4.355
6480	prematuro	0	adj	2770	4.354
6481	réplica	0	noun	2770	4.354
6482	duvidoso	0	adj	2769	4.352
6483	catorze	0	num	2768	4.351
6484	polegada	0	noun	2767	4.349
6485	falido	0	adj	2766	4.348
6486	maníaco	0	noun	2766	4.348
6487	naval	0	adj	2766	4.348
6488	alpendre	0	noun	2764	4.344
6489	bourbon	0	noun	2764	4.344
6490	chifre	0	noun	2764	4.344
6491	loiro	0	adj	2764	4.344
6492	descodificar	0	verb	2762	4.341
6493	residente	0	adj	2762	4.341
6494	estimativa	0	noun	2761	4.340
6495	tantas saudades	1	mwe	2761	4.340
6496	casual	0	adj	2759	4.337
6497	moinho	0	noun	2758	4.335
6498	patrocinador	0	noun	2757	4.333
6499	chapa	0	noun	2756	4.332
6500	agarrado	0	adj	2755	4.330
6501	torneira	0	noun	2755	4.330
6502	link	0	noun	2754	4.329
6503	reclamação	0	noun	2754	4.329
6504	macarrão	0	noun	2752	4.326
6505	matraca	0	noun	2752	4.326
6506	deceção	0	noun	2751	4.324
6507	redução	0	noun	2750	4.322
6508	transportador	0	noun	2750	4.322
6509	avante	0	noun	2749	4.321
6510	aparição	0	noun	2748	4.319
6511	out	0	noun	2747	4.318
6512	reinado	0	noun	2747	4.318
6513	biopsia	0	noun	2746	4.316
6514	evidentemente	0	adv	2746	4.316
6515	recitar	0	verb	2745	4.315
6516	reconstrução	0	noun	2745	4.315
6517	fascinar	0	verb	2743	4.311
6518	arranque	0	noun	2740	4.307
6519	infetado	0	adj	2739	4.305
6520	meteoro	0	noun	2739	4.305
6521	pinguim	0	noun	2739	4.305
6522	sogro	0	noun	2738	4.304
6523	episódios anteriores	1	mwe	2737	4.302
6524	italiansubs	0	noun	2737	4.302
6525	apólice	0	noun	2736	4.300
6526	redondeza	0	noun	2736	4.300
6527	androide	0	noun	2735	4.299
6528	acidental	0	adj	2734	4.297
6529	borrar	0	verb	2733	4.296
6530	metálico	0	adj	2733	4.296
6531	ilegalmente	0	adv	2732	4.294
6532	larva	0	noun	2732	4.294
6533	suspiro	0	noun	2732	4.294
6534	country	0	unk	2731	4.293
6535	canela	0	noun	2729	4.289
6536	competência	0	noun	2729	4.289
6537	compreensivo	0	adj	2728	4.288
6538	fantoche	0	noun	2728	4.288
6539	rebocar	0	verb	2728	4.288
6540	alternativo	0	adj	2725	4.283
6541	cilindro	0	noun	2725	4.283
6542	obstrução	0	noun	2725	4.283
6543	get	0	noun	2724	4.282
6544	planeamento	0	noun	2723	4.280
6545	tanas	0	noun	2723	4.280
6546	alcateia	0	noun	2721	4.277
6547	aliar	0	verb	2721	4.277
6548	egípcio	0	adj	2720	4.275
6549	espanto	0	noun	2720	4.275
6550	ósseo	0	adj	2720	4.275
6551	derrame	0	noun	2719	4.274
6552	terno	0	noun	2719	4.274
6553	frustrante	0	adj	2717	4.271
6554	heroico	0	adj	2717	4.271
6555	descuidado	0	adj	2715	4.267
6556	encaminhar	0	verb	2715	4.267
6557	noutros	0	det	2714	4.266
6558	orquestra	0	noun	2714	4.266
6559	pino	0	noun	2714	4.266
6560	pêsames	0	noun	2714	4.266
6561	voador	0	adj	2714	4.266
6562	alfinete	0	noun	2708	4.256
6563	viável	0	adj	2708	4.256
6564	desleixar	0	verb	2707	4.255
6565	gaulês	0	noun	2707	4.255
6566	pinto	0	noun	2707	4.255
6567	telescópio	0	noun	2706	4.253
6568	planície	0	noun	2705	4.252
6569	boletim	0	noun	2704	4.250
6570	fidelidade	0	noun	2704	4.250
6571	supremo tribunal	1	mwe	2704	4.250
6572	vingador	0	noun	2704	4.250
6573	magistrado	0	noun	2702	4.247
6574	aroma	0	noun	2701	4.245
6575	auge	0	noun	2701	4.245
6576	suíço	0	adj	2701	4.245
6577	quimioterapia	0	noun	2699	4.242
6578	baralho	0	noun	2698	4.241
6579	feixe	0	noun	2698	4.241
6580	soutien	0	noun	2698	4.241
6581	rodeio	0	noun	2696	4.238
6582	desativado	0	verb	2695	4.236
6583	iluminação	0	noun	2695	4.236
6584	noventa	0	num	2695	4.236
6585	molhado	0	adj	2694	4.234
6586	especiaria	0	noun	2691	4.230
6587	incómodo	0	adj	2691	4.230
6588	coelhinho	0	noun	2690	4.228
6589	ketchup	0	noun	2690	4.228
6590	decência	0	noun	2689	4.227
6591	pedófilo	0	noun	2688	4.225
6592	trouxea	0	unk	2686	4.222
6593	aceite	0	adj	2685	4.220
6594	espinho	0	noun	2685	4.220
6595	mascote	0	noun	2685	4.220
6596	sinistro	0	noun	2684	4.219
6597	temperamento	0	noun	2684	4.219
6598	avesso	0	noun	2683	4.217
6599	devoção	0	noun	2683	4.217
6600	bato	0	verb	2681	4.214
6601	órfão	0	adj	2680	4.212
6602	calipigia	0	noun	2679	4.211
6603	destroçado	0	adj	2678	4.209
6604	decisivo	0	adj	2677	4.208
6605	unicórnio	0	noun	2675	4.205
6606	vespa	0	noun	2673	4.201
6607	gargalhada	0	noun	2672	4.200
6608	gatinha	0	noun	2672	4.200
6609	dentário	0	adj	2671	4.198
6610	papi	0	noun	2671	4.198
6611	beijinho	0	intj	2670	4.197
6612	separatista	0	noun	2670	4.197
6613	relvado	0	noun	2669	4.195
6614	angariação	0	noun	2668	4.194
6615	escorrer	0	verb	2668	4.194
6616	rédea	0	noun	2667	4.192
6617	judaico	0	adj	2666	4.190
6618	afetado	0	verb	2665	4.189
6619	nações unidas	1	mwe	2665	4.189
6620	banca	0	noun	2663	4.186
6621	ferreiro	0	noun	2663	4.186
6622	imperial	0	adj	2663	4.186
6623	escravatura	0	noun	2661	4.183
6624	congelador	0	noun	2660	4.181
6625	seita	0	noun	2660	4.181
6626	ídolo	0	noun	2659	4.179
6627	vejoa	0	noun	2658	4.178
6628	engenhoso	0	adj	2656	4.175
6629	gala	0	noun	2653	4.170
6630	matrimónio	0	noun	2653	4.170
6631	roupão	0	noun	2653	4.170
6632	arrasado	0	adj	2651	4.167
6633	fação	0	noun	2650	4.165
6634	trapo	0	noun	2650	4.165
6635	set	0	noun	2649	4.164
6636	manhoso	0	adj	2648	4.162
6637	recife	0	noun	2647	4.161
6638	angariar	0	verb	2646	4.159
6639	distinção	0	noun	2646	4.159
6640	raivoso	0	adj	2646	4.159
6641	repouso	0	noun	2645	4.157
6642	distanciar	0	verb	2644	4.156
6643	víbora	0	noun	2641	4.151
6644	irregular	0	adj	2639	4.148
6645	pisa	0	noun	2639	4.148
6646	estimulante	0	adj	2638	4.146
6647	bancada	0	noun	2637	4.145
6648	morador	0	noun	2637	4.145
6649	ultra	0	noun	2637	4.145
6650	dependente	0	adj	2634	4.140
6651	deportar	0	verb	2634	4.140
6652	luar	0	noun	2634	4.140
6653	bagageira	0	noun	2633	4.139
6654	cubano	0	adj	2633	4.139
6655	mayday	0	noun	2631	4.135
6656	melhoria	0	noun	2631	4.135
6657	repetição	0	noun	2631	4.135
6658	pente	0	noun	2630	4.134
6659	estoirar	0	verb	2629	4.132
6660	sénior	0	noun	2628	4.131
6661	palha	0	noun	2627	4.129
6662	alce	0	intj	2625	4.126
6663	alucinar	0	verb	2625	4.126
6664	bad	0	noun	2624	4.124
6665	casinha	0	noun	2621	4.120
6666	desconhecido	0	noun	2621	4.120
6667	engate	0	noun	2621	4.120
6668	reivindicar	0	verb	2621	4.120
6669	estabilidade	0	noun	2620	4.118
6670	estelar	0	noun	2620	4.118
6671	proa	0	noun	2620	4.118
6672	bunda	0	noun	2619	4.117
6673	covil	0	noun	2618	4.115
6674	competitivo	0	adj	2617	4.113
6675	cínico	0	adj	2617	4.113
6676	pinça	0	noun	2617	4.113
6677	stock	0	noun	2615	4.110
6678	vice	0	noun	2615	4.110
6679	credencial	0	noun	2614	4.109
6680	extremidade	0	noun	2614	4.109
6681	fofo	0	noun	2614	4.109
6682	espécime	0	noun	2612	4.106
6683	horrendo	0	adj	2612	4.106
6684	aparente	0	adj	2611	4.104
6685	gere	0	noun	2611	4.104
6686	chili	0	noun	2610	4.102
6687	fileira	0	noun	2610	4.102
6688	oponente	0	noun	2610	4.102
6689	golpear	0	verb	2609	4.101
6690	guarda-roupa	0	noun	2609	4.101
6691	produtivo	0	adj	2608	4.099
6692	quadrado	0	noun	2608	4.099
6693	batizar	0	verb	2607	4.098
6694	calçar	0	verb	2607	4.098
6695	incorreto	0	adj	2607	4.098
6696	contrariar	0	verb	2605	4.095
6697	don't	0	unk	2604	4.093
6698	titã	0	noun	2604	4.093
6699	ementa	0	noun	2603	4.091
6700	persistente	0	adj	2603	4.091
6701	consumidor	0	noun	2601	4.088
6702	vertical	0	adj	2601	4.088
6703	formalidade	0	noun	2600	4.087
6704	saquear	0	verb	2599	4.085
6705	alumínio	0	noun	2597	4.082
6706	ardente	0	adj	2597	4.082
6707	dróide	0	adj	2597	4.082
6708	exorcismo	0	noun	2596	4.080
6709	riacho	0	noun	2596	4.080
6710	calcanhar	0	verb	2594	4.077
6711	estritamente	0	adv	2592	4.074
6712	amnésia	0	noun	2591	4.073
6713	kaboom	0	noun	2591	4.073
6714	bruxaria	0	noun	2589	4.069
6715	entusiasmar	0	verb	2588	4.068
6716	cunhada	0	noun	2587	4.066
6717	feto	0	noun	2587	4.066
6718	mutuamente	0	adv	2587	4.066
6719	homicido	0	adj	2586	4.065
6720	sultão	0	noun	2586	4.065
6721	what	0	unk	2586	4.065
6722	traidora	0	noun	2585	4.063
6723	compensação	0	noun	2584	4.062
6724	entes queridos	1	mwe	2584	4.062
6725	intensivo	0	adj	2584	4.062
6726	rabugento	0	adj	2584	4.062
6727	marinho	0	adj	2583	4.060
6728	pi	0	noun	2583	4.060
6729	setenta	0	num	2583	4.060
6730	suavemente	0	adv	2583	4.060
6731	apreensão	0	noun	2582	4.058
6732	hacker	0	noun	2582	4.058
6733	esqui	0	noun	2581	4.057
6734	matulão	0	noun	2581	4.057
6735	cantina	0	noun	2580	4.055
6736	diplomata	0	noun	2580	4.055
6737	dígito	0	noun	2580	4.055
6738	relações públicas	1	mwe	2580	4.055
6739	união soviética	1	mwe	2580	4.055
6740	graxa	0	noun	2579	4.054
6741	interminável	0	adj	2579	4.054
6742	escavação	0	noun	2578	4.052
6743	neurológico	0	adj	2577	4.051
6744	páre	0	verb	2576	4.049
6745	teoricamente	0	adv	2576	4.049
6746	chui	0	intj	2575	4.047
6747	arquitetura	0	noun	2574	4.046
6748	tutor	0	noun	2574	4.046
6749	descontar	0	verb	2573	4.044
6750	fodeste	0	verb	2570	4.040
6751	naval	0	noun	2570	4.040
6752	asma	0	noun	2569	4.038
6753	tatuar	0	verb	2569	4.038
6754	gráfico	0	noun	2568	4.036
6755	honor	0	noun	2568	4.036
6756	retrete	0	noun	2568	4.036
6757	apoiante	0	noun	2567	4.035
6758	madrinha	0	noun	2567	4.035
6759	premir	0	verb	2566	4.033
6760	suprimento	0	noun	2566	4.033
6761	paralisado	0	adj	2565	4.032
6762	redenção	0	noun	2565	4.032
6763	ópio	0	noun	2565	4.032
6764	marioneta	0	noun	2564	4.030
6765	patrocinar	0	verb	2563	4.029
6766	aeronave	0	noun	2562	4.027
6767	falhanço	0	noun	2562	4.027
6768	jet	0	noun	2562	4.027
6769	costura	0	noun	2560	4.024
6770	peluche	0	noun	2560	4.024
6771	constrangedor	0	adj	2559	4.022
6772	inicialmente	0	adv	2559	4.022
6773	silenciar	0	verb	2559	4.022
6774	demolir	0	verb	2558	4.021
6775	restabelecer	0	verb	2556	4.018
6776	sobrevoar	0	verb	2556	4.018
6777	fornecimento	0	noun	2555	4.016
6778	strike	0	noun	2555	4.016
6779	automaticamente	0	adv	2554	4.014
6780	indicador	0	noun	2552	4.011
6781	mercúrio	0	noun	2551	4.010
6782	gelatina	0	noun	2550	4.008
6783	picha	0	noun	2550	4.008
6784	esmeralda	0	noun	2549	4.007
6785	juvenil	0	adj	2549	4.007
6786	ages	0	noun	2548	4.005
6787	filósofo	0	noun	2548	4.005
6788	auxílio	0	noun	2545	4.000
6789	bisturi	0	noun	2545	4.000
6790	desertor	0	noun	2544	3.999
6791	dezassete	0	num	2544	3.999
6792	acomodar	0	verb	2541	3.994
6793	cadeado	0	noun	2541	3.994
6794	honorário	0	noun	2541	3.994
6795	legítima defesa	1	mwe	2541	3.994
6796	lápide	0	noun	2541	3.994
6797	comprovar	0	verb	2540	3.992
6798	executivo	0	noun	2539	3.991
6799	inundação	0	noun	2539	3.991
6800	anatomia	0	noun	2538	3.989
6801	canalização	0	noun	2537	3.988
6802	marciano	0	noun	2537	3.988
6803	apanhaa	0	unk	2536	3.986
6804	discretamente	0	adv	2536	3.986
6805	estalo	0	noun	2536	3.986
6806	vulcano	0	noun	2536	3.986
6807	espantado	0	adj	2535	3.985
6808	frustração	0	noun	2535	3.985
6809	obsceno	0	adj	2535	3.985
6810	correia	0	noun	2533	3.981
6811	molécula	0	noun	2531	3.978
6812	estreito	0	adj	2530	3.977
6813	ioga	0	noun	2530	3.977
6814	minar	0	verb	2530	3.977
6815	constipação	0	noun	2529	3.975
6816	crónico	0	adj	2529	3.975
6817	insano	0	adj	2528	3.974
6818	rastro	0	noun	2526	3.970
6819	descolagem	0	noun	2525	3.969
6820	ilibar	0	verb	2525	3.969
6821	preocupante	0	adj	2525	3.969
6822	baunilha	0	noun	2524	3.967
6823	maxilar	0	noun	2522	3.964
6824	tecnológico	0	adj	2522	3.964
6825	acessório	0	noun	2521	3.963
6826	deliberadamente	0	adv	2520	3.961
6827	esculpir	0	verb	2520	3.961
6828	especular	0	verb	2519	3.959
6829	mágoa	0	noun	2519	3.959
6830	contracto	0	noun	2518	3.958
6831	pistoleiro	0	noun	2518	3.958
6832	trunfo	0	noun	2518	3.958
6833	alga	0	noun	2517	3.956
6834	funcional	0	adj	2517	3.956
6835	heil	0	noun	2517	3.956
6836	diálogo	0	noun	2514	3.951
6837	diligência	0	noun	2512	3.948
6838	reescrever	0	verb	2510	3.945
6839	pupila	0	noun	2508	3.942
6840	est	0	noun	2507	3.940
6841	nomeação	0	noun	2507	3.940
6842	intensidade	0	noun	2506	3.939
6843	rodeado	0	adj	2506	3.939
6844	condomínio	0	noun	2505	3.937
6845	indelicado	0	adj	2505	3.937
6846	tratado	0	noun	2504	3.936
6847	gasto	0	noun	2503	3.934
6848	afligir	0	verb	2502	3.933
6849	insanidade	0	noun	2502	3.933
6850	sémen	0	noun	2502	3.933
6851	urânio	0	noun	2502	3.933
6852	ingerir	0	verb	2501	3.931
6853	apontamento	0	noun	2500	3.929
6854	carril	0	noun	2499	3.928
6855	celestial	0	adj	2499	3.928
6856	quarterback	0	noun	2499	3.928
6857	baba	0	noun	2498	3.926
6858	ahh	0	intj	2497	3.925
6859	coitado	0	noun	2495	3.922
6860	gracioso	0	adj	2495	3.922
6861	palmada	0	noun	2494	3.920
6862	raspar	0	verb	2494	3.920
6863	denúncia	0	noun	2493	3.918
6864	magia negra	1	mwe	2493	3.918
6865	babe	0	noun	2492	3.917
6866	baú	0	noun	2492	3.917
6867	árduo	0	adj	2492	3.917
6868	bruxo	0	noun	2490	3.914
6869	obrigadinho	0	intj	2490	3.914
6870	engraçadinho	0	adj	2489	3.912
6871	frustrar	0	verb	2489	3.912
6872	monstruoso	0	adj	2489	3.912
6873	peculiar	0	adj	2487	3.909
6874	consistir	0	verb	2486	3.907
6875	infetado	0	noun	2486	3.907
6876	devastador	0	adj	2484	3.904
6877	esgueirar	0	verb	2484	3.904
6878	playboy	0	noun	2483	3.903
6879	sádico	0	adj	2483	3.903
6880	mamar	0	verb	2481	3.900
6881	pentear	0	verb	2480	3.898
6882	perturbação	0	noun	2480	3.898
6883	sonoro	0	adj	2480	3.898
6884	teso	0	intj	2480	3.898
6885	gemer	0	verb	2479	3.896
6886	detonação	0	noun	2478	3.895
6887	economizar	0	verb	2478	3.895
6888	madrasta	0	noun	2477	3.893
6889	erguido	0	verb	2476	3.892
6890	decepcionado	0	adj	2475	3.890
6891	incompleto	0	adj	2475	3.890
6892	vistea	0	unk	2475	3.890
6893	costa leste	1	mwe	2474	3.889
6894	ofendido	0	adj	2474	3.889
6895	egípcio	0	noun	2473	3.887
6896	incisão	0	noun	2473	3.887
6897	infiltrado	0	adj	2472	3.885
6898	mendigo	0	noun	2472	3.885
6899	escovar	0	verb	2470	3.882
6900	receitar	0	verb	2470	3.882
6901	caligrafia	0	noun	2469	3.881
6902	confidencialidade	0	noun	2469	3.881
6903	penitenciária	0	noun	2468	3.879
6904	raciocínio	0	noun	2467	3.878
6905	empate	0	noun	2465	3.874
6906	frota estelar	1	mwe	2465	3.874
6907	karaté	0	noun	2465	3.874
6908	seguradora	0	noun	2464	3.873
6909	tédio	0	noun	2462	3.870
6910	download	0	noun	2461	3.868
6911	fanático	0	noun	2460	3.867
6912	louro	0	noun	2460	3.867
6913	goma	0	noun	2459	3.865
6914	permanentemente	0	adv	2457	3.862
6915	plenamente	0	adv	2457	3.862
6916	porta-voz	0	noun	2457	3.862
6917	prado	0	noun	2457	3.862
6918	repetidamente	0	adv	2457	3.862
6919	sobrenome	0	noun	2457	3.862
6920	universitário	0	adj	2456	3.860
6921	acorrentar	0	verb	2453	3.856
6922	cônsul	0	adj	2453	3.856
6923	recepcionista	0	noun	2453	3.856
6924	sacramento	0	noun	2453	3.856
6925	feiticeira	0	noun	2452	3.854
6926	orquídea	0	noun	2452	3.854
6927	assinalar	0	verb	2451	3.852
6928	estúpida	0	noun	2451	3.852
6929	conveniência	0	noun	2450	3.851
6930	marítimo	0	adj	2450	3.851
6931	retaliação	0	noun	2450	3.851
6932	tecla	0	noun	2450	3.851
6933	camuflagem	0	noun	2448	3.848
6934	escorregadio	0	adj	2448	3.848
6935	atacante	0	noun	2447	3.846
6936	controlador	0	noun	2447	3.846
6937	folheto	0	noun	2447	3.846
6938	todavia	0	adv	2447	3.846
6939	milénio	0	noun	2445	3.843
6940	camarote	0	noun	2443	3.840
6941	adega	0	noun	2441	3.837
6942	imperatriz	0	noun	2441	3.837
6943	efeitos secundários	1	mwe	2440	3.835
6944	password	0	noun	2440	3.835
6945	transparente	0	adj	2440	3.835
6946	publicitário	0	adj	2438	3.832
6947	borracho	0	noun	2437	3.830
6948	dicionário	0	noun	2437	3.830
6949	sociopata	0	noun	2437	3.830
6950	delírio	0	noun	2436	3.829
6951	destruíste	0	noun	2436	3.829
6952	xarope	0	noun	2436	3.829
6953	coitada	0	noun	2434	3.826
6954	fenomenal	0	adj	2434	3.826
6955	ré	0	noun	2434	3.826
6956	suster	0	verb	2434	3.826
6957	marreta	0	noun	2433	3.824
6958	poster	0	noun	2433	3.824
6959	bombordo	0	noun	2432	3.823
6960	delinquente	0	noun	2432	3.823
6961	dental	0	adj	2432	3.823
6962	manipulação	0	noun	2432	3.823
6963	substituição	0	noun	2431	3.821
6964	baralhar	0	verb	2430	3.819
6965	eramos	0	verb	2430	3.819
6966	bom-dia	0	intj	2429	3.818
6967	estufa	0	noun	2428	3.816
6968	negligência	0	noun	2428	3.816
6969	vovó	0	noun	2427	3.815
6970	cana	0	noun	2424	3.810
6971	silencioso	0	noun	2424	3.810
6972	turístico	0	adj	2424	3.810
6973	médico-legista	0	noun	2423	3.808
6974	aventureiro	0	adj	2422	3.807
6975	lançador	0	noun	2422	3.807
6976	on-line	0	adj	2422	3.807
6977	município	0	noun	2420	3.804
6978	ameaçador	0	adj	2417	3.799
6979	ditador	0	noun	2417	3.799
6980	namoriscar	0	verb	2417	3.799
6981	editar	0	verb	2416	3.797
6982	empacotar	0	verb	2416	3.797
6983	orgia	0	noun	2416	3.797
6984	poker	0	noun	2416	3.797
6985	subida	0	noun	2416	3.797
6986	adoroa	0	noun	2415	3.796
6987	cabedal	0	noun	2415	3.796
6988	carrasco	0	noun	2415	3.796
6989	excursão	0	noun	2413	3.793
6990	baixinho	0	adv	2412	3.791
6991	chimpanzé	0	noun	2411	3.790
6992	ereção	0	noun	2411	3.790
6993	guisado	0	noun	2411	3.790
6994	fedelho	0	noun	2410	3.788
6995	minoria	0	noun	2410	3.788
6996	impulsivo	0	adj	2409	3.786
6997	irmãzinha	0	noun	2409	3.786
6998	retardar	0	verb	2409	3.786
6999	apavorado	0	adj	2408	3.785
7000	baza	0	noun	2408	3.785
7001	hospedar	0	verb	2408	3.785
7002	igualar	0	verb	2407	3.783
7003	louça	0	noun	2407	3.783
7004	ouvinte	0	noun	2407	3.783
7005	vaidade	0	noun	2407	3.783
7006	coitadinho	0	noun	2406	3.782
7007	cargueiro	0	noun	2405	3.780
7008	escaldante	0	adj	2404	3.779
7009	triunfar	0	verb	2404	3.779
7010	armadilhar	0	verb	2403	3.777
7011	medrica	0	noun	2403	3.777
7012	nascença	0	noun	2402	3.775
7013	perfuração	0	noun	2402	3.775
7014	impróprio	0	adj	2401	3.774
7015	levea	0	unk	2401	3.774
7016	defensivo	0	adj	2399	3.771
7017	teórico	0	adj	2399	3.771
7018	acolhedor	0	adj	2398	3.769
7019	lagarto	0	noun	2398	3.769
7020	balanço	0	noun	2397	3.768
7021	pulmonar	0	adj	2397	3.768
7022	racial	0	adj	2397	3.768
7023	villa	0	noun	2397	3.768
7024	cigano	0	adj	2396	3.766
7025	desembucha	0	verb	2394	3.763
7026	sola	0	noun	2393	3.761
7027	soprano	0	noun	2393	3.761
7028	botar	0	verb	2392	3.760
7029	ferry	0	noun	2392	3.760
7030	pestanejar	0	noun	2392	3.760
7031	rebolar	0	verb	2392	3.760
7032	superstição	0	noun	2391	3.758
7033	gentilmente	0	adv	2390	3.757
7034	belga	0	noun	2389	3.755
7035	matriz	0	noun	2389	3.755
7036	desabar	0	verb	2388	3.753
7037	vigor	0	noun	2388	3.753
7038	dá-ma	0	noun	2387	3.752
7039	rusga	0	noun	2386	3.750
7040	semear	0	verb	2385	3.749
7041	detalhar	0	verb	2383	3.746
7042	pedacinho	0	noun	2383	3.746
7043	correspondente	0	noun	2382	3.744
7044	contestar	0	verb	2381	3.742
7045	rachar	0	verb	2381	3.742
7046	procuradoria	0	noun	2380	3.741
7047	sarcasmo	0	noun	2380	3.741
7048	coágulo	0	noun	2379	3.739
7049	existente	0	adj	2379	3.739
7050	donativo	0	noun	2378	3.738
7051	numas	0	unk	2377	3.736
7052	proporção	0	noun	2376	3.735
7053	desmascarar	0	verb	2375	3.733
7054	interagir	0	verb	2375	3.733
7055	quinhentos	0	num	2375	3.733
7056	indiana	0	adj	2374	3.731
7057	reanimar	0	verb	2374	3.731
7058	ovni	0	noun	2373	3.730
7059	plateia	0	noun	2373	3.730
7060	burocracia	0	noun	2371	3.727
7061	cliché	0	noun	2371	3.727
7062	preconceito	0	noun	2371	3.727
7063	direitinho	0	adv	2370	3.725
7064	curado	0	adj	2369	3.724
7065	descartável	0	adj	2369	3.724
7066	subsídio	0	noun	2369	3.724
7067	una	0	verb	2369	3.724
7068	margarita	0	noun	2367	3.720
7069	queimado	0	noun	2364	3.716
7070	moda antiga	1	mwe	2363	3.714
7071	repor	0	unk	2363	3.714
7072	assobiar	0	verb	2362	3.713
7073	galdéria	0	noun	2362	3.713
7074	nabo	0	noun	2362	3.713
7075	rejeição	0	noun	2362	3.713
7076	administrativo	0	adj	2361	3.711
7077	central park	1	mwe	2361	3.711
7078	devastar	0	verb	2361	3.711
7079	revolucionário	0	adj	2361	3.711
7080	condecorar	0	verb	2360	3.709
7081	hino	0	noun	2358	3.706
7082	exílio	0	noun	2355	3.702
7083	propriedade privada	1	mwe	2355	3.702
7084	radical	0	noun	2355	3.702
7085	hectare	0	noun	2352	3.697
7086	caldeira	0	noun	2351	3.695
7087	sucumbir	0	verb	2351	3.695
7088	barricada	0	noun	2350	3.694
7089	baço	0	noun	2350	3.694
7090	dotar	0	verb	2350	3.694
7091	moca	0	noun	2350	3.694
7092	entendimento	0	noun	2349	3.692
7093	inchaço	0	noun	2349	3.692
7094	alfaiate	0	noun	2348	3.691
7095	óbito	0	noun	2348	3.691
7096	quentinho	0	adj	2347	3.689
7097	saliva	0	noun	2346	3.687
7098	ambulante	0	adj	2345	3.686
7099	caloroso	0	adj	2345	3.686
7100	fusível	0	noun	2343	3.683
7101	surfar	0	verb	2343	3.683
7102	taberna	0	noun	2343	3.683
7103	descendente	0	noun	2339	3.676
7104	esquiar	0	verb	2339	3.676
7105	natação	0	noun	2339	3.676
7106	popa	0	noun	2339	3.676
7107	privar	0	verb	2338	3.675
7108	apurar	0	verb	2337	3.673
7109	cafeína	0	noun	2337	3.673
7110	urna	0	noun	2337	3.673
7111	híbrido	0	noun	2336	3.672
7112	conselheira	0	noun	2335	3.670
7113	hidrogénio	0	noun	2334	3.669
7114	envenenamento	0	noun	2333	3.667
7115	sincronizado	0	adj	2333	3.667
7116	atendedor	0	noun	2332	3.665
7117	guerreira	0	noun	2332	3.665
7118	latino	0	adj	2332	3.665
7119	toupeira	0	noun	2332	3.665
7120	espreita	0	noun	2331	3.664
7121	fração	0	noun	2330	3.662
7122	gravado	0	adj	2329	3.661
7123	blog	0	noun	2328	3.659
7124	cadê	0	verb	2328	3.659
7125	negociante	0	noun	2328	3.659
7126	perseguidor	0	noun	2328	3.659
7127	preliminar	0	adj	2328	3.659
7128	cabeleireiro	0	noun	2327	3.658
7129	aveia	0	noun	2325	3.654
7130	idiotice	0	noun	2323	3.651
7131	vil	0	adj	2323	3.651
7132	hostilidade	0	noun	2322	3.650
7133	inimiga	0	adj	2322	3.650
7134	divorciado	0	adj	2321	3.648
7135	durão	0	adj	2321	3.648
7136	medieval	0	adj	2320	3.647
7137	sócia	0	noun	2320	3.647
7138	agravar	0	verb	2319	3.645
7139	carpinteiro	0	noun	2319	3.645
7140	acolhimento	0	noun	2318	3.643
7141	dês ouvidos	1	mwe	2318	3.643
7142	enxaqueca	0	noun	2318	3.643
7143	encerramento	0	noun	2317	3.642
7144	ferrar	0	verb	2317	3.642
7145	pegajoso	0	adj	2316	3.640
7146	alien	0	unk	2315	3.639
7147	arrombamento	0	noun	2314	3.637
7148	camera	0	noun	2314	3.637
7149	deputado	0	noun	2314	3.637
7150	aldeão	0	noun	2313	3.636
7151	dote	0	noun	2313	3.636
7152	exemplar	0	noun	2310	3.631
7153	toxicológico	0	adj	2310	3.631
7154	encarregado	0	adj	2309	3.629
7155	tolerância	0	noun	2309	3.629
7156	tradutor	0	noun	2309	3.629
7157	geneticamente	0	adv	2306	3.625
7158	ventilador	0	noun	2306	3.625
7159	incitar	0	verb	2305	3.623
7160	contração	0	noun	2304	3.621
7161	guarda-chuva	0	noun	2304	3.621
7162	acudir	0	verb	2303	3.620
7163	súbdito	0	noun	2303	3.620
7164	tossir	0	verb	2303	3.620
7165	concelho	0	noun	2301	3.617
7166	empresarial	0	adj	2301	3.617
7167	presunçoso	0	adj	2301	3.617
7168	rondar	0	verb	2301	3.617
7169	ocorrência	0	noun	2300	3.615
7170	rena	0	noun	2300	3.615
7171	evaporar	0	verb	2299	3.614
7172	ecstasy	0	noun	2298	3.612
7173	empreiteiro	0	noun	2297	3.610
7174	palhaçada	0	noun	2297	3.610
7175	punhado	0	noun	2297	3.610
7176	sobrevivo	0	verb	2297	3.610
7177	bilhões	0	num	2296	3.609
7178	hi	0	intj	2296	3.609
7179	sanguessuga	0	noun	2296	3.609
7180	caviar	0	noun	2294	3.606
7181	luisadom	0	noun	2294	3.606
7182	perspicaz	0	adj	2294	3.606
7183	fazendeiro	0	noun	2293	3.604
7184	colaborador	0	noun	2292	3.603
7185	batizado	0	verb	2291	3.601
7186	deficiência	0	noun	2289	3.598
7187	essencialmente	0	adv	2289	3.598
7188	desertar	0	verb	2288	3.596
7189	estojo	0	noun	2288	3.596
7190	aviação	0	noun	2287	3.595
7191	licor	0	noun	2287	3.595
7192	botar	0	noun	2286	3.593
7193	fiscal	0	adj	2286	3.593
7194	espirrar	0	verb	2285	3.592
7195	desrespeito	0	noun	2284	3.590
7196	charada	0	noun	2283	3.588
7197	esfomear	0	verb	2283	3.588
7198	delegação	0	noun	2282	3.587
7199	sabonete	0	noun	2281	3.585
7200	enxerto	0	noun	2280	3.584
7201	fundamento	0	noun	2280	3.584
7202	prevalecer	0	verb	2280	3.584
7203	empolgado	0	adj	2279	3.582
7204	ileso	0	adj	2279	3.582
7205	aprendiz	0	adj	2276	3.577
7206	ascender	0	verb	2275	3.576
7207	creche	0	noun	2275	3.576
7208	hera	0	noun	2275	3.576
7209	cravar	0	verb	2274	3.574
7210	recrutamento	0	noun	2274	3.574
7211	amora	0	noun	2273	3.573
7212	ceia	0	noun	2273	3.573
7213	desemprego	0	noun	2273	3.573
7214	frita	0	noun	2273	3.573
7215	pretexto	0	noun	2272	3.571
7216	idioma	0	noun	2271	3.570
7217	paralelo	0	noun	2271	3.570
7218	tripulante	0	noun	2271	3.570
7219	intitular	0	verb	2270	3.568
7220	pia	0	noun	2269	3.566
7221	consolar	0	verb	2268	3.565
7222	mamífero	0	noun	2268	3.565
7223	bombear	0	verb	2267	3.563
7224	cativeiro	0	noun	2267	3.563
7225	duração	0	noun	2267	3.563
7226	padaria	0	noun	2267	3.563
7227	pub	0	noun	2266	3.562
7228	ressonar	0	verb	2265	3.560
7229	restos mortais	1	mwe	2265	3.560
7230	largo	0	adj	2264	3.559
7231	empenhar	0	verb	2263	3.557
7232	mastro	0	noun	2262	3.555
7233	focado	0	adj	2261	3.554
7234	vácuo	0	noun	2261	3.554
7235	temporada episódio	1	mwe	2260	3.552
7236	afugentar	0	verb	2259	3.551
7237	diarreia	0	noun	2258	3.549
7238	hetero	0	adj	2258	3.549
7239	prejuízo	0	noun	2256	3.546
7240	subsolo	0	noun	2255	3.544
7241	admiração	0	noun	2254	3.543
7242	surpreendeu	0	unk	2253	3.541
7243	pretendente	0	noun	2252	3.540
7244	sabre	0	noun	2252	3.540
7245	angústia	0	noun	2251	3.538
7246	azeitona	0	noun	2251	3.538
7247	camarim	0	noun	2251	3.538
7248	carinhoso	0	adj	2249	3.535
7249	contaminação	0	noun	2249	3.535
7250	poético	0	adj	2249	3.535
7251	rinoceronte	0	noun	2249	3.535
7252	abandono	0	noun	2248	3.533
7253	lula	0	noun	2248	3.533
7254	des	0	noun	2247	3.532
7255	chuto	0	noun	2243	3.526
7256	pickle	0	noun	2242	3.524
7257	flauta	0	noun	2238	3.518
7258	pureza	0	noun	2237	3.516
7259	digerir	0	verb	2236	3.515
7260	casulo	0	noun	2235	3.513
7261	louro	0	adj	2235	3.513
7262	canalizar	0	verb	2232	3.508
7263	espiral	0	noun	2232	3.508
7264	milagroso	0	adj	2231	3.507
7265	dormente	0	adj	2228	3.502
7266	incerto	0	adj	2227	3.500
7267	merecedor	0	adj	2227	3.500
7268	bexiga	0	noun	2226	3.499
7269	fanático	0	adj	2225	3.497
7270	life	0	noun	2225	3.497
7271	variação	0	noun	2224	3.496
7272	beliche	0	noun	2223	3.494
7273	novela	0	noun	2223	3.494
7274	apanheia	0	noun	2222	3.493
7275	baralhado	0	adj	2222	3.493
7276	cruzado	0	noun	2222	3.493
7277	colombiano	0	adj	2221	3.491
7278	decrescente	0	adj	2221	3.491
7279	incentivar	0	verb	2220	3.489
7280	mon	0	unk	2220	3.489
7281	luxúria	0	noun	2219	3.488
7282	paisana	0	noun	2219	3.488
7283	down	0	unk	2218	3.486
7284	imitador	0	noun	2214	3.480
7285	simplificar	0	verb	2214	3.480
7286	game	0	noun	2213	3.478
7287	aconselhamento	0	noun	2211	3.475
7288	agricultura	0	noun	2211	3.475
7289	rafeiro	0	noun	2211	3.475
7290	trezentos	0	num	2211	3.475
7291	espesso	0	adj	2210	3.474
7292	imobilizar	0	verb	2210	3.474
7293	proclamar	0	verb	2210	3.474
7294	inexplicável	0	adj	2207	3.469
7295	mija	0	noun	2206	3.467
7296	molecular	0	adj	2204	3.464
7297	viua	0	noun	2204	3.464
7298	encontroua	0	noun	2203	3.463
7299	reabastecer	0	verb	2203	3.463
7300	repreender	0	verb	2203	3.463
7301	dinastia	0	noun	2202	3.461
7302	emotivo	0	adj	2201	3.460
7303	mesquita	0	noun	2200	3.458
7304	ditar	0	verb	2199	3.456
7305	indecente	0	adj	2198	3.455
7306	abrea	0	unk	2197	3.453
7307	devagarinho	0	adv	2197	3.453
7308	insolente	0	adj	2197	3.453
7309	matemático	0	adj	2197	3.453
7310	sossego	0	noun	2193	3.447
7311	estacionado	0	adj	2192	3.445
7312	infração	0	noun	2192	3.445
7313	otimista	0	adj	2192	3.445
7314	porno	0	adj	2192	3.445
7315	sopro	0	noun	2192	3.445
7316	repensar	0	verb	2191	3.444
7317	cambada	0	noun	2190	3.442
7318	verter	0	verb	2189	3.441
7319	semáforo	0	noun	2188	3.439
7320	basquete	0	noun	2187	3.438
7321	demolição	0	noun	2187	3.438
7322	flagrante	0	noun	2186	3.436
7323	providência	0	noun	2186	3.436
7324	sogra	0	noun	2186	3.436
7325	camionista	0	noun	2184	3.433
7326	meditar	0	verb	2184	3.433
7327	melão	0	noun	2184	3.433
7328	médium	0	noun	2184	3.433
7329	quota	0	noun	2184	3.433
7330	manualmente	0	adv	2183	3.431
7331	multar	0	verb	2183	3.431
7332	viral	0	adj	2183	3.431
7333	escalada	0	noun	2182	3.430
7334	puré	0	noun	2182	3.430
7335	fóssil	0	noun	2180	3.427
7336	pum	0	noun	2180	3.427
7337	shopping	0	noun	2180	3.427
7338	criativo	0	noun	2179	3.425
7339	entupir	0	verb	2178	3.423
7340	desgraçar	0	verb	2177	3.422
7341	doutoramento	0	noun	2177	3.422
7342	tremendo	0	noun	2176	3.420
7343	embaraçar	0	verb	2175	3.419
7344	lúcido	0	adj	2175	3.419
7345	traumático	0	adj	2174	3.417
7346	desorientado	0	adj	2173	3.416
7347	revolucionário	0	noun	2173	3.416
7348	condizer	0	verb	2172	3.414
7349	fértil	0	adj	2172	3.414
7350	humanitário	0	adj	2172	3.414
7351	dizimar	0	verb	2170	3.411
7352	multibanco	0	adj	2170	3.411
7353	sonar	0	noun	2170	3.411
7354	babysitter	0	noun	2169	3.409
7355	mobilizar	0	verb	2169	3.409
7356	tópico	0	noun	2169	3.409
7357	aspirador	0	noun	2168	3.408
7358	gracinha	0	noun	2167	3.406
7359	peixinho	0	noun	2167	3.406
7360	desmantelar	0	verb	2166	3.405
7361	indemnização	0	noun	2166	3.405
7362	largura	0	noun	2166	3.405
7363	amplo	0	adj	2165	3.403
7364	assediar	0	verb	2165	3.403
7365	miniatura	0	noun	2165	3.403
7366	instantaneamente	0	adv	2164	3.401
7367	bebedeira	0	noun	2163	3.400
7368	piolho	0	noun	2163	3.400
7369	influente	0	adj	2161	3.397
7370	preparo	0	noun	2160	3.395
7371	rebaixar	0	verb	2160	3.395
7372	embrulho	0	noun	2159	3.394
7373	abertamente	0	adv	2158	3.392
7374	inválido	0	adj	2158	3.392
7375	principiante	0	noun	2158	3.392
7376	distribuidor	0	noun	2157	3.390
7377	governante	0	noun	2157	3.390
7378	arguido	0	noun	2156	3.389
7379	ausentar	0	verb	2156	3.389
7380	emboscar	0	verb	2156	3.389
7381	favorável	0	adj	2156	3.389
7382	porção	0	noun	2156	3.389
7383	tailandês	0	adj	2156	3.389
7384	coleccionador	0	noun	2154	3.386
7385	jardim zoológico	1	mwe	2153	3.384
7386	voltinha	0	noun	2153	3.384
7387	delgado	0	adj	2152	3.383
7388	neural	0	adj	2152	3.383
7389	contratempo	0	noun	2151	3.381
7390	coreano	0	adj	2151	3.381
7391	introdução	0	noun	2151	3.381
7392	turbulência	0	noun	2151	3.381
7393	heterossexual	0	adj	2150	3.379
7394	jarro	0	noun	2150	3.379
7395	aprontar	0	verb	2149	3.378
7396	berrar	0	verb	2149	3.378
7397	fiar	0	verb	2149	3.378
7398	trapalhada	0	noun	2149	3.378
7399	carregado	0	adj	2147	3.375
7400	colarinho	0	noun	2147	3.375
7401	tromba	0	noun	2146	3.373
7402	cavidade	0	noun	2145	3.372
7403	escravizar	0	verb	2145	3.372
7404	arrendar	0	verb	2144	3.370
7405	vitorioso	0	adj	2144	3.370
7406	vocal	0	adj	2144	3.370
7407	western	0	noun	2144	3.370
7408	anual	0	adj	2143	3.368
7409	porta-bagagens	0	noun	2143	3.368
7410	barracão	0	noun	2142	3.367
7411	tumulto	0	noun	2142	3.367
7412	descontraído	0	adj	2141	3.365
7413	esgotado	0	adj	2141	3.365
7414	paragem cardíaca	1	mwe	2140	3.364
7415	way	0	noun	2140	3.364
7416	aterrador	0	adj	2139	3.362
7417	papar	0	verb	2139	3.362
7418	roedor	0	noun	2139	3.362
7419	stressar	0	verb	2139	3.362
7420	pregador	0	noun	2138	3.361
7421	publicação	0	noun	2138	3.361
7422	asqueroso	0	adj	2137	3.359
7423	encerrado	0	verb	2137	3.359
7424	pneumonia	0	noun	2137	3.359
7425	registado	0	adj	2137	3.359
7426	concessão	0	noun	2136	3.357
7427	culinária	0	noun	2136	3.357
7428	amigão	0	noun	2134	3.354
7429	impiedoso	0	adj	2134	3.354
7430	almôndega	0	noun	2133	3.353
7431	decomposição	0	noun	2133	3.353
7432	içar	0	verb	2133	3.353
7433	zebra	0	noun	2133	3.353
7434	tirania	0	noun	2132	3.351
7435	habitação	0	noun	2131	3.349
7436	like	0	unk	2131	3.349
7437	comprem	0	noun	2129	3.346
7438	diabete	0	noun	2128	3.345
7439	presságio	0	noun	2128	3.345
7440	qualificação	0	noun	2128	3.345
7441	website	0	noun	2128	3.345
7442	higiene	0	noun	2125	3.340
7443	imaturo	0	adj	2124	3.338
7444	pára-brisas	0	noun	2123	3.337
7445	marechal	0	noun	2122	3.335
7446	precipício	0	noun	2120	3.332
7447	sequestrador	0	noun	2119	3.331
7448	fiável	0	adj	2118	3.329
7449	prover	0	verb	2118	3.329
7450	radiografia	0	noun	2118	3.329
7451	incendiário	0	adj	2117	3.327
7452	cone	0	noun	2116	3.326
7453	evangelho	0	noun	2114	3.323
7454	separamos	0	unk	2114	3.323
7455	borrifar	0	verb	2113	3.321
7456	can	0	noun	2113	3.321
7457	parâmetro	0	noun	2113	3.321
7458	retaliar	0	verb	2112	3.320
7459	voluntariamente	0	adv	2112	3.320
7460	extravagante	0	adj	2111	3.318
7461	nádega	0	noun	2111	3.318
7462	restringir	0	verb	2111	3.318
7463	estímulo	0	noun	2110	3.316
7464	compositor	0	noun	2109	3.315
7465	desvanecer	0	verb	2109	3.315
7466	jornalismo	0	noun	2109	3.315
7467	desimpedir	0	verb	2108	3.313
7468	fuzilar	0	verb	2108	3.313
7469	habitat	0	noun	2107	3.312
7470	hospício	0	noun	2107	3.312
7471	matadouro	0	noun	2107	3.312
7472	obra-prima	0	noun	2107	3.312
7473	destrutivo	0	adj	2106	3.310
7474	distorcer	0	verb	2106	3.310
7475	oui	0	verb	2106	3.310
7476	aflito	0	adj	2105	3.309
7477	cómico	0	adj	2104	3.307
7478	aconchegar	0	verb	2103	3.305
7479	carinha	0	noun	2103	3.305
7480	galão	0	noun	2103	3.305
7481	got	0	noun	2103	3.305
7482	mandamento	0	noun	2103	3.305
7483	mandíbula	0	noun	2103	3.305
7484	recinto	0	noun	2103	3.305
7485	sarcástico	0	adj	2102	3.304
7486	tona	0	noun	2102	3.304
7487	amputar	0	verb	2101	3.302
7488	craniano	0	adj	2101	3.302
7489	reconhecimento facial	1	mwe	2101	3.302
7490	posar	0	verb	2100	3.301
7491	ritmo cardíaco	1	mwe	2100	3.301
7492	germe	0	noun	2099	3.299
7493	projétil	0	noun	2098	3.298
7494	trip	0	noun	2098	3.298
7495	leopardo	0	noun	2097	3.296
7496	purgatório	0	noun	2097	3.296
7497	polvo	0	noun	2096	3.294
7498	demanda	0	noun	2095	3.293
7499	extenso	0	adj	2095	3.293
7500	rótulo	0	noun	2095	3.293
7501	balneário	0	noun	2094	3.291
7502	preferida	0	noun	2094	3.291
7503	carnaval	0	noun	2093	3.290
7504	gafanhoto	0	noun	2093	3.290
7505	ejetar	0	verb	2092	3.288
7506	luminoso	0	adj	2092	3.288
7507	pontual	0	adj	2092	3.288
7508	transpirar	0	verb	2092	3.288
7509	anseio	0	noun	2091	3.287
7510	cortejar	0	verb	2091	3.287
7511	manejar	0	verb	2090	3.285
7512	canhoto	0	adj	2089	3.283
7513	encantado	0	noun	2089	3.283
7514	hot	0	noun	2089	3.283
7515	retroceder	0	verb	2089	3.283
7516	satisfatório	0	adj	2088	3.282
7517	soja	0	noun	2088	3.282
7518	centrar	0	verb	2087	3.280
7519	danificado	0	adj	2087	3.280
7520	mercador	0	noun	2086	3.279
7521	pomba	0	noun	2086	3.279
7522	micro	0	noun	2085	3.277
7523	transtornado	0	adj	2085	3.277
7524	calminha	0	adj	2084	3.276
7525	amavaa	0	unk	2083	3.274
7526	semanal	0	adj	2083	3.274
7527	critério	0	noun	2082	3.272
7528	enfiado	0	adj	2082	3.272
7529	ilustre	0	adj	2082	3.272
7530	cinturão	0	noun	2081	3.271
7531	domar	0	verb	2080	3.269
7532	empatia	0	noun	2080	3.269
7533	maluquice	0	noun	2080	3.269
7534	eclipse	0	noun	2079	3.268
7535	microondas	0	noun	2079	3.268
7536	unica	0	adj	2079	3.268
7537	penhor	0	noun	2078	3.266
7538	compatriota	0	noun	2077	3.265
7539	pingar	0	verb	2077	3.265
7540	rechear	0	verb	2077	3.265
7541	cubano	0	noun	2076	3.263
7542	enfeitiçar	0	verb	2076	3.263
7543	bagunça	0	noun	2075	3.261
7544	enquadrar	0	verb	2075	3.261
7545	paralisia	0	noun	2075	3.261
7546	sigilo	0	noun	2074	3.260
7547	esfrega	0	noun	2073	3.258
7548	exemplar	0	adj	2073	3.258
7549	indígena	0	adj	2073	3.258
7550	blindar	0	verb	2072	3.257
7551	expiatório	0	adj	2072	3.257
7552	mineral	0	noun	2070	3.254
7553	toa	0	noun	2070	3.254
7554	mimo	0	noun	2069	3.252
7555	tombar	0	verb	2069	3.252
7556	íman	0	noun	2069	3.252
7557	dolares	0	noun	2068	3.250
7558	manipulador	0	adj	2068	3.250
7559	matilha	0	noun	2067	3.249
7560	limitação	0	noun	2066	3.247
7561	rifle	0	noun	2066	3.247
7562	bobo	0	adj	2065	3.246
7563	destacamento	0	noun	2065	3.246
7564	gesso	0	noun	2065	3.246
7565	acasalar	0	verb	2064	3.244
7566	lavatório	0	noun	2064	3.244
7567	estilhaço	0	noun	2062	3.241
7568	good	0	noun	2061	3.239
7569	touchdown	0	noun	2061	3.239
7570	tumba	0	noun	2060	3.238
7571	vietnamita	0	adj	2060	3.238
7572	canil	0	noun	2059	3.236
7573	colidir	0	verb	2058	3.235
7574	estaleiro	0	noun	2058	3.235
7575	ribeiro	0	noun	2056	3.232
7576	whiskey	0	noun	2056	3.232
7577	santificar	0	verb	2055	3.230
7578	trator	0	noun	2055	3.230
7579	besteira	0	noun	2053	3.227
7580	empolgante	0	adj	2053	3.227
7581	contagem decrescente	1	mwe	2052	3.225
7582	infelicidade	0	noun	2051	3.224
7583	visualizar	0	verb	2051	3.224
7584	épico	0	adj	2051	3.224
7585	espeto	0	noun	2050	3.222
7586	levantamento	0	noun	2050	3.222
7587	reunido	0	adj	2050	3.222
7588	tranquilizar	0	verb	2049	3.221
7589	alojar	0	verb	2048	3.219
7590	contrabandear	0	verb	2048	3.219
7591	encravar	0	verb	2048	3.219
7592	doninha	0	noun	2047	3.217
7593	hesitação	0	noun	2047	3.217
7594	elenco	0	noun	2046	3.216
7595	molde	0	noun	2046	3.216
7596	refeitório	0	noun	2046	3.216
7597	substituta	0	noun	2046	3.216
7598	liberal	0	adj	2044	3.213
7599	aprendizagem	0	noun	2042	3.210
7600	arrepiante	0	adj	2042	3.210
7601	formato	0	noun	2042	3.210
7602	pauzinho	0	noun	2041	3.208
7603	aneurisma	0	noun	2040	3.206
7604	intrigante	0	adj	2039	3.205
7605	remotamente	0	adv	2039	3.205
7606	adaga	0	noun	2038	3.203
7607	frustrado	0	adj	2038	3.203
7608	suprimir	0	verb	2038	3.203
7609	surpreendentemente	0	adv	2038	3.203
7610	capricho	0	noun	2037	3.202
7611	pseudónimo	0	noun	2037	3.202
7612	adiantamento	0	noun	2036	3.200
7613	fénix	0	noun	2036	3.200
7614	autografar	0	verb	2035	3.199
7615	fodeu	0	verb	2035	3.199
7616	graduação	0	noun	2035	3.199
7617	genro	0	noun	2034	3.197
7618	truz	0	noun	2034	3.197
7619	auto-estima	0	noun	2032	3.194
7620	desajeitado	0	adj	2032	3.194
7621	deu-mo	0	noun	2031	3.192
7622	situar	0	verb	2031	3.192
7623	aquecimento global	1	mwe	2029	3.189
7624	dinâmica	0	noun	2028	3.188
7625	patim	0	noun	2028	3.188
7626	itinerário	0	noun	2027	3.186
7627	just	0	noun	2027	3.186
7628	chacinar	0	verb	2026	3.184
7629	cota	0	noun	2026	3.184
7630	ficção científica	1	mwe	2026	3.184
7631	maternidade	0	noun	2025	3.183
7632	pose	0	noun	2025	3.183
7633	colono	0	noun	2024	3.181
7634	hip-hop	0	noun	2024	3.181
7635	retratar	0	verb	2024	3.181
7636	enzima	0	noun	2023	3.180
7637	ralo	0	noun	2023	3.180
7638	exilar	0	verb	2022	3.178
7639	matastea	0	unk	2022	3.178
7640	trela	0	noun	2022	3.178
7641	abalado	0	adj	2021	3.177
7642	derrotado	0	noun	2021	3.177
7643	ativista	0	noun	2020	3.175
7644	chinelo	0	noun	2020	3.175
7645	arcebispo	0	noun	2019	3.173
7646	decididamente	0	adv	2019	3.173
7647	proeza	0	noun	2019	3.173
7648	sódio	0	noun	2019	3.173
7649	exaltar	0	verb	2018	3.172
7650	modificação	0	noun	2018	3.172
7651	requisito	0	noun	2018	3.172
7652	blusão	0	noun	2017	3.170
7653	lasanha	0	noun	2017	3.170
7654	paranormal	0	noun	2016	3.169
7655	caloria	0	noun	2015	3.167
7656	demente	0	adj	2015	3.167
7657	elmo	0	noun	2015	3.167
7658	aptidão	0	noun	2014	3.166
7659	égua	0	noun	2014	3.166
7660	estéril	0	adj	2012	3.162
7661	finalizar	0	verb	2012	3.162
7662	guaxinim	0	noun	2012	3.162
7663	surfista	0	noun	2012	3.162
7664	triplicar	0	verb	2011	3.161
7665	guru	0	noun	2010	3.159
7666	punheta	0	noun	2010	3.159
7667	apresentador	0	noun	2009	3.158
7668	catastrófico	0	adj	2009	3.158
7669	couve	0	noun	2009	3.158
7670	intimação	0	noun	2009	3.158
7671	mpenaf	0	noun	2009	3.158
7672	chefiar	0	verb	2008	3.156
7673	cachecol	0	noun	2007	3.155
7674	consentir	0	verb	2007	3.155
7675	sobrepor	0	unk	2007	3.155
7676	lingerie	0	noun	2004	3.150
7677	banhar	0	verb	2002	3.147
7678	medíocre	0	adj	2002	3.147
7679	are	0	unk	2001	3.145
7680	bacano	0	noun	2001	3.145
7681	enxofre	0	noun	2001	3.145
7682	cuidados médicos	1	mwe	2000	3.144
7683	morteiro	0	noun	2000	3.144
7684	jazer	0	verb	1999	3.142
7685	polir	0	verb	1999	3.142
7686	barro	0	noun	1998	3.140
7687	polígrafo	0	noun	1997	3.139
7688	aderir	0	verb	1995	3.136
7689	baldar	0	verb	1995	3.136
7690	morno	0	adj	1994	3.134
7691	participante	0	noun	1994	3.134
7692	patinar	0	verb	1994	3.134
7693	intrigar	0	verb	1992	3.131
7694	pendente	0	noun	1992	3.131
7695	digitar	0	verb	1991	3.129
7696	torradeira	0	noun	1991	3.129
7697	drogar	0	verb	1990	3.128
7698	moralidade	0	noun	1990	3.128
7699	verbal	0	adj	1990	3.128
7700	cordelinho	0	noun	1989	3.126
7701	primeiros socorros	1	mwe	1988	3.125
7702	avançado	0	adj	1987	3.123
7703	eficiência	0	noun	1987	3.123
7704	pioneiro	0	noun	1987	3.123
7705	defensivo	0	noun	1986	3.122
7706	velejar	0	verb	1986	3.122
7707	meditação	0	noun	1985	3.120
7708	acessível	0	adj	1984	3.118
7709	colonial	0	adj	1984	3.118
7710	klingon	0	adj	1984	3.118
7711	reformatório	0	noun	1984	3.118
7712	tremar	0	verb	1984	3.118
7713	yoga	0	noun	1984	3.118
7714	broca	0	noun	1983	3.117
7715	barbatana	0	noun	1982	3.115
7716	amarelas	0	noun	1981	3.114
7717	índice	0	noun	1981	3.114
7718	humildade	0	noun	1980	3.112
7719	decreto	0	noun	1979	3.111
7720	consola	0	noun	1978	3.109
7721	êxtase	0	noun	1978	3.109
7722	amadurecer	0	verb	1977	3.107
7723	híbrido	0	adj	1977	3.107
7724	alhada	0	noun	1976	3.106
7725	estrelar	0	verb	1976	3.106
7726	vegetariano	0	noun	1976	3.106
7727	brutalmente	0	adv	1975	3.104
7728	fossa	0	noun	1975	3.104
7729	lona	0	noun	1974	3.103
7730	inquieto	0	adj	1973	3.101
7731	empilhar	0	verb	1972	3.100
7732	suspenso	0	adj	1972	3.100
7733	animação	0	noun	1970	3.096
7734	reta	0	noun	1969	3.095
7735	cataratas	0	noun	1968	3.093
7736	floco	0	noun	1968	3.093
7737	bracelete	0	noun	1967	3.092
7738	infligir	0	verb	1967	3.092
7739	atestar	0	verb	1966	3.090
7740	negociador	0	noun	1966	3.090
7741	abram alas	1	mwe	1964	3.087
7742	clique	0	noun	1964	3.087
7743	industrial	0	noun	1964	3.087
7744	governanta	0	noun	1963	3.085
7745	ipod	0	noun	1963	3.085
7746	remodelar	0	verb	1963	3.085
7747	sutura	0	noun	1963	3.085
7748	bonzinho	0	noun	1962	3.084
7749	trimestre	0	noun	1961	3.082
7750	vocação	0	noun	1960	3.081
7751	plutónio	0	noun	1959	3.079
7752	alheio	0	adj	1958	3.078
7753	candidata	0	noun	1958	3.078
7754	cascata	0	noun	1958	3.078
7755	contribuinte	0	noun	1958	3.078
7756	suculento	0	adj	1958	3.078
7757	esmola	0	noun	1956	3.074
7758	pastilha elástica	1	mwe	1956	3.074
7759	humilhado	0	adj	1954	3.071
7760	involuntário	0	adj	1954	3.071
7761	regente	0	noun	1954	3.071
7762	nono	0	adj	1953	3.070
7763	palito	0	noun	1953	3.070
7764	azeite	0	noun	1952	3.068
7765	inadequado	0	adj	1952	3.068
7766	sórdido	0	adj	1952	3.068
7767	karaoke	0	noun	1951	3.067
7768	prometido	0	adj	1951	3.067
7769	cafetaria	0	noun	1950	3.065
7770	furto	0	noun	1950	3.065
7771	jarra	0	noun	1950	3.065
7772	costa oeste	1	mwe	1949	3.063
7773	teclado	0	noun	1949	3.063
7774	consecutivo	0	adj	1948	3.062
7775	gaivota	0	noun	1948	3.062
7776	atada	0	verb	1947	3.060
7777	embarcação	0	noun	1947	3.060
7778	coroar	0	verb	1946	3.059
7779	aprendiz	0	noun	1945	3.057
7780	despensa	0	noun	1944	3.056
7781	velhice	0	noun	1944	3.056
7782	interação	0	noun	1943	3.054
7783	transfusão	0	noun	1943	3.054
7784	carrego	0	verb	1942	3.052
7785	emendar	0	verb	1942	3.052
7786	reconciliar	0	verb	1942	3.052
7787	ris	0	intj	1941	3.051
7788	enferrujar	0	verb	1940	3.049
7789	sucessor	0	noun	1940	3.049
7790	interrompido	0	verb	1939	3.048
7791	plausível	0	adj	1939	3.048
7792	próspero	0	adj	1939	3.048
7793	sorvete	0	noun	1939	3.048
7794	alinhamento	0	noun	1938	3.046
7795	empenho	0	noun	1938	3.046
7796	empreendimento	0	noun	1937	3.045
7797	jacuzzi	0	noun	1936	3.043
7798	prévio	0	adj	1936	3.043
7799	discursar	0	verb	1935	3.041
7800	troll	0	noun	1935	3.041
7801	hipnotizar	0	verb	1933	3.038
7802	aldrabão	0	noun	1932	3.037
7803	campeã	0	noun	1932	3.037
7804	irresistível	0	adj	1932	3.037
7805	brutalidade	0	noun	1931	3.035
7806	grosso	0	noun	1931	3.035
7807	hospedado	0	adj	1930	3.034
7808	lagoa	0	noun	1930	3.034
7809	chefia	0	noun	1929	3.032
7810	propulsão	0	noun	1929	3.032
7811	baronesa	0	noun	1928	3.030
7812	órfã	0	adj	1928	3.030
7813	encarnar	0	verb	1927	3.029
7814	potencialmente	0	adv	1927	3.029
7815	sentenciar	0	verb	1927	3.029
7816	esgotamento	0	noun	1926	3.027
7817	jeitoso	0	noun	1926	3.027
7818	encenação	0	noun	1925	3.026
7819	meticuloso	0	adj	1925	3.026
7820	originar	0	verb	1925	3.026
7821	traste	0	noun	1925	3.026
7822	extrato	0	noun	1924	3.024
7823	gema	0	noun	1924	3.024
7824	musa	0	noun	1923	3.023
7825	abate	0	noun	1922	3.021
7826	incapacidade	0	noun	1922	3.021
7827	molestar	0	verb	1922	3.021
7828	exercitar	0	verb	1920	3.018
7829	rocket	0	noun	1918	3.015
7830	carnificina	0	noun	1917	3.013
7831	gel	0	noun	1917	3.013
7832	imperdoável	0	adj	1917	3.013
7833	rubi	0	noun	1917	3.013
7834	killer	0	adj	1916	3.012
7835	pinheiro	0	noun	1916	3.012
7836	israelita	0	adj	1915	3.010
7837	tormento	0	noun	1914	3.008
7838	detetada	0	verb	1912	3.005
7839	optimo	0	adj	1912	3.005
7840	obediência	0	noun	1911	3.004
7841	yakuza	0	noun	1911	3.004
7842	substancial	0	adj	1910	3.002
7843	avozinho	0	noun	1909	3.001
7844	filial	0	noun	1909	3.001
7845	loiça	0	noun	1909	3.001
7846	efetivamente	0	adv	1908	2.999
7847	impressora	0	noun	1908	2.999
7848	assistente social	1	mwe	1907	2.997
7849	d'água	0	noun	1907	2.997
7850	fúnebre	0	adj	1907	2.997
7851	chicotear	0	verb	1906	2.996
7852	estreito	0	noun	1903	2.991
7853	gasosa	0	noun	1903	2.991
7854	danar	0	verb	1901	2.988
7855	over	0	unk	1901	2.988
7856	papão	0	noun	1901	2.988
7857	classificação	0	noun	1900	2.986
7858	prodígio	0	noun	1900	2.986
7859	banal	0	adj	1899	2.985
7860	certinho	0	adj	1899	2.985
7861	literário	0	adj	1898	2.983
7862	originalmente	0	adv	1898	2.983
7863	equivalente	0	noun	1896	2.980
7864	validade	0	noun	1896	2.980
7865	desenrolar	0	verb	1894	2.977
7866	persa	0	noun	1894	2.977
7867	tranquilidade	0	noun	1894	2.977
7868	estática	0	noun	1893	2.975
7869	nobreza	0	noun	1893	2.975
7870	auscultador	0	noun	1892	2.974
7871	bibliotecário	0	noun	1892	2.974
7872	cremar	0	verb	1892	2.974
7873	maionese	0	noun	1892	2.974
7874	revogar	0	verb	1892	2.974
7875	reino unido	1	mwe	1891	2.972
7876	filho-da-puta	0	noun	1890	2.971
7877	menta	0	noun	1890	2.971
7878	mordidela	0	noun	1890	2.971
7879	persuasivo	0	adj	1890	2.971
7880	ponche	0	noun	1890	2.971
7881	curandeiro	0	noun	1889	2.969
7882	mesquinho	0	adj	1889	2.969
7883	pretensioso	0	adj	1889	2.969
7884	direitos civis	1	mwe	1888	2.968
7885	inalar	0	verb	1888	2.968
7886	metamorfo	0	noun	1888	2.968
7887	pendente	0	adj	1888	2.968
7888	apache	0	adj	1887	2.966
7889	dominus	0	unk	1887	2.966
7890	temporizador	0	noun	1886	2.964
7891	infravermelho	0	noun	1885	2.963
7892	realçar	0	verb	1885	2.963
7893	travessura	0	noun	1885	2.963
7894	armazenamento	0	noun	1883	2.960
7895	esquivar	0	verb	1883	2.960
7896	possuído	0	adj	1883	2.960
7897	feitiçaria	0	noun	1882	2.958
7898	setor	0	noun	1882	2.958
7899	bip	0	noun	1881	2.957
7900	sorridente	0	adj	1881	2.957
7901	conversação	0	noun	1880	2.955
7902	omitir	0	verb	1880	2.955
7903	agendar	0	verb	1879	2.953
7904	jaguar	0	noun	1879	2.953
7905	depilar	0	verb	1878	2.952
7906	pontapear	0	verb	1876	2.949
7907	sonhador	0	noun	1876	2.949
7908	adesivo	0	adj	1875	2.947
7909	guarnição	0	noun	1875	2.947
7910	sondar	0	verb	1875	2.947
7911	ripada	0	noun	1873	2.944
7912	cimeira	0	noun	1872	2.942
7913	farejar	0	verb	1872	2.942
7914	massivo	0	adj	1872	2.942
7915	parágrafo	0	noun	1872	2.942
7916	verídico	0	adj	1872	2.942
7917	bolinha	0	noun	1871	2.941
7918	escasso	0	adj	1871	2.941
7919	compressão	0	noun	1870	2.939
7920	now	0	noun	1870	2.939
7921	baseball	0	noun	1869	2.938
7922	doutra	0	noun	1869	2.938
7923	murmurar	0	verb	1869	2.938
7924	anjinho	0	noun	1868	2.936
7925	documentação	0	noun	1868	2.936
7926	vazar	0	verb	1868	2.936
7927	dróide	0	noun	1867	2.935
7928	insulina	0	noun	1867	2.935
7929	medonho	0	adj	1867	2.935
7930	polaco	0	adj	1867	2.935
7931	prestação	0	noun	1867	2.935
7932	visar	0	verb	1867	2.935
7933	control	0	noun	1866	2.933
7934	cosmos	0	noun	1866	2.933
7935	câncer	0	noun	1866	2.933
7936	grelhar	0	verb	1866	2.933
7937	inspeccionar	0	verb	1866	2.933
7938	joalharia	0	noun	1866	2.933
7939	protagonista	0	noun	1866	2.933
7940	true	0	noun	1866	2.933
7941	figa	0	noun	1865	2.931
7942	longínquo	0	adj	1865	2.931
7943	tirano	0	noun	1865	2.931
7944	choramingar	0	verb	1864	2.930
7945	escravidão	0	noun	1864	2.930
7946	inventor	0	noun	1864	2.930
7947	orgânico	0	noun	1864	2.930
7948	cirurgiã	0	noun	1863	2.928
7949	mindinho	0	noun	1863	2.928
7950	relaxado	0	adj	1863	2.928
7951	san francisco	1	mwe	1863	2.928
7952	aldrabar	0	verb	1862	2.927
7953	impasse	0	noun	1862	2.927
7954	farra	0	noun	1861	2.925
7955	perita	0	noun	1861	2.925
7956	consumar	0	verb	1859	2.922
7957	desenhos animados	1	mwe	1858	2.920
7958	implementar	0	verb	1858	2.920
7959	mos	0	noun	1858	2.920
7960	turbo	0	noun	1858	2.920
7961	fodi	0	verb	1857	2.919
7962	olímpico	0	adj	1857	2.919
7963	champô	0	noun	1856	2.917
7964	pousada	0	noun	1856	2.917
7965	reservado	0	adj	1856	2.917
7966	televisor	0	noun	1856	2.917
7967	galho	0	noun	1855	2.916
7968	blasfémia	0	noun	1854	2.914
7969	sexualidade	0	noun	1854	2.914
7970	flutuante	0	adj	1852	2.911
7971	salsa	0	noun	1852	2.911
7972	assimilar	0	verb	1850	2.908
7973	boa-noite	0	intj	1850	2.908
7974	contradizer	0	verb	1850	2.908
7975	escória	0	noun	1850	2.908
7976	orador	0	noun	1850	2.908
7977	africano	0	noun	1848	2.905
7978	binóculo	0	noun	1848	2.905
7979	enforcamento	0	noun	1848	2.905
7980	esterco	0	noun	1848	2.905
7981	mortinho	0	adj	1848	2.905
7982	reconquistar	0	verb	1848	2.905
7983	serial	0	noun	1848	2.905
7984	arduamente	0	adv	1847	2.903
7985	definido	0	adj	1847	2.903
7986	descuidar	0	verb	1847	2.903
7987	impenetrável	0	adj	1847	2.903
7988	anzol	0	noun	1846	2.902
7989	prosperidade	0	noun	1845	2.900
7990	australiano	0	adj	1844	2.898
7991	séc	0	noun	1844	2.898
7992	ameixa	0	noun	1843	2.897
7993	back	0	noun	1843	2.897
7994	carcaça	0	noun	1842	2.895
7995	dominador	0	noun	1842	2.895
7996	enfadonho	0	adj	1842	2.895
7997	herdeira	0	noun	1842	2.895
7998	reagrupar	0	verb	1842	2.895
7999	camarado	0	adj	1841	2.894
8000	grado	0	noun	1841	2.894
8001	pianista	0	noun	1841	2.894
8002	manchete	0	noun	1840	2.892
8003	insónia	0	noun	1839	2.891
8004	gerência	0	noun	1837	2.887
8005	pago	0	adj	1837	2.887
8006	sanidade	0	noun	1837	2.887
8007	cianeto	0	noun	1836	2.886
8008	reprodução	0	noun	1836	2.886
8009	caminhante	0	noun	1835	2.884
8010	grana	0	noun	1835	2.884
8011	sustento	0	noun	1835	2.884
8012	bode expiatório	1	mwe	1834	2.883
8013	malcriado	0	verb	1834	2.883
8014	reencontrar	0	verb	1834	2.883
8015	névoa	0	noun	1833	2.881
8016	prior	0	noun	1833	2.881
8017	reciclar	0	verb	1833	2.881
8018	canguru	0	noun	1832	2.880
8019	cláusula	0	noun	1832	2.880
8020	embriagar	0	verb	1832	2.880
8021	premiar	0	verb	1832	2.880
8022	sueco	0	adj	1832	2.880
8023	condescendente	0	adj	1831	2.878
8024	gravitacional	0	adj	1831	2.878
8025	oferenda	0	noun	1831	2.878
8026	vagabunda	0	noun	1831	2.878
8027	berro	0	noun	1830	2.876
8028	cripta	0	noun	1830	2.876
8029	intencional	0	adj	1830	2.876
8030	elegância	0	noun	1829	2.875
8031	memorável	0	adj	1829	2.875
8032	mola	0	noun	1829	2.875
8033	robusto	0	adj	1829	2.875
8034	controverso	0	adj	1828	2.873
8035	inovador	0	adj	1828	2.873
8036	rural	0	adj	1827	2.872
8037	druida	0	noun	1826	2.870
8038	cortador	0	noun	1825	2.869
8039	florista	0	noun	1825	2.869
8040	rales	0	intj	1825	2.869
8041	adulterar	0	verb	1824	2.867
8042	atrasado mental	1	mwe	1824	2.867
8043	escusado	0	adj	1824	2.867
8044	glândula	0	noun	1824	2.867
8045	moderar	0	verb	1823	2.865
8046	enferrujado	0	adj	1822	2.864
8047	pavilhão	0	noun	1822	2.864
8048	pontas soltas	1	mwe	1821	2.862
8049	astro	0	noun	1820	2.861
8050	eie	0	noun	1820	2.861
8051	enjoar	0	verb	1820	2.861
8052	milady	0	noun	1820	2.861
8053	missionário	0	noun	1819	2.859
8054	flexão	0	noun	1817	2.856
8055	genocídio	0	noun	1817	2.856
8056	agrícola	0	adj	1815	2.853
8057	atracar	0	verb	1815	2.853
8058	biografia	0	noun	1815	2.853
8059	comovido	0	adj	1815	2.853
8060	superintendente	0	noun	1815	2.853
8061	sífilis	0	noun	1815	2.853
8062	vénia	0	noun	1815	2.853
8063	zarpar	0	verb	1815	2.853
8064	islâmico	0	adj	1814	2.851
8065	jardinagem	0	noun	1814	2.851
8066	registos telefónicos	1	mwe	1814	2.851
8067	certeiro	0	adj	1812	2.848
8068	justificação	0	noun	1812	2.848
8069	mm-hmm	0	unk	1812	2.848
8070	mal-educado	0	adj	1811	2.847
8071	bárbara	0	noun	1810	2.845
8072	lagarto	0	adj	1810	2.845
8073	maníaco	0	adj	1810	2.845
8074	prescrever	0	verb	1810	2.845
8075	psiquiatria	0	noun	1810	2.845
8076	perecer	0	verb	1809	2.843
8077	incorporar	0	verb	1808	2.842
8078	integral	0	adj	1808	2.842
8079	intocável	0	adj	1808	2.842
8080	atrevido	0	adj	1807	2.840
8081	machete	0	noun	1807	2.840
8082	ortodoxo	0	adj	1806	2.839
8083	popularidade	0	noun	1806	2.839
8084	punk	0	adj	1806	2.839
8085	acolá	0	adv	1804	2.836
8086	desbloquear	0	verb	1804	2.836
8087	olímpico	0	noun	1804	2.836
8088	clonar	0	verb	1803	2.834
8089	mai	0	noun	1803	2.834
8090	marginal	0	noun	1803	2.834
8091	primeira-dama	0	noun	1803	2.834
8092	ótico	0	adj	1803	2.834
8093	cabeludo	0	adj	1802	2.832
8094	insígnia	0	noun	1802	2.832
8095	agrado	0	noun	1801	2.831
8096	clemência	0	noun	1801	2.831
8097	congregação	0	noun	1801	2.831
8098	fio dental	1	mwe	1801	2.831
8099	bronco	0	noun	1800	2.829
8100	meia-idade	0	noun	1800	2.829
8101	lavabo	0	noun	1799	2.828
8102	acre	0	noun	1798	2.826
8103	atrocidade	0	noun	1798	2.826
8104	baterista	0	noun	1798	2.826
8105	baloiço	0	noun	1797	2.825
8106	escandaloso	0	adj	1797	2.825
8107	maninho	0	noun	1797	2.825
8108	prémio nobel	1	mwe	1797	2.825
8109	encurtar	0	verb	1796	2.823
8110	antecedência	0	noun	1795	2.821
8111	sarjeta	0	noun	1795	2.821
8112	sauna	0	noun	1795	2.821
8113	who	0	noun	1794	2.820
8114	igualzinho	0	adj	1793	2.818
8115	place	0	noun	1793	2.818
8116	autocolante	0	noun	1792	2.817
8117	cupão	0	noun	1792	2.817
8118	extinguir	0	adj	1792	2.817
8119	holograma	0	noun	1792	2.817
8120	pulverizar	0	verb	1792	2.817
8121	qualificado	0	adj	1792	2.817
8122	telefonista	0	noun	1792	2.817
8123	cólera	0	noun	1791	2.815
8124	rapaziado	0	adj	1791	2.815
8125	abundância	0	noun	1790	2.814
8126	fita adesiva	1	mwe	1790	2.814
8127	historiador	0	noun	1790	2.814
8128	vin	0	unk	1790	2.814
8129	acerto	0	noun	1789	2.812
8130	natureza humana	1	mwe	1789	2.812
8131	valete	0	noun	1789	2.812
8132	adolescência	0	noun	1788	2.810
8133	malcheiroso	0	adj	1788	2.810
8134	titânio	0	noun	1788	2.810
8135	dissipar	0	verb	1787	2.809
8136	cesta	0	noun	1786	2.807
8137	intencionalmente	0	adv	1786	2.807
8138	ricaço	0	noun	1786	2.807
8139	núpcias	0	noun	1785	2.806
8140	delicadeza	0	noun	1784	2.804
8141	hierarquia	0	noun	1784	2.804
8142	obcecar	0	verb	1784	2.804
8143	but	0	noun	1783	2.803
8144	concussão	0	noun	1783	2.803
8145	paróquia	0	noun	1783	2.803
8146	sapatilha	0	noun	1783	2.803
8147	atinar	0	verb	1782	2.801
8148	escadaria	0	noun	1782	2.801
8149	televisivo	0	adj	1781	2.799
8150	imparável	0	adj	1779	2.796
8151	abdominal	0	adj	1777	2.793
8152	apostado	0	adj	1777	2.793
8153	parcialmente	0	adv	1777	2.793
8154	púrpura	0	adj	1777	2.793
8155	pocilga	0	noun	1776	2.792
8156	soneca	0	noun	1776	2.792
8157	voluntariar	0	verb	1776	2.792
8158	córtex	0	noun	1775	2.790
8159	mármore	0	noun	1775	2.790
8160	asar	0	noun	1774	2.788
8161	people	0	noun	1774	2.788
8162	saloio	0	noun	1774	2.788
8163	disciplinar	0	adj	1773	2.787
8164	especificação	0	noun	1773	2.787
8165	nadador	0	noun	1773	2.787
8166	xelim	0	noun	1772	2.785
8167	empunhar	0	verb	1771	2.784
8168	funcionária	0	noun	1771	2.784
8169	dissuadir	0	verb	1770	2.782
8170	anulação	0	noun	1769	2.781
8171	magricela	0	noun	1769	2.781
8172	subjugar	0	verb	1769	2.781
8173	capanga	0	noun	1767	2.777
8174	furado	0	verb	1765	2.774
8175	catalogar	0	verb	1764	2.773
8176	herpes	0	noun	1764	2.773
8177	goela	0	noun	1763	2.771
8178	operações especiais	1	mwe	1763	2.771
8179	indiciar	0	verb	1762	2.770
8180	leucemia	0	noun	1762	2.770
8181	queridinha	0	noun	1762	2.770
8182	vendido	0	verb	1762	2.770
8183	vingativo	0	adj	1762	2.770
8184	whoo	0	noun	1762	2.770
8185	entediado	0	adj	1760	2.766
8186	minimizar	0	verb	1760	2.766
8187	comover	0	verb	1759	2.765
8188	condiz	0	unk	1759	2.765
8189	paralelo	0	adj	1759	2.765
8190	viação	0	noun	1758	2.763
8191	fantasiar	0	verb	1755	2.759
8192	tuberculose	0	noun	1755	2.759
8193	entalar	0	verb	1754	2.757
8194	inclinação	0	noun	1754	2.757
8195	mamute	0	noun	1754	2.757
8196	afastado	0	adj	1753	2.755
8197	gritaria	0	noun	1753	2.755
8198	nono	0	noun	1753	2.755
8199	porcelana	0	noun	1751	2.752
8200	ruir	0	verb	1750	2.751
8201	tardio	0	adj	1750	2.751
8202	filho-da-mãe	0	noun	1749	2.749
8203	frigorifico	0	noun	1749	2.749
8204	incerteza	0	noun	1749	2.749
8205	procuradora	0	noun	1749	2.749
8206	talhante	0	noun	1749	2.749
8207	liso	0	adj	1748	2.748
8208	piloto automático	1	mwe	1748	2.748
8209	watts	0	noun	1747	2.746
8210	conversinha	0	noun	1746	2.744
8211	fertilidade	0	noun	1746	2.744
8212	verruga	0	noun	1746	2.744
8213	franqueza	0	noun	1745	2.743
8214	comemoração	0	noun	1744	2.741
8215	conhaque	0	noun	1744	2.741
8216	ingénuo	0	noun	1744	2.741
8217	jangada	0	noun	1744	2.741
8218	prioritário	0	adj	1744	2.741
8219	sub	0	unk	1744	2.741
8220	úlcera	0	noun	1744	2.741
8221	court	0	noun	1743	2.740
8222	reparo	0	noun	1743	2.740
8223	jackpot	0	noun	1742	2.738
8224	run	0	unk	1742	2.738
8225	apostador	0	noun	1741	2.736
8226	desentendimento	0	noun	1741	2.736
8227	laceração	0	noun	1741	2.736
8228	trilha	0	noun	1741	2.736
8229	garantido	0	adj	1740	2.735
8230	lixívia	0	noun	1740	2.735
8231	per	0	noun	1740	2.735
8232	coberta	0	noun	1739	2.733
8233	duradouro	0	adj	1739	2.733
8234	pedal	0	noun	1739	2.733
8235	ruga	0	noun	1739	2.733
8236	firewall	0	noun	1738	2.732
8237	ético	0	adj	1738	2.732
8238	buffet	0	noun	1737	2.730
8239	call	0	noun	1737	2.730
8240	encharcado	0	adj	1736	2.729
8241	belíssimo	0	adj	1735	2.727
8242	potássio	0	noun	1735	2.727
8243	costurar	0	verb	1734	2.725
8244	ensanguentar	0	verb	1734	2.725
8245	posterior	0	adj	1733	2.724
8246	advertir	0	verb	1732	2.722
8247	graduar	0	verb	1732	2.722
8248	informal	0	adj	1732	2.722
8249	oval	0	noun	1732	2.722
8250	redigir	0	verb	1732	2.722
8251	rupia	0	noun	1732	2.722
8252	vao	0	noun	1732	2.722
8253	espantalho	0	noun	1731	2.721
8254	estante	0	noun	1731	2.721
8255	folgar	0	verb	1731	2.721
8256	sucção	0	noun	1731	2.721
8257	apache	0	noun	1730	2.719
8258	medusa	0	noun	1730	2.719
8259	cessar-fogo	0	noun	1729	2.718
8260	leveia	0	noun	1729	2.718
8261	maçaneta	0	noun	1729	2.718
8262	batoteiro	0	noun	1728	2.716
8263	caraíba	0	noun	1728	2.716
8264	focinho	0	noun	1728	2.716
8265	internado	0	adj	1728	2.716
8266	oca	0	noun	1728	2.716
8267	sucessão	0	noun	1728	2.716
8268	cetro	0	noun	1727	2.714
8269	d'artagnan	0	noun	1727	2.714
8270	despoletar	0	verb	1727	2.714
8271	encriptar	0	verb	1727	2.714
8272	ski	0	noun	1727	2.714
8273	utilização	0	noun	1727	2.714
8274	zelador	0	noun	1727	2.714
8275	canoa	0	noun	1726	2.713
8276	criatividade	0	noun	1726	2.713
8277	finalidade	0	noun	1726	2.713
8278	microscópio	0	noun	1726	2.713
8279	voilá	0	noun	1726	2.713
8280	obsoleto	0	adj	1725	2.711
8281	caótico	0	adj	1724	2.710
8282	programador	0	noun	1724	2.710
8283	erradicar	0	verb	1722	2.707
8284	matrimonial	0	adj	1721	2.705
8285	maçarico	0	noun	1721	2.705
8286	pedreira	0	noun	1721	2.705
8287	roupeiro	0	noun	1721	2.705
8288	vagamente	0	adv	1721	2.705
8289	xeque-mate	0	noun	1721	2.705
8290	corar	0	verb	1720	2.703
8291	domicílio	0	noun	1720	2.703
8292	girafa	0	noun	1720	2.703
8293	hélio	0	noun	1720	2.703
8294	soda	0	noun	1719	2.702
8295	chamamento	0	noun	1717	2.699
8296	sabotagem	0	noun	1717	2.699
8297	descontente	0	adj	1716	2.697
8298	simbólico	0	adj	1716	2.697
8299	provocação	0	noun	1715	2.696
8300	van der	1	mwe	1715	2.696
8301	postar	0	verb	1714	2.694
8302	densidade	0	noun	1713	2.692
8303	desacreditar	0	verb	1713	2.692
8304	dissecar	0	verb	1713	2.692
8305	especado	0	adj	1713	2.692
8306	moldura	0	noun	1713	2.692
8307	marisco	0	noun	1712	2.691
8308	paternidade	0	noun	1712	2.691
8309	bofetada	0	noun	1711	2.689
8310	confirmado	0	verb	1711	2.689
8311	not	0	unk	1710	2.688
8312	herege	0	noun	1709	2.686
8313	sanitário	0	adj	1709	2.686
8314	maminha	0	noun	1708	2.685
8315	peregrino	0	noun	1708	2.685
8316	piercing	0	noun	1708	2.685
8317	sussurro	0	noun	1708	2.685
8318	nazista	0	noun	1707	2.683
8319	eliminação	0	noun	1705	2.680
8320	performance	0	noun	1705	2.680
8321	baton	0	noun	1704	2.678
8322	chamado	0	adj	1704	2.678
8323	singular	0	adj	1704	2.678
8324	buzina	0	noun	1702	2.675
8325	lacaio	0	noun	1702	2.675
8326	nasal	0	adj	1702	2.675
8327	aceleração	0	noun	1701	2.674
8328	moribundo	0	adj	1701	2.674
8329	sardinha	0	noun	1701	2.674
8330	calmante	0	noun	1700	2.672
8331	pavor	0	noun	1700	2.672
8332	umbigo	0	noun	1699	2.670
8333	diplomacia	0	noun	1698	2.669
8334	fertilizante	0	noun	1698	2.669
8335	indestrutível	0	adj	1698	2.669
8336	asiático	0	noun	1697	2.667
8337	desamarrar	0	verb	1697	2.667
8338	encontraa	0	unk	1697	2.667
8339	amamentar	0	verb	1696	2.666
8340	biquíni	0	noun	1696	2.666
8341	simpatizar	0	verb	1696	2.666
8342	conhecea	0	unk	1695	2.664
8343	filtrar	0	verb	1695	2.664
8344	gracias	0	noun	1695	2.664
8345	guloseima	0	noun	1695	2.664
8346	caução	0	noun	1694	2.663
8347	ganga	0	noun	1694	2.663
8348	cinzeiro	0	noun	1693	2.661
8349	deliberar	0	verb	1693	2.661
8350	rigor	0	noun	1693	2.661
8351	capataz	0	noun	1692	2.659
8352	ocasional	0	adj	1692	2.659
8353	pepino	0	noun	1692	2.659
8354	pintado	0	noun	1692	2.659
8355	discernimento	0	noun	1690	2.656
8356	manifestante	0	noun	1690	2.656
8357	sacaninha	0	noun	1690	2.656
8358	ventoinha	0	noun	1690	2.656
8359	visibilidade	0	noun	1690	2.656
8360	ecografia	0	noun	1689	2.655
8361	fabrico	0	noun	1689	2.655
8362	luxuoso	0	adj	1689	2.655
8363	petisco	0	noun	1689	2.655
8364	redação	0	noun	1688	2.653
8365	coagir	0	verb	1687	2.652
8366	presidir	0	verb	1687	2.652
8367	burocrata	0	noun	1686	2.650
8368	habilidoso	0	adj	1686	2.650
8369	negligenciar	0	verb	1686	2.650
8370	atentamente	0	adv	1685	2.648
8371	encarrego	0	verb	1685	2.648
8372	retórica	0	noun	1685	2.648
8373	zanga	0	noun	1685	2.648
8374	gestor	0	noun	1683	2.645
8375	rapariguinha	0	noun	1683	2.645
8376	atacador	0	noun	1682	2.644
8377	maravilhosamente	0	adv	1682	2.644
8378	renal	0	adj	1682	2.644
8379	aviador	0	noun	1681	2.642
8380	escolhido	0	noun	1681	2.642
8381	monopólio	0	noun	1681	2.642
8382	normalidade	0	noun	1681	2.642
8383	sepultar	0	verb	1681	2.642
8384	deslize	0	noun	1680	2.641
8385	ensinamento	0	noun	1680	2.641
8386	pardal	0	noun	1680	2.641
8387	transtorno	0	noun	1680	2.641
8388	visionário	0	noun	1680	2.641
8389	brusco	0	adj	1679	2.639
8390	nuns	0	det	1679	2.639
8391	falso alarme	1	mwe	1678	2.637
8392	israelita	0	noun	1678	2.637
8393	part-time	0	noun	1678	2.637
8394	licenciatura	0	noun	1677	2.636
8395	reprogramar	0	verb	1677	2.636
8396	letreiro	0	noun	1675	2.633
8397	margarida	0	noun	1675	2.633
8398	vacilar	0	verb	1675	2.633
8399	avental	0	noun	1674	2.631
8400	cabeceira	0	noun	1674	2.631
8401	extradição	0	noun	1673	2.630
8402	hut	0	noun	1673	2.630
8403	emissário	0	noun	1672	2.628
8404	grilo	0	noun	1672	2.628
8405	apitar	0	verb	1671	2.626
8406	deteriorar	0	verb	1671	2.626
8407	racismo	0	noun	1671	2.626
8408	co-piloto	0	noun	1670	2.625
8409	praguejar	0	verb	1670	2.625
8410	reembolso	0	noun	1670	2.625
8411	tagarelar	0	verb	1670	2.625
8412	equipado	0	adj	1669	2.623
8413	mensal	0	adj	1669	2.623
8414	sobrecarga	0	noun	1669	2.623
8415	chico	0	noun	1668	2.622
8416	escudeiro	0	noun	1668	2.622
8417	formalmente	0	adv	1668	2.622
8418	processador	0	noun	1668	2.622
8419	mestrado	0	noun	1665	2.617
8420	tomografia	0	noun	1664	2.615
8421	alfabeto	0	noun	1663	2.614
8422	diferenciar	0	verb	1663	2.614
8423	glaciar	0	noun	1663	2.614
8424	abdominal	0	noun	1662	2.612
8425	aquecedor	0	noun	1662	2.612
8426	carrossel	0	noun	1662	2.612
8427	devastado	0	adj	1662	2.612
8428	recital	0	noun	1662	2.612
8429	simbolizar	0	verb	1662	2.612
8430	supersticioso	0	adj	1662	2.612
8431	two	0	noun	1662	2.612
8432	viagra	0	noun	1662	2.612
8433	milorde	0	noun	1661	2.611
8434	rosado	0	verb	1661	2.611
8435	della	0	noun	1660	2.609
8436	rascunho	0	noun	1660	2.609
8437	reflexão	0	noun	1660	2.609
8438	zé-ninguém	0	noun	1660	2.609
8439	ravina	0	noun	1658	2.606
8440	velório	0	noun	1657	2.604
8441	falador	0	noun	1656	2.603
8442	down	0	noun	1655	2.601
8443	pilhar	0	verb	1655	2.601
8444	reformado	0	noun	1655	2.601
8445	stand	0	noun	1655	2.601
8446	abominável	0	adj	1654	2.600
8447	violoncelo	0	noun	1654	2.600
8448	desintegrar	0	verb	1653	2.598
8449	despejo	0	noun	1653	2.598
8450	fiasco	0	noun	1653	2.598
8451	recém	0	adj	1653	2.598
8452	zé	0	noun	1653	2.598
8453	divindade	0	noun	1652	2.597
8454	malha	0	noun	1652	2.597
8455	trajeto	0	noun	1652	2.597
8456	usaa	0	unk	1652	2.597
8457	mortalidade	0	noun	1651	2.595
8458	recolher obrigatório	1	mwe	1651	2.595
8459	arrojado	0	adj	1650	2.593
8460	borbulha	0	noun	1650	2.593
8461	merci	0	noun	1650	2.593
8462	sedar	0	verb	1650	2.593
8463	turbina	0	noun	1650	2.593
8464	mitzvah	0	adj	1649	2.592
8465	politicamente	0	adv	1649	2.592
8466	endurecer	0	verb	1648	2.590
8467	larguea	0	unk	1647	2.589
8468	esterilizar	0	verb	1646	2.587
8469	hábil	0	adj	1646	2.587
8470	slogan	0	noun	1646	2.587
8471	imaculado	0	adj	1645	2.586
8472	tique	0	noun	1645	2.586
8473	velhinha	0	noun	1645	2.586
8474	palheiro	0	noun	1644	2.584
8475	penthouse	0	unk	1644	2.584
8476	scan	0	noun	1644	2.584
8477	tosta	0	noun	1644	2.584
8478	arrumado	0	adj	1643	2.582
8479	campónio	0	noun	1643	2.582
8480	coroação	0	noun	1643	2.582
8481	navegador	0	noun	1643	2.582
8482	orla	0	noun	1643	2.582
8483	she	0	unk	1642	2.581
8484	isolado	0	adj	1641	2.579
8485	alface	0	noun	1639	2.576
8486	bisavô	0	noun	1639	2.576
8487	recorte	0	noun	1639	2.576
8488	vocabulário	0	noun	1639	2.576
8489	ágil	0	adj	1639	2.576
8490	dependência	0	noun	1638	2.575
8491	hemisfério	0	noun	1638	2.575
8492	regenerar	0	verb	1638	2.575
8493	ganza	0	noun	1637	2.573
8494	hélice	0	noun	1637	2.573
8495	renascimento	0	noun	1637	2.573
8496	surra	0	noun	1637	2.573
8497	enredo	0	noun	1636	2.571
8498	suplemento	0	noun	1636	2.571
8499	banha	0	noun	1635	2.570
8500	minucioso	0	adj	1634	2.568
8501	cãibra	0	noun	1633	2.567
8502	derivar	0	verb	1633	2.567
8503	drástico	0	adj	1633	2.567
8504	hindu	0	noun	1632	2.565
8505	renovação	0	noun	1632	2.565
8506	epinefrina	0	noun	1631	2.564
8507	flora	0	noun	1631	2.564
8508	amazona	0	noun	1629	2.560
8509	disputar	0	verb	1629	2.560
8510	vestiário	0	noun	1629	2.560
8511	alastrar	0	verb	1628	2.559
8512	canadiano	0	noun	1628	2.559
8513	marfim	0	noun	1628	2.559
8514	alarido	0	noun	1627	2.557
8515	tour	0	noun	1627	2.557
8516	coiso	0	noun	1626	2.556
8517	comunhão	0	noun	1626	2.556
8518	engraxar	0	verb	1626	2.556
8519	mister	0	noun	1626	2.556
8520	prega	0	noun	1625	2.554
8521	inimaginável	0	adj	1624	2.553
8522	lasca	0	noun	1624	2.553
8523	porta-aviões	0	noun	1624	2.553
8524	adios	0	intj	1623	2.551
8525	afogamento	0	noun	1623	2.551
8526	diâmetro	0	noun	1623	2.551
8527	lutadora	0	noun	1623	2.551
8528	valeria	0	noun	1623	2.551
8529	elixir	0	noun	1622	2.549
8530	intérprete	0	noun	1622	2.549
8531	sujidade	0	noun	1622	2.549
8532	ativação	0	noun	1621	2.548
8533	devoto	0	adj	1621	2.548
8534	fixamente	0	adv	1621	2.548
8535	hobby	0	noun	1621	2.548
8536	klingon	0	noun	1621	2.548
8537	silenciosamente	0	adv	1621	2.548
8538	assassinado	0	verb	1619	2.545
8539	fiscal	0	noun	1619	2.545
8540	matoa	0	noun	1619	2.545
8541	mentalidade	0	noun	1619	2.545
8542	virilha	0	noun	1619	2.545
8543	espreitadela	0	noun	1618	2.543
8544	inacabado	0	verb	1618	2.543
8545	reaparecer	0	verb	1618	2.543
8546	desastrado	0	verb	1617	2.542
8547	atrelado	0	noun	1616	2.540
8548	ninjitis	0	noun	1616	2.540
8549	saga	0	noun	1616	2.540
8550	combustão	0	noun	1614	2.537
8551	berma	0	noun	1613	2.535
8552	fay	0	noun	1613	2.535
8553	poluição	0	noun	1613	2.535
8554	betão	0	noun	1612	2.534
8555	estafeta	0	noun	1611	2.532
8556	interface	0	noun	1610	2.531
8557	proferir	0	verb	1610	2.531
8558	sandália	0	noun	1610	2.531
8559	status	0	noun	1610	2.531
8560	achado	0	noun	1609	2.529
8561	incompetente	0	adj	1608	2.527
8562	sintonia	0	noun	1608	2.527
8563	ananás	0	noun	1607	2.526
8564	irritação	0	noun	1606	2.524
8565	mos	0	intj	1606	2.524
8566	reservatório	0	noun	1605	2.523
8567	damasco	0	noun	1604	2.521
8568	obstruir	0	verb	1604	2.521
8569	sera	0	noun	1604	2.521
8570	torácico	0	adj	1603	2.520
8571	arrecadação	0	noun	1602	2.518
8572	bonzinho	0	adj	1602	2.518
8573	elevação	0	noun	1602	2.518
8574	right	0	unk	1602	2.518
8575	saudita	0	noun	1602	2.518
8576	anarquia	0	noun	1601	2.516
8577	non	0	noun	1600	2.515
8578	acusado	0	noun	1599	2.513
8579	estalagem	0	noun	1599	2.513
8580	enjoar	0	noun	1598	2.512
8581	tontura	0	noun	1598	2.512
8582	viga	0	noun	1598	2.512
8583	asfixiar	0	verb	1597	2.510
8584	pechincha	0	noun	1597	2.510
8585	baga	0	noun	1596	2.509
8586	intoxicação	0	noun	1596	2.509
8587	pessimista	0	adj	1596	2.509
8588	remoção	0	noun	1595	2.507
8589	treinadora	0	noun	1595	2.507
8590	alicate	0	noun	1594	2.505
8591	preguiça	0	noun	1594	2.505
8592	encantamento	0	noun	1593	2.504
8593	ridicularizar	0	verb	1593	2.504
8594	invólucro	0	noun	1592	2.502
8595	escombros	0	noun	1591	2.501
8596	fórum	0	noun	1591	2.501
8597	janta	0	noun	1591	2.501
8598	stressado	0	adj	1591	2.501
8599	hipnose	0	noun	1590	2.499
8600	bonjour	0	noun	1589	2.498
8601	travesseiro	0	noun	1589	2.498
8602	tinhaa	0	unk	1588	2.496
8603	abominação	0	noun	1587	2.494
8604	esquartejar	0	verb	1587	2.494
8605	intelecto	0	noun	1587	2.494
8606	mórbido	0	adj	1587	2.494
8607	czar	0	noun	1586	2.493
8608	pobrezinha	0	noun	1586	2.493
8609	afortunar	0	verb	1585	2.491
8610	aceitação	0	noun	1584	2.490
8611	apêndice	0	noun	1584	2.490
8612	templário	0	noun	1584	2.490
8613	piranha	0	noun	1583	2.488
8614	said	0	noun	1583	2.488
8615	defrontar	0	verb	1582	2.487
8616	pulha	0	noun	1582	2.487
8617	timing	0	noun	1582	2.487
8618	trampa	0	noun	1582	2.487
8619	engodo	0	noun	1581	2.485
8620	primário	0	adj	1581	2.485
8621	aventurar	0	verb	1580	2.483
8622	batismo	0	noun	1579	2.482
8623	hipoteticamente	0	adv	1579	2.482
8624	constelação	0	noun	1577	2.479
8625	distrital	0	adj	1577	2.479
8626	oportuno	0	adj	1577	2.479
8627	have	0	unk	1576	2.477
8628	amêndoa	0	noun	1575	2.476
8629	babaca	0	noun	1575	2.476
8630	dito	0	adj	1575	2.476
8631	embaraço	0	noun	1575	2.476
8632	perdurar	0	verb	1575	2.476
8633	agachar	0	verb	1574	2.474
8634	otimismo	0	noun	1574	2.474
8635	bam	0	noun	1573	2.472
8636	descapotável	0	noun	1573	2.472
8637	esquecimento	0	noun	1573	2.472
8638	estratégica	0	noun	1573	2.472
8639	loucamente	0	adv	1573	2.472
8640	psicóloga	0	noun	1573	2.472
8641	aspirante	0	noun	1572	2.471
8642	ciao	0	noun	1572	2.471
8643	fumaça	0	noun	1572	2.471
8644	agressividade	0	noun	1571	2.469
8645	conceção	0	noun	1571	2.469
8646	correria	0	noun	1571	2.469
8647	enrolado	0	adj	1571	2.469
8648	fascista	0	adj	1571	2.469
8649	louvor	0	noun	1571	2.469
8650	mandaa	0	unk	1571	2.469
8651	vibrador	0	noun	1571	2.469
8652	charlatão	0	noun	1570	2.468
8653	ding	0	noun	1570	2.468
8654	encurralado	0	adj	1570	2.468
8655	wi-fi	0	noun	1570	2.468
8656	processamento	0	noun	1569	2.466
8657	bronzeado	0	noun	1568	2.465
8658	cruzador	0	noun	1568	2.465
8659	deformar	0	verb	1568	2.465
8660	matricula	0	noun	1568	2.465
8661	vergar	0	verb	1568	2.465
8662	enguia	0	noun	1567	2.463
8663	incontrolável	0	adj	1567	2.463
8664	despertador	0	noun	1566	2.461
8665	eleitoral	0	adj	1565	2.460
8666	quietinho	0	adj	1565	2.460
8667	texugo	0	noun	1565	2.460
8668	you're	0	unk	1565	2.460
8669	advertência	0	noun	1564	2.458
8670	infame	0	noun	1564	2.458
8671	nítido	0	adj	1564	2.458
8672	trama	0	noun	1564	2.458
8673	ícone	0	noun	1564	2.458
8674	estrume	0	noun	1563	2.457
8675	odioso	0	adj	1562	2.455
8676	dezanove	0	num	1561	2.454
8677	valentão	0	adj	1561	2.454
8678	desmancha-prazeres	0	unk	1560	2.452
8679	implicação	0	noun	1560	2.452
8680	lagarta	0	noun	1559	2.450
8681	mateia	0	noun	1558	2.449
8682	jacaré	0	noun	1557	2.447
8683	mer	0	noun	1557	2.447
8684	paspalho	0	noun	1557	2.447
8685	cético	0	adj	1556	2.446
8686	espasmo	0	noun	1556	2.446
8687	leoa	0	noun	1556	2.446
8688	pio	0	noun	1556	2.446
8689	sebo	0	noun	1556	2.446
8690	adesivo	0	noun	1555	2.444
8691	cubículo	0	noun	1555	2.444
8692	fetiche	0	noun	1555	2.444
8693	miligrama	0	noun	1555	2.444
8694	operativo	0	noun	1555	2.444
8695	robe	0	noun	1555	2.444
8696	aeródromo	0	noun	1554	2.443
8697	colado	0	adj	1554	2.443
8698	feno	0	noun	1554	2.443
8699	fornalha	0	noun	1554	2.443
8700	montante	0	noun	1554	2.443
8701	palavra-passe	0	noun	1554	2.443
8702	adiantado	0	adj	1553	2.441
8703	alegadamente	0	adv	1553	2.441
8704	amabilidade	0	noun	1553	2.441
8705	emprestado	0	noun	1553	2.441
8706	paradoxo	0	noun	1553	2.441
8707	perjúrio	0	noun	1553	2.441
8708	tentáculo	0	noun	1553	2.441
8709	arqueólogo	0	noun	1552	2.439
8710	arrepiar	0	verb	1552	2.439
8711	piora	0	noun	1552	2.439
8712	extorquir	0	verb	1551	2.438
8713	interditar	0	verb	1551	2.438
8714	estrear	0	verb	1550	2.436
8715	pinga	0	noun	1550	2.436
8716	socapa	0	noun	1550	2.436
8717	masturbação	0	noun	1549	2.435
8718	obsessivo	0	adj	1549	2.435
8719	pincel	0	noun	1549	2.435
8720	veludo	0	noun	1549	2.435
8721	accionistas	0	noun	1548	2.433
8722	barca	0	noun	1548	2.433
8723	comedor	0	noun	1547	2.432
8724	diretiva	0	noun	1547	2.432
8725	durão	0	noun	1547	2.432
8726	anfitriã	0	noun	1546	2.430
8727	débil	0	adj	1546	2.430
8728	desastroso	0	adj	1544	2.427
8729	lotar	0	verb	1544	2.427
8730	ring	0	noun	1544	2.427
8731	baril	0	adj	1543	2.425
8732	porta-luvas	0	noun	1543	2.425
8733	batimento cardíaco	1	mwe	1542	2.424
8734	horda	0	noun	1542	2.424
8735	óvulo	0	noun	1542	2.424
8736	beliscar	0	verb	1541	2.422
8737	criancinha	0	noun	1541	2.422
8738	homenagear	0	verb	1541	2.422
8739	mordida	0	noun	1541	2.422
8740	recaída	0	noun	1541	2.422
8741	varíola	0	noun	1541	2.422
8742	desintoxicação	0	noun	1540	2.421
8743	embriagado	0	adj	1540	2.421
8744	infiltração	0	noun	1540	2.421
8745	indeciso	0	adj	1539	2.419
8746	crês	0	adj	1538	2.417
8747	filhinha	0	noun	1538	2.417
8748	fútil	0	adj	1538	2.417
8749	giz	0	noun	1538	2.417
8750	refugiar	0	verb	1537	2.416
8751	mexerico	0	noun	1536	2.414
8752	vitela	0	noun	1536	2.414
8753	proveniente	0	adj	1535	2.413
8754	talho	0	noun	1535	2.413
8755	treinamento	0	noun	1535	2.413
8756	articulação	0	noun	1534	2.411
8757	aterra	0	noun	1533	2.410
8758	censura	0	noun	1532	2.408
8759	mimado	0	adj	1532	2.408
8760	prejudicial	0	adj	1532	2.408
8761	algemado	0	adj	1531	2.406
8762	clientela	0	noun	1531	2.406
8763	estilista	0	noun	1531	2.406
8764	gringo	0	noun	1531	2.406
8765	insuficiência	0	noun	1531	2.406
8766	designer	0	noun	1530	2.405
8767	entediante	0	adj	1530	2.405
8768	humm	0	noun	1530	2.405
8769	ratinho	0	noun	1530	2.405
8770	blackjack	0	noun	1529	2.403
8771	desci	0	unk	1528	2.402
8772	paixoneta	0	noun	1528	2.402
8773	vértebra	0	noun	1528	2.402
8774	adultério	0	noun	1527	2.400
8775	altruísta	0	adj	1527	2.400
8776	diagrama	0	noun	1527	2.400
8777	trabalhinho	0	noun	1527	2.400
8778	forçado	0	adj	1526	2.399
8779	sobressair	0	verb	1526	2.399
8780	stressante	0	adj	1526	2.399
8781	transe	0	noun	1526	2.399
8782	avalanche	0	noun	1525	2.397
8783	desforra	0	noun	1525	2.397
8784	reprovar	0	verb	1525	2.397
8785	vendar	0	verb	1525	2.397
8786	bobina	0	noun	1524	2.395
8787	despedimento	0	noun	1524	2.395
8788	estrondo	0	noun	1523	2.394
8789	hamster	0	noun	1523	2.394
8790	honroso	0	adj	1523	2.394
8791	redondo	0	noun	1523	2.394
8792	século xx	1	mwe	1523	2.394
8793	gráfico	0	adj	1522	2.392
8794	indigno	0	adj	1522	2.392
8795	turismo	0	noun	1522	2.392
8796	infantário	0	noun	1521	2.391
8797	sensei	0	noun	1521	2.391
8798	calçada	0	noun	1520	2.389
8799	inverso	0	adj	1520	2.389
8800	menosprezar	0	verb	1520	2.389
8801	want	0	noun	1518	2.386
8802	aspiração	0	noun	1517	2.384
8803	informante	0	noun	1517	2.384
8804	milionário	0	adj	1517	2.384
8805	cappuccino	0	noun	1516	2.383
8806	lira	0	noun	1516	2.383
8807	colocaa	0	unk	1515	2.381
8808	how	0	noun	1515	2.381
8809	indiano	0	noun	1515	2.381
8810	nitrato	0	noun	1515	2.381
8811	canadiano	0	adj	1514	2.380
8812	serva	0	noun	1514	2.380
8813	meramente	0	adv	1513	2.378
8814	segmento	0	noun	1513	2.378
8815	when	0	noun	1513	2.378
8816	clarificar	0	verb	1512	2.377
8817	encriptação	0	noun	1512	2.377
8818	defeituoso	0	adj	1511	2.375
8819	intensificar	0	verb	1511	2.375
8820	vadio	0	noun	1511	2.375
8821	democrático	0	adj	1510	2.373
8822	equivaler	0	verb	1510	2.373
8823	àquelas	0	unk	1510	2.373
8824	escolhia	0	noun	1509	2.372
8825	manequim	0	noun	1509	2.372
8826	rouge	0	noun	1509	2.372
8827	desgastar	0	verb	1508	2.370
8828	lubrificante	0	noun	1508	2.370
8829	volt	0	noun	1508	2.370
8830	válido	0	verb	1508	2.370
8831	advocacia	0	noun	1507	2.369
8832	comunismo	0	noun	1507	2.369
8833	esperteza	0	noun	1507	2.369
8834	ante	0	prep	1506	2.367
8835	lesma	0	noun	1506	2.367
8836	primogénito	0	noun	1506	2.367
8837	aflição	0	noun	1505	2.366
8838	anti	0	noun	1505	2.366
8839	bem-sucedido	0	adj	1505	2.366
8840	cegueira	0	noun	1505	2.366
8841	inexperiente	0	adj	1505	2.366
8842	concreto	0	noun	1504	2.364
8843	imperativo	0	adj	1504	2.364
8844	inesquecível	0	adj	1504	2.364
8845	pestana	0	noun	1504	2.364
8846	uh-huh	0	intj	1504	2.364
8847	deixoa	0	noun	1503	2.362
8848	fodo	0	noun	1503	2.362
8849	sózinha	0	adj	1503	2.362
8850	desfecho	0	noun	1502	2.361
8851	saltos altos	1	mwe	1502	2.361
8852	son	0	noun	1502	2.361
8853	gorducho	0	adj	1501	2.359
8854	dinamarquês	0	adj	1500	2.358
8855	solidariedade	0	noun	1500	2.358
8856	totalidade	0	noun	1500	2.358
8857	pastelaria	0	noun	1499	2.356
8858	rixa	0	noun	1499	2.356
8859	colesterol	0	noun	1498	2.355
8860	habitualmente	0	adv	1498	2.355
8861	melancia	0	noun	1498	2.355
8862	pin	0	noun	1498	2.355
8863	talismã	0	noun	1498	2.355
8864	cuidados intensivos	1	mwe	1496	2.351
8865	trespassar	0	verb	1496	2.351
8866	anos-luz	0	noun	1495	2.350
8867	infalível	0	adj	1495	2.350
8868	scooter	0	noun	1495	2.350
8869	mitologia	0	noun	1494	2.348
8870	protestante	0	noun	1494	2.348
8871	rabinho	0	noun	1494	2.348
8872	continental	0	noun	1493	2.347
8873	crepe	0	noun	1493	2.347
8874	privilegiar	0	verb	1493	2.347
8875	descafeinado	0	adj	1492	2.345
8876	desconforto	0	noun	1492	2.345
8877	pasto	0	noun	1492	2.345
8878	preferível	0	adj	1492	2.345
8879	tração	0	noun	1492	2.345
8880	coitadinha	0	noun	1491	2.344
8881	guerrilha	0	noun	1491	2.344
8882	lavagem cerebral	1	mwe	1491	2.344
8883	misericordioso	0	adj	1491	2.344
8884	achoa	0	noun	1489	2.340
8885	deteção	0	noun	1489	2.340
8886	muleta	0	noun	1489	2.340
8887	sedento	0	adj	1489	2.340
8888	passadeira	0	noun	1488	2.339
8889	património	0	noun	1488	2.339
8890	premeditar	0	verb	1488	2.339
8891	roleta	0	noun	1488	2.339
8892	silo	0	noun	1488	2.339
8893	solenemente	0	adv	1488	2.339
8894	conjugal	0	adj	1487	2.337
8895	menção	0	noun	1487	2.337
8896	trio	0	noun	1487	2.337
8897	boche	0	noun	1486	2.336
8898	capô	0	noun	1486	2.336
8899	deixastea	0	unk	1486	2.336
8900	prevenção	0	noun	1486	2.336
8901	renegado	0	noun	1486	2.336
8902	delegacia	0	noun	1485	2.334
8903	embater	0	verb	1485	2.334
8904	exclusivamente	0	adv	1485	2.334
8905	refrescante	0	adj	1485	2.334
8906	egocêntrico	0	adj	1484	2.333
8907	hip	0	noun	1484	2.333
8908	orientador	0	noun	1484	2.333
8909	reunido	0	verb	1484	2.333
8910	sedução	0	noun	1483	2.331
8911	inflamável	0	adj	1482	2.329
8912	pipa	0	noun	1482	2.329
8913	característica	0	adj	1481	2.328
8914	galáctico	0	adj	1481	2.328
8915	massagista	0	noun	1481	2.328
8916	omeleta	0	noun	1481	2.328
8917	bailarino	0	noun	1480	2.326
8918	licitação	0	noun	1480	2.326
8919	malária	0	noun	1479	2.325
8920	men	0	noun	1479	2.325
8921	radiador	0	noun	1479	2.325
8922	bichinho	0	noun	1478	2.323
8923	destaque	0	noun	1478	2.323
8924	ménage	0	noun	1478	2.323
8925	simultaneamente	0	adv	1478	2.323
8926	autoestrada	0	noun	1477	2.322
8927	ensopado	0	adj	1477	2.322
8928	fiado	0	adj	1477	2.322
8929	submergir	0	verb	1477	2.322
8930	biológicas	0	noun	1476	2.320
8931	clicar	0	verb	1476	2.320
8932	vestuário	0	noun	1476	2.320
8933	brincalhão	0	noun	1475	2.318
8934	hardware	0	noun	1475	2.318
8935	pilinha	0	noun	1475	2.318
8936	pombinho	0	noun	1475	2.318
8937	aura	0	noun	1474	2.317
8938	cansaço	0	noun	1474	2.317
8939	curto-circuito	0	noun	1474	2.317
8940	iniciação	0	noun	1474	2.317
8941	mordo	0	intj	1474	2.317
8942	natalício	0	adj	1474	2.317
8943	esbarrar	0	verb	1472	2.314
8944	puramente	0	adv	1472	2.314
8945	trailer	0	noun	1472	2.314
8946	beldade	0	noun	1471	2.312
8947	platina	0	noun	1471	2.312
8948	quebra-cabeças	0	noun	1471	2.312
8949	afeição	0	noun	1470	2.311
8950	amiguinha	0	noun	1470	2.311
8951	boia	0	noun	1470	2.311
8952	aloha	0	noun	1469	2.309
8953	apelidar	0	verb	1469	2.309
8954	concluído	0	verb	1469	2.309
8955	nudez	0	noun	1469	2.309
8956	perspetivar	0	noun	1469	2.309
8957	reorganizar	0	verb	1469	2.309
8958	esquizofrenia	0	noun	1468	2.307
8959	comício	0	noun	1467	2.306
8960	justiceiro	0	noun	1467	2.306
8961	corroborar	0	verb	1466	2.304
8962	estratégico	0	adj	1466	2.304
8963	leproso	0	noun	1466	2.304
8964	opressão	0	noun	1466	2.304
8965	pronúncia	0	noun	1466	2.304
8966	pós-traumático	0	adj	1466	2.304
8967	viras	0	intj	1466	2.304
8968	blogue	0	noun	1465	2.303
8969	negociável	0	adj	1465	2.303
8970	transbordar	0	verb	1465	2.303
8971	atolado	0	adj	1464	2.301
8972	atropelamento	0	noun	1464	2.301
8973	áspero	0	adj	1464	2.301
8974	ajeitar	0	verb	1463	2.300
8975	hepatite	0	noun	1463	2.300
8976	lamechar	0	adj	1463	2.300
8977	soltaa	0	unk	1463	2.300
8978	abadia	0	noun	1462	2.298
8979	atlas	0	noun	1462	2.298
8980	constipado	0	adj	1462	2.298
8981	declínio	0	noun	1462	2.298
8982	passivo	0	adj	1462	2.298
8983	bono	0	noun	1461	2.296
8984	champagne	0	noun	1461	2.296
8985	crosta	0	noun	1461	2.296
8986	heroísmo	0	noun	1461	2.296
8987	odiamos	0	unk	1461	2.296
8988	profissionalmente	0	adv	1460	2.295
8989	maturidade	0	noun	1459	2.293
8990	assédio sexual	1	mwe	1458	2.292
8991	atendimento	0	noun	1458	2.292
8992	cato	0	noun	1458	2.292
8993	descongelar	0	verb	1458	2.292
8994	intrigado	0	adj	1458	2.292
8995	cólon	0	noun	1457	2.290
8996	firmeza	0	noun	1457	2.290
8997	numeroso	0	adj	1457	2.290
8998	marquês	0	noun	1456	2.289
8999	negligente	0	adj	1456	2.289
9000	tónico	0	adj	1456	2.289
9001	adiamento	0	noun	1455	2.287
9002	caco	0	noun	1454	2.285
9003	adereço	0	noun	1453	2.284
9004	lacuna	0	noun	1453	2.284
9005	pólen	0	noun	1453	2.284
9006	submerso	0	adj	1453	2.284
9007	vigiado	0	adj	1453	2.284
9008	arrasa	0	noun	1452	2.282
9009	beneficência	0	noun	1452	2.282
9010	clarão	0	noun	1452	2.282
9011	motivado	0	adj	1452	2.282
9012	presidencial	0	noun	1452	2.282
9013	videojogo	0	noun	1452	2.282
9014	macabro	0	adj	1451	2.281
9015	rolha	0	noun	1451	2.281
9016	conformar	0	verb	1450	2.279
9017	cheiroso	0	adj	1449	2.278
9018	homicida	0	noun	1449	2.278
9019	moranguita	0	noun	1449	2.278
9020	suma	0	noun	1449	2.278
9021	trapaceiro	0	noun	1449	2.278
9022	aprofundar	0	verb	1448	2.276
9023	saltador	0	noun	1448	2.276
9024	afinar	0	verb	1447	2.274
9025	monótono	0	adj	1447	2.274
9026	tórax	0	noun	1447	2.274
9027	demência	0	noun	1446	2.273
9028	careta	0	noun	1445	2.271
9029	comunicação social	1	mwe	1445	2.271
9030	garotinha	0	noun	1445	2.271
9031	trança	0	noun	1445	2.271
9032	comprometido	0	adj	1444	2.270
9033	hello	0	noun	1444	2.270
9034	inquietar	0	verb	1444	2.270
9035	possessão	0	noun	1444	2.270
9036	auditoria	0	noun	1443	2.268
9037	carimbo	0	noun	1443	2.268
9038	cobrador	0	noun	1443	2.268
9039	procriar	0	verb	1443	2.268
9040	borrão	0	noun	1442	2.267
9041	empregador	0	noun	1441	2.265
9042	finges	0	noun	1441	2.265
9043	vaqueiro	0	noun	1441	2.265
9044	asfixia	0	noun	1440	2.263
9045	assemelhar	0	verb	1440	2.263
9046	intrusão	0	noun	1440	2.263
9047	beisebol	0	noun	1439	2.262
9048	maleta	0	noun	1439	2.262
9049	mandão	0	adj	1439	2.262
9050	travessia	0	noun	1439	2.262
9051	absolvição	0	noun	1438	2.260
9052	canivete	0	noun	1438	2.260
9053	novata	0	noun	1438	2.260
9054	polar	0	adj	1438	2.260
9055	alternar	0	verb	1437	2.259
9056	break	0	noun	1437	2.259
9057	reanimação	0	noun	1437	2.259
9058	bíblico	0	adj	1436	2.257
9059	holocausto	0	noun	1436	2.257
9060	lírio	0	noun	1436	2.257
9061	meio-irmão	0	noun	1436	2.257
9062	aparelhagem	0	noun	1435	2.256
9063	importação	0	noun	1435	2.256
9064	refinado	0	adj	1435	2.256
9065	circunstancial	0	adj	1434	2.254
9066	perdoado	0	adj	1434	2.254
9067	uno	0	noun	1434	2.254
9068	climático	0	adj	1432	2.251
9069	joguinho	0	noun	1432	2.251
9070	pacificamente	0	adv	1432	2.251
9071	desígnio	0	noun	1431	2.249
9072	grua	0	noun	1431	2.249
9073	bandalho	0	noun	1430	2.248
9074	festivo	0	adj	1430	2.248
9075	frigideira	0	noun	1430	2.248
9076	repelir	0	verb	1430	2.248
9077	canário	0	noun	1429	2.246
9078	dispensável	0	adj	1429	2.246
9079	renegar	0	verb	1429	2.246
9080	iraniano	0	noun	1428	2.245
9081	meia-hora	0	noun	1428	2.245
9082	patinho	0	noun	1427	2.243
9083	republicano	0	adj	1427	2.243
9084	bárbaro	0	adj	1426	2.241
9085	invejoso	0	adj	1426	2.241
9086	refresco	0	noun	1426	2.241
9087	atordoar	0	verb	1425	2.240
9088	risada	0	noun	1425	2.240
9089	coelhinha	0	noun	1424	2.238
9090	decepcionar	0	verb	1424	2.238
9091	detergente	0	noun	1424	2.238
9092	escrúpulo	0	noun	1424	2.238
9093	fedorento	0	adj	1424	2.238
9094	idolatrar	0	verb	1424	2.238
9095	inestimável	0	adj	1424	2.238
9096	lástima	0	noun	1423	2.237
9097	homo	0	noun	1422	2.235
9098	incapacitado	0	adj	1422	2.235
9099	roxo	0	noun	1422	2.235
9100	arruaceiro	0	noun	1420	2.232
9101	coxear	0	noun	1420	2.232
9102	incompetência	0	noun	1420	2.232
9103	abstinência	0	noun	1419	2.230
9104	austríaco	0	adj	1419	2.230
9105	pulo	0	noun	1419	2.230
9106	continuamente	0	adv	1418	2.229
9107	ressentir	0	verb	1418	2.229
9108	safari	0	noun	1418	2.229
9109	bobagem	0	noun	1417	2.227
9110	canibal	0	adj	1417	2.227
9111	desarrumar	0	verb	1417	2.227
9112	from	0	noun	1417	2.227
9113	pedinte	0	noun	1417	2.227
9114	provérbio	0	noun	1417	2.227
9115	histeria	0	noun	1416	2.226
9116	puma	0	noun	1416	2.226
9117	sniper	0	noun	1416	2.226
9118	calçado	0	noun	1415	2.224
9119	head	0	noun	1415	2.224
9120	magnata	0	noun	1415	2.224
9121	embrulhada	0	noun	1414	2.223
9122	extintor	0	noun	1414	2.223
9123	marmelada	0	noun	1414	2.223
9124	remexer	0	verb	1414	2.223
9125	embrião	0	noun	1413	2.221
9126	alinhado	0	adj	1412	2.219
9127	bombom	0	noun	1412	2.219
9128	cool	0	noun	1412	2.219
9129	gnomo	0	noun	1412	2.219
9130	hiperespaço	0	noun	1412	2.219
9131	irromper	0	verb	1412	2.219
9132	loura	0	noun	1412	2.219
9133	altifalante	0	noun	1411	2.218
9134	desumano	0	adj	1411	2.218
9135	envolto	0	verb	1411	2.218
9136	estancar	0	verb	1411	2.218
9137	here	0	noun	1411	2.218
9138	incompetente	0	noun	1411	2.218
9139	recheio	0	noun	1411	2.218
9140	relutante	0	adj	1411	2.218
9141	simultâneo	0	adj	1411	2.218
9142	dedução	0	noun	1410	2.216
9143	enojar	0	verb	1410	2.216
9144	desmembrar	0	verb	1409	2.215
9145	individuo	0	noun	1409	2.215
9146	persa	0	adj	1409	2.215
9147	delirante	0	adj	1408	2.213
9148	listar	0	verb	1408	2.213
9149	parteira	0	noun	1408	2.213
9150	âmbar	0	noun	1408	2.213
9151	amen	0	noun	1407	2.212
9152	cheese	0	noun	1406	2.210
9153	desfeito	0	verb	1406	2.210
9154	equador	0	noun	1406	2.210
9155	quilate	0	noun	1406	2.210
9156	vaidoso	0	adj	1406	2.210
9157	costa rica	1	mwe	1405	2.208
9158	eletricista	0	noun	1405	2.208
9159	inversão	0	noun	1405	2.208
9160	palhinha	0	noun	1405	2.208
9161	vovô	0	intj	1405	2.208
9162	zumbido	0	noun	1405	2.208
9163	ata	0	noun	1404	2.207
9164	anime	0	intj	1403	2.205
9165	beijinho	0	noun	1402	2.204
9166	ugh	0	unk	1402	2.204
9167	bronca	0	noun	1401	2.202
9168	configuração	0	noun	1401	2.202
9169	fiambre	0	noun	1401	2.202
9170	próstata	0	noun	1401	2.202
9171	tártaro	0	noun	1401	2.202
9172	corporativo	0	adj	1400	2.201
9173	egoísmo	0	noun	1400	2.201
9174	atmosférico	0	adj	1399	2.199
9175	blur	0	noun	1399	2.199
9176	desagradar	0	verb	1399	2.199
9177	esfriar	0	verb	1399	2.199
9178	socialmente	0	adv	1399	2.199
9179	acatar	0	verb	1398	2.197
9180	pradaria	0	noun	1398	2.197
9181	emissor	0	noun	1397	2.196
9182	manobrar	0	verb	1397	2.196
9183	narrativa	0	noun	1397	2.196
9184	zen	0	adj	1397	2.196
9185	baby-sitter	0	noun	1396	2.194
9186	expulsão	0	noun	1396	2.194
9187	notificação	0	noun	1396	2.194
9188	transtornar	0	verb	1395	2.193
9189	derby	0	noun	1394	2.191
9190	imperfeito	0	adj	1394	2.191
9191	esplendor	0	noun	1393	2.190
9192	verniz	0	noun	1393	2.190
9193	vulnerabilidade	0	noun	1393	2.190
9194	engenhoca	0	noun	1392	2.188
9195	esfregona	0	noun	1392	2.188
9196	firmemente	0	adv	1392	2.188
9197	holográfico	0	adj	1392	2.188
9198	imunitário	0	adj	1392	2.188
9199	minimamente	0	adv	1392	2.188
9200	pulsar	0	noun	1392	2.188
9201	was	0	noun	1392	2.188
9202	insensato	0	adj	1391	2.186
9203	revoltado	0	adj	1391	2.186
9204	atraiçoar	0	verb	1390	2.185
9205	cateter	0	noun	1390	2.185
9206	interrogação	0	noun	1390	2.185
9207	dióxido	0	noun	1389	2.183
9208	legendar	0	verb	1389	2.183
9209	pétala	0	noun	1389	2.183
9210	salpico	0	noun	1389	2.183
9211	nitrogénio	0	noun	1388	2.182
9212	ternura	0	noun	1388	2.182
9213	antidepressivo	0	noun	1387	2.180
9214	atendeste	0	intj	1387	2.180
9215	chacal	0	noun	1387	2.180
9216	prótese	0	noun	1387	2.180
9217	armação	0	noun	1386	2.179
9218	descalçar	0	verb	1386	2.179
9219	misericordioso	0	noun	1386	2.179
9220	selecionar	0	verb	1386	2.179
9221	devolução	0	noun	1385	2.177
9222	elástico	0	noun	1385	2.177
9223	pró	0	adj	1385	2.177
9224	ténue	0	adj	1385	2.177
9225	uivar	0	verb	1385	2.177
9226	consagrar	0	verb	1384	2.175
9227	explícito	0	adj	1384	2.175
9228	petrolífero	0	adj	1384	2.175
9229	sonâmbulo	0	noun	1384	2.175
9230	desfrute	0	verb	1383	2.174
9231	emblema	0	noun	1383	2.174
9232	puberdade	0	noun	1383	2.174
9233	sangramento	0	noun	1383	2.174
9234	talão	0	noun	1383	2.174
9235	apetitoso	0	adj	1382	2.172
9236	assessor	0	noun	1382	2.172
9237	clavícula	0	noun	1382	2.172
9238	pretensão	0	noun	1382	2.172
9239	sinfonia	0	noun	1382	2.172
9240	íris	0	noun	1382	2.172
9241	corcunda	0	noun	1381	2.171
9242	derramamento	0	noun	1381	2.171
9243	forreta	0	adj	1381	2.171
9244	premonição	0	noun	1381	2.171
9245	agarraa	0	unk	1380	2.169
9246	contradição	0	noun	1380	2.169
9247	detrito	0	noun	1380	2.169
9248	embaraçado	0	adj	1380	2.169
9249	farpar	0	verb	1380	2.169
9250	materno	0	adj	1380	2.169
9251	prestável	0	adj	1380	2.169
9252	vinagre	0	noun	1380	2.169
9253	continuação	0	noun	1379	2.168
9254	répteis	0	noun	1378	2.166
9255	grotesco	0	adj	1377	2.164
9256	hard	0	noun	1377	2.164
9257	incinerar	0	verb	1377	2.164
9258	sublime	0	adj	1377	2.164
9259	insubs	0	noun	1376	2.163
9260	intrigar	0	noun	1376	2.163
9261	mesada	0	noun	1376	2.163
9262	raios-x	0	noun	1376	2.163
9263	visualização	0	noun	1376	2.163
9264	hand	0	noun	1375	2.161
9265	importunar	0	verb	1375	2.161
9266	dia-a-dia	0	noun	1374	2.160
9267	iraquiano	0	noun	1373	2.158
9268	lancha	0	noun	1373	2.158
9269	versus	0	prep	1373	2.158
9270	nadinha	0	noun	1372	2.157
9271	numérico	0	adj	1372	2.157
9272	penetração	0	noun	1372	2.157
9273	temível	0	adj	1372	2.157
9274	transgressão	0	noun	1372	2.157
9275	fodasse	0	intj	1371	2.155
9276	poluir	0	verb	1371	2.155
9277	quadril	0	noun	1371	2.155
9278	loção	0	noun	1370	2.153
9279	operatório	0	adj	1370	2.153
9280	sinistra	0	adj	1370	2.153
9281	hipocrisia	0	noun	1369	2.152
9282	precoce	0	adj	1369	2.152
9283	tensão arterial	1	mwe	1369	2.152
9284	amêijoa	0	noun	1368	2.150
9285	bacia	0	noun	1368	2.150
9286	contorcer	0	verb	1368	2.150
9287	toro	0	noun	1368	2.150
9288	atiraa	0	unk	1367	2.149
9289	gengibre	0	noun	1367	2.149
9290	mail	0	noun	1367	2.149
9291	patrono	0	noun	1367	2.149
9292	projetor	0	noun	1367	2.149
9293	psicótica	0	adj	1366	2.147
9294	roulotte	0	noun	1366	2.147
9295	sérvio	0	noun	1366	2.147
9296	cozinhado	0	noun	1365	2.146
9297	evasão	0	noun	1365	2.146
9298	imoral	0	adj	1365	2.146
9299	estagiária	0	noun	1364	2.144
9300	pendura	0	noun	1364	2.144
9301	nódoas negras	1	mwe	1363	2.142
9302	pager	0	noun	1363	2.142
9303	questionário	0	noun	1363	2.142
9304	hurra	0	noun	1362	2.141
9305	remendar	0	verb	1362	2.141
9306	say	0	unk	1362	2.141
9307	selado	0	adj	1362	2.141
9308	know	0	unk	1361	2.139
9309	lavrador	0	noun	1361	2.139
9310	acertado	0	adj	1360	2.138
9311	collants	0	noun	1360	2.138
9312	guitarrista	0	noun	1360	2.138
9313	propagar	0	verb	1360	2.138
9314	escoteiro	0	noun	1359	2.136
9315	interceção	0	noun	1359	2.136
9316	neblina	0	noun	1359	2.136
9317	divergência	0	noun	1358	2.135
9318	dorido	0	adj	1358	2.135
9319	pomposo	0	adj	1358	2.135
9320	armando	0	noun	1357	2.133
9321	maconha	0	noun	1356	2.131
9322	quilômetros	0	noun	1356	2.131
9323	aniversariante	0	noun	1355	2.130
9324	holandês	0	noun	1355	2.130
9325	nado	0	noun	1355	2.130
9326	pr	0	noun	1355	2.130
9327	virtualmente	0	adv	1355	2.130
9328	relevância	0	noun	1354	2.128
9329	desportista	0	noun	1353	2.127
9330	guerrilheiro	0	noun	1353	2.127
9331	preenchido	0	adj	1353	2.127
9332	replicar	0	verb	1353	2.127
9333	xeque	0	intj	1353	2.127
9334	burrito	0	noun	1352	2.125
9335	encravado	0	adj	1351	2.123
9336	penitência	0	noun	1351	2.123
9337	psicose	0	noun	1351	2.123
9338	servido	0	adj	1351	2.123
9339	respeitosamente	0	adv	1350	2.122
9340	chiclete	0	noun	1349	2.120
9341	contingência	0	noun	1349	2.120
9342	estrutural	0	adj	1349	2.120
9343	gorro	0	noun	1349	2.120
9344	eufemismo	0	noun	1348	2.119
9345	legendas originais	1	mwe	1348	2.119
9346	reembolsar	0	verb	1348	2.119
9347	suscetível	0	adj	1348	2.119
9348	ameaçado	0	adj	1347	2.117
9349	carrada	0	noun	1347	2.117
9350	lóbulo	0	noun	1347	2.117
9351	persistir	0	verb	1347	2.117
9352	rodeo	0	noun	1347	2.117
9353	chat	0	noun	1346	2.116
9354	convenientemente	0	adv	1346	2.116
9355	diesel	0	noun	1346	2.116
9356	tofu	0	noun	1346	2.116
9357	bermudas	0	noun	1345	2.114
9358	cavalinho	0	noun	1345	2.114
9359	cívico	0	adj	1345	2.114
9360	encalhar	0	verb	1345	2.114
9361	especificar	0	verb	1345	2.114
9362	estã	0	intj	1345	2.114
9363	apavorar	0	verb	1344	2.112
9364	consolação	0	noun	1344	2.112
9365	saldar	0	verb	1344	2.112
9366	medicar	0	verb	1343	2.111
9367	bafo	0	noun	1342	2.109
9368	horrivelmente	0	adv	1342	2.109
9369	marujo	0	noun	1342	2.109
9370	ping	0	noun	1342	2.109
9371	túnica	0	noun	1342	2.109
9372	insatisfeito	0	adj	1341	2.108
9373	preservação	0	noun	1341	2.108
9374	trufa	0	noun	1341	2.108
9375	nascente	0	noun	1340	2.106
9376	olfato	0	noun	1340	2.106
9377	formigueiro	0	noun	1339	2.105
9378	gaze	0	noun	1339	2.105
9379	provisório	0	adj	1339	2.105
9380	cabecinha	0	noun	1338	2.103
9381	despacho	0	noun	1338	2.103
9382	apegar	0	verb	1337	2.101
9383	triangular	0	verb	1337	2.101
9384	anticorpo	0	noun	1336	2.100
9385	carona	0	noun	1336	2.100
9386	cerrar	0	verb	1336	2.100
9387	evasivo	0	adj	1336	2.100
9388	mega	0	adj	1336	2.100
9389	asno	0	noun	1335	2.098
9390	assombroso	0	adj	1335	2.098
9391	hiena	0	noun	1335	2.098
9392	inflamar	0	verb	1335	2.098
9393	inovação	0	noun	1335	2.098
9394	lacrosse	0	noun	1335	2.098
9395	testosterona	0	noun	1335	2.098
9396	viragem	0	noun	1335	2.098
9397	antecessor	0	noun	1334	2.097
9398	arame farpado	1	mwe	1334	2.097
9399	cerâmica	0	noun	1333	2.095
9400	divagar	0	verb	1333	2.095
9401	heart	0	noun	1333	2.095
9402	micro-ondas	0	noun	1333	2.095
9403	ponteiro	0	noun	1333	2.095
9404	benéfico	0	adj	1332	2.094
9405	executor	0	noun	1332	2.094
9406	adoravas	0	unk	1331	2.092
9407	australiano	0	noun	1331	2.092
9408	mística	0	adj	1331	2.092
9409	preventivo	0	adj	1331	2.092
9410	efetivo	0	adj	1330	2.090
9411	iraquiano	0	adj	1330	2.090
9412	neurótico	0	adj	1330	2.090
9413	bué	0	noun	1329	2.089
9414	contrabandista	0	adj	1329	2.089
9415	distorção	0	noun	1328	2.087
9416	ebay	0	noun	1328	2.087
9417	montra	0	noun	1328	2.087
9418	moribundo	0	noun	1328	2.087
9419	produtora	0	noun	1328	2.087
9420	racha	0	noun	1328	2.087
9421	ratoeira	0	noun	1328	2.087
9422	solene	0	adj	1328	2.087
9423	concorrente	0	adj	1327	2.086
9424	palavra-chave	0	noun	1327	2.086
9425	refinaria	0	noun	1327	2.086
9426	acompanhamento	0	noun	1326	2.084
9427	anonimato	0	noun	1326	2.084
9428	colhões	0	noun	1326	2.084
9429	puxo	0	noun	1326	2.084
9430	retrair	0	verb	1326	2.084
9431	secador	0	noun	1326	2.084
9432	superioridade	0	noun	1326	2.084
9433	vigília	0	noun	1326	2.084
9434	amada	0	noun	1325	2.083
9435	cobardolas	0	noun	1325	2.083
9436	auditivo	0	adj	1324	2.081
9437	botija	0	noun	1324	2.081
9438	chibo	0	noun	1324	2.081
9439	multimilionário	0	adj	1324	2.081
9440	junção	0	noun	1323	2.079
9441	limusine	0	noun	1323	2.079
9442	monarca	0	noun	1323	2.079
9443	tendão	0	noun	1323	2.079
9444	viajem	0	noun	1323	2.079
9445	concerteza	0	noun	1322	2.078
9446	experimento	0	noun	1322	2.078
9447	intimidação	0	noun	1322	2.078
9448	macaquinho	0	noun	1322	2.078
9449	pediatra	0	noun	1322	2.078
9450	saciar	0	verb	1322	2.078
9451	unânime	0	adj	1322	2.078
9452	vice-rei	0	noun	1322	2.078
9453	inchado	0	adj	1321	2.076
9454	reconciliação	0	noun	1321	2.076
9455	vagar	0	verb	1321	2.076
9456	atualizado	0	verb	1320	2.075
9457	propina	0	noun	1320	2.075
9458	queima-roupa	0	noun	1320	2.075
9459	sírio	0	noun	1320	2.075
9460	vudu	0	noun	1320	2.075
9461	desconfiança	0	noun	1319	2.073
9462	ferro-velho	0	noun	1319	2.073
9463	infortúnio	0	noun	1319	2.073
9464	ateu	0	noun	1318	2.072
9465	camuflar	0	verb	1318	2.072
9466	comprimir	0	verb	1318	2.072
9467	entusiasta	0	adj	1318	2.072
9468	hola	0	noun	1318	2.072
9469	rumar	0	verb	1318	2.072
9470	cacau	0	noun	1317	2.070
9471	danos colaterais	1	mwe	1317	2.070
9472	escaravelho	0	noun	1317	2.070
9473	frx	0	noun	1317	2.070
9474	incursão	0	noun	1317	2.070
9475	remarcar	0	verb	1317	2.070
9476	virtuoso	0	adj	1317	2.070
9477	budista	0	adj	1316	2.068
9478	caráter	0	noun	1316	2.068
9479	cuspo	0	noun	1316	2.068
9480	engrenagem	0	noun	1316	2.068
9481	indisposto	0	adj	1316	2.068
9482	rajada	0	noun	1316	2.068
9483	eletrocutar	0	verb	1315	2.067
9484	estirpe	0	noun	1315	2.067
9485	preceder	0	verb	1315	2.067
9486	prostituto	0	noun	1315	2.067
9487	apóstolo	0	noun	1314	2.065
9488	crepúsculo	0	noun	1314	2.065
9489	marada	0	verb	1314	2.065
9490	cidadã	0	noun	1312	2.062
9491	degolar	0	verb	1312	2.062
9492	embuste	0	noun	1312	2.062
9493	espirituoso	0	adj	1312	2.062
9494	modéstia	0	noun	1312	2.062
9495	rapagão	0	noun	1312	2.062
9496	remontar	0	verb	1312	2.062
9497	severamente	0	adv	1312	2.062
9498	soul	0	noun	1312	2.062
9499	emagrecer	0	verb	1311	2.061
9500	expediente	0	noun	1311	2.061
9501	blindado	0	noun	1310	2.059
9502	literal	0	adj	1310	2.059
9503	amplificador	0	noun	1309	2.057
9504	cupido	0	noun	1309	2.057
9505	desamparar	0	verb	1309	2.057
9506	legislação	0	noun	1309	2.057
9507	oferecida	0	noun	1309	2.057
9508	retardado	0	noun	1309	2.057
9509	ball	0	noun	1308	2.056
9510	caneco	0	noun	1308	2.056
9511	salientar	0	verb	1308	2.056
9512	contaminado	0	adj	1307	2.054
9513	desembarque	0	noun	1307	2.054
9514	artrite	0	noun	1306	2.053
9515	corretar	0	adj	1306	2.053
9516	estandarte	0	noun	1306	2.053
9517	festinha	0	noun	1306	2.053
9518	abade	0	noun	1305	2.051
9519	aorta	0	noun	1305	2.051
9520	comestível	0	adj	1305	2.051
9521	monsenhor	0	noun	1305	2.051
9522	desarmado	0	adj	1304	2.050
9523	disfunção	0	noun	1304	2.050
9524	fascista	0	noun	1304	2.050
9525	fictício	0	adj	1304	2.050
9526	olhinho	0	noun	1304	2.050
9527	boda	0	noun	1303	2.048
9528	estaca zero	1	mwe	1303	2.048
9529	apanhada	0	noun	1302	2.046
9530	cockpit	0	noun	1302	2.046
9531	hemorragia interna	1	mwe	1302	2.046
9532	ilícito	0	adj	1302	2.046
9533	insinuação	0	noun	1302	2.046
9534	serrar	0	verb	1302	2.046
9535	deck	0	noun	1301	2.045
9536	descarrilar	0	noun	1301	2.045
9537	feminista	0	adj	1301	2.045
9538	laia	0	noun	1301	2.045
9539	merdosa	0	adj	1301	2.045
9540	mutilação	0	noun	1301	2.045
9541	varão	0	noun	1301	2.045
9542	caixinha	0	noun	1300	2.043
9543	cher	0	unk	1300	2.043
9544	decadência	0	noun	1300	2.043
9545	degenerar	0	verb	1300	2.043
9546	arranha-céus	0	noun	1299	2.042
9547	manager	0	noun	1299	2.042
9548	polar	0	noun	1299	2.042
9549	imparcial	0	adj	1298	2.040
9550	alçapão	0	noun	1297	2.039
9551	cifra	0	noun	1297	2.039
9552	comodoro	0	adj	1297	2.039
9553	espiã	0	noun	1297	2.039
9554	idoso	0	adj	1297	2.039
9555	padeiro	0	noun	1297	2.039
9556	recair	0	verb	1297	2.039
9557	indispensável	0	adj	1296	2.037
9558	robótica	0	noun	1296	2.037
9559	salina	0	noun	1296	2.037
9560	conserto	0	noun	1295	2.035
9561	voadora	0	noun	1295	2.035
9562	injustamente	0	adv	1294	2.034
9563	destacado	0	verb	1293	2.032
9564	déjà	0	noun	1293	2.032
9565	resmungar	0	verb	1293	2.032
9566	descascar	0	verb	1292	2.031
9567	repercussão	0	noun	1292	2.031
9568	sina	0	noun	1292	2.031
9569	urgentemente	0	adv	1292	2.031
9570	afiado	0	adj	1291	2.029
9571	caldo	0	noun	1291	2.029
9572	desodorizante	0	noun	1291	2.029
9573	dispendioso	0	adj	1291	2.029
9574	ecológico	0	adj	1291	2.029
9575	suspense	0	noun	1291	2.029
9576	usual	0	adj	1291	2.029
9577	ânus	0	noun	1291	2.029
9578	amnistia	0	noun	1290	2.028
9579	paternal	0	adj	1290	2.028
9580	patriótico	0	adj	1290	2.028
9581	cesariana	0	noun	1289	2.026
9582	condor	0	noun	1289	2.026
9583	heh	0	intj	1289	2.026
9584	indefinidamente	0	adv	1289	2.026
9585	lazer	0	noun	1289	2.026
9586	provação	0	noun	1289	2.026
9587	stick	0	noun	1289	2.026
9588	conquistador	0	noun	1288	2.024
9589	retina	0	noun	1288	2.024
9590	bypass	0	noun	1287	2.023
9591	cachorro-quente	0	noun	1286	2.021
9592	cântico	0	noun	1286	2.021
9593	free	0	noun	1286	2.021
9594	look	0	unk	1286	2.021
9595	pirataria	0	noun	1285	2.020
9596	caldeirão	0	noun	1284	2.018
9597	espartano	0	adj	1284	2.018
9598	financeiramente	0	adv	1284	2.018
9599	impensável	0	noun	1284	2.018
9600	meteorológico	0	adj	1284	2.018
9601	barrar	0	verb	1283	2.017
9602	camareiro	0	noun	1283	2.017
9603	caserna	0	noun	1283	2.017
9604	checar	0	verb	1283	2.017
9605	controvérsia	0	noun	1283	2.017
9606	encruzilhada	0	noun	1283	2.017
9607	bla	0	intj	1282	2.015
9608	demo	0	noun	1282	2.015
9609	errante	0	adj	1282	2.015
9610	intestinal	0	adj	1282	2.015
9611	limpinho	0	adj	1282	2.015
9612	clérigo	0	noun	1281	2.013
9613	engendrar	0	verb	1281	2.013
9614	prezar	0	verb	1281	2.013
9615	reclusa	0	noun	1281	2.013
9616	talibãs	0	noun	1281	2.013
9617	ápice	0	noun	1281	2.013
9618	odiado	0	adj	1280	2.012
9619	redes sociais	1	mwe	1280	2.012
9620	ferrugem	0	noun	1279	2.010
9621	residencial	0	adj	1279	2.010
9622	sintonizar	0	verb	1279	2.010
9623	sync	0	noun	1279	2.010
9624	ajudaa	0	unk	1278	2.009
9625	chihuahua	0	noun	1278	2.009
9626	exaustivo	0	adj	1276	2.006
9627	exportação	0	noun	1276	2.006
9628	proibição	0	noun	1276	2.006
9629	astral	0	adj	1275	2.004
9630	conversão	0	noun	1275	2.004
9631	moer	0	verb	1274	2.002
9632	oprimir	0	verb	1274	2.002
9633	pastel	0	noun	1274	2.002
9634	reciclagem	0	noun	1274	2.002
9635	simulador	0	noun	1274	2.002
9636	xau	0	intj	1274	2.002
9637	coligação	0	noun	1273	2.001
9638	despachado	0	adj	1273	2.001
9639	humildemente	0	adv	1273	2.001
9640	incondicional	0	adj	1273	2.001
9641	concluído	0	adj	1272	1.999
9642	fluído	0	noun	1272	1.999
9643	intensamente	0	adv	1272	1.999
9644	levantado	0	adj	1272	1.999
9645	limiar	0	noun	1272	1.999
9646	mulherengo	0	noun	1272	1.999
9647	pingo	0	noun	1272	1.999
9648	teatral	0	adj	1272	1.999
9649	dominó	0	noun	1271	1.998
9650	gótico	0	adj	1271	1.998
9651	pitada	0	noun	1271	1.998
9652	acionar	0	verb	1270	1.996
9653	crucifixo	0	noun	1270	1.996
9654	hipotético	0	adj	1270	1.996
9655	dócil	0	adj	1269	1.995
9656	maternal	0	adj	1269	1.995
9657	peregrinação	0	noun	1269	1.995
9658	adequadamente	0	adv	1268	1.993
9659	cobrança	0	noun	1268	1.993
9660	doi	0	intj	1268	1.993
9661	espadachim	0	noun	1268	1.993
9662	gradualmente	0	adv	1268	1.993
9663	inspetora	0	noun	1268	1.993
9664	zelar	0	verb	1268	1.993
9665	amolecer	0	verb	1267	1.991
9666	apartar	0	verb	1267	1.991
9667	cronómetro	0	noun	1267	1.991
9668	cultivo	0	noun	1267	1.991
9669	célebre	0	adj	1267	1.991
9670	nunotr	0	noun	1267	1.991
9671	néctar	0	noun	1267	1.991
9672	queridinho	0	adj	1267	1.991
9673	audácia	0	noun	1266	1.990
9674	briefing	0	noun	1266	1.990
9675	tecer	0	verb	1266	1.990
9676	disquete	0	noun	1265	1.988
9677	fogo-de-artifício	0	noun	1265	1.988
9678	hipopótamo	0	noun	1265	1.988
9679	impingir	0	verb	1265	1.988
9680	odeioa	0	noun	1265	1.988
9681	autoclismo	0	noun	1264	1.987
9682	cronometrar	0	verb	1264	1.987
9683	doa	0	noun	1264	1.987
9684	estudioso	0	noun	1264	1.987
9685	seção	0	noun	1264	1.987
9686	traumatizado	0	adj	1264	1.987
9687	desolar	0	verb	1263	1.985
9688	encalço	0	noun	1263	1.985
9689	exibicionista	0	adj	1263	1.985
9690	latitude	0	noun	1263	1.985
9691	restauração	0	noun	1263	1.985
9692	conclusivo	0	adj	1261	1.982
9693	cálcio	0	noun	1261	1.982
9694	entristecer	0	verb	1261	1.982
9695	pálpebra	0	noun	1261	1.982
9696	autodestruição	0	noun	1260	1.980
9697	recapitular	0	verb	1260	1.980
9698	silicone	0	noun	1260	1.980
9699	variado	0	adj	1260	1.980
9700	bugiganga	0	noun	1259	1.979
9701	hepático	0	adj	1259	1.979
9702	resort	0	noun	1259	1.979
9703	cidadania	0	noun	1258	1.977
9704	desmaio	0	noun	1258	1.977
9705	farrapo	0	noun	1258	1.977
9706	metano	0	noun	1258	1.977
9707	meteorologia	0	noun	1258	1.977
9708	pertinente	0	adj	1258	1.977
9709	suplente	0	adj	1258	1.977
9710	subtileza	0	noun	1257	1.976
9711	capitalismo	0	noun	1256	1.974
9712	contraste	0	noun	1256	1.974
9713	raso	0	adj	1256	1.974
9714	teletransporte	0	noun	1256	1.974
9715	atlético	0	adj	1255	1.973
9716	daninho	0	adj	1255	1.973
9717	decadente	0	adj	1255	1.973
9718	desprevenir	0	verb	1255	1.973
9719	dormias	0	noun	1255	1.973
9720	yin	0	noun	1255	1.973
9721	box	0	noun	1254	1.971
9722	encarcerar	0	verb	1254	1.971
9723	ficheiros secretos	1	mwe	1254	1.971
9724	tornar-se-á	0	unk	1254	1.971
9725	vigarice	0	noun	1254	1.971
9726	vínculo	0	noun	1254	1.971
9727	holofote	0	noun	1253	1.969
9728	pontiagudo	0	adj	1253	1.969
9729	cinta	0	noun	1252	1.968
9730	emocionar	0	verb	1252	1.968
9731	encharcar	0	verb	1252	1.968
9732	miudinha	0	noun	1252	1.968
9733	étnico	0	adj	1252	1.968
9734	carente	0	adj	1251	1.966
9735	quarteto	0	noun	1251	1.966
9736	mandeia	0	noun	1250	1.965
9737	golf	0	noun	1249	1.963
9738	slide	0	noun	1249	1.963
9739	castrar	0	verb	1248	1.962
9740	metea	0	unk	1248	1.962
9741	oleoduto	0	noun	1248	1.962
9742	sulista	0	adj	1248	1.962
9743	cibernético	0	adj	1247	1.960
9744	coreano	0	noun	1247	1.960
9745	framboesa	0	noun	1247	1.960
9746	variável	0	adj	1247	1.960
9747	azedo	0	adj	1246	1.958
9748	barbearia	0	noun	1246	1.958
9749	pavão	0	noun	1246	1.958
9750	talher	0	verb	1246	1.958
9751	alvorada	0	noun	1245	1.957
9752	conheciaa	0	unk	1245	1.957
9753	contrabandista	0	noun	1245	1.957
9754	desinfetar	0	verb	1245	1.957
9755	tournée	0	noun	1245	1.957
9756	excremento	0	noun	1244	1.955
9757	metropolitana	0	noun	1244	1.955
9758	rivalidade	0	noun	1244	1.955
9759	adoração	0	noun	1243	1.954
9760	babá	0	noun	1243	1.954
9761	doo	0	noun	1242	1.952
9762	coreografia	0	noun	1241	1.951
9763	desmanchar	0	verb	1240	1.949
9764	cacete	0	noun	1239	1.947
9765	domesticar	0	verb	1239	1.947
9766	estrangulamento	0	noun	1239	1.947
9767	segredinho	0	noun	1239	1.947
9768	sinistro	0	adj	1239	1.947
9769	atrativo	0	adj	1238	1.946
9770	inquisição	0	noun	1238	1.946
9771	vandalismo	0	noun	1238	1.946
9772	drogou	0	verb	1237	1.944
9773	inteligência artificial	1	mwe	1237	1.944
9774	envenenado	0	adj	1236	1.943
9775	façanha	0	noun	1236	1.943
9776	vangloriar	0	verb	1236	1.943
9777	orifício	0	noun	1235	1.941
9778	salteador	0	noun	1235	1.941
9779	benfeitor	0	noun	1234	1.940
9780	degradar	0	verb	1234	1.940
9781	vulcânico	0	adj	1234	1.940
9782	cristiano	0	adj	1233	1.938
9783	hackear	0	verb	1233	1.938
9784	touché	0	noun	1233	1.938
9785	embaixadora	0	noun	1232	1.936
9786	indisponível	0	adj	1232	1.936
9787	peida	0	noun	1232	1.936
9788	fraturar	0	adj	1231	1.935
9789	rasgado	0	verb	1231	1.935
9790	see	0	noun	1231	1.935
9791	estatura	0	noun	1230	1.933
9792	esventrar	0	verb	1230	1.933
9793	liberal	0	noun	1230	1.933
9794	submissão	0	noun	1230	1.933
9795	temido	0	adj	1230	1.933
9796	crazy	0	noun	1229	1.932
9797	fora-da-lei	0	noun	1229	1.932
9798	familiarizar	0	verb	1228	1.930
9799	heresia	0	noun	1228	1.930
9800	morto-vivo	0	noun	1228	1.930
9801	musculado	0	adj	1228	1.930
9802	nicotina	0	noun	1228	1.930
9803	sósia	0	noun	1228	1.930
9804	ursa	0	noun	1228	1.930
9805	guardiã	0	noun	1227	1.929
9806	imbatível	0	adj	1227	1.929
9807	prognóstico	0	noun	1227	1.929
9808	classificado	0	verb	1226	1.927
9809	acrobacia	0	noun	1225	1.925
9810	constatar	0	verb	1225	1.925
9811	idosa	0	noun	1225	1.925
9812	persiana	0	noun	1225	1.925
9813	afixar	0	verb	1224	1.924
9814	atraído	0	adj	1224	1.924
9815	dialeto	0	noun	1224	1.924
9816	fraturar	0	verb	1224	1.924
9817	nebulosa	0	noun	1224	1.924
9818	reality	0	noun	1224	1.924
9819	tlfonseca	0	noun	1224	1.924
9820	descendência	0	noun	1223	1.922
9821	formosa	0	noun	1223	1.922
9822	tulipa	0	noun	1223	1.922
9823	valsa	0	noun	1222	1.921
9824	foxtrot	0	noun	1221	1.919
9825	lenhador	0	noun	1221	1.919
9826	maquilhar	0	verb	1221	1.919
9827	maquinista	0	noun	1221	1.919
9828	tenebroso	0	adj	1221	1.919
9829	buenos aires	1	mwe	1220	1.918
9830	carótida	0	noun	1220	1.918
9831	ditadura	0	noun	1220	1.918
9832	farmacêutico	0	adj	1219	1.916
9833	filhinho	0	noun	1219	1.916
9834	hop	0	adj	1219	1.916
9835	mão-de-obra	0	noun	1219	1.916
9836	vetor	0	noun	1219	1.916
9837	embeber	0	verb	1218	1.914
9838	massajar	0	verb	1218	1.914
9839	auditório	0	noun	1217	1.913
9840	chalé	0	noun	1217	1.913
9841	contemporâneo	0	adj	1217	1.913
9842	desafiador	0	adj	1217	1.913
9843	menininha	0	noun	1217	1.913
9844	persuasão	0	noun	1217	1.913
9845	violentamente	0	adv	1217	1.913
9846	colossal	0	adj	1216	1.911
9847	irreal	0	adj	1216	1.911
9848	mamada	0	noun	1216	1.911
9849	aristocrata	0	noun	1215	1.910
9850	fissura	0	noun	1215	1.910
9851	limbo	0	noun	1215	1.910
9852	misteriosamente	0	adv	1215	1.910
9853	pensador	0	noun	1215	1.910
9854	pré-nupcial	0	adj	1215	1.910
9855	trocaste	0	noun	1215	1.910
9856	yuan	0	noun	1215	1.910
9857	espessura	0	noun	1214	1.908
9858	saiste	0	verb	1213	1.907
9859	thunder	0	noun	1213	1.907
9860	desapertar	0	verb	1212	1.905
9861	martelar	0	verb	1212	1.905
9862	montão	0	noun	1212	1.905
9863	socorrer	0	verb	1212	1.905
9864	mídia	0	noun	1211	1.903
9865	pizzaria	0	noun	1211	1.903
9866	questionável	0	adj	1211	1.903
9867	saltaste	0	intj	1211	1.903
9868	vaporizar	0	verb	1211	1.903
9869	vislumbre	0	noun	1211	1.903
9870	abundante	0	adj	1210	1.902
9871	magnitude	0	noun	1210	1.902
9872	remodelação	0	noun	1210	1.902
9873	tático	0	adj	1210	1.902
9874	bloco operatório	1	mwe	1209	1.900
9875	escalpe	0	noun	1209	1.900
9876	pâncreas	0	noun	1209	1.900
9877	reavaliar	0	verb	1209	1.900
9878	suco	0	noun	1209	1.900
9879	gonna	0	unk	1208	1.899
9880	lost	0	noun	1208	1.899
9881	mísero	0	adj	1208	1.899
9882	remessa	0	noun	1208	1.899
9883	shot	0	unk	1208	1.899
9884	signo	0	noun	1208	1.899
9885	apanhoua	0	noun	1207	1.897
9886	assente	0	adj	1207	1.897
9887	clamar	0	verb	1207	1.897
9888	equívoco	0	noun	1207	1.897
9889	fémur	0	noun	1207	1.897
9890	narina	0	noun	1206	1.896
9891	reformular	0	verb	1206	1.896
9892	temperar	0	verb	1206	1.896
9893	adivinho	0	adj	1205	1.894
9894	coordenação	0	noun	1205	1.894
9895	exaustão	0	noun	1205	1.894
9896	fumador	0	adj	1205	1.894
9897	cómico	0	noun	1204	1.892
9898	frade	0	noun	1204	1.892
9899	projetado	0	verb	1204	1.892
9900	tranquilamente	0	adv	1204	1.892
9901	acesa	0	noun	1203	1.891
9902	corroer	0	verb	1203	1.891
9903	patriotismo	0	noun	1203	1.891
9904	falsificador	0	noun	1202	1.889
9905	ironicamente	0	adv	1202	1.889
9906	paulacoelho	0	noun	1202	1.889
9907	prestígio	0	noun	1202	1.889
9908	acobardar	0	verb	1201	1.888
9909	anteontem	0	adv	1201	1.888
9910	complexidade	0	noun	1201	1.888
9911	trocadilho	0	noun	1201	1.888
9912	hidráulico	0	adj	1200	1.886
9913	inibidor	0	noun	1200	1.886
9914	roteiro	0	noun	1200	1.886
9915	piroso	0	adj	1199	1.885
9916	micróbio	0	noun	1198	1.883
9917	curto prazo	1	mwe	1197	1.881
9918	educadamente	0	adv	1197	1.881
9919	malvada	0	noun	1197	1.881
9920	místico	0	adj	1197	1.881
9921	portagem	0	noun	1197	1.881
9922	arpão	0	noun	1196	1.880
9923	conspirador	0	noun	1195	1.878
9924	desfilar	0	verb	1195	1.878
9925	dilatar	0	verb	1195	1.878
9926	estranhar	0	verb	1194	1.877
9927	muggles	0	noun	1194	1.877
9928	sunrising	0	noun	1194	1.877
9929	colegial	0	noun	1193	1.875
9930	logótipo	0	noun	1193	1.875
9931	perplexo	0	adj	1193	1.875
9932	tampouco	0	adv	1193	1.875
9933	vaginal	0	adj	1193	1.875
9934	cancelado	0	adj	1192	1.874
9935	cognitivo	0	adj	1192	1.874
9936	criminalidade	0	noun	1192	1.874
9937	dumas	0	noun	1192	1.874
9938	escapatória	0	noun	1192	1.874
9939	locomotiva	0	noun	1192	1.874
9940	soalho	0	noun	1192	1.874
9941	vegetação	0	noun	1192	1.874
9942	competidor	0	noun	1191	1.872
9943	patrocínio	0	noun	1191	1.872
9944	remem	0	intj	1191	1.872
9945	voltagem	0	noun	1191	1.872
9946	amontoar	0	verb	1190	1.870
9947	congelado	0	noun	1190	1.870
9948	foragido	0	verb	1190	1.870
9949	ultimato	0	noun	1190	1.870
9950	autoridades locais	1	mwe	1189	1.869
9951	coxo	0	noun	1189	1.869
9952	nutriente	0	noun	1189	1.869
9953	bacalhau	0	noun	1188	1.867
9954	cirurgia plástica	1	mwe	1188	1.867
9955	cruz vermelha	1	mwe	1188	1.867
9956	ferroviário	0	adj	1188	1.867
9957	maldoso	0	adj	1188	1.867
9958	rasteira	0	noun	1188	1.867
9959	girassol	0	noun	1187	1.866
9960	rabi	0	noun	1186	1.864
9961	adentro	0	adv	1185	1.863
9962	fármaco	0	noun	1185	1.863
9963	acasalamento	0	noun	1184	1.861
9964	consenso	0	noun	1184	1.861
9965	mediano	0	adj	1184	1.861
9966	palmeira	0	noun	1184	1.861
9967	vodca	0	noun	1184	1.861
9968	doutrina	0	noun	1183	1.859
9969	genital	0	adj	1183	1.859
9970	rimar	0	verb	1183	1.859
9971	arromba	0	noun	1182	1.858
9972	patologia	0	noun	1182	1.858
9973	pessimamente	0	adv	1181	1.856
9974	profanar	0	verb	1181	1.856
9975	silenciador	0	noun	1181	1.856
9976	revestimento	0	noun	1180	1.855
9977	textura	0	noun	1180	1.855
9978	bugiar	0	verb	1179	1.853
9979	empatado	0	adj	1179	1.853
9980	estabilizador	0	noun	1179	1.853
9981	santinho	0	noun	1179	1.853
9982	entusiasmante	0	adj	1178	1.852
9983	fixação	0	noun	1178	1.852
9984	spot	0	noun	1178	1.852
9985	tempinho	0	noun	1178	1.852
9986	adepto	0	noun	1177	1.850
9987	auricular	0	noun	1177	1.850
9988	chapada	0	noun	1177	1.850
9989	coveiro	0	noun	1177	1.850
9990	pacóvio	0	noun	1177	1.850
9991	sujeira	0	noun	1177	1.850
9992	best	0	unk	1176	1.848
9993	eficácia	0	noun	1176	1.848
9994	let	0	unk	1176	1.848
9995	registador	0	adj	1176	1.848
9996	there	0	noun	1176	1.848
9997	addic	0	unk	1175	1.847
9998	amplificar	0	verb	1175	1.847
9999	cachorros quentes	1	mwe	1175	1.847
10000	cantiga	0	noun	1174	1.845
