rank,lemma,is_mwe,pos_guess,raw_freq,freq_per_million
5001,ingrediente,0,adj,5081,8.144
5002,definição,0,noun,5080,8.142
5003,porno,0,noun,5080,8.142
5004,altar,0,verb,5078,8.139
5005,concorrer,0,verb,5078,8.139
5006,disputar,0,verb,5076,8.136
5007,chef,0,unk,5070,8.126
5008,cigano,0,adj,5070,8.126
5009,deduzir,0,verb,5069,8.125
5010,honestidade,0,noun,5069,8.125
5011,indefeso,0,unk,5066,8.120
5012,gaiola,0,noun,5059,8.109
5013,desfeito,0,noun,5058,8.107
5014,reconsiderar,0,verb,5058,8.107
5015,ponto final,1,mwe,5056,8.104
5016,anual,0,adj,5055,8.102
5017,iate,0,unk,5053,8.099
5018,recomendação,0,noun,5051,8.096
5019,concreto,0,noun,5045,8.086
5020,cultivar,0,verb,5040,8.078
5021,furar,0,verb,5040,8.078
5022,thor,0,unk,5040,8.078
5023,monitorizar,0,verb,5036,8.072
5024,válido,0,noun,5035,8.070
5025,esplêndido,0,noun,5034,8.068
5026,deu-te,0,unk,5030,8.062
5027,bébé,0,unk,5028,8.059
5028,hudson,0,unk,5023,8.051
5029,terramoto,0,noun,5021,8.048
5030,política,0,adj,5020,8.046
5031,rodado,0,noun,5018,8.043
5032,patente,0,adj,5015,8.038
5033,flechar,0,verb,5014,8.036
5034,formal,0,adj,5013,8.035
5035,insecto,0,noun,5009,8.028
5036,restrito,0,noun,5008,8.027
5037,isolado,0,noun,5007,8.025
5038,claque,0,unk,5006,8.024
5039,veterinário,0,noun,5006,8.024
5040,feriado,0,noun,5005,8.022
5041,escotilha,0,noun,5004,8.020
5042,aleatório,0,noun,5003,8.019
5043,enervar,0,verb,5002,8.017
5044,cortina,0,adj,5000,8.014
5045,nasa,0,noun,5000,8.014
5046,artilharia,0,noun,4994,8.004
5047,marijuana,0,adj,4993,8.003
5048,desobedecer,0,verb,4991,8.000
5049,ooh,0,unk,4991,8.000
5050,cenoura,0,noun,4989,7.996
5051,congelado,0,noun,4989,7.996
5052,manda,0,noun,4987,7.993
5053,morango,0,noun,4986,7.992
5054,dvd,0,unk,4985,7.990
5055,irlanda,0,noun,4981,7.984
5056,facebook,0,unk,4977,7.977
5057,indicação,0,noun,4976,7.975
5058,húmido,0,noun,4970,7.966
5059,precipitar,0,verb,4966,7.959
5060,endireitar,0,verb,4965,7.958
5061,pontaria,0,noun,4961,7.951
5062,fêmeo,0,noun,4959,7.948
5063,bernard,0,unk,4956,7.943
5064,moore,0,unk,4955,7.942
5065,poeira,0,noun,4951,7.935
5066,frankenstein,0,unk,4947,7.929
5067,providenciar,0,verb,4947,7.929
5068,amo-a,0,unk,4943,7.923
5069,corrido,0,noun,4936,7.911
5070,virtude,0,noun,4936,7.911
5071,revelação,0,noun,4933,7.907
5072,sinistro,0,noun,4933,7.907
5073,urinar,0,verb,4932,7.905
5074,asneira,0,noun,4929,7.900
5075,atalho,0,noun,4927,7.897
5076,interruptor,0,unk,4925,7.894
5077,passatempo,0,noun,4924,7.892
5078,jipe,0,unk,4920,7.886
5079,sandra,0,noun,4920,7.886
5080,coro,0,noun,4919,7.884
5081,estadual,0,adj,4917,7.881
5082,trégua,0,noun,4917,7.881
5083,marcel,0,adj,4916,7.879
5084,legalmente,0,adv,4915,7.878
5085,telegrama,0,noun,4911,7.871
5086,tóquio,0,noun,4911,7.871
5087,farmácia,0,noun,4907,7.865
5088,fiz-te,0,unk,4907,7.865
5089,serra,0,noun,4905,7.862
5090,vitimar,0,verb,4899,7.852
5091,corrupção,0,noun,4896,7.847
5092,sonda,0,noun,4896,7.847
5093,confirmado,0,noun,4895,7.846
5094,táctica,0,adj,4893,7.842
5095,piquenique,0,unk,4892,7.841
5096,preparação,0,noun,4892,7.841
5097,vasto,0,noun,4890,7.838
5098,ir-me,0,unk,4889,7.836
5099,iludir,0,verb,4888,7.834
5100,causado,0,noun,4887,7.833
5101,milionário,0,noun,4885,7.830
5102,aceitável,0,adj,4882,7.825
5103,exacta,0,noun,4877,7.817
5104,improvisar,0,verb,4877,7.817
5105,relativamente,0,adv,4877,7.817
5106,remar,0,verb,4874,7.812
5107,corno,0,noun,4872,7.809
5108,afectar,0,verb,4870,7.806
5109,carvão,0,noun,4869,7.804
5110,foi-me,0,unk,4868,7.802
5111,cimo,0,noun,4865,7.798
5112,estagiário,0,noun,4865,7.798
5113,holandês,0,adj,4862,7.793
5114,grão,0,noun,4861,7.791
5115,picante,0,unk,4861,7.791
5116,shakespeare,0,unk,4857,7.785
5117,dar-vos,0,unk,4856,7.783
5118,està,0,unk,4856,7.783
5119,intrometer,0,verb,4849,7.772
5120,lareiro,0,noun,4849,7.772
5121,horizonte,0,unk,4846,7.767
5122,mantimentos,0,unk,4845,7.766
5123,simpatia,0,noun,4845,7.766
5124,conspirar,0,verb,4841,7.759
5125,genuíno,0,unk,4841,7.759
5126,vegetariano,0,adj,4840,7.758
5127,all,0,unk,4839,7.756
5128,escuteiro,0,noun,4839,7.756
5129,sogro,0,noun,4838,7.754
5130,tambor,0,unk,4837,7.753
5131,mobília,0,noun,4836,7.751
5132,vencido,0,noun,4835,7.749
5133,antecedente,0,adj,4833,7.746
5134,ausente,0,adj,4829,7.740
5135,actuação,0,noun,4828,7.738
5136,cadete,0,unk,4826,7.735
5137,boris,0,unk,4824,7.732
5138,obcecado,0,noun,4817,7.721
5139,pintor,0,unk,4817,7.721
5140,apocalipse,0,unk,4816,7.719
5141,perturbador,0,noun,4814,7.716
5142,condicionar,0,verb,4812,7.713
5143,qualificar,0,verb,4807,7.705
5144,pateta,0,noun,4805,7.701
5145,semestre,0,unk,4802,7.697
5146,eléctrico,0,adj,4801,7.695
5147,raposar,0,verb,4801,7.695
5148,concorrente,0,adj,4799,7.692
5149,acumular,0,verb,4795,7.685
5150,chantagear,0,verb,4795,7.685
5151,auto,0,noun,4792,7.681
5152,merdoso,0,adj,4792,7.681
5153,paranóico,0,adj,4792,7.681
5154,dispersar,0,verb,4788,7.674
5155,ignorante,0,unk,4787,7.673
5156,compartimento,0,noun,4786,7.671
5157,artefacto,0,noun,4785,7.669
5158,fachada,0,noun,4785,7.669
5159,severo,0,noun,4784,7.668
5160,caluda,0,noun,4778,7.658
5161,arnold,0,unk,4777,7.657
5162,reportagem,0,noun,4774,7.652
5163,calendário,0,noun,4772,7.649
5164,lotaria,0,noun,4770,7.645
5165,dói-me,0,unk,4769,7.644
5166,ressacar,0,verb,4769,7.644
5167,del,0,adj,4766,7.639
5168,girl,0,unk,4765,7.637
5169,mérito,0,noun,4765,7.637
5170,indício,0,noun,4764,7.636
5171,racional,0,adj,4760,7.629
5172,minúsculo,0,noun,4759,7.628
5173,satanás,0,unk,4755,7.621
5174,rum,0,unk,4754,7.620
5175,gorila,0,noun,4752,7.616
5176,paradeiro,0,noun,4751,7.615
5177,desligado,0,noun,4748,7.610
5178,venenoso,0,adj,4746,7.607
5179,significativo,0,noun,4743,7.602
5180,falir,0,verb,4741,7.599
5181,americana,0,adj,4736,7.591
5182,impecável,0,adj,4733,7.586
5183,orgânico,0,adj,4732,7.584
5184,hilariante,0,unk,4731,7.583
5185,longa,0,noun,4730,7.581
5186,recolha,0,noun,4730,7.581
5187,outrora,0,noun,4729,7.580
5188,antiguidade,0,noun,4728,7.578
5189,caderno,0,noun,4728,7.578
5190,concebido,0,noun,4727,7.576
5191,is,0,unk,4727,7.576
5192,representação,0,noun,4727,7.576
5193,aplaudir,0,verb,4725,7.573
5194,banquete,0,unk,4725,7.573
5195,sumir,0,verb,4725,7.573
5196,neutralizar,0,verb,4724,7.572
5197,samurai,0,unk,4724,7.572
5198,acidentalmente,0,adv,4722,7.568
5199,objectivos,0,unk,4718,7.562
5200,desprezar,0,verb,4717,7.560
5201,actores,0,unk,4716,7.559
5202,mercedes,0,unk,4715,7.557
5203,somar,0,verb,4715,7.557
5204,armadilha,0,noun,4714,7.556
5205,detectar,0,verb,4712,7.552
5206,arrependimento,0,noun,4711,7.551
5207,exercer,0,verb,4711,7.551
5208,sob custódia,1,mwe,4710,7.549
5209,cubano,0,adj,4709,7.548
5210,choro,0,noun,4708,7.546
5211,analista,0,noun,4707,7.544
5212,diretamente,0,adv,4707,7.544
5213,despenhar,0,verb,4703,7.538
5214,distúrbio,0,noun,4702,7.536
5215,frequentemente,0,adv,4702,7.536
5216,reitor,0,unk,4701,7.535
5217,ambicioso,0,adj,4698,7.530
5218,dádiva,0,noun,4697,7.528
5219,alegrar,0,verb,4693,7.522
5220,arranhar,0,verb,4692,7.520
5221,calção,0,noun,4692,7.520
5222,crucial,0,adj,4690,7.517
5223,proteína,0,unk,4690,7.517
5224,bordel,0,adj,4687,7.512
5225,escuta,0,noun,4684,7.507
5226,nó,0,unk,4684,7.507
5227,subtil,0,unk,4684,7.507
5228,galo,0,noun,4681,7.503
5229,vera,0,noun,4677,7.496
5230,fundamental,0,adj,4675,7.493
5231,reforçar,0,verb,4675,7.493
5232,artístico,0,adj,4672,7.488
5233,essência,0,noun,4672,7.488
5234,surpreso,0,unk,4672,7.488
5235,reactor,0,unk,4669,7.483
5236,tambem,0,noun,4666,7.479
5237,fanático,0,adj,4665,7.477
5238,cimento,0,noun,4664,7.475
5239,homenagem,0,noun,4661,7.471
5240,satisfação,0,noun,4661,7.471
5241,simulação,0,noun,4661,7.471
5242,refugiado,0,noun,4660,7.469
5243,mancha,0,noun,4659,7.467
5244,pano,0,adj,4659,7.467
5245,hipócrita,0,noun,4657,7.464
5246,desgraçado,0,noun,4656,7.463
5247,bode,0,noun,4654,7.459
5248,inteiramente,0,adv,4654,7.459
5249,po,0,unk,4654,7.459
5250,sabão,0,noun,4654,7.459
5251,encantado,0,noun,4653,7.458
5252,refrigerante,0,unk,4652,7.456
5253,ã,0,unk,4652,7.456
5254,santidade,0,noun,4650,7.453
5255,coser,0,verb,4649,7.451
5256,cruzeiro,0,noun,4646,7.447
5257,forjar,0,verb,4645,7.445
5258,poste,0,unk,4644,7.443
5259,cercado,0,noun,4643,7.442
5260,perdida,0,noun,4642,7.440
5261,postar,0,verb,4641,7.439
5262,drake,0,unk,4640,7.437
5263,estreia,0,noun,4639,7.435
5264,composto,0,noun,4638,7.434
5265,peruca,0,unk,4638,7.434
5266,fantasia,0,noun,4637,7.432
5267,fluido,0,noun,4636,7.431
5268,contínuo,0,noun,4635,7.429
5269,atraído,0,noun,4634,7.427
5270,décimo,0,num,4634,7.427
5271,overdose,0,unk,4631,7.423
5272,zeus,0,unk,4630,7.421
5273,boas vindas,1,mwe,4629,7.419
5274,grécia,0,noun,4628,7.418
5275,seta,0,noun,4627,7.416
5276,editora,0,noun,4626,7.415
5277,cromo,0,noun,4625,7.413
5278,decoração,0,noun,4620,7.405
5279,lagosta,0,noun,4619,7.403
5280,roxo,0,noun,4618,7.402
5281,violador,0,noun,4618,7.402
5282,movimentar,0,verb,4617,7.400
5283,estatuto,0,noun,4615,7.397
5284,sofia,0,noun,4613,7.394
5285,historial,0,adj,4610,7.389
5286,armamento,0,noun,4607,7.384
5287,desenterrar,0,verb,4607,7.384
5288,engordar,0,verb,4606,7.382
5289,implante,0,unk,4606,7.382
5290,intestino,0,adj,4606,7.382
5291,chichi,0,unk,4605,7.381
5292,estábulo,0,noun,4603,7.378
5293,cruzamento,0,noun,4597,7.368
5294,hamilton,0,unk,4594,7.363
5295,bárbaro,0,noun,4593,7.362
5296,ressentimento,0,noun,4590,7.357
5297,trilho,0,noun,4589,7.355
5298,limusina,0,adj,4584,7.347
5299,bush,0,unk,4582,7.344
5300,camioneta,0,noun,4581,7.342
5301,moisés,0,unk,4577,7.336
5302,veredicto,0,noun,4572,7.328
5303,filhote,0,unk,4571,7.326
5304,coxa,0,noun,4566,7.318
5305,inclusive,0,adv,4566,7.318
5306,antena,0,noun,4565,7.317
5307,presidencial,0,adj,4565,7.317
5308,escurecer,0,verb,4564,7.315
5309,miséria,0,noun,4564,7.315
5310,conservar,0,verb,4563,7.314
5311,item,0,noun,4563,7.314
5312,garanhão,0,noun,4561,7.310
5313,hipotecar,0,verb,4561,7.310
5314,palavrinha,0,adj,4560,7.309
5315,escumalha,0,noun,4559,7.307
5316,brasil,0,unk,4557,7.304
5317,hóquei,0,unk,4555,7.301
5318,inaceitável,0,adj,4554,7.299
5319,sequestrar,0,verb,4552,7.296
5320,voz alta,1,mwe,4549,7.291
5321,etc,0,unk,4548,7.289
5322,diplomático,0,adj,4547,7.288
5323,isolamento,0,noun,4546,7.286
5324,broadway,0,unk,4545,7.285
5325,traço,0,noun,4542,7.280
5326,componente,0,adj,4541,7.278
5327,pêlo,0,noun,4538,7.273
5328,educado,0,noun,4537,7.272
5329,proceder,0,verb,4537,7.272
5330,vê-las,0,unk,4533,7.265
5331,ninja,0,noun,4531,7.262
5332,fenómeno,0,noun,4529,7.259
5333,paisagem,0,noun,4527,7.256
5334,celebração,0,noun,4525,7.253
5335,jefferson,0,unk,4525,7.253
5336,reiniciar,0,verb,4523,7.249
5337,sabido,0,noun,4521,7.246
5338,terminado,0,noun,4520,7.245
5339,tramado,0,noun,4520,7.245
5340,revolucionário,0,noun,4519,7.243
5341,valorizar,0,verb,4518,7.241
5342,visível,0,adj,4517,7.240
5343,cooperação,0,noun,4516,7.238
5344,caloiro,0,noun,4514,7.235
5345,latim,0,unk,4514,7.235
5346,roberto,0,noun,4513,7.233
5347,tráfego,0,noun,4512,7.232
5348,antibiótico,0,adj,4506,7.222
5349,espionagem,0,noun,4503,7.217
5350,fletcher,0,verb,4499,7.211
5351,restrição,0,noun,4497,7.208
5352,wow,0,unk,4497,7.208
5353,nevoeiro,0,noun,4495,7.205
5354,vadio,0,noun,4491,7.198
5355,vaivém,0,unk,4491,7.198
5356,campus,0,unk,4490,7.197
5357,faz-nos,0,unk,4490,7.197
5358,regimento,0,noun,4487,7.192
5359,carolino,0,adj,4485,7.189
5360,happy,0,unk,4485,7.189
5361,algodão,0,noun,4483,7.185
5362,labirinto,0,noun,4482,7.184
5363,maníaco,0,noun,4481,7.182
5364,literatura,0,noun,4480,7.181
5365,colorar,0,verb,4478,7.177
5366,constituição,0,noun,4478,7.177
5367,pierre,0,unk,4477,7.176
5368,lote,0,unk,4475,7.172
5369,vigarista,0,noun,4474,7.171
5370,nato,0,noun,4473,7.169
5371,carregador,0,noun,4472,7.168
5372,psicologia,0,noun,4472,7.168
5373,patriota,0,noun,4469,7.163
5374,tentação,0,noun,4469,7.163
5375,seriamente,0,adv,4467,7.160
5376,fender,0,verb,4466,7.158
5377,localizador,0,noun,4465,7.156
5378,punhal,0,adj,4465,7.156
5379,menu,0,unk,4464,7.155
5380,pôr-do-sol,0,unk,4464,7.155
5381,cova,0,noun,4459,7.147
5382,chantagem,0,noun,4455,7.140
5383,evans,0,unk,4455,7.140
5384,distribuição,0,noun,4454,7.139
5385,síndrome,0,unk,4453,7.137
5386,híbrido,0,noun,4452,7.136
5387,saborear,0,verb,4452,7.136
5388,zoológico,0,adj,4451,7.134
5389,interrompido,0,noun,4445,7.124
5390,equação,0,noun,4441,7.118
5391,retorno,0,noun,4441,7.118
5392,entreter,0,verb,4440,7.116
5393,nocturno,0,noun,4440,7.116
5394,doçura,0,noun,4439,7.115
5395,vibração,0,noun,4437,7.112
5396,cordeiro,0,noun,4436,7.110
5397,dê-nos,0,unk,4434,7.107
5398,infectado,0,noun,4433,7.105
5399,transplante,0,unk,4433,7.105
5400,descartar,0,verb,4430,7.100
5401,esqueleto,0,noun,4430,7.100
5402,gigantesco,0,noun,4429,7.099
5403,roll,0,unk,4428,7.097
5404,nódoa,0,noun,4425,7.092
5405,rebelião,0,noun,4423,7.089
5406,vulcão,0,noun,4418,7.081
5407,sova,0,noun,4416,7.078
5408,deviamos,0,unk,4415,7.076
5409,diverso,0,noun,4415,7.076
5410,gates,0,unk,4415,7.076
5411,ironia,0,noun,4413,7.073
5412,saint,0,unk,4412,7.072
5413,cócegas,0,unk,4411,7.070
5414,asilo,0,noun,4410,7.068
5415,destroçar,0,verb,4408,7.065
5416,duzentos,0,unk,4408,7.065
5417,ex-marido,0,noun,4407,7.064
5418,contornar,0,verb,4405,7.060
5419,gozo,0,unk,4405,7.060
5420,falência,0,noun,4404,7.059
5421,aproximação,0,noun,4403,7.057
5422,canja,0,noun,4402,7.055
5423,compreensão,0,noun,4402,7.055
5424,previsão,0,noun,4402,7.055
5425,marine,0,unk,4401,7.054
5426,cd,0,unk,4400,7.052
5427,parafuso,0,unk,4399,7.051
5428,dão-me,0,unk,4398,7.049
5429,próximo passo,1,mwe,4396,7.046
5430,pila,0,noun,4393,7.041
5431,rimar,0,verb,4392,7.039
5432,zombies,0,unk,4391,7.038
5433,numerar,0,verb,4389,7.035
5434,reconhecido,0,noun,4388,7.033
5435,expirar,0,verb,4387,7.031
5436,respira fundo,1,mwe,4387,7.031
5437,concha,0,noun,4383,7.025
5438,exemplar,0,verb,4383,7.025
5439,bazar,0,verb,4381,7.022
5440,zombie,0,unk,4380,7.020
5441,borda,0,noun,4377,7.015
5442,leme,0,unk,4377,7.015
5443,gravador,0,noun,4376,7.014
5444,irónico,0,adj,4376,7.014
5445,uva,0,noun,4376,7.014
5446,mula,0,noun,4372,7.007
5447,pelas traseiras,1,mwe,4370,7.004
5448,redondo,0,noun,4370,7.004
5449,pop,0,unk,4369,7.003
5450,wall street,1,mwe,4366,6.998
5451,assaltante,0,unk,4365,6.996
5452,protótipo,0,noun,4363,6.993
5453,ganancioso,0,adj,4358,6.985
5454,motivar,0,verb,4357,6.983
5455,alcunhar,0,verb,4356,6.982
5456,admirador,0,noun,4354,6.979
5457,envergonhado,0,noun,4353,6.977
5458,gil,0,unk,4353,6.977
5459,ventilação,0,noun,4352,6.975
5460,puzzle,0,unk,4351,6.974
5461,alergia,0,noun,4348,6.969
5462,coberto,0,noun,4347,6.967
5463,imprevisível,0,adj,4347,6.967
5464,constituir,0,verb,4338,6.953
5465,treze,0,num,4335,6.948
5466,montgomery,0,unk,4333,6.945
5467,capela,0,noun,4332,6.943
5468,quentin,0,unk,4332,6.943
5469,consolar,0,verb,4330,6.940
5470,província,0,noun,4326,6.934
5471,desatar,0,verb,4325,6.932
5472,independência,0,noun,4322,6.927
5473,integrar,0,verb,4322,6.927
5474,berço,0,noun,4320,6.924
5475,preferência,0,noun,4318,6.921
5476,coreano,0,adj,4317,6.919
5477,resistente,0,adj,4317,6.919
5478,moreno,0,noun,4315,6.916
5479,lume,0,unk,4309,6.906
5480,estágio,0,noun,4308,6.905
5481,mentor,0,unk,4305,6.900
5482,cereja,0,noun,4303,6.897
5483,trá-lo,0,noun,4302,6.895
5484,fotográfico,0,adj,4301,6.894
5485,marina,0,adj,4298,6.889
5486,toxina,0,adj,4296,6.886
5487,golfinho,0,adj,4293,6.881
5488,irritado,0,noun,4292,6.879
5489,traje,0,unk,4292,6.879
5490,chique,0,unk,4291,6.878
5491,tabuleiro,0,noun,4290,6.876
5492,aspirina,0,adj,4288,6.873
5493,romeu,0,unk,4288,6.873
5494,causa,0,noun,4287,6.871
5495,strip,0,unk,4286,6.870
5496,amém,0,unk,4285,6.868
5497,cartucho,0,noun,4284,6.866
5498,exótico,0,adj,4284,6.866
5499,orgasmo,0,noun,4283,6.865
5500,elsa,0,noun,4280,6.860
5501,oferecido,0,noun,4280,6.860
5502,abalar,0,verb,4279,6.858
5503,tanner,0,verb,4277,6.855
5504,flórido,0,noun,4276,6.854
5505,farsa,0,noun,4275,6.852
5506,carinho,0,adj,4273,6.849
5507,internar,0,verb,4270,6.844
5508,malandro,0,noun,4270,6.844
5509,derivar,0,verb,4269,6.842
5510,dá-te,0,unk,4269,6.842
5511,elástico,0,adj,4269,6.842
5512,experiente,0,adj,4268,6.841
5513,progredir,0,verb,4268,6.841
5514,confiscar,0,verb,4267,6.839
5515,joga,0,noun,4267,6.839
5516,papagaio,0,noun,4264,6.834
5517,keller,0,verb,4263,6.833
5518,nalguma,0,noun,4263,6.833
5519,orleães,0,unk,4262,6.831
5520,embalar,0,verb,4260,6.828
5521,abóbora,0,noun,4259,6.826
5522,tinhamos,0,unk,4259,6.826
5523,mascarar,0,verb,4258,6.825
5524,pequenote,0,unk,4257,6.823
5525,crack,0,unk,4256,6.821
5526,brandy,0,unk,4255,6.820
5527,regulamento,0,noun,4255,6.820
5528,vidente,0,adj,4255,6.820
5529,mordomo,0,noun,4254,6.818
5530,comprimento,0,noun,4252,6.815
5531,precisão,0,noun,4251,6.813
5532,madre,0,unk,4250,6.812
5533,exibição,0,noun,4248,6.809
5534,ogiva,0,noun,4246,6.805
5535,cintura,0,noun,4244,6.802
5536,implacável,0,adj,4243,6.801
5537,jóia,0,noun,4242,6.799
5538,projectos,0,unk,4239,6.794
5539,rins,0,unk,4239,6.794
5540,chen,0,unk,4236,6.789
5541,dante,0,unk,4236,6.789
5542,glen,0,unk,4236,6.789
5543,atum,0,unk,4235,6.788
5544,dá-lhes,0,unk,4235,6.788
5545,fulo,0,noun,4234,6.786
5546,roosevelt,0,unk,4234,6.786
5547,cilada,0,noun,4231,6.781
5548,maldita,0,noun,4231,6.781
5549,marilyn,0,unk,4231,6.781
5550,chocante,0,unk,4230,6.780
5551,enfraquecer,0,verb,4229,6.778
5552,supervisionar,0,verb,4229,6.778
5553,apropriado,0,noun,4227,6.775
5554,bunker,0,verb,4227,6.775
5555,florença,0,noun,4227,6.775
5556,guardado,0,noun,4225,6.772
5557,mal-entendido,0,noun,4223,6.769
5558,afecta,0,noun,4221,6.765
5559,aprendiz,0,unk,4221,6.765
5560,amo-o,0,unk,4218,6.761
5561,dormitório,0,noun,4215,6.756
5562,tranca,0,unk,4215,6.756
5563,procurado,0,noun,4210,6.748
5564,lagarto,0,noun,4208,6.745
5565,esfomear,0,verb,4203,6.737
5566,doação,0,noun,4202,6.735
5567,adicional,0,adj,4201,6.733
5568,stripper,0,verb,4201,6.733
5569,identificado,0,noun,4200,6.732
5570,intelectual,0,adj,4199,6.730
5571,desempenho,0,noun,4197,6.727
5572,avistar,0,verb,4196,6.725
5573,correcção,0,noun,4195,6.724
5574,farmacêutico,0,adj,4195,6.724
5575,administrador,0,noun,4194,6.722
5576,estacar,0,verb,4193,6.721
5577,etiquetar,0,verb,4192,6.719
5578,doris,0,unk,4191,6.717
5579,sedativo,0,noun,4185,6.708
5580,th,0,unk,4185,6.708
5581,cortinar,0,verb,4184,6.706
5582,docinho,0,adj,4182,6.703
5583,transformação,0,noun,4182,6.703
5584,palmar,0,verb,4180,6.700
5585,tábua,0,noun,4179,6.698
5586,ginger,0,verb,4176,6.693
5587,hálito,0,noun,4173,6.688
5588,arsenal,0,adj,4171,6.685
5589,camelo,0,noun,4170,6.684
5590,são,0,noun,4170,6.684
5591,ballet,0,unk,4169,6.682
5592,estadia,0,noun,4169,6.682
5593,linhagem,0,noun,4167,6.679
5594,protestar,0,verb,4167,6.679
5595,inscrição,0,noun,4164,6.674
5596,dinamite,0,unk,4163,6.672
5597,san diego,1,mwe,4163,6.672
5598,médio oriente,1,mwe,4155,6.660
5599,donzela,0,noun,4152,6.655
5600,insensível,0,adj,4151,6.653
5601,antónio,0,noun,4150,6.652
5602,aurora,0,noun,4149,6.650
5603,colmeia,0,noun,4148,6.648
5604,esfera,0,noun,4148,6.648
5605,debater,0,verb,4147,6.647
5606,ria,0,noun,4145,6.644
5607,pelas costas,1,mwe,4144,6.642
5608,deficiente,0,adj,4142,6.639
5609,joel,0,adj,4142,6.639
5610,pendurado,0,noun,4140,6.636
5611,destroço,0,noun,4137,6.631
5612,confronto,0,noun,4133,6.624
5613,onu,0,unk,4133,6.624
5614,pomo,0,noun,4132,6.623
5615,enigmar,0,verb,4129,6.618
5616,falsificar,0,verb,4126,6.613
5617,superficial,0,adj,4126,6.613
5618,pudim,0,unk,4124,6.610
5619,coiro,0,noun,4121,6.605
5620,recarregar,0,verb,4119,6.602
5621,banqueiro,0,noun,4118,6.600
5622,metáfora,0,noun,4118,6.600
5623,estatal,0,adj,4117,6.599
5624,prolongar,0,verb,4117,6.599
5625,trovão,0,noun,4117,6.599
5626,costeiro,0,noun,4114,6.594
5627,entravar,0,verb,4113,6.592
5628,pimenta,0,noun,4113,6.592
5629,cotovelo,0,noun,4112,6.591
5630,contrabando,0,noun,4110,6.587
5631,michigan,0,unk,4110,6.587
5632,cera,0,noun,4102,6.575
5633,contabilidade,0,noun,4102,6.575
5634,mangueira,0,noun,4101,6.573
5635,sintético,0,adj,4101,6.573
5636,pulsação,0,noun,4100,6.571
5637,dificilmente,0,adv,4099,6.570
5638,desmontar,0,verb,4097,6.567
5639,tao,0,unk,4097,6.567
5640,aleluia,0,noun,4096,6.565
5641,arredor,0,noun,4096,6.565
5642,biologia,0,noun,4095,6.563
5643,paralisar,0,verb,4095,6.563
5644,quadrado,0,noun,4089,6.554
5645,confesso,0,noun,4086,6.549
5646,calma,0,noun,4084,6.546
5647,psíquico,0,adj,4082,6.543
5648,ciumento,0,noun,4078,6.536
5649,lendário,0,noun,4076,6.533
5650,imprimir,0,verb,4072,6.527
5651,atracção,0,noun,4071,6.525
5652,condessa,0,noun,4071,6.525
5653,manifestar,0,verb,4067,6.519
5654,tou,0,unk,4067,6.519
5655,luva,0,noun,4066,6.517
5656,atencioso,0,adj,4064,6.514
5657,inundar,0,verb,4060,6.507
5658,alegação,0,noun,4059,6.506
5659,desvendar,0,verb,4058,6.504
5660,testículo,0,noun,4058,6.504
5661,defensor,0,unk,4057,6.503
5662,day,0,unk,4055,6.499
5663,sobrenatural,0,adj,4055,6.499
5664,activa,0,noun,4052,6.495
5665,boné,0,unk,4052,6.495
5666,extinção,0,noun,4049,6.490
5667,viu-o,0,unk,4047,6.486
5668,activado,0,noun,4046,6.485
5669,confiar nele,1,mwe,4045,6.483
5670,infringir,0,verb,4045,6.483
5671,montano,0,adj,4044,6.482
5672,campa,0,noun,4043,6.480
5673,módulo,0,noun,4043,6.480
5674,súbito,0,noun,4040,6.475
5675,apresentado,0,noun,4039,6.474
5676,caneca,0,noun,4039,6.474
5677,iminente,0,adj,4039,6.474
5678,feroz,0,unk,4038,6.472
5679,colateral,0,adj,4036,6.469
5680,clara,0,noun,4032,6.462
5681,atrevido,0,noun,4030,6.459
5682,paralelo,0,noun,4030,6.459
5683,repugnante,0,unk,4028,6.456
5684,insuportável,0,adj,4027,6.454
5685,blusa,0,noun,4026,6.453
5686,judith,0,unk,4025,6.451
5687,vómito,0,noun,4024,6.450
5688,realistar,0,verb,4023,6.448
5689,desilusão,0,noun,4022,6.446
5690,pátria,0,noun,4022,6.446
5691,proporcionar,0,verb,4020,6.443
5692,aparentar,0,verb,4017,6.438
5693,marcador,0,noun,4017,6.438
5694,abel,0,adj,4016,6.437
5695,aspectos,0,unk,4012,6.430
5696,loiro,0,noun,4010,6.427
5697,padrasto,0,noun,4010,6.427
5698,nevado,0,noun,4009,6.426
5699,emocionalmente,0,adv,4008,6.424
5700,potente,0,adj,4006,6.421
5701,danificado,0,noun,4005,6.419
5702,lsso,0,noun,4005,6.419
5703,sírio,0,noun,4005,6.419
5704,desrespeitar,0,verb,4003,6.416
5705,irene,0,unk,4003,6.416
5706,kung fu,1,mwe,4002,6.414
5707,peão,0,noun,4002,6.414
5708,rachar,0,verb,4002,6.414
5709,sexualmente,0,adv,4002,6.414
5710,coordenar,0,verb,4001,6.413
5711,gestão,0,noun,4000,6.411
5712,peludo,0,adj,4000,6.411
5713,invencível,0,adj,3999,6.410
5714,pára-quedas,0,unk,3999,6.410
5715,adopção,0,noun,3997,6.406
5716,ator,0,unk,3997,6.406
5717,joyce,0,unk,3995,6.403
5718,triângulo,0,noun,3993,6.400
5719,vossas vidas,1,mwe,3990,6.395
5720,apanha,0,noun,3988,6.392
5721,charme,0,unk,3986,6.389
5722,imóvel,0,adj,3985,6.387
5723,ligeiramente,0,adv,3985,6.387
5724,barulhento,0,noun,3984,6.386
5725,deva,0,noun,3984,6.386
5726,encurralado,0,noun,3983,6.384
5727,designar,0,verb,3981,6.381
5728,contemplar,0,verb,3980,6.379
5729,ativar,0,verb,3979,6.378
5730,imigrante,0,unk,3979,6.378
5731,vaticano,0,adj,3979,6.378
5732,caranguejo,0,noun,3978,6.376
5733,reação,0,noun,3978,6.376
5734,tequila,0,noun,3975,6.371
5735,desandar,0,verb,3974,6.369
5736,digressão,0,noun,3974,6.369
5737,encolher,0,verb,3974,6.369
5738,namoro,0,noun,3974,6.369
5739,paquistão,0,noun,3971,6.365
5740,comunitário,0,noun,3969,6.361
5741,fabricante,0,unk,3969,6.361
5742,incomum,0,unk,3968,6.360
5743,mae,0,unk,3968,6.360
5744,bondoso,0,adj,3967,6.358
5745,arame,0,unk,3965,6.355
5746,mineiro,0,noun,3960,6.347
5747,soletrar,0,verb,3960,6.347
5748,pobreza,0,noun,3955,6.339
5749,compatível,0,adj,3953,6.336
5750,piza,0,noun,3950,6.331
5751,duelo,0,noun,3948,6.328
5752,fixo,0,noun,3948,6.328
5753,clandestino,0,adj,3942,6.318
5754,prece,0,unk,3941,6.317
5755,respeitável,0,adj,3941,6.317
5756,palestra,0,noun,3939,6.313
5757,associado,0,noun,3938,6.312
5758,concretizar,0,verb,3938,6.312
5759,refrescar,0,verb,3938,6.312
5760,matança,0,noun,3936,6.309
5761,impressão digital,1,mwe,3934,6.305
5762,saboroso,0,adj,3934,6.305
5763,gama,0,noun,3933,6.304
5764,condizer,0,verb,3931,6.301
5765,estibordo,0,noun,3931,6.301
5766,combate,0,unk,3930,6.299
5767,funerário,0,noun,3930,6.299
5768,individual,0,adj,3930,6.299
5769,suspensão,0,noun,3930,6.299
5770,canadiano,0,adj,3926,6.293
5771,contacto visual,1,mwe,3924,6.289
5772,rendimento,0,noun,3924,6.289
5773,lua cheia,1,mwe,3921,6.285
5774,deparar,0,verb,3920,6.283
5775,motivação,0,noun,3920,6.283
5776,beberar,0,verb,3919,6.281
5777,responsabilizar,0,verb,3919,6.281
5778,atividade,0,noun,3916,6.277
5779,entretenimento,0,noun,3915,6.275
5780,mijo,0,noun,3913,6.272
5781,blá blá,1,mwe,3910,6.267
5782,desenrascar,0,verb,3910,6.267
5783,rio,0,noun,3910,6.267
5784,simone,0,unk,3910,6.267
5785,democrata,0,noun,3908,6.264
5786,alho,0,noun,3907,6.262
5787,fiscal,0,adj,3905,6.259
5788,hospitalidade,0,noun,3904,6.257
5789,lanche,0,unk,3904,6.257
5790,ignição,0,noun,3903,6.256
5791,esfomeado,0,noun,3902,6.254
5792,apalpar,0,verb,3901,6.252
5793,gráfico,0,adj,3901,6.252
5794,inchar,0,verb,3900,6.251
5795,objeto,0,noun,3900,6.251
5796,amassar,0,verb,3899,6.249
5797,descarga,0,noun,3899,6.249
5798,inconveniente,0,adj,3899,6.249
5799,luther,0,verb,3899,6.249
5800,consolo,0,noun,3896,6.244
5801,crachá,0,unk,3895,6.243
5802,globo,0,noun,3893,6.240
5803,divertimento,0,noun,3892,6.238
5804,inseguro,0,noun,3892,6.238
5805,busca,0,unk,3891,6.236
5806,au,0,unk,3888,6.232
5807,candeeiro,0,noun,3887,6.230
5808,diploma,0,noun,3887,6.230
5809,reverter,0,verb,3886,6.228
5810,homicida,0,noun,3884,6.225
5811,banda desenhada,1,mwe,3883,6.224
5812,carniceiro,0,noun,3883,6.224
5813,formatura,0,noun,3882,6.222
5814,sabrina,0,adj,3881,6.220
5815,pendente,0,adj,3880,6.219
5816,provisão,0,noun,3879,6.217
5817,hangar,0,verb,3877,6.214
5818,mademoiselle,0,unk,3876,6.212
5819,traficar,0,verb,3876,6.212
5820,exceder,0,verb,3875,6.211
5821,reproduzir,0,verb,3874,6.209
5822,despedaçar,0,verb,3873,6.208
5823,orlar,0,verb,3873,6.208
5824,ancestral,0,adj,3867,6.198
5825,retaguarda,0,noun,3866,6.196
5826,mago,0,noun,3864,6.193
5827,durão,0,noun,3860,6.187
5828,orar,0,verb,3860,6.187
5829,mutação,0,noun,3859,6.185
5830,brisa,0,noun,3858,6.184
5831,imigração,0,noun,3857,6.182
5832,newton,0,unk,3857,6.182
5833,flanco,0,noun,3856,6.180
5834,gin,0,unk,3856,6.180
5835,harmonia,0,noun,3855,6.179
5836,barbear,0,verb,3852,6.174
5837,resolução,0,noun,3852,6.174
5838,humilhação,0,noun,3851,6.172
5839,confiável,0,adj,3849,6.169
5840,cumprido,0,noun,3849,6.169
5841,eternamente,0,adv,3848,6.168
5842,passada,0,noun,3848,6.168
5843,trepar,0,verb,3847,6.166
5844,universal,0,adj,3844,6.161
5845,ente,0,unk,3842,6.158
5846,espumar,0,verb,3842,6.158
5847,camelot,0,unk,3841,6.156
5848,espertalhão,0,noun,3840,6.155
5849,ninguem,0,noun,3840,6.155
5850,tela,0,noun,3839,6.153
5851,anestesiar,0,verb,3838,6.152
5852,poupança,0,noun,3838,6.152
5853,rebanho,0,noun,3838,6.152
5854,inquilino,0,adj,3837,6.150
5855,abraham,0,unk,3836,6.148
5856,imaginário,0,noun,3835,6.147
5857,seminário,0,noun,3834,6.145
5858,ajuste,0,unk,3833,6.143
5859,transição,0,noun,3833,6.143
5860,aprendido,0,noun,3832,6.142
5861,bastantes,0,unk,3830,6.139
5862,candidatura,0,noun,3830,6.139
5863,terrivelmente,0,adv,3829,6.137
5864,consistente,0,adj,3828,6.135
5865,inspetor,0,unk,3823,6.127
5866,batimento,0,noun,3821,6.124
5867,equilibrar,0,verb,3821,6.124
5868,vereador,0,noun,3821,6.124
5869,cria,0,noun,3819,6.121
5870,formiga,0,noun,3819,6.121
5871,plasmar,0,verb,3819,6.121
5872,empenhar,0,verb,3817,6.118
5873,stewart,0,unk,3816,6.116
5874,esperem esperem,1,mwe,3815,6.115
5875,panfleto,0,noun,3814,6.113
5876,elaborar,0,verb,3812,6.110
5877,fraternidade,0,noun,3812,6.110
5878,imitação,0,noun,3812,6.110
5879,negativar,0,verb,3810,6.107
5880,agulha,0,noun,3807,6.102
5881,vovô,0,unk,3806,6.100
5882,manifestação,0,noun,3805,6.099
5883,verso,0,noun,3805,6.099
5884,espírito santo,1,mwe,3802,6.094
5885,isqueiro,0,noun,3802,6.094
5886,bem-estar,0,verb,3801,6.092
5887,enterro,0,noun,3801,6.092
5888,plantação,0,noun,3801,6.092
5889,corretor,0,unk,3800,6.091
5890,jorge,0,unk,3800,6.091
5891,ser-se,0,unk,3800,6.091
5892,conviver,0,verb,3796,6.084
5893,deprimente,0,adv,3796,6.084
5894,your,0,unk,3793,6.079
5895,citação,0,noun,3792,6.078
5896,desesperadamente,0,adv,3791,6.076
5897,elogiar,0,verb,3791,6.076
5898,viatura,0,noun,3791,6.076
5899,impostor,0,unk,3790,6.075
5900,penhasco,0,noun,3790,6.075
5901,colômbia,0,noun,3789,6.073
5902,renovar,0,verb,3789,6.073
5903,ocupação,0,noun,3788,6.071
5904,desenvolvido,0,noun,3787,6.070
5905,portador,0,noun,3786,6.068
5906,comparação,0,noun,3785,6.067
5907,adjunto,0,noun,3784,6.065
5908,maçar,0,verb,3784,6.065
5909,participação,0,noun,3784,6.065
5910,ama-te,0,unk,3783,6.063
5911,batom,0,unk,3782,6.062
5912,faísca,0,unk,3780,6.059
5913,garfo,0,noun,3780,6.059
5914,averiguar,0,verb,3779,6.057
5915,urbano,0,adj,3779,6.057
5916,am,0,unk,3778,6.055
5917,armada,0,noun,3777,6.054
5918,transcrição,0,noun,3773,6.047
5919,explorador,0,noun,3772,6.046
5920,inspecção,0,noun,3771,6.044
5921,semelhança,0,noun,3771,6.044
5922,faraó,0,unk,3770,6.043
5923,pouquinho,0,adj,3770,6.043
5924,wolf,0,unk,3770,6.043
5925,violino,0,adj,3766,6.036
5926,oculto,0,noun,3765,6.035
5927,sida,0,noun,3765,6.035
5928,sushi,0,unk,3762,6.030
5929,regime,0,unk,3760,6.026
5930,forcar,0,verb,3759,6.025
5931,catástrofe,0,unk,3756,6.020
5932,vi-os,0,unk,3756,6.020
5933,dentado,0,noun,3755,6.018
5934,inventário,0,noun,3751,6.012
5935,paneleiro,0,noun,3750,6.010
5936,bússola,0,noun,3748,6.007
5937,mútuo,0,noun,3747,6.006
5938,maroto,0,noun,3746,6.004
5939,eco,0,adj,3745,6.002
5940,filtro,0,noun,3744,6.001
5941,fera,0,noun,3741,5.996
5942,bactéria,0,noun,3740,5.994
5943,expresso,0,noun,3737,5.990
5944,resync,0,unk,3737,5.990
5945,vinci,0,unk,3737,5.990
5946,pontuação,0,noun,3736,5.988
5947,bufo,0,noun,3734,5.985
5948,utilidade,0,noun,3733,5.983
5949,invasor,0,unk,3730,5.978
5950,comichão,0,noun,3728,5.975
5951,inquérito,0,noun,3727,5.974
5952,chang,0,unk,3726,5.972
5953,jade,0,noun,3726,5.972
5954,reles,0,unk,3725,5.970
5955,hás-de,0,noun,3722,5.966
5956,quântico,0,adj,3722,5.966
5957,memorial,0,adj,3721,5.964
5958,nono,0,num,3721,5.964
5959,ocular,0,verb,3720,5.962
5960,concorrência,0,noun,3718,5.959
5961,diariamente,0,adv,3718,5.959
5962,térmico,0,adj,3718,5.959
5963,castor,0,unk,3715,5.954
5964,extracção,0,noun,3715,5.954
5965,polaco,0,noun,3715,5.954
5966,dedicado,0,noun,3714,5.953
5967,arterial,0,adj,3713,5.951
5968,prof,0,unk,3712,5.950
5969,harry potter,1,mwe,3710,5.946
5970,forças especiais,1,mwe,3708,5.943
5971,lenhar,0,verb,3708,5.943
5972,cobaia,0,noun,3706,5.940
5973,informe,0,unk,3705,5.938
5974,navegação,0,noun,3704,5.937
5975,infiel,0,adj,3703,5.935
5976,enjoar,0,verb,3702,5.934
5977,baralhar,0,verb,3701,5.932
5978,barraca,0,unk,3701,5.932
5979,áudio,0,noun,3700,5.930
5980,abu,0,unk,3699,5.929
5981,intrigar,0,verb,3698,5.927
5982,excitação,0,noun,3695,5.922
5983,of the,1,mwe,3695,5.922
5984,convulsão,0,noun,3694,5.921
5985,cuidadosamente,0,adv,3694,5.921
5986,dificultar,0,verb,3693,5.919
5987,cohen,0,unk,3689,5.913
5988,aah,0,unk,3687,5.909
5989,disparado,0,noun,3683,5.903
5990,pecar,0,verb,3683,5.903
5991,ambiental,0,adj,3680,5.898
5992,acelerador,0,noun,3679,5.897
5993,zecacurto,0,noun,3679,5.897
5994,tesoura,0,noun,3677,5.893
5995,guardanapo,0,noun,3674,5.889
5996,percentagem,0,noun,3673,5.887
5997,consulado,0,noun,3672,5.885
5998,fractura,0,noun,3670,5.882
5999,ligadura,0,noun,3667,5.877
6000,estourar,0,verb,3665,5.874
6001,refazer,0,verb,3664,5.873
6002,historiar,0,verb,3662,5.869
6003,posicionar,0,verb,3662,5.869
6004,elo,0,noun,3661,5.868
6005,oposição,0,noun,3660,5.866
6006,gladiador,0,noun,3657,5.861
6007,capuz,0,unk,3654,5.857
6008,alexandre,0,unk,3653,5.855
6009,sinais vitais,1,mwe,3653,5.855
6010,concentrado,0,noun,3650,5.850
6011,drones,0,unk,3650,5.850
6012,renascer,0,verb,3647,5.845
6013,emissão,0,noun,3646,5.844
6014,rancor,0,unk,3645,5.842
6015,entao,0,unk,3644,5.841
6016,raça humana,1,mwe,3644,5.841
6017,conceber,0,verb,3642,5.837
6018,beta,0,noun,3641,5.836
6019,aspeto,0,noun,3640,5.834
6020,olímpico,0,adj,3640,5.834
6021,chegado,0,noun,3639,5.833
6022,raio-x,0,unk,3638,5.831
6023,regional,0,adj,3638,5.831
6024,conservador,0,noun,3637,5.829
6025,atómico,0,adj,3636,5.828
6026,nordeste,0,unk,3634,5.825
6027,ramon,0,unk,3632,5.821
6028,rampa,0,noun,3632,5.821
6029,bote,0,unk,3631,5.820
6030,mania,0,noun,3630,5.818
6031,generosidade,0,noun,3629,5.817
6032,ovar,0,verb,3629,5.817
6033,rapar,0,verb,3629,5.817
6034,ricardo,0,noun,3629,5.817
6035,fez-te,0,unk,3628,5.815
6036,estavamos,0,unk,3627,5.813
6037,governamental,0,adj,3627,5.813
6038,irresponsável,0,adj,3627,5.813
6039,agressor,0,unk,3626,5.812
6040,promissor,0,unk,3626,5.812
6041,honrado,0,noun,3625,5.810
6042,namorada,0,noun,3624,5.809
6043,imprudente,0,adj,3622,5.805
6044,limar,0,verb,3620,5.802
6045,astuto,0,noun,3619,5.801
6046,sao,0,unk,3619,5.801
6047,hão-de,0,noun,3618,5.799
6048,soberano,0,adj,3618,5.799
6049,apache,0,unk,3617,5.797
6050,reboque,0,unk,3617,5.797
6051,ama-me,0,unk,3615,5.794
6052,be,0,unk,3615,5.794
6053,exercitar,0,verb,3613,5.791
6054,gratuito,0,noun,3613,5.791
6055,oral,0,adj,3613,5.791
6056,assembleia,0,noun,3612,5.789
6057,eduardo,0,noun,3612,5.789
6058,imune,0,unk,3612,5.789
6059,chi,0,unk,3608,5.783
6060,alimentação,0,noun,3606,5.780
6061,pergaminho,0,adj,3605,5.778
6062,defensivo,0,noun,3603,5.775
6063,presidência,0,noun,3602,5.773
6064,extinto,0,noun,3601,5.772
6065,arco-íris,0,unk,3600,5.770
6066,profundeza,0,noun,3598,5.767
6067,coral,0,adj,3595,5.762
6068,granada,0,noun,3593,5.759
6069,livraria,0,noun,3593,5.759
6070,proveito,0,noun,3593,5.759
6071,contaminado,0,noun,3592,5.757
6072,factor,0,unk,3592,5.757
6073,israelita,0,noun,3592,5.757
6074,propaganda,0,noun,3592,5.757
6075,ocidente,0,adj,3591,5.756
6076,longo prazo,1,mwe,3590,5.754
6077,artur,0,unk,3588,5.751
6078,precedente,0,adj,3587,5.749
6079,santiago,0,noun,3585,5.746
6080,desvantagem,0,noun,3584,5.744
6081,cultural,0,adj,3583,5.743
6082,ganância,0,noun,3583,5.743
6083,agentes federais,1,mwe,3580,5.738
6084,consumo,0,noun,3580,5.738
6085,reaver,0,verb,3578,5.735
6086,bonitão,0,noun,3575,5.730
6087,certidão,0,noun,3574,5.728
6088,notificar,0,verb,3574,5.728
6089,pólo,0,noun,3573,5.727
6090,útero,0,noun,3572,5.725
6091,boi,0,unk,3571,5.724
6092,convicção,0,noun,3571,5.724
6093,desgosto,0,noun,3570,5.722
6094,ha ha,1,mwe,3570,5.722
6095,that,0,unk,3566,5.716
6096,chumbar,0,verb,3561,5.708
6097,massacrar,0,verb,3560,5.706
6098,entornar,0,verb,3559,5.704
6099,exploração,0,noun,3559,5.704
6100,amarrado,0,noun,3558,5.703
6101,encerrado,0,noun,3558,5.703
6102,grandeza,0,noun,3558,5.703
6103,colaboração,0,noun,3557,5.701
6104,veneza,0,noun,3557,5.701
6105,estragado,0,noun,3555,5.698
6106,tarado,0,noun,3555,5.698
6107,leonardo,0,noun,3554,5.696
6108,estabelecimento,0,noun,3553,5.695
6109,nave espacial,1,mwe,3553,5.695
6110,teia,0,noun,3553,5.695
6111,rodeado,0,noun,3552,5.693
6112,boom,0,unk,3550,5.690
6113,diabólico,0,adj,3549,5.688
6114,facada,0,noun,3549,5.688
6115,jogue,0,unk,3549,5.688
6116,tríade,0,noun,3549,5.688
6117,salmão,0,noun,3548,5.687
6118,jaime,0,unk,3547,5.685
6119,noroeste,0,unk,3547,5.685
6120,aperitivo,0,noun,3546,5.683
6121,desfiladeiro,0,noun,3546,5.683
6122,jardineiro,0,noun,3546,5.683
6123,induzir,0,verb,3545,5.682
6124,avaria,0,noun,3541,5.675
6125,comediante,0,unk,3541,5.675
6126,parcial,0,adj,3541,5.675
6127,lourar,0,verb,3540,5.674
6128,aquário,0,noun,3539,5.672
6129,pulga,0,noun,3538,5.671
6130,charro,0,noun,3537,5.669
6131,arrebentar,0,verb,3536,5.667
6132,documentário,0,noun,3536,5.667
6133,ganso,0,noun,3536,5.667
6134,amaldiçoado,0,noun,3535,5.666
6135,ascensão,0,noun,3535,5.666
6136,faz-me lembrar,1,mwe,3535,5.666
6137,costurar,0,verb,3534,5.664
6138,rebuçado,0,noun,3534,5.664
6139,alternativa,0,noun,3533,5.663
6140,dou-vos,0,unk,3532,5.661
6141,aprovado,0,noun,3529,5.656
6142,instrutor,0,unk,3528,5.655
6143,google,0,unk,3527,5.653
6144,furo,0,noun,3526,5.651
6145,meigo,0,noun,3525,5.650
6146,p'ra,0,noun,3524,5.648
6147,pensilvânia,0,noun,3523,5.647
6148,impresso,0,noun,3522,5.645
6149,construtor,0,unk,3521,5.643
6150,desejoso,0,adj,3521,5.643
6151,problemático,0,adj,3520,5.642
6152,contrariar,0,verb,3519,5.640
6153,eixo,0,noun,3519,5.640
6154,grelha,0,noun,3519,5.640
6155,crueldade,0,noun,3518,5.639
6156,nã,0,unk,3517,5.637
6157,muralha,0,noun,3516,5.635
6158,pagão,0,noun,3516,5.635
6159,analgésico,0,adj,3514,5.632
6160,subúrbio,0,noun,3514,5.632
6161,punição,0,noun,3512,5.629
6162,detector,0,unk,3511,5.627
6163,karma,0,noun,3511,5.627
6164,drone,0,unk,3510,5.626
6165,tango,0,noun,3510,5.626
6166,doador,0,noun,3509,5.624
6167,mártir,0,verb,3508,5.623
6168,académico,0,adj,3507,5.621
6169,atlântico,0,adj,3507,5.621
6170,pingar,0,verb,3506,5.619
6171,sereia,0,noun,3506,5.619
6172,medula,0,noun,3502,5.613
6173,tesão,0,noun,3501,5.611
6174,ferreiro,0,noun,3499,5.608
6175,trincheira,0,noun,3499,5.608
6176,catar,0,verb,3498,5.607
6177,humilhante,0,unk,3498,5.607
6178,escorpião,0,noun,3496,5.603
6179,traiçoeiro,0,noun,3493,5.599
6180,lema,0,noun,3492,5.597
6181,abra,0,noun,3491,5.595
6182,comerciante,0,unk,3491,5.595
6183,comparecer,0,verb,3490,5.594
6184,remo,0,noun,3490,5.594
6185,despercebido,0,noun,3488,5.591
6186,noutras,0,unk,3488,5.591
6187,sensibilidade,0,noun,3488,5.591
6188,sudoeste,0,unk,3485,5.586
6189,agitado,0,noun,3484,5.584
6190,classificar,0,verb,3484,5.584
6191,martini,0,unk,3483,5.583
6192,bastidor,0,noun,3482,5.581
6193,experimental,0,adj,3482,5.581
6194,sondagem,0,noun,3481,5.579
6195,viola,0,noun,3481,5.579
6196,bostar,0,verb,3480,5.578
6197,tropical,0,adj,3480,5.578
6198,discrição,0,noun,3478,5.575
6199,bum,0,unk,3477,5.573
6200,poça,0,noun,3477,5.573
6201,leito,0,noun,3476,5.571
6202,mostras,0,unk,3472,5.565
6203,colisão,0,noun,3471,5.563
6204,hospedar,0,verb,3471,5.563
6205,dalton,0,unk,3470,5.562
6206,júpiter,0,verb,3469,5.560
6207,net,0,unk,3466,5.555
6208,relativo,0,noun,3466,5.555
6209,sanchez,0,unk,3466,5.555
6210,emergir,0,verb,3465,5.554
6211,maléfico,0,adj,3464,5.552
6212,empurrão,0,noun,3462,5.549
6213,definitivo,0,noun,3460,5.546
6214,recipiente,0,adj,3460,5.546
6215,pêssego,0,noun,3459,5.544
6216,sessenta,0,num,3459,5.544
6217,dá-mo,0,noun,3458,5.542
6218,espetacular,0,verb,3455,5.538
6219,murdock,0,unk,3454,5.536
6220,bichar,0,verb,3453,5.534
6221,facilidade,0,noun,3452,5.533
6222,cirúrgico,0,adj,3450,5.530
6223,dardo,0,noun,3450,5.530
6224,esmagado,0,noun,3449,5.528
6225,consentimento,0,noun,3448,5.526
6226,sueco,0,adj,3448,5.526
6227,epidemia,0,noun,3444,5.520
6228,high,0,unk,3443,5.518
6229,maço,0,noun,3443,5.518
6230,curvar,0,verb,3442,5.517
6231,pen,0,unk,3442,5.517
6232,utilizador,0,noun,3442,5.517
6233,cru,0,unk,3441,5.515
6234,florescer,0,verb,3441,5.515
6235,organizado,0,noun,3441,5.515
6236,mercado negro,1,mwe,3440,5.514
6237,abdominal,0,adj,3439,5.512
6238,atentar,0,verb,3438,5.510
6239,ingrato,0,noun,3438,5.510
6240,injustiça,0,noun,3438,5.510
6241,medalhão,0,noun,3435,5.506
6242,nemo,0,noun,3435,5.506
6243,negação,0,noun,3434,5.504
6244,contagioso,0,adj,3432,5.501
6245,descida,0,noun,3432,5.501
6246,min,0,unk,3432,5.501
6247,possivel,0,adj,3432,5.501
6248,adesivo,0,noun,3430,5.498
6249,divorciado,0,noun,3430,5.498
6250,submundo,0,noun,3429,5.496
6251,warp,0,unk,3426,5.491
6252,intuição,0,noun,3425,5.490
6253,lunar,0,verb,3423,5.486
6254,foco,0,noun,3422,5.485
6255,lisonjear,0,verb,3422,5.485
6256,panda,0,noun,3422,5.485
6257,virtual,0,adj,3422,5.485
6258,infernal,0,adj,3420,5.482
6259,voces,0,unk,3419,5.480
6260,mosquito,0,noun,3417,5.477
6261,cascar,0,verb,3415,5.474
6262,abismo,0,noun,3412,5.469
6263,shh,0,unk,3412,5.469
6264,compreensível,0,adj,3410,5.466
6265,controlador,0,noun,3410,5.466
6266,sucata,0,noun,3410,5.466
6267,contexto,0,noun,3409,5.464
6268,pranchar,0,verb,3408,5.462
6269,picado,0,noun,3407,5.461
6270,maca,0,unk,3405,5.458
6271,desonrar,0,verb,3404,5.456
6272,faz-se,0,unk,3404,5.456
6273,pôs-me,0,unk,3400,5.449
6274,salva-vidas,0,unk,3400,5.449
6275,teta,0,noun,3400,5.449
6276,repentino,0,adj,3398,5.446
6277,calçar,0,verb,3397,5.445
6278,lançado,0,noun,3396,5.443
6279,fortalecer,0,verb,3394,5.440
6280,recompensa,0,noun,3394,5.440
6281,traumatismo,0,noun,3394,5.440
6282,mafioso,0,adj,3391,5.435
6283,carteiro,0,noun,3390,5.433
6284,desprezível,0,adj,3390,5.433
6285,preparativos,0,unk,3389,5.432
6286,charmoso,0,adj,3386,5.427
6287,teto,0,noun,3386,5.427
6288,rapidez,0,unk,3384,5.424
6289,estabelecido,0,noun,3383,5.422
6290,mini,0,unk,3383,5.422
6291,new jersey,1,mwe,3382,5.421
6292,redimir,0,verb,3382,5.421
6293,abutre,0,unk,3380,5.417
6294,bin,0,unk,3379,5.416
6295,estupendo,0,noun,3378,5.414
6296,parceria,0,noun,3378,5.414
6297,sequestro,0,noun,3378,5.414
6298,dador,0,noun,3376,5.411
6299,golfo,0,noun,3376,5.411
6300,parlamento,0,noun,3375,5.409
6301,foguetão,0,noun,3373,5.406
6302,colombiano,0,adj,3372,5.405
6303,entranha,0,noun,3371,5.403
6304,masmorra,0,noun,3370,5.401
6305,pêlos,0,unk,3370,5.401
6306,arrepio,0,noun,3369,5.400
6307,rendição,0,noun,3369,5.400
6308,previsível,0,adj,3368,5.398
6309,espontâneo,0,noun,3367,5.397
6310,subitamente,0,adv,3367,5.397
6311,seguida,0,noun,3366,5.395
6312,vedar,0,verb,3366,5.395
6313,pressentir,0,verb,3365,5.393
6314,chuis,0,unk,3363,5.390
6315,pote,0,unk,3363,5.390
6316,selecção,0,noun,3363,5.390
6317,inapropriado,0,noun,3362,5.389
6318,executado,0,noun,3361,5.387
6319,grosseiro,0,noun,3360,5.385
6320,fornicar,0,verb,3359,5.384
6321,kgb,0,unk,3358,5.382
6322,spray,0,unk,3355,5.377
6323,erupção,0,noun,3354,5.376
6324,lê,0,unk,3354,5.376
6325,royal,0,adj,3353,5.374
6326,sénior,0,unk,3353,5.374
6327,entidade,0,noun,3352,5.373
6328,señor,0,unk,3350,5.369
6329,composição,0,noun,3347,5.365
6330,ampliar,0,verb,3346,5.363
6331,impaciente,0,adj,3345,5.361
6332,interrupção,0,noun,3345,5.361
6333,saldo,0,noun,3343,5.358
6334,armazenar,0,verb,3342,5.357
6335,civilizado,0,noun,3341,5.355
6336,determinação,0,noun,3341,5.355
6337,variedade,0,noun,3341,5.355
6338,argentino,0,adj,3340,5.353
6339,ásia,0,noun,3340,5.353
6340,apelar,0,verb,3339,5.352
6341,arrogância,0,noun,3339,5.352
6342,cap,0,unk,3339,5.352
6343,derrotado,0,noun,3339,5.352
6344,c'um caraças,1,mwe,3336,5.347
6345,hormona,0,noun,3335,5.345
6346,sobrancelha,0,noun,3333,5.342
6347,abastecimento,0,noun,3332,5.341
6348,agoniar,0,verb,3330,5.337
6349,infantaria,0,noun,3330,5.337
6350,sacudir,0,verb,3330,5.337
6351,contribuição,0,noun,3329,5.336
6352,argumentar,0,verb,3327,5.332
6353,cauteloso,0,adj,3327,5.332
6354,quartel-general,0,adj,3326,5.331
6355,cerco,0,noun,3324,5.328
6356,desempenhar,0,verb,3324,5.328
6357,nocturna,0,noun,3324,5.328
6358,sofisticado,0,noun,3324,5.328
6359,eminência,0,noun,3323,5.326
6360,mandado,0,noun,3321,5.323
6361,bombista,0,noun,3319,5.320
6362,tipa,0,noun,3319,5.320
6363,amuleto,0,noun,3318,5.318
6364,admissão,0,noun,3317,5.316
6365,elétrico,0,adj,3315,5.313
6366,iii,0,unk,3314,5.312
6367,madrid,0,unk,3311,5.307
6368,prosperar,0,verb,3309,5.304
6369,ração,0,noun,3308,5.302
6370,fofa,0,unk,3306,5.299
6371,contado,0,noun,3305,5.297
6372,juvenil,0,unk,3304,5.296
6373,marado,0,noun,3304,5.296
6374,persa,0,noun,3303,5.294
6375,propulsor,0,unk,3303,5.294
6376,agarrado,0,noun,3302,5.292
6377,nuca,0,unk,3302,5.292
6378,optimista,0,noun,3301,5.291
6379,reservado,0,noun,3301,5.291
6380,tostão,0,noun,3301,5.291
6381,bronze,0,unk,3300,5.289
6382,tributo,0,noun,3300,5.289
6383,presunto,0,noun,3299,5.288
6384,limonada,0,noun,3298,5.286
6385,panela,0,noun,3298,5.286
6386,yale,0,unk,3297,5.284
6387,fedorento,0,noun,3296,5.283
6388,exausta,0,noun,3295,5.281
6389,revisto,0,noun,3295,5.281
6390,reviver,0,verb,3295,5.281
6391,avance,0,unk,3294,5.280
6392,porquinho,0,adj,3294,5.280
6393,revólver,0,verb,3293,5.278
6394,âncora,0,noun,3293,5.278
6395,ginástica,0,adj,3292,5.276
6396,vagão,0,noun,3292,5.276
6397,balístico,0,adj,3291,5.275
6398,saia daí,1,mwe,3290,5.273
6399,corro,0,noun,3289,5.272
6400,lopez,0,unk,3289,5.272
6401,rap,0,unk,3289,5.272
6402,higiénico,0,adj,3288,5.270
6403,memorizar,0,verb,3288,5.270
6404,lsto,0,noun,3286,5.267
6405,inúmeras,0,unk,3285,5.265
6406,residir,0,verb,3285,5.265
6407,ventre,0,unk,3285,5.265
6408,costeleta,0,noun,3283,5.262
6409,sutiã,0,unk,3283,5.262
6410,up,0,unk,3281,5.259
6411,virgindade,0,noun,3281,5.259
6412,fry,0,unk,3277,5.252
6413,roer,0,verb,3277,5.252
6414,tocha,0,noun,3277,5.252
6415,liberal,0,adj,3276,5.251
6416,sentinela,0,noun,3276,5.251
6417,parasitar,0,verb,3274,5.248
6418,mora,0,noun,3272,5.244
6419,perícia,0,noun,3272,5.244
6420,arranco,0,noun,3271,5.243
6421,intermediário,0,noun,3271,5.243
6422,disfarçado,0,noun,3269,5.240
6423,mimar,0,verb,3269,5.240
6424,encoste,0,unk,3268,5.238
6425,jacques,0,unk,3266,5.235
6426,capitólio,0,noun,3265,5.233
6427,combatente,0,adj,3265,5.233
6428,quadrar,0,verb,3265,5.233
6429,viena,0,noun,3264,5.232
6430,di,0,unk,3263,5.230
6431,secretamente,0,adv,3263,5.230
6432,bisbilhotar,0,verb,3262,5.228
6433,simular,0,verb,3261,5.227
6434,espinhar,0,verb,3260,5.225
6435,chiça,0,noun,3257,5.220
6436,aperfeiçoar,0,verb,3252,5.212
6437,proximidade,0,noun,3251,5.211
6438,solucionar,0,verb,3251,5.211
6439,destruidor,0,noun,3249,5.207
6440,quinta,0,noun,3247,5.204
6441,histérico,0,adj,3246,5.203
6442,l d,1,mwe,3246,5.203
6443,feder,0,verb,3245,5.201
6444,tácticas,0,unk,3245,5.201
6445,publicamente,0,adv,3243,5.198
6446,silenciar,0,verb,3243,5.198
6447,montagem,0,noun,3242,5.196
6448,go,0,unk,3241,5.195
6449,andamento,0,noun,3240,5.193
6450,guiado,0,noun,3240,5.193
6451,ordinário,0,noun,3240,5.193
6452,rigoroso,0,adj,3240,5.193
6453,salgado,0,noun,3240,5.193
6454,sofisticar,0,verb,3234,5.183
6455,alfândega,0,noun,3233,5.182
6456,di-lo,0,noun,3233,5.182
6457,suposição,0,noun,3233,5.182
6458,rebento,0,noun,3232,5.180
6459,cachimbo,0,noun,3231,5.179
6460,contentar,0,verb,3231,5.179
6461,contenção,0,noun,3231,5.179
6462,fedor,0,noun,3230,5.177
6463,mamar,0,verb,3230,5.177
6464,terraço,0,noun,3230,5.177
6465,quadrante,0,unk,3229,5.175
6466,persuadir,0,verb,3228,5.174
6467,henrique,0,unk,3227,5.172
6468,ola,0,noun,3227,5.172
6469,pilha,0,noun,3226,5.171
6470,sudeste,0,unk,3225,5.169
6471,operário,0,noun,3223,5.166
6472,põe-no,0,unk,3221,5.163
6473,temporariamente,0,adv,3221,5.163
6474,brando,0,noun,3220,5.161
6475,coleira,0,noun,3220,5.161
6476,milton,0,unk,3220,5.161
6477,escape,0,unk,3218,5.158
6478,apelo,0,noun,3217,5.156
6479,postura,0,noun,3216,5.155
6480,ex-namorada,0,noun,3214,5.151
6481,excessivo,0,noun,3214,5.151
6482,admirável,0,adj,3213,5.150
6483,afirmação,0,noun,3213,5.150
6484,alasca,0,unk,3213,5.150
6485,estranhamente,0,adv,3213,5.150
6486,chefiar,0,verb,3209,5.143
6487,dar-se,0,unk,3209,5.143
6488,chui,0,unk,3208,5.142
6489,exterminar,0,verb,3208,5.142
6490,james bond,1,mwe,3208,5.142
6491,maltratar,0,verb,3208,5.142
6492,rogar,0,verb,3208,5.142
6493,lucrar,0,verb,3206,5.139
6494,chicote,0,unk,3205,5.137
6495,neutro,0,noun,3205,5.137
6496,canalizador,0,noun,3204,5.135
6497,espalhado,0,noun,3203,5.134
6498,ip,0,unk,3203,5.134
6499,embalagem,0,noun,3202,5.132
6500,condolência,0,noun,3201,5.131
6501,crescente,0,adj,3200,5.129
6502,habitar,0,verb,3200,5.129
6503,anita,0,noun,3199,5.127
6504,post,0,unk,3199,5.127
6505,espectro,0,noun,3198,5.126
6506,estimular,0,verb,3197,5.124
6507,rochedo,0,noun,3197,5.124
6508,carvalho,0,noun,3196,5.123
6509,descuidar,0,verb,3195,5.121
6510,garantia,0,noun,3195,5.121
6511,embarque,0,unk,3193,5.118
6512,musicar,0,verb,3192,5.116
6513,ohh,0,unk,3192,5.116
6514,mercearia,0,noun,3191,5.115
6515,rabino,0,adj,3191,5.115
6516,rir-se,0,unk,3191,5.115
6517,estripador,0,noun,3189,5.111
6518,ressonância,0,noun,3189,5.111
6519,cume,0,unk,3187,5.108
6520,relações sexuais,1,mwe,3187,5.108
6521,tabela,0,noun,3187,5.108
6522,caveira,0,noun,3186,5.106
6523,convir,0,verb,3186,5.106
6524,crucificar,0,verb,3186,5.106
6525,falsificação,0,noun,3184,5.103
6526,manto,0,noun,3184,5.103
6527,mortos-vivos,0,unk,3184,5.103
6528,taxista,0,noun,3184,5.103
6529,atual,0,adj,3182,5.100
6530,design,0,unk,3182,5.100
6531,desembarcar,0,verb,3181,5.098
6532,messias,0,unk,3181,5.098
6533,similar,0,verb,3180,5.097
6534,bandeja,0,noun,3179,5.095
6535,transportador,0,noun,3179,5.095
6536,destemido,0,noun,3178,5.094
6537,pantera,0,noun,3176,5.090
6538,australiano,0,adj,3175,5.089
6539,interpretação,0,noun,3174,5.087
6540,conectar,0,verb,3173,5.086
6541,dispensado,0,noun,3173,5.086
6542,demoníaco,0,noun,3171,5.082
6543,old,0,unk,3171,5.082
6544,surf,0,unk,3171,5.082
6545,guarda costeira,1,mwe,3168,5.078
6546,desprezo,0,unk,3166,5.074
6547,convento,0,noun,3164,5.071
6548,bora,0,noun,3163,5.070
6549,panamá,0,unk,3163,5.070
6550,trigo,0,noun,3163,5.070
6551,porte,0,unk,3162,5.068
6552,ratazanar,0,verb,3161,5.066
6553,home,0,unk,3158,5.062
6554,va,0,unk,3158,5.062
6555,iscar,0,verb,3157,5.060
6556,lucrativo,0,noun,3156,5.058
6557,arquitecto,0,noun,3155,5.057
6558,totó,0,unk,3155,5.057
6559,bengala,0,noun,3154,5.055
6560,mostarda,0,noun,3154,5.055
6561,rendar,0,verb,3154,5.055
6562,moldar,0,verb,3152,5.052
6563,remediar,0,verb,3148,5.046
6564,esfolar,0,verb,3147,5.044
6565,oxford,0,unk,3147,5.044
6566,escusar,0,verb,3146,5.042
6567,frontal,0,adj,3145,5.041
6568,relíquia,0,noun,3144,5.039
6569,ostra,0,noun,3142,5.036
6570,piar,0,verb,3140,5.033
6571,supervisão,0,noun,3137,5.028
6572,bombardeamento,0,noun,3136,5.026
6573,ignorância,0,noun,3136,5.026
6574,pulo,0,noun,3136,5.026
6575,claude,0,noun,3135,5.025
6576,latino,0,adj,3134,5.023
6577,ponham-se,0,unk,3134,5.023
6578,â,0,unk,3134,5.023
6579,descoberta,0,noun,3132,5.020
6580,alargar,0,verb,3131,5.018
6581,spa,0,noun,3131,5.018
6582,copa,0,noun,3128,5.014
6583,enfarte,0,unk,3126,5.010
6584,mosqueteiro,0,noun,3126,5.010
6585,stressar,0,verb,3126,5.010
6586,expansão,0,noun,3125,5.009
6587,vingador,0,noun,3124,5.007
6588,kentucky,0,unk,3123,5.006
6589,elfos,0,unk,3121,5.002
6590,excepcional,0,adj,3119,4.999
6591,agudo,0,adj,3117,4.996
6592,super-herói,0,unk,3117,4.996
6593,comovente,0,adj,3116,4.994
6594,metralhador,0,noun,3116,4.994
6595,cordão,0,noun,3115,4.993
6596,fodam,0,unk,3114,4.991
6597,manuscrito,0,noun,3113,4.989
6598,cómico,0,adj,3112,4.988
6599,parasita,0,noun,3112,4.988
6600,carneiro,0,noun,3110,4.985
6601,exagero,0,noun,3110,4.985
6602,exigente,0,adj,3109,4.983
6603,infectados,0,unk,3108,4.981
6604,polónio,0,noun,3108,4.981
6605,paulo,0,noun,3104,4.975
6606,triunfo,0,noun,3104,4.975
6607,judas,0,unk,3103,4.973
6608,deprimido,0,noun,3102,4.972
6609,reabrir,0,verb,3101,4.970
6610,delícia,0,noun,3099,4.967
6611,diagnosticar,0,verb,3099,4.967
6612,caracol,0,unk,3096,4.962
6613,inverter,0,verb,3096,4.962
6614,envenenado,0,noun,3095,4.961
6615,sirene,0,unk,3095,4.961
6616,átomo,0,noun,3094,4.959
6617,maligno,0,unk,3093,4.957
6618,carinhoso,0,adj,3092,4.956
6619,mosteiro,0,noun,3087,4.948
6620,veste,0,unk,3087,4.948
6621,dezoito,0,num,3086,4.946
6622,permitido,0,noun,3085,4.945
6623,vergonhoso,0,adj,3081,4.938
6624,átrio,0,noun,3081,4.938
6625,furtivo,0,noun,3079,4.935
6626,clareza,0,noun,3078,4.933
6627,lha,0,noun,3078,4.933
6628,procurador-geral,0,adj,3078,4.933
6629,assinado,0,noun,3077,4.932
6630,conexão,0,noun,3077,4.932
6631,boyle,0,unk,3076,4.930
6632,bronco,0,noun,3075,4.929
6633,inspirador,0,noun,3075,4.929
6634,muscular,0,verb,3073,4.925
6635,night,0,unk,3072,4.924
6636,encarregue,0,unk,3071,4.922
6637,macio,0,noun,3069,4.919
6638,with,0,unk,3067,4.916
6639,chaminé,0,unk,3065,4.913
6640,primitivo,0,noun,3064,4.911
6641,tacada,0,noun,3064,4.911
6642,fortemente,0,adv,3063,4.909
6643,multa,0,noun,3063,4.909
6644,dividido,0,noun,3062,4.908
6645,mergulhador,0,noun,3062,4.908
6646,electrónica,0,adj,3061,4.906
6647,ameaçado,0,noun,3060,4.905
6648,avesso,0,noun,3060,4.905
6649,multiplicar,0,verb,3060,4.905
6650,dossier,0,verb,3059,4.903
6651,dra brennan,1,mwe,3059,4.903
6652,iogurte,0,unk,3059,4.903
6653,impotente,0,adj,3058,4.901
6654,percepção,0,noun,3056,4.898
6655,manuel,0,adj,3054,4.895
6656,caminhão,0,noun,3053,4.893
6657,ex-namorado,0,noun,3051,4.890
6658,exterminador,0,noun,3051,4.890
6659,cabeleireiro,0,noun,3050,4.889
6660,programação,0,noun,3047,4.884
6661,tanga,0,noun,3047,4.884
6662,esmurrar,0,verb,3046,4.882
6663,abafar,0,verb,3045,4.880
6664,borrar,0,verb,3045,4.880
6665,lixeira,0,noun,3045,4.880
6666,marta,0,noun,3045,4.880
6667,algoritmo,0,noun,3044,4.879
6668,hematoma,0,noun,3044,4.879
6669,devidamente,0,adv,3042,4.876
6670,farinha,0,adj,3042,4.876
6671,ervilha,0,noun,3041,4.874
6672,rangers,0,unk,3041,4.874
6673,vai-nos,0,unk,3041,4.874
6674,patrulha,0,noun,3040,4.872
6675,rã,0,unk,3039,4.871
6676,vil,0,unk,3039,4.871
6677,discípulo,0,noun,3038,4.869
6678,forasteiro,0,noun,3038,4.869
6679,tac,0,unk,3038,4.869
6680,realeza,0,noun,3035,4.864
6681,ânimo,0,noun,3035,4.864
6682,atuar,0,verb,3034,4.863
6683,bombardeiro,0,noun,3033,4.861
6684,espelunca,0,unk,3033,4.861
6685,gravemente,0,adv,3033,4.861
6686,tigela,0,noun,3032,4.860
6687,dezasseis,0,num,3031,4.858
6688,matador,0,noun,3031,4.858
6689,radiante,0,unk,3031,4.858
6690,tem-me,0,unk,3031,4.858
6691,todo-poderoso,0,adj,3031,4.858
6692,estratégico,0,adj,3030,4.856
6693,contador,0,noun,3029,4.855
6694,moribundo,0,noun,3029,4.855
6695,alojamento,0,noun,3028,4.853
6696,emocionar,0,verb,3028,4.853
6697,matinal,0,adj,3025,4.848
6698,moção,0,noun,3025,4.848
6699,trenó,0,unk,3025,4.848
6700,bon,0,unk,3024,4.847
6701,escultura,0,noun,3023,4.845
6702,etapa,0,noun,3023,4.845
6703,barragem,0,noun,3022,4.844
6704,objecção,0,noun,3022,4.844
6705,queque,0,unk,3022,4.844
6706,veloz,0,unk,3022,4.844
6707,circulação,0,noun,3021,4.842
6708,elias,0,unk,3021,4.842
6709,mmm,0,unk,3020,4.840
6710,apresentar queixa,1,mwe,3019,4.839
6711,gole,0,unk,3019,4.839
6712,incompetente,0,adj,3019,4.839
6713,alterado,0,noun,3018,4.837
6714,desordem,0,noun,3018,4.837
6715,säo,0,unk,3018,4.837
6716,árbitro,0,noun,3018,4.837
6717,considerável,0,adj,3016,4.834
6718,mortífero,0,noun,3016,4.834
6719,coca-cola,0,noun,3012,4.828
6720,assuntos internos,1,mwe,3011,4.826
6721,crente,0,adj,3008,4.821
6722,ripostar,0,verb,3008,4.821
6723,mentalmente,0,adv,3007,4.820
6724,prefeito,0,noun,3007,4.820
6725,mariquinhas,0,unk,3006,4.818
6726,meia dúzia,1,mwe,3006,4.818
6727,comprovar,0,verb,3004,4.815
6728,crítica,0,adj,3003,4.813
6729,clinton,0,unk,3001,4.810
6730,equipar,0,verb,2999,4.807
6731,excêntrico,0,adj,2999,4.807
6732,timothy,0,unk,2999,4.807
6733,vassoura,0,noun,2999,4.807
6734,rotação,0,noun,2998,4.805
6735,eleger,0,verb,2996,4.802
6736,desabafar,0,verb,2995,4.800
6737,sensacional,0,adj,2995,4.800
6738,corromper,0,verb,2994,4.799
6739,encenar,0,verb,2994,4.799
6740,extorsão,0,noun,2994,4.799
6741,monumento,0,noun,2994,4.799
6742,alavancar,0,verb,2990,4.792
6743,celeste,0,unk,2990,4.792
6744,funcionamento,0,noun,2990,4.792
6745,judiar,0,verb,2989,4.791
6746,fungo,0,noun,2988,4.789
6747,fundir,0,verb,2986,4.786
6748,incentivo,0,noun,2986,4.786
6749,irracional,0,adj,2986,4.786
6750,pónei,0,unk,2986,4.786
6751,afecto,0,noun,2985,4.784
6752,ferrari,0,unk,2984,4.783
6753,esboço,0,noun,2981,4.778
6754,ianque,0,unk,2981,4.778
6755,arquivar,0,verb,2980,4.776
6756,tremor,0,unk,2980,4.776
6757,calmamente,0,adv,2979,4.775
6758,característica,0,adj,2979,4.775
6759,intimidade,0,noun,2978,4.773
6760,maestro,0,noun,2978,4.773
6761,múmia,0,noun,2978,4.773
6762,confortar,0,verb,2977,4.772
6763,bravura,0,noun,2976,4.770
6764,javali,0,unk,2975,4.768
6765,disco rígido,1,mwe,2972,4.763
6766,fita,0,noun,2971,4.762
6767,lê-lo,0,noun,2971,4.762
6768,illinois,0,unk,2969,4.759
6769,marciano,0,adj,2967,4.755
6770,jarda,0,noun,2966,4.754
6771,privada,0,noun,2966,4.754
6772,porcento,0,noun,2965,4.752
6773,aquisição,0,noun,2963,4.749
6774,duquesa,0,adj,2963,4.749
6775,deslumbrante,0,unk,2961,4.746
6776,humphrey,0,unk,2961,4.746
6777,agitação,0,noun,2960,4.744
6778,b i,1,mwe,2959,4.743
6779,ca,0,unk,2959,4.743
6780,liquidar,0,verb,2959,4.743
6781,zoom,0,unk,2959,4.743
6782,estao,0,unk,2958,4.741
6783,tese,0,unk,2958,4.741
6784,artes marciais,1,mwe,2957,4.739
6785,mimi,0,unk,2956,4.738
6786,discordo,0,noun,2955,4.736
6787,jurídico,0,adj,2955,4.736
6788,contusão,0,noun,2954,4.735
6789,maratona,0,noun,2954,4.735
6790,prostituição,0,noun,2953,4.733
6791,bocas,0,unk,2952,4.731
6792,devolvido,0,noun,2952,4.731
6793,cisne,0,unk,2951,4.730
6794,vala,0,noun,2951,4.730
6795,raspar,0,verb,2949,4.727
6796,lamentável,0,adj,2948,4.725
6797,cozido,0,noun,2946,4.722
6798,marketing,0,unk,2946,4.722
6799,barman,0,unk,2944,4.719
6800,skate,0,unk,2943,4.717
6801,horroroso,0,adj,2941,4.714
6802,cisco,0,noun,2940,4.712
6803,tripa,0,noun,2940,4.712
6804,afiar,0,verb,2938,4.709
6805,gangues,0,unk,2938,4.709
6806,místico,0,adj,2937,4.707
6807,cansativo,0,noun,2936,4.706
6808,enfurecer,0,verb,2936,4.706
6809,mercê,0,unk,2936,4.706
6810,kms,0,unk,2935,4.704
6811,memorando,0,noun,2935,4.704
6812,palavrão,0,noun,2934,4.703
6813,sobrecarregar,0,verb,2934,4.703
6814,desencadear,0,verb,2933,4.701
6815,foleiro,0,noun,2933,4.701
6816,recreio,0,noun,2933,4.701
6817,véu,0,unk,2932,4.699
6818,denso,0,noun,2931,4.698
6819,impune,0,unk,2927,4.691
6820,manifesto,0,noun,2927,4.691
6821,mineral,0,adj,2927,4.691
6822,credibilidade,0,noun,2926,4.690
6823,delito,0,noun,2926,4.690
6824,papo,0,noun,2926,4.690
6825,vulcano,0,adj,2924,4.687
6826,derradeiro,0,noun,2923,4.685
6827,apito,0,noun,2922,4.683
6828,escobar,0,verb,2920,4.680
6829,barbeiro,0,noun,2918,4.677
6830,cala,0,noun,2918,4.677
6831,ofício,0,noun,2917,4.675
6832,almofada,0,noun,2916,4.674
6833,arar,0,verb,2916,4.674
6834,reno,0,noun,2916,4.674
6835,bilhar,0,verb,2915,4.672
6836,dó,0,unk,2915,4.672
6837,chocado,0,noun,2914,4.671
6838,indiferente,0,adj,2914,4.671
6839,reduzido,0,noun,2914,4.671
6840,assédio,0,noun,2913,4.669
6841,jurado,0,noun,2913,4.669
6842,familiarizar,0,verb,2912,4.667
6843,nevar,0,verb,2912,4.667
6844,milímetro,0,noun,2910,4.664
6845,ratazana,0,adj,2910,4.664
6846,pinto,0,noun,2909,4.663
6847,tirano,0,adj,2909,4.663
6848,maciço,0,noun,2908,4.661
6849,asfixiar,0,verb,2906,4.658
6850,cancelado,0,noun,2905,4.656
6851,encaminhar,0,verb,2905,4.656
6852,martinez,0,unk,2905,4.656
6853,direcções,0,noun,2904,4.655
6854,estalar,0,verb,2904,4.655
6855,anotação,0,noun,2902,4.651
6856,búfalo,0,noun,2902,4.651
6857,credível,0,adj,2899,4.646
6858,memphis,0,unk,2899,4.646
6859,àquilo,0,noun,2899,4.646
6860,sedar,0,verb,2898,4.645
6861,vitaminar,0,verb,2897,4.643
6862,óscar,0,verb,2897,4.643
6863,meteorito,0,noun,2896,4.642
6864,pornográfico,0,adj,2895,4.640
6865,stop,0,unk,2895,4.640
6866,en,0,unk,2894,4.638
6867,paranormal,0,adj,2892,4.635
6868,atestar,0,verb,2891,4.634
6869,decapitar,0,verb,2889,4.630
6870,geleia,0,noun,2889,4.630
6871,arodri,0,unk,2887,4.627
6872,brecha,0,noun,2887,4.627
6873,reviravolta,0,noun,2887,4.627
6874,esteróides,0,unk,2885,4.624
6875,fedelho,0,noun,2884,4.622
6876,les,0,unk,2884,4.622
6877,marshal,0,adj,2884,4.622
6878,vaga,0,noun,2884,4.622
6879,seguramente,0,adv,2883,4.621
6880,nobel,0,adj,2882,4.619
6881,náusea,0,unk,2881,4.618
6882,dilema,0,noun,2880,4.616
6883,tresandar,0,verb,2880,4.616
6884,misericordioso,0,adj,2877,4.611
6885,amargo,0,noun,2876,4.610
6886,buraco negro,1,mwe,2876,4.610
6887,carpete,0,unk,2876,4.610
6888,dedicação,0,noun,2876,4.610
6889,fascista,0,noun,2875,4.608
6890,competente,0,adj,2873,4.605
6891,judaico,0,adj,2873,4.605
6892,sózinho,0,adj,2871,4.602
6893,resumo,0,noun,2870,4.600
6894,catálogo,0,noun,2869,4.598
6895,orcs,0,unk,2867,4.595
6896,tentou matar-me,1,mwe,2867,4.595
6897,fernando,0,noun,2866,4.594
6898,oráculo,0,noun,2866,4.594
6899,avisado,0,noun,2865,4.592
6900,especulação,0,noun,2865,4.592
6901,infiltrado,0,noun,2865,4.592
6902,apple,0,unk,2864,4.590
6903,coiote,0,unk,2863,4.589
6904,presenciar,0,verb,2861,4.586
6905,sujeitar,0,verb,2861,4.586
6906,legume,0,unk,2856,4.578
6907,gueto,0,noun,2855,4.576
6908,catarina,0,adj,2854,4.574
6909,catedral,0,adj,2854,4.574
6910,mantido,0,noun,2854,4.574
6911,sinceridade,0,noun,2854,4.574
6912,lã,0,unk,2853,4.573
6913,quinhentos,0,unk,2852,4.571
6914,julieta,0,noun,2850,4.568
6915,eleitor,0,unk,2849,4.566
6916,ferrar,0,verb,2849,4.566
6917,manta,0,noun,2849,4.566
6918,convencional,0,adj,2848,4.565
6919,abastecer,0,verb,2846,4.562
6920,vibrar,0,verb,2845,4.560
6921,respiratório,0,noun,2844,4.558
6922,fiz-lhe,0,unk,2843,4.557
6923,pairar,0,verb,2843,4.557
6924,tapa,0,noun,2843,4.557
6925,cósmico,0,adj,2842,4.555
6926,we,0,unk,2842,4.555
6927,prudente,0,adj,2840,4.552
6928,exprimir,0,verb,2839,4.550
6929,ilimitado,0,noun,2839,4.550
6930,ponha-se,0,unk,2839,4.550
6931,imortalidade,0,noun,2838,4.549
6932,wc,0,unk,2837,4.547
6933,cratera,0,noun,2836,4.546
6934,acariciar,0,verb,2835,4.544
6935,estatística,0,adj,2832,4.539
6936,º aniversário,1,mwe,2832,4.539
6937,odor,0,noun,2831,4.538
6938,soma,0,noun,2830,4.536
6939,triunfar,0,verb,2826,4.529
6940,tellos,0,unk,2825,4.528
6941,surto,0,noun,2824,4.526
6942,anal,0,adj,2823,4.525
6943,instantâneo,0,noun,2821,4.521
6944,oklahoma,0,noun,2820,4.520
6945,tampão,0,noun,2820,4.520
6946,felicitar,0,verb,2819,4.518
6947,andrews,0,unk,2817,4.515
6948,aspirar,0,verb,2816,4.513
6949,justamente,0,adv,2816,4.513
6950,oitenta,0,num,2816,4.513
6951,regularmente,0,adv,2815,4.512
6952,subconsciente,0,adj,2815,4.512
6953,magricelas,0,unk,2814,4.510
6954,cona,0,noun,2813,4.509
6955,ocorrido,0,noun,2812,4.507
6956,gringo,0,noun,2811,4.505
6957,esposo,0,adj,2810,4.504
6958,gangster,0,verb,2810,4.504
6959,humidade,0,noun,2810,4.504
6960,flexível,0,adj,2809,4.502
6961,milícia,0,noun,2809,4.502
6962,pesada,0,noun,2809,4.502
6963,aniquilar,0,verb,2807,4.499
6964,newman,0,unk,2807,4.499
6965,fosso,0,noun,2803,4.493
6966,enriquecer,0,verb,2802,4.491
6967,fogão,0,noun,2802,4.491
6968,frustrar,0,verb,2802,4.491
6969,ocasionalmente,0,adv,2802,4.491
6970,caramelo,0,noun,2801,4.489
6971,ponderar,0,verb,2800,4.488
6972,esvair,0,verb,2799,4.486
6973,intérprete,0,unk,2799,4.486
6974,reconfortante,0,unk,2799,4.486
6975,twitter,0,verb,2798,4.485
6976,cautela,0,noun,2797,4.483
6977,cálice,0,noun,2796,4.481
6978,flecha,0,noun,2796,4.481
6979,frequente,0,adj,2796,4.481
6980,assombrado,0,noun,2795,4.480
6981,pugilista,0,noun,2795,4.480
6982,morador,0,noun,2794,4.478
6983,embaraçar,0,verb,2793,4.477
6984,desactivar,0,verb,2791,4.473
6985,estreito,0,noun,2791,4.473
6986,forças armadas,1,mwe,2791,4.473
6987,oitavo,0,num,2791,4.473
6988,feitio,0,noun,2789,4.470
6989,petição,0,noun,2789,4.470
6990,demônio,0,noun,2787,4.467
6991,financiamento,0,noun,2786,4.465
6992,engenho,0,noun,2784,4.462
6993,recruta,0,noun,2784,4.462
6994,tentador,0,noun,2784,4.462
6995,esparguete,0,unk,2782,4.459
6996,tema,0,noun,2782,4.459
6997,igualdade,0,noun,2779,4.454
6998,samaritano,0,adj,2778,4.453
6999,cunhado,0,noun,2777,4.451
7000,perseguido,0,noun,2777,4.451
7001,perseguidor,0,noun,2777,4.451
7002,aquático,0,adj,2776,4.449
7003,favorecer,0,verb,2776,4.449
7004,gostoso,0,adj,2776,4.449
7005,prisional,0,adj,2776,4.449
7006,sela,0,noun,2776,4.449
7007,bilionário,0,noun,2775,4.448
7008,honras,0,unk,2775,4.448
7009,licenciar,0,verb,2775,4.448
7010,livremente,0,adv,2775,4.448
7011,berrar,0,verb,2774,4.446
7012,down,0,unk,2773,4.445
7013,web,0,unk,2773,4.445
7014,delirar,0,verb,2771,4.441
7015,prematuro,0,noun,2770,4.440
7016,réplica,0,adj,2769,4.438
7017,catorze,0,num,2768,4.437
7018,duvidoso,0,adj,2768,4.437
7019,trapo,0,noun,2768,4.437
7020,boo,0,unk,2767,4.435
7021,polegada,0,noun,2767,4.435
7022,fins-de-semana,0,adj,2766,4.433
7023,alpendre,0,unk,2764,4.430
7024,chifre,0,unk,2764,4.430
7025,drenar,0,verb,2763,4.429
7026,recriar,0,verb,2763,4.429
7027,venerar,0,verb,2763,4.429
7028,buda,0,noun,2762,4.427
7029,inauguração,0,noun,2762,4.427
7030,ressurreição,0,noun,2762,4.427
7031,trá-la,0,noun,2762,4.427
7032,dissolver,0,verb,2761,4.425
7033,estimativa,0,noun,2761,4.425
7034,tantas saudades,1,mwe,2761,4.425
7035,round,0,unk,2760,4.424
7036,vito,0,noun,2760,4.424
7037,cambridge,0,unk,2759,4.422
7038,casual,0,adj,2759,4.422
7039,acorrentar,0,verb,2758,4.420
7040,iowa,0,unk,2757,4.419
7041,patrocinador,0,noun,2757,4.419
7042,chapa,0,noun,2756,4.417
7043,julgado,0,noun,2755,4.416
7044,maduro,0,noun,2755,4.416
7045,penhorar,0,verb,2755,4.416
7046,torneira,0,noun,2755,4.416
7047,link,0,unk,2754,4.414
7048,artifício,0,noun,2752,4.411
7049,rafael,0,adj,2752,4.411
7050,atear,0,verb,2750,4.408
7051,napoleão,0,noun,2750,4.408
7052,calça,0,noun,2749,4.406
7053,podiamos,0,unk,2749,4.406
7054,reclamação,0,noun,2748,4.404
7055,liberar,0,verb,2747,4.403
7056,sonhador,0,noun,2747,4.403
7057,take,0,unk,2747,4.403
7058,virado,0,noun,2747,4.403
7059,evidentemente,0,adv,2746,4.401
7060,macarrão,0,noun,2746,4.401
7061,bruxo,0,noun,2745,4.400
7062,paranóia,0,noun,2745,4.400
7063,arranque,0,unk,2744,4.398
7064,bronzear,0,verb,2744,4.398
7065,aparição,0,noun,2739,4.390
7066,light,0,unk,2739,4.390
7067,meteoro,0,noun,2738,4.388
7068,retido,0,noun,2738,4.388
7069,bull,0,unk,2737,4.387
7070,episódios anteriores,1,mwe,2737,4.387
7071,italiansubs,0,unk,2737,4.387
7072,polar,0,verb,2737,4.387
7073,quebrado,0,noun,2736,4.385
7074,redução,0,noun,2736,4.385
7075,avante,0,unk,2735,4.384
7076,co,0,unk,2735,4.384
7077,estalo,0,noun,2735,4.384
7078,acidental,0,adj,2734,4.382
7079,pô-los,0,unk,2733,4.380
7080,ilegalmente,0,adv,2732,4.379
7081,larva,0,noun,2732,4.379
7082,saque,0,unk,2732,4.379
7083,suspiro,0,noun,2732,4.379
7084,viu-me,0,unk,2732,4.379
7085,country,0,unk,2731,4.377
7086,recitar,0,verb,2731,4.377
7087,tranquilizante,0,unk,2730,4.376
7088,espanto,0,noun,2729,4.374
7089,louro,0,noun,2729,4.374
7090,fantoche,0,unk,2728,4.372
7091,compreensivo,0,noun,2727,4.371
7092,metálico,0,adj,2725,4.368
7093,derrame,0,unk,2724,4.366
7094,reconstrução,0,noun,2724,4.366
7095,pera,0,noun,2723,4.364
7096,planeamento,0,noun,2723,4.364
7097,vigiado,0,noun,2721,4.361
7098,apagão,0,noun,2720,4.360
7099,tanas,0,unk,2720,4.360
7100,ósseo,0,noun,2720,4.360
7101,bibliotecário,0,noun,2718,4.356
7102,competência,0,noun,2718,4.356
7103,peregrino,0,adj,2718,4.356
7104,apólice,0,noun,2717,4.355
7105,engasgar,0,verb,2717,4.355
7106,frustrante,0,unk,2717,4.355
7107,orquestra,0,noun,2715,4.352
7108,infravermelho,0,noun,2714,4.350
7109,pino,0,adj,2714,4.350
7110,cilindro,0,noun,2713,4.348
7111,massachusetts,0,unk,2713,4.348
7112,unha,0,noun,2713,4.348
7113,alcateia,0,noun,2711,4.345
7114,alfinete,0,unk,2709,4.342
7115,avariado,0,noun,2708,4.340
7116,smoking,0,unk,2708,4.340
7117,tailândia,0,noun,2707,4.339
7118,bourbon,0,unk,2706,4.337
7119,nápoles,0,unk,2706,4.337
7120,out,0,unk,2706,4.337
7121,repousar,0,verb,2705,4.336
7122,tem-se,0,unk,2705,4.336
7123,fidelidade,0,noun,2704,4.334
7124,supremo tribunal,1,mwe,2704,4.334
7125,boletim,0,unk,2703,4.332
7126,gaulês,0,adj,2703,4.332
7127,iraquiano,0,adj,2703,4.332
7128,sondar,0,verb,2703,4.332
7129,magistrado,0,noun,2702,4.331
7130,aroma,0,noun,2701,4.329
7131,auge,0,unk,2701,4.329
7132,cruzada,0,noun,2701,4.329
7133,baralho,0,noun,2700,4.328
7134,medalha,0,noun,2699,4.326
7135,feixe,0,unk,2698,4.324
7136,an,0,unk,2697,4.323
7137,big bang,1,mwe,2697,4.323
7138,luís,0,unk,2697,4.323
7139,soutien,0,unk,2697,4.323
7140,darwin,0,unk,2696,4.321
7141,gretar,0,verb,2696,4.321
7142,quimioterapia,0,noun,2696,4.321
7143,rodeio,0,noun,2696,4.321
7144,noventa,0,num,2695,4.320
7145,adoptar,0,verb,2693,4.316
7146,bato,0,noun,2692,4.315
7147,requisitar,0,verb,2692,4.315
7148,telescópio,0,noun,2692,4.315
7149,especiaria,0,noun,2691,4.313
7150,manicómio,0,noun,2691,4.313
7151,obstrução,0,noun,2691,4.313
7152,ketchup,0,unk,2689,4.310
7153,instruir,0,verb,2688,4.308
7154,tradutor,0,unk,2688,4.308
7155,mascote,0,unk,2687,4.307
7156,pestanejar,0,verb,2687,4.307
7157,espinho,0,adj,2685,4.303
7158,et,0,unk,2685,4.303
7159,iluminação,0,noun,2685,4.303
7160,mónica,0,adj,2684,4.302
7161,temperamento,0,noun,2684,4.302
7162,pedófilo,0,noun,2682,4.299
7163,viável,0,adj,2682,4.299
7164,bin laden,1,mwe,2681,4.297
7165,soa-me,0,unk,2681,4.297
7166,actualização,0,noun,2680,4.295
7167,decência,0,noun,2679,4.294
7168,moinho,0,adj,2679,4.294
7169,navalhar,0,verb,2679,4.294
7170,pêsames,0,unk,2679,4.294
7171,decisivo,0,noun,2677,4.291
7172,energético,0,adj,2677,4.291
7173,andré,0,unk,2675,4.287
7174,calipigia,0,noun,2675,4.287
7175,contrair,0,verb,2675,4.287
7176,segundar,0,verb,2674,4.286
7177,beethoven,0,unk,2673,4.284
7178,vespa,0,noun,2673,4.284
7179,gargalhada,0,noun,2672,4.283
7180,saca,0,unk,2672,4.283
7181,dentário,0,noun,2670,4.279
7182,separatista,0,noun,2670,4.279
7183,relvado,0,noun,2669,4.278
7184,esclarecido,0,noun,2668,4.276
7185,curado,0,noun,2667,4.275
7186,escorrer,0,verb,2667,4.275
7187,deixado,0,noun,2665,4.271
7188,nações unidas,1,mwe,2665,4.271
7189,é-me,0,unk,2665,4.271
7190,angariação,0,noun,2664,4.270
7191,planície,0,unk,2663,4.268
7192,banca,0,unk,2660,4.263
7193,congelador,0,noun,2660,4.263
7194,cómodo,0,noun,2660,4.263
7195,escravatura,0,noun,2660,4.263
7196,rédea,0,unk,2660,4.263
7197,seita,0,noun,2660,4.263
7198,alfredo,0,noun,2659,4.262
7199,devoção,0,noun,2659,4.262
7200,acomodar,0,verb,2657,4.259
7201,jà,0,unk,2657,4.259
7202,apto,0,noun,2656,4.257
7203,engenhoso,0,adj,2656,4.257
7204,nata,0,noun,2656,4.257
7205,silva,0,noun,2656,4.257
7206,su,0,unk,2656,4.257
7207,épico,0,adj,2656,4.257
7208,gala,0,noun,2655,4.255
7209,trezentos,0,unk,2651,4.249
7210,fascinar,0,verb,2649,4.246
7211,hà,0,unk,2649,4.246
7212,manhoso,0,adj,2648,4.244
7213,usá-los,0,unk,2648,4.244
7214,recife,0,unk,2647,4.243
7215,raivoso,0,adj,2646,4.241
7216,comprado,0,noun,2645,4.239
7217,repouso,0,unk,2645,4.239
7218,dinâmico,0,adj,2644,4.238
7219,desertar,0,verb,2642,4.235
7220,redondezas,0,unk,2640,4.231
7221,irregular,0,verb,2639,4.230
7222,bancada,0,noun,2637,4.227
7223,distinção,0,noun,2636,4.225
7224,estimulante,0,unk,2636,4.225
7225,un,0,unk,2636,4.225
7226,dependente,0,adj,2634,4.222
7227,luar,0,verb,2634,4.222
7228,aterrorizado,0,noun,2633,4.220
7229,bagageira,0,noun,2633,4.220
7230,unicórnio,0,noun,2633,4.220
7231,mayday,0,unk,2631,4.217
7232,melhoria,0,noun,2630,4.215
7233,pente,0,adj,2630,4.215
7234,roupão,0,noun,2630,4.215
7235,retardar,0,verb,2629,4.214
7236,engate,0,unk,2628,4.212
7237,nico,0,adj,2628,4.212
7238,seringa,0,noun,2628,4.212
7239,angariar,0,verb,2627,4.211
7240,palha,0,noun,2627,4.211
7241,alce,0,unk,2625,4.207
7242,bridge,0,unk,2624,4.206
7243,espremer,0,verb,2624,4.206
7244,bad,0,unk,2623,4.204
7245,arruinado,0,noun,2622,4.203
7246,banhar,0,verb,2622,4.203
7247,casinha,0,adj,2621,4.201
7248,papi,0,unk,2621,4.201
7249,rufia,0,noun,2621,4.201
7250,alucinar,0,verb,2620,4.199
7251,estabilidade,0,noun,2620,4.199
7252,proa,0,noun,2620,4.199
7253,garantido,0,noun,2619,4.198
7254,shots,0,unk,2619,4.198
7255,competitivo,0,noun,2617,4.195
7256,repetição,0,noun,2616,4.193
7257,combinado,0,noun,2615,4.191
7258,stock,0,unk,2615,4.191
7259,credencial,0,adj,2614,4.190
7260,extremidade,0,noun,2614,4.190
7261,covil,0,unk,2613,4.188
7262,erótico,0,adj,2613,4.188
7263,horrendo,0,noun,2612,4.186
7264,aparente,0,adj,2611,4.185
7265,fileira,0,noun,2610,4.183
7266,oponente,0,adj,2610,4.183
7267,pinça,0,noun,2610,4.183
7268,canino,0,adj,2609,4.182
7269,enferrujar,0,verb,2609,4.182
7270,piratear,0,verb,2609,4.182
7271,eliminado,0,noun,2607,4.178
7272,descodificar,0,verb,2605,4.175
7273,don't,0,unk,2604,4.174
7274,persistente,0,adj,2603,4.172
7275,con,0,unk,2601,4.169
7276,consumidor,0,noun,2601,4.169
7277,recair,0,verb,2601,4.169
7278,vertical,0,adj,2601,4.169
7279,du,0,unk,2600,4.167
7280,formalidade,0,noun,2600,4.167
7281,scanner,0,verb,2600,4.167
7282,cínico,0,adj,2599,4.166
7283,ardente,0,adj,2597,4.162
7284,chili,0,unk,2596,4.161
7285,espécime,0,unk,2596,4.161
7286,exorcismo,0,noun,2596,4.161
7287,riacho,0,noun,2596,4.161
7288,calcanhar,0,verb,2594,4.158
7289,vice,0,noun,2594,4.158
7290,concedido,0,noun,2593,4.156
7291,kaboom,0,unk,2591,4.153
7292,aliviado,0,noun,2590,4.151
7293,produtivo,0,noun,2590,4.151
7294,bruxaria,0,noun,2588,4.148
7295,munição,0,noun,2586,4.145
7296,visualizar,0,verb,2586,4.145
7297,entes queridos,1,mwe,2584,4.142
7298,intensivo,0,noun,2584,4.142
7299,rabugento,0,noun,2584,4.142
7300,revirar,0,verb,2583,4.140
7301,setenta,0,num,2583,4.140
7302,tralha,0,noun,2583,4.140
7303,hacker,0,verb,2582,4.138
7304,suavemente,0,adv,2582,4.138
7305,get,0,unk,2581,4.137
7306,cantina,0,adj,2580,4.135
7307,diplomata,0,noun,2580,4.135
7308,dígito,0,noun,2580,4.135
7309,feto,0,noun,2580,4.135
7310,relações públicas,1,mwe,2580,4.135
7311,união soviética,1,mwe,2580,4.135
7312,what,0,unk,2580,4.135
7313,graxa,0,noun,2579,4.134
7314,apreensão,0,noun,2578,4.132
7315,ultra,0,noun,2578,4.132
7316,guisar,0,verb,2577,4.130
7317,manga,0,noun,2577,4.130
7318,ídolo,0,noun,2577,4.130
7319,esqui,0,unk,2576,4.129
7320,pi,0,unk,2576,4.129
7321,contrabandista,0,noun,2574,4.126
7322,escrita,0,noun,2574,4.126
7323,neurológico,0,adj,2572,4.122
7324,escavação,0,noun,2571,4.121
7325,distanciar,0,verb,2570,4.119
7326,marquês,0,adj,2570,4.119
7327,asma,0,noun,2568,4.116
7328,compensação,0,noun,2568,4.116
7329,imaculado,0,noun,2568,4.116
7330,interminável,0,adj,2568,4.116
7331,retrete,0,unk,2568,4.116
7332,ruptura,0,noun,2568,4.116
7333,sultão,0,noun,2568,4.116
7334,apoiante,0,unk,2567,4.114
7335,honor,0,unk,2567,4.114
7336,suprimento,0,noun,2566,4.113
7337,matulão,0,noun,2565,4.111
7338,merecido,0,noun,2565,4.111
7339,minnesota,0,noun,2565,4.111
7340,donut,0,unk,2564,4.110
7341,marioneta,0,noun,2564,4.110
7342,ópio,0,noun,2564,4.110
7343,desempregar,0,verb,2563,4.108
7344,premir,0,verb,2563,4.108
7345,falhanço,0,noun,2562,4.106
7346,zumbir,0,verb,2562,4.106
7347,aeronave,0,unk,2561,4.105
7348,constrangedor,0,noun,2559,4.102
7349,inicialmente,0,adv,2559,4.102
7350,peluche,0,unk,2557,4.098
7351,colaborador,0,noun,2556,4.097
7352,activos,0,unk,2555,4.095
7353,fornecimento,0,noun,2555,4.095
7354,graal,0,adj,2555,4.095
7355,equivalente,0,adj,2554,4.094
7356,gelatina,0,adj,2550,4.087
7357,esmeralda,0,noun,2549,4.086
7358,indicador,0,noun,2549,4.086
7359,mutuamente,0,adv,2549,4.086
7360,filósofo,0,noun,2548,4.084
7361,implantar,0,verb,2547,4.082
7362,redenção,0,noun,2547,4.082
7363,amanhar,0,verb,2544,4.078
7364,desertor,0,unk,2544,4.078
7365,dezassete,0,num,2544,4.078
7366,waffles,0,unk,2543,4.076
7367,auxílio,0,noun,2542,4.074
7368,cadeado,0,noun,2541,4.073
7369,legítima defesa,1,mwe,2541,4.073
7370,wraith,0,unk,2541,4.073
7371,alumínio,0,noun,2540,4.071
7372,atlantic city,1,mwe,2540,4.071
7373,genebra,0,noun,2540,4.071
7374,lápide,0,noun,2540,4.071
7375,deputado,0,noun,2537,4.066
7376,honorário,0,noun,2537,4.066
7377,abdómen,0,unk,2535,4.063
7378,amnésia,0,noun,2535,4.063
7379,obsceno,0,noun,2535,4.063
7380,inundação,0,noun,2534,4.061
7381,canalização,0,noun,2533,4.060
7382,correia,0,noun,2533,4.060
7383,discretamente,0,adv,2532,4.058
7384,fracturas,0,unk,2532,4.058
7385,sobrevoar,0,verb,2532,4.058
7386,joia,0,noun,2531,4.057
7387,ioga,0,noun,2530,4.055
7388,víbora,0,noun,2530,4.055
7389,anatomia,0,noun,2529,4.053
7390,insano,0,adj,2528,4.052
7391,molécula,0,noun,2527,4.050
7392,antiquar,0,verb,2526,4.049
7393,larga,0,noun,2526,4.049
7394,rastro,0,noun,2526,4.049
7395,descolagem,0,noun,2525,4.047
7396,preocupante,0,unk,2525,4.047
7397,this,0,unk,2525,4.047
7398,baunilha,0,noun,2524,4.045
7399,frustração,0,noun,2524,4.045
7400,trajectória,0,noun,2524,4.045
7401,fez,0,unk,2523,4.044
7402,gestapo,0,noun,2523,4.044
7403,bisturi,0,unk,2522,4.042
7404,gira,0,noun,2521,4.041
7405,maxilar,0,verb,2521,4.041
7406,acessório,0,noun,2519,4.037
7407,canelar,0,verb,2518,4.036
7408,contracto,0,noun,2518,4.036
7409,deliberadamente,0,adv,2518,4.036
7410,pistoleiro,0,noun,2518,4.036
7411,trunfo,0,noun,2518,4.036
7412,alga,0,noun,2517,4.034
7413,funcional,0,adj,2517,4.034
7414,heil,0,unk,2517,4.034
7415,especular,0,verb,2516,4.033
7416,furado,0,noun,2516,4.033
7417,rameiro,0,noun,2516,4.033
7418,selado,0,noun,2515,4.031
7419,fenda,0,noun,2514,4.029
7420,valentão,0,noun,2514,4.029
7421,ilibar,0,verb,2513,4.028
7422,tecnológico,0,adj,2513,4.028
7423,diligência,0,noun,2512,4.026
7424,mágoa,0,noun,2511,4.025
7425,diálogo,0,noun,2510,4.023
7426,afligir,0,verb,2509,4.021
7427,protestante,0,unk,2507,4.018
7428,reivindicar,0,verb,2507,4.018
7429,intensidade,0,noun,2506,4.017
7430,edmund,0,unk,2505,4.015
7431,indelicado,0,noun,2505,4.015
7432,constipação,0,noun,2504,4.013
7433,estritamente,0,adv,2504,4.013
7434,psicótico,0,adj,2503,4.012
7435,video,0,noun,2503,4.012
7436,insanidade,0,noun,2502,4.010
7437,rebocar,0,verb,2502,4.010
7438,prince,0,unk,2501,4.009
7439,teoricamente,0,adv,2501,4.009
7440,apontamento,0,noun,2500,4.007
7441,descontar,0,verb,2500,4.007
7442,carril,0,unk,2499,4.005
7443,celestial,0,adj,2497,4.002
7444,eléctricos,0,unk,2496,4.001
7445,penitenciário,0,noun,2495,3.999
7446,aprisionar,0,verb,2494,3.997
7447,documentar,0,verb,2493,3.996
7448,magia negra,1,mwe,2493,3.996
7449,castigado,0,noun,2492,3.994
7450,arguido,0,noun,2491,3.993
7451,guarda-roupa,0,noun,2491,3.993
7452,nomeação,0,noun,2491,3.993
7453,denúncia,0,noun,2490,3.991
7454,mágica,0,adj,2490,3.991
7455,obrigadinho,0,adj,2490,3.991
7456,bata,0,noun,2489,3.989
7457,iv,0,unk,2489,3.989
7458,malhar,0,verb,2489,3.989
7459,monstruoso,0,adj,2489,3.989
7460,ahh,0,unk,2487,3.986
7461,peculiar,0,verb,2487,3.986
7462,consistir,0,verb,2486,3.985
7463,devastador,0,noun,2484,3.981
7464,est,0,unk,2484,3.981
7465,chacinar,0,verb,2483,3.980
7466,qualificado,0,noun,2482,3.978
7467,punk,0,unk,2481,3.977
7468,klingon,0,unk,2480,3.975
7469,sonoro,0,noun,2480,3.975
7470,muda,0,noun,2479,3.973
7471,baú,0,unk,2478,3.972
7472,madrasta,0,noun,2477,3.970
7473,teso,0,unk,2477,3.970
7474,empacotar,0,verb,2476,3.969
7475,erguido,0,noun,2476,3.969
7476,respondido,0,noun,2476,3.969
7477,sádico,0,adj,2476,3.969
7478,automaticamente,0,adv,2475,3.967
7479,desimpedir,0,verb,2475,3.967
7480,incompleto,0,noun,2475,3.967
7481,saudita,0,noun,2475,3.967
7482,bunda,0,noun,2474,3.965
7483,costa leste,1,mwe,2474,3.965
7484,apreender,0,verb,2473,3.964
7485,gangs,0,unk,2473,3.964
7486,mendigo,0,noun,2472,3.962
7487,árduo,0,noun,2472,3.962
7488,curandeiro,0,noun,2471,3.960
7489,economizar,0,verb,2471,3.960
7490,dróides,0,unk,2470,3.959
7491,mimo,0,noun,2470,3.959
7492,lúcifer,0,verb,2468,3.956
7493,perturbação,0,noun,2468,3.956
7494,beverly hills,1,mwe,2467,3.954
7495,caligrafia,0,noun,2466,3.952
7496,incisão,0,noun,2466,3.952
7497,xavier,0,verb,2466,3.952
7498,contido,0,noun,2465,3.951
7499,câmeras,0,unk,2465,3.951
7500,empate,0,unk,2465,3.951
7501,frota estelar,1,mwe,2465,3.951
7502,confidencialidade,0,noun,2462,3.946
7503,igualar,0,verb,2462,3.946
7504,desamarrar,0,verb,2461,3.944
7505,urânio,0,noun,2460,3.943
7506,goma,0,noun,2459,3.941
7507,infectada,0,noun,2458,3.940
7508,mercúrio,0,noun,2458,3.940
7509,speed,0,unk,2458,3.940
7510,tédio,0,noun,2458,3.940
7511,detonação,0,noun,2457,3.938
7512,ming,0,unk,2457,3.938
7513,permanentemente,0,adv,2457,3.938
7514,plenamente,0,adv,2457,3.938
7515,repetidamente,0,adv,2457,3.938
7516,sobrenome,0,unk,2457,3.938
7517,demônios,0,unk,2456,3.936
7518,tito,0,noun,2456,3.936
7519,louros,0,unk,2455,3.935
7520,polir,0,verb,2455,3.935
7521,condomínio,0,noun,2453,3.932
7522,florir,0,verb,2453,3.932
7523,sacramento,0,noun,2453,3.932
7524,especializar,0,verb,2451,3.928
7525,orquídea,0,unk,2449,3.925
7526,camuflagem,0,noun,2448,3.924
7527,atacante,0,unk,2447,3.922
7528,escorregadio,0,noun,2447,3.922
7529,folheto,0,noun,2447,3.922
7530,pedreiro,0,noun,2447,3.922
7531,mozart,0,unk,2446,3.920
7532,pequim,0,unk,2446,3.920
7533,matricular,0,verb,2444,3.917
7534,raciocínio,0,noun,2444,3.917
7535,camarote,0,unk,2443,3.916
7536,efeitos secundários,1,mwe,2440,3.911
7537,estufa,0,unk,2440,3.911
7538,marítimo,0,noun,2440,3.911
7539,retaliação,0,noun,2440,3.911
7540,transparente,0,adj,2440,3.911
7541,golpear,0,verb,2439,3.909
7542,xarope,0,unk,2436,3.904
7543,conveniência,0,noun,2435,3.903
7544,henri,0,unk,2435,3.903
7545,clivar,0,verb,2434,3.901
7546,fenomenal,0,adj,2434,3.901
7547,lda,0,noun,2434,3.901
7548,team legendasproject,1,mwe,2434,3.901
7549,bombordo,0,noun,2432,3.898
7550,dental,0,adj,2432,3.898
7551,suster,0,verb,2432,3.898
7552,descansado,0,noun,2431,3.896
7553,milão,0,noun,2431,3.896
7554,publicitário,0,noun,2431,3.896
7555,esgueirar,0,verb,2430,3.895
7556,sincronizar,0,verb,2430,3.895
7557,titã,0,unk,2430,3.895
7558,autoestima,0,noun,2429,3.893
7559,bom-dia,0,noun,2429,3.893
7560,localizado,0,noun,2429,3.893
7561,sê-lo,0,noun,2429,3.893
7562,negligência,0,noun,2428,3.892
7563,inchado,0,noun,2427,3.890
7564,matracar,0,verb,2427,3.890
7565,aliens,0,unk,2426,3.888
7566,maquinar,0,verb,2425,3.887
7567,namoriscar,0,verb,2423,3.884
7568,aventureiro,0,noun,2422,3.882
7569,dicionário,0,noun,2422,3.882
7570,diz-te,0,unk,2422,3.882
7571,herman,0,unk,2422,3.882
7572,lançador,0,noun,2421,3.880
7573,on-line,0,unk,2421,3.880
7574,bisavô,0,unk,2420,3.879
7575,fodida,0,noun,2420,3.879
7576,desastrado,0,noun,2419,3.877
7577,migalhas,0,unk,2417,3.874
7578,médico-legista,0,noun,2417,3.874
7579,ameaçador,0,noun,2416,3.872
7580,melodiar,0,verb,2416,3.872
7581,sai-me,0,unk,2416,3.872
7582,substituição,0,noun,2416,3.872
7583,cabedal,0,adj,2415,3.871
7584,carrasco,0,noun,2415,3.871
7585,he,0,unk,2415,3.871
7586,manipulação,0,noun,2414,3.869
7587,delírio,0,noun,2413,3.868
7588,chimpanzé,0,unk,2411,3.864
7589,rugir,0,verb,2410,3.863
7590,dominador,0,noun,2409,3.861
7591,impulsivo,0,noun,2409,3.861
7592,metralhadora,0,noun,2409,3.861
7593,minoria,0,noun,2409,3.861
7594,afectado,0,noun,2408,3.860
7595,buzinar,0,verb,2408,3.860
7596,louça,0,noun,2407,3.858
7597,ouvinte,0,unk,2407,3.858
7598,vaidade,0,noun,2407,3.858
7599,excursão,0,noun,2406,3.856
7600,cargueiro,0,noun,2405,3.855
7601,cinderela,0,noun,2404,3.853
7602,escaldante,0,unk,2404,3.853
7603,medricas,0,unk,2403,3.852
7604,alvejado,0,noun,2402,3.850
7605,refugiar,0,verb,2402,3.850
7606,orgia,0,noun,2401,3.848
7607,impróprio,0,noun,2400,3.847
7608,nascença,0,noun,2400,3.847
7609,espectadores,0,unk,2399,3.845
7610,acolhedor,0,noun,2398,3.843
7611,espartano,0,adj,2398,3.843
7612,boys,0,unk,2397,3.842
7613,galdério,0,noun,2397,3.842
7614,pulmonar,0,verb,2397,3.842
7615,set,0,unk,2397,3.842
7616,esponjar,0,verb,2396,3.840
7617,racial,0,adj,2396,3.840
7618,rebolar,0,verb,2395,3.839
7619,soprano,0,adj,2395,3.839
7620,mauzão,0,noun,2392,3.834
7621,balanço,0,noun,2391,3.832
7622,refletir,0,verb,2391,3.832
7623,gentilmente,0,adv,2390,3.831
7624,inseto,0,noun,2390,3.831
7625,matriz,0,unk,2389,3.829
7626,nero,0,noun,2389,3.829
7627,contestar,0,verb,2388,3.827
7628,vigor,0,unk,2388,3.827
7629,belga,0,noun,2386,3.824
7630,detectado,0,noun,2385,3.823
7631,fischer,0,verb,2385,3.823
7632,incendiário,0,noun,2385,3.823
7633,levanto,0,noun,2385,3.823
7634,desabar,0,verb,2384,3.821
7635,esquivar,0,verb,2384,3.821
7636,sérvio,0,noun,2384,3.821
7637,conquistador,0,noun,2382,3.818
7638,correspondente,0,adj,2382,3.818
7639,espectáculos,0,unk,2382,3.818
7640,mutilar,0,verb,2382,3.818
7641,planeado,0,noun,2382,3.818
7642,canhoto,0,noun,2381,3.816
7643,trocado,0,noun,2381,3.816
7644,pa,0,unk,2380,3.815
7645,procuradoria,0,noun,2380,3.815
7646,sarcasmo,0,noun,2380,3.815
7647,superstição,0,noun,2380,3.815
7648,turístico,0,adj,2379,3.813
7649,donativo,0,noun,2378,3.811
7650,dorido,0,noun,2378,3.811
7651,existente,0,adj,2378,3.811
7652,fanny,0,unk,2378,3.811
7653,xeque,0,unk,2378,3.811
7654,capturado,0,noun,2377,3.810
7655,coágulo,0,noun,2377,3.810
7656,corujar,0,verb,2376,3.808
7657,culinário,0,noun,2375,3.807
7658,directos,0,unk,2375,3.807
7659,ditador,0,noun,2375,3.807
7660,fitzgerald,0,unk,2375,3.807
7661,interagir,0,verb,2375,3.807
7662,xangai,0,unk,2375,3.807
7663,especificar,0,verb,2374,3.805
7664,philippe,0,unk,2374,3.805
7665,posar,0,verb,2374,3.805
7666,gorducho,0,noun,2372,3.802
7667,burocracia,0,noun,2371,3.800
7668,ferry,0,unk,2371,3.800
7669,preconceito,0,noun,2371,3.800
7670,rafe,0,unk,2371,3.800
7671,entäo,0,unk,2370,3.799
7672,proporção,0,noun,2370,3.799
7673,subsídio,0,noun,2369,3.797
7674,margarita,0,noun,2367,3.794
7675,geórgia,0,noun,2366,3.792
7676,ruir,0,verb,2366,3.792
7677,pegado,0,noun,2365,3.791
7678,perfuração,0,noun,2365,3.791
7679,assinalar,0,verb,2363,3.787
7680,moda antiga,1,mwe,2363,3.787
7681,assobiar,0,verb,2362,3.786
7682,nabo,0,noun,2362,3.786
7683,central park,1,mwe,2361,3.784
7684,porta-voz,0,unk,2361,3.784
7685,administrativo,0,noun,2360,3.783
7686,fumador,0,noun,2360,3.783
7687,hino,0,adj,2358,3.779
7688,quarterback,0,unk,2358,3.779
7689,fá-lo-ei,0,unk,2357,3.778
7690,variável,0,adj,2357,3.778
7691,media group,1,mwe,2356,3.776
7692,cairo,0,noun,2355,3.775
7693,françois,0,unk,2355,3.775
7694,propriedade privada,1,mwe,2355,3.775
7695,característico,0,adj,2354,3.773
7696,moca,0,noun,2353,3.771
7697,corporativo,0,noun,2352,3.770
7698,hectare,0,unk,2352,3.770
7699,poker,0,verb,2352,3.770
7700,entendimento,0,noun,2349,3.765
7701,receptor,0,unk,2349,3.765
7702,alfaiate,0,unk,2348,3.763
7703,inchaço,0,noun,2348,3.763
7704,castro,0,noun,2346,3.760
7705,fôr,0,unk,2346,3.760
7706,saliva,0,noun,2346,3.760
7707,tremendo,0,noun,2346,3.760
7708,ambulante,0,unk,2345,3.759
7709,caloroso,0,adj,2345,3.759
7710,coleção,0,noun,2345,3.759
7711,comendo,0,noun,2345,3.759
7712,páre,0,unk,2345,3.759
7713,ba,0,unk,2344,3.757
7714,município,0,noun,2344,3.757
7715,sucumbir,0,verb,2344,3.757
7716,desembucha,0,noun,2343,3.755
7717,disciplinar,0,verb,2343,3.755
7718,taberna,0,noun,2343,3.755
7719,descontrolado,0,noun,2342,3.754
7720,robots,0,unk,2342,3.754
7721,delinquente,0,adj,2340,3.751
7722,rejeição,0,noun,2339,3.749
7723,surfar,0,verb,2339,3.749
7724,fêmea,0,unk,2337,3.746
7725,urna,0,noun,2337,3.746
7726,ingerir,0,verb,2336,3.744
7727,purificar,0,verb,2335,3.743
7728,ra,0,unk,2335,3.743
7729,sky,0,unk,2335,3.743
7730,destinado,0,noun,2333,3.739
7731,envenenamento,0,noun,2333,3.739
7732,atendedor,0,noun,2332,3.738
7733,colorido,0,noun,2332,3.738
7734,dolores,0,unk,2332,3.738
7735,toupeira,0,noun,2332,3.738
7736,hopkins,0,unk,2331,3.736
7737,gossip girl,1,mwe,2329,3.733
7738,popa,0,noun,2329,3.733
7739,recepcionista,0,noun,2329,3.733
7740,negociante,0,unk,2328,3.731
7741,sherlock holmes,1,mwe,2328,3.731
7742,industriar,0,verb,2327,3.730
7743,cadê,0,unk,2325,3.726
7744,voçê,0,unk,2325,3.726
7745,aveia,0,noun,2324,3.725
7746,dinamarquês,0,adj,2324,3.725
7747,sub,0,unk,2324,3.725
7748,fode,0,noun,2323,3.723
7749,distraído,0,noun,2322,3.722
7750,hostilidade,0,noun,2322,3.722
7751,idiotice,0,noun,2322,3.722
7752,óbito,0,noun,2322,3.722
7753,gracioso,0,adj,2321,3.720
7754,maxwell,0,unk,2321,3.720
7755,natação,0,noun,2321,3.720
7756,carpinteiro,0,noun,2319,3.717
7757,acolhimento,0,noun,2318,3.715
7758,dês ouvidos,1,mwe,2318,3.715
7759,enxaqueca,0,noun,2318,3.715
7760,medieval,0,adj,2318,3.715
7761,mp,0,unk,2318,3.715
7762,adegar,0,verb,2317,3.714
7763,encerramento,0,noun,2317,3.714
7764,pegajoso,0,adj,2316,3.712
7765,salazar,0,verb,2316,3.712
7766,arrombamento,0,noun,2314,3.709
7767,cônsul,0,unk,2314,3.709
7768,distribuidor,0,noun,2314,3.709
7769,palmada,0,noun,2314,3.709
7770,aldeão,0,noun,2313,3.707
7771,dote,0,unk,2313,3.707
7772,medicar,0,verb,2313,3.707
7773,york times,1,mwe,2313,3.707
7774,varrido,0,noun,2312,3.706
7775,alien,0,unk,2311,3.704
7776,madurar,0,verb,2310,3.702
7777,ponham-no,0,unk,2309,3.701
7778,todavia,0,conj,2308,3.699
7779,situar,0,verb,2306,3.696
7780,ventilador,0,noun,2306,3.696
7781,acudir,0,verb,2305,3.694
7782,toxicológico,0,adj,2305,3.694
7783,regar,0,verb,2304,3.693
7784,encriptar,0,verb,2302,3.690
7785,concelho,0,noun,2301,3.688
7786,empresarial,0,adj,2301,3.688
7787,holanda,0,noun,2300,3.686
7788,presunçoso,0,adj,2299,3.685
7789,ceia,0,noun,2298,3.683
7790,esquiar,0,verb,2298,3.683
7791,long island,1,mwe,2298,3.683
7792,rena,0,noun,2298,3.683
7793,salvatore,0,unk,2298,3.683
7794,súbdito,0,noun,2298,3.683
7795,empreiteiro,0,noun,2297,3.682
7796,prado,0,noun,2297,3.682
7797,punhado,0,noun,2297,3.682
7798,sobrevivo,0,noun,2297,3.682
7799,interceptar,0,verb,2296,3.680
7800,ocorrência,0,noun,2296,3.680
7801,picasso,0,noun,2296,3.680
7802,sanguessuga,0,noun,2296,3.680
7803,elfo,0,noun,2295,3.678
7804,estoirar,0,verb,2295,3.678
7805,caviar,0,verb,2294,3.677
7806,perspicaz,0,unk,2294,3.677
7807,fazendeiro,0,noun,2293,3.675
7808,luisadom,0,unk,2292,3.674
7809,genital,0,adj,2291,3.672
7810,palhaçada,0,noun,2291,3.672
7811,turquia,0,noun,2291,3.672
7812,tolerância,0,noun,2290,3.670
7813,eletricidade,0,noun,2289,3.669
7814,estojo,0,noun,2288,3.667
7815,pôr-nos,0,unk,2288,3.667
7816,eramos,0,unk,2287,3.666
7817,essencialmente,0,adv,2287,3.666
7818,fusível,0,adj,2287,3.666
7819,incitar,0,verb,2287,3.666
7820,wesen,0,unk,2287,3.666
7821,adiantado,0,noun,2286,3.664
7822,metanfetaminas,0,unk,2286,3.664
7823,réptil,0,unk,2286,3.664
7824,desrespeito,0,noun,2284,3.661
7825,charada,0,noun,2283,3.659
7826,ecstasy,0,unk,2283,3.659
7827,pioneiro,0,noun,2283,3.659
7828,espirrar,0,verb,2282,3.658
7829,enxerto,0,noun,2281,3.656
7830,sabonete,0,unk,2281,3.656
7831,fundamento,0,noun,2280,3.654
7832,prevalecer,0,verb,2280,3.654
7833,rufiar,0,verb,2280,3.654
7834,cafeína,0,unk,2279,3.653
7835,catarata,0,noun,2279,3.653
7836,ileso,0,unk,2279,3.653
7837,sedutor,0,unk,2279,3.653
7838,tirada,0,noun,2279,3.653
7839,delegação,0,noun,2277,3.650
7840,fresca,0,unk,2277,3.650
7841,ementar,0,verb,2276,3.648
7842,hera,0,noun,2275,3.646
7843,ascender,0,verb,2274,3.645
7844,licor,0,unk,2274,3.645
7845,lula,0,noun,2274,3.645
7846,preenchido,0,noun,2274,3.645
7847,recrutamento,0,noun,2274,3.645
7848,sossegado,0,noun,2274,3.645
7849,amora,0,noun,2273,3.643
7850,desemprego,0,noun,2273,3.643
7851,bilhões,0,noun,2272,3.642
7852,semear,0,verb,2272,3.642
7853,teórico,0,adj,2272,3.642
7854,idioma,0,noun,2271,3.640
7855,tripulante,0,unk,2271,3.640
7856,creche,0,unk,2270,3.638
7857,deficiência,0,noun,2270,3.638
7858,pretexto,0,noun,2270,3.638
7859,know,0,unk,2268,3.635
7860,orador,0,noun,2268,3.635
7861,sucessor,0,unk,2268,3.635
7862,suécia,0,noun,2268,3.635
7863,vê-me,0,unk,2266,3.632
7864,padaria,0,noun,2265,3.630
7865,ressonar,0,verb,2265,3.630
7866,restos mortais,1,mwe,2265,3.630
7867,ativo,0,noun,2263,3.627
7868,abandono,0,noun,2262,3.626
7869,bloqueado,0,noun,2262,3.626
7870,cativeiro,0,noun,2262,3.626
7871,duração,0,noun,2262,3.626
7872,mastro,0,noun,2262,3.626
7873,derretido,0,noun,2261,3.624
7874,mamífero,0,noun,2261,3.624
7875,temporada episódio,1,mwe,2260,3.622
7876,blues,0,unk,2259,3.621
7877,extinguir,0,verb,2259,3.621
7878,enfiado,0,noun,2258,3.619
7879,paisano,0,adj,2258,3.619
7880,afugentar,0,verb,2257,3.617
7881,aviação,0,noun,2257,3.617
7882,efectuar,0,verb,2257,3.617
7883,baza,0,noun,2256,3.616
7884,mimado,0,noun,2256,3.616
7885,azeitona,0,noun,2255,3.614
7886,iraniano,0,adj,2255,3.614
7887,restabelecer,0,verb,2255,3.614
7888,subsolo,0,noun,2255,3.614
7889,pandora,0,noun,2254,3.613
7890,amesterdão,0,noun,2252,3.609
7891,geneticamente,0,adv,2252,3.609
7892,pretendente,0,adj,2252,3.609
7893,reflectir,0,verb,2252,3.609
7894,camarim,0,unk,2251,3.608
7895,fodidos,0,unk,2251,3.608
7896,sabre,0,unk,2250,3.606
7897,vácuo,0,noun,2250,3.606
7898,rinoceronte,0,unk,2249,3.605
7899,invertido,0,noun,2248,3.603
7900,desonesto,0,noun,2247,3.601
7901,chuto,0,noun,2245,3.598
7902,receitar,0,verb,2244,3.597
7903,devastar,0,verb,2243,3.595
7904,idéias,0,unk,2243,3.595
7905,admiração,0,noun,2242,3.593
7906,trava,0,noun,2242,3.593
7907,assado,0,noun,2241,3.592
7908,strike,0,unk,2241,3.592
7909,contaminação,0,noun,2240,3.590
7910,calo,0,noun,2238,3.587
7911,hey hey,1,mwe,2238,3.587
7912,portugal,0,adj,2238,3.587
7913,pureza,0,noun,2237,3.585
7914,rapaziada,0,noun,2237,3.585
7915,chico,0,adj,2236,3.584
7916,equipado,0,noun,2234,3.581
7917,entalar,0,verb,2233,3.579
7918,adotar,0,verb,2232,3.577
7919,espiral,0,adj,2232,3.577
7920,saquear,0,verb,2231,3.576
7921,chow,0,unk,2228,3.571
7922,dormente,0,adv,2228,3.571
7923,incerto,0,noun,2227,3.569
7924,merecedor,0,noun,2227,3.569
7925,radiar,0,verb,2227,3.569
7926,apurar,0,verb,2226,3.568
7927,subido,0,noun,2225,3.566
7928,realizado,0,noun,2224,3.565
7929,beliche,0,unk,2223,3.563
7930,civilizar,0,verb,2223,3.563
7931,rafeiro,0,noun,2223,3.563
7932,montado,0,noun,2222,3.561
7933,villa,0,noun,2222,3.561
7934,decrescente,0,adj,2221,3.560
7935,novela,0,noun,2220,3.558
7936,life,0,unk,2219,3.557
7937,reanimar,0,verb,2219,3.557
7938,decepção,0,noun,2218,3.555
7939,enfeitiçar,0,verb,2218,3.555
7940,estático,0,adj,2218,3.555
7941,evaporar,0,verb,2216,3.552
7942,exílio,0,noun,2216,3.552
7943,antoine,0,unk,2215,3.550
7944,imitador,0,noun,2214,3.549
7945,casulo,0,noun,2213,3.547
7946,rota,0,noun,2213,3.547
7947,variação,0,noun,2212,3.545
7948,aconselhamento,0,noun,2211,3.544
7949,calha,0,noun,2211,3.544
7950,agricultura,0,noun,2210,3.542
7951,electrónico,0,adj,2210,3.542
7952,tobias,0,unk,2210,3.542
7953,feng,0,unk,2209,3.541
7954,alí,0,unk,2208,3.539
7955,milénio,0,noun,2208,3.539
7956,prejuízo,0,unk,2208,3.539
7957,falido,0,noun,2207,3.537
7958,vs,0,unk,2207,3.537
7959,chorão,0,noun,2206,3.536
7960,desmascarar,0,verb,2206,3.536
7961,áustria,0,noun,2206,3.536
7962,júlia,0,noun,2204,3.533
7963,luxúria,0,noun,2204,3.533
7964,cambado,0,noun,2203,3.531
7965,des,0,unk,2202,3.529
7966,emotivo,0,noun,2201,3.528
7967,desarmado,0,noun,2200,3.526
7968,mesquita,0,noun,2200,3.526
7969,briga,0,noun,2199,3.525
7970,mantém,0,unk,2199,3.525
7971,bombear,0,verb,2197,3.521
7972,brandt,0,unk,2197,3.521
7973,dinastia,0,noun,2197,3.521
7974,indecente,0,adj,2196,3.520
7975,insolente,0,adj,2196,3.520
7976,assaltado,0,noun,2194,3.517
7977,obtido,0,noun,2193,3.515
7978,sopro,0,noun,2193,3.515
7979,dão-nos,0,unk,2192,3.513
7980,molecular,0,verb,2192,3.513
7981,temido,0,noun,2191,3.512
7982,karaté,0,unk,2188,3.507
7983,ramirez,0,unk,2188,3.507
7984,centrar,0,verb,2187,3.505
7985,flagrante,0,unk,2186,3.504
7986,codificar,0,verb,2185,3.502
7987,obvio,0,noun,2185,3.502
7988,byron,0,unk,2184,3.500
7989,camionista,0,noun,2184,3.500
7990,quota,0,noun,2184,3.500
7991,embrulho,0,noun,2183,3.499
7992,inexplicável,0,adj,2183,3.499
7993,manualmente,0,adv,2183,3.499
7994,playboy,0,unk,2183,3.499
7995,sossego,0,noun,2183,3.499
7996,vá-se lixar,1,mwe,2183,3.499
7997,providência,0,noun,2182,3.497
7998,vénus,0,unk,2182,3.497
7999,ângela,0,noun,2181,3.496
8000,semáforo,0,noun,2180,3.494
8001,shopping,0,unk,2180,3.494
8002,repensar,0,verb,2179,3.492
8003,doutoramento,0,noun,2177,3.489
8004,lavado,0,noun,2177,3.489
8005,sémen,0,unk,2177,3.489
8006,canibal,0,adj,2176,3.488
8007,meditar,0,verb,2176,3.488
8008,viral,0,adj,2176,3.488
8009,estäo,0,unk,2175,3.486
8010,rejeitado,0,noun,2175,3.486
8011,password,0,unk,2174,3.484
8012,ter-vos,0,unk,2174,3.484
8013,defeituoso,0,adj,2173,3.483
8014,esgotado,0,noun,2173,3.483
8015,melhora,0,noun,2173,3.483
8016,tutor,0,unk,2172,3.481
8017,fóssil,0,unk,2170,3.478
8018,multibanco,0,noun,2170,3.478
8019,traumático,0,adj,2170,3.478
8020,qué,0,unk,2169,3.476
8021,raul,0,unk,2169,3.476
8022,sonar,0,verb,2169,3.476
8023,aspirador,0,noun,2168,3.475
8024,babysitter,0,verb,2168,3.475
8025,demolição,0,noun,2168,3.475
8026,codificado,0,noun,2167,3.473
8027,klein,0,unk,2167,3.473
8028,melão,0,noun,2167,3.473
8029,pum,0,unk,2167,3.473
8030,renegar,0,verb,2167,3.473
8031,adepto,0,noun,2166,3.472
8032,aflito,0,noun,2166,3.472
8033,largura,0,noun,2166,3.472
8034,picha,0,noun,2166,3.472
8035,baço,0,noun,2165,3.470
8036,bélgica,0,adj,2165,3.470
8037,amplo,0,noun,2164,3.468
8038,reescrever,0,verb,2164,3.468
8039,bebedeira,0,noun,2163,3.467
8040,piolho,0,noun,2163,3.467
8041,fértil,0,unk,2162,3.465
8042,lança,0,noun,2161,3.464
8043,negociador,0,noun,2161,3.464
8044,borrifar,0,verb,2160,3.462
8045,influente,0,adj,2160,3.462
8046,delgado,0,noun,2159,3.460
8047,encravar,0,verb,2159,3.460
8048,humanitário,0,noun,2159,3.460
8049,incentivar,0,verb,2159,3.460
8050,mg,0,unk,2159,3.460
8051,abertamente,0,adv,2158,3.459
8052,domar,0,verb,2158,3.459
8053,principiante,0,unk,2158,3.459
8054,governante,0,unk,2157,3.457
8055,tópico,0,adj,2157,3.457
8056,patrocinar,0,verb,2156,3.456
8057,it's,0,unk,2155,3.454
8058,miudo,0,adj,2155,3.454
8059,morada,0,noun,2155,3.454
8060,ausentar,0,verb,2154,3.452
8061,acostumado,0,noun,2153,3.451
8062,inválido,0,noun,2153,3.451
8063,jardim zoológico,1,mwe,2153,3.451
8064,jarro,0,noun,2153,3.451
8065,liberto,0,noun,2153,3.451
8066,neural,0,adj,2152,3.449
8067,porção,0,noun,2152,3.449
8068,contratempo,0,noun,2151,3.448
8069,metropolitano,0,adj,2151,3.448
8070,ogre,0,unk,2151,3.448
8071,patinar,0,verb,2151,3.448
8072,heterossexual,0,adj,2150,3.446
8073,indemnização,0,noun,2150,3.446
8074,polo,0,noun,2150,3.446
8075,apavorar,0,verb,2149,3.444
8076,favorável,0,adj,2149,3.444
8077,trapalhada,0,noun,2149,3.444
8078,caca,0,unk,2147,3.441
8079,colarinho,0,adj,2147,3.441
8080,tomada,0,noun,2147,3.441
8081,tromba,0,unk,2147,3.441
8082,cavidade,0,noun,2145,3.438
8083,lúcido,0,noun,2145,3.438
8084,poético,0,adj,2145,3.438
8085,aprontar,0,verb,2144,3.436
8086,barcelona,0,noun,2144,3.436
8087,registro,0,noun,2144,3.436
8088,vocal,0,adj,2144,3.436
8089,amargar,0,verb,2143,3.435
8090,distração,0,noun,2143,3.435
8091,espeto,0,noun,2143,3.435
8092,basquete,0,unk,2142,3.433
8093,decidido,0,noun,2142,3.433
8094,matrimónio,0,noun,2142,3.433
8095,roedor,0,noun,2142,3.433
8096,embriagar,0,verb,2140,3.430
8097,paragem cardíaca,1,mwe,2140,3.430
8098,aterrador,0,noun,2139,3.428
8099,oakland,0,unk,2139,3.428
8100,aquecido,0,noun,2138,3.427
8101,pregador,0,noun,2138,3.427
8102,asqueroso,0,adj,2137,3.425
8103,atendido,0,noun,2137,3.425
8104,porta-bagagens,0,unk,2137,3.425
8105,tumulto,0,noun,2137,3.425
8106,usá-las,0,unk,2137,3.425
8107,introdução,0,noun,2135,3.422
8108,pneumonia,0,noun,2135,3.422
8109,publicação,0,noun,2135,3.422
8110,registros,0,unk,2135,3.422
8111,tailandês,0,adj,2135,3.422
8112,versar,0,verb,2135,3.422
8113,impiedoso,0,adj,2134,3.420
8114,oca,0,unk,2134,3.420
8115,colado,0,noun,2133,3.419
8116,rascar,0,verb,2132,3.417
8117,transacção,0,noun,2131,3.416
8118,proclamar,0,verb,2130,3.414
8119,turbulência,0,noun,2130,3.414
8120,mon,0,unk,2129,3.412
8121,presságio,0,noun,2128,3.411
8122,tranquilizar,0,verb,2128,3.411
8123,possuído,0,noun,2127,3.409
8124,decomposição,0,noun,2126,3.408
8125,infame,0,unk,2126,3.408
8126,qualificação,0,noun,2126,3.408
8127,concessão,0,noun,2125,3.406
8128,gênio,0,noun,2124,3.404
8129,imaturo,0,noun,2124,3.404
8130,barracão,0,noun,2123,3.403
8131,bochecha,0,noun,2123,3.403
8132,download,0,unk,2123,3.403
8133,foi-lhe,0,unk,2123,3.403
8134,rijo,0,noun,2123,3.403
8135,pára-brisas,0,unk,2122,3.401
8136,sedento,0,noun,2122,3.401
8137,tatuar,0,verb,2121,3.400
8138,at,0,unk,2120,3.398
8139,habitação,0,noun,2120,3.398
8140,miuda,0,noun,2120,3.398
8141,tirania,0,noun,2120,3.398
8142,desativar,0,verb,2119,3.396
8143,irving,0,unk,2119,3.396
8144,contaminar,0,verb,2118,3.395
8145,fez-nos,0,unk,2118,3.395
8146,nadador,0,noun,2118,3.395
8147,pub,0,unk,2118,3.395
8148,cone,0,unk,2116,3.392
8149,a,0,det,2114,3.388
8150,evangelho,0,noun,2114,3.388
8151,radiografia,0,noun,2114,3.388
8152,demolir,0,verb,2113,3.387
8153,parâmetro,0,noun,2113,3.387
8154,can,0,unk,2111,3.383
8155,extravagante,0,unk,2111,3.383
8156,hobbit,0,unk,2111,3.383
8157,torturado,0,noun,2111,3.383
8158,almôndega,0,noun,2110,3.382
8159,abalado,0,noun,2109,3.380
8160,jornalismo,0,noun,2109,3.380
8161,piça,0,noun,2109,3.380
8162,retaliar,0,verb,2109,3.380
8163,amigão,0,noun,2108,3.379
8164,fiável,0,adj,2108,3.379
8165,transtornar,0,verb,2108,3.379
8166,compositor,0,unk,2107,3.377
8167,hamlet,0,unk,2107,3.377
8168,matadouro,0,noun,2107,3.377
8169,obra-prima,0,noun,2107,3.377
8170,activada,0,noun,2106,3.375
8171,desvanecer,0,verb,2106,3.375
8172,iniciado,0,noun,2106,3.375
8173,missionário,0,noun,2106,3.375
8174,aldrabão,0,noun,2105,3.374
8175,mandamento,0,noun,2103,3.371
8176,mandíbula,0,noun,2103,3.371
8177,diabetes,0,unk,2102,3.369
8178,recinto,0,noun,2102,3.369
8179,manso,0,noun,2101,3.367
8180,oui,0,unk,2101,3.367
8181,reconhecimento facial,1,mwe,2101,3.367
8182,vagabundar,0,verb,2101,3.367
8183,galão,0,noun,2100,3.366
8184,levantado,0,noun,2100,3.366
8185,ritmo cardíaco,1,mwe,2100,3.366
8186,germe,0,unk,2099,3.364
8187,polvo,0,noun,2099,3.364
8188,craniano,0,adj,2098,3.363
8189,higiene,0,unk,2098,3.363
8190,leopardo,0,noun,2097,3.361
8191,tona,0,noun,2097,3.361
8192,vitorioso,0,adj,2097,3.361
8193,fodas,0,unk,2096,3.359
8194,got,0,unk,2096,3.359
8195,sarcástico,0,adj,2096,3.359
8196,demanda,0,noun,2095,3.358
8197,extenso,0,noun,2095,3.358
8198,marechal,0,adj,2095,3.358
8199,curativo,0,noun,2094,3.356
8200,houdini,0,unk,2094,3.356
8201,preparo,0,noun,2094,3.356
8202,rótulo,0,noun,2094,3.356
8203,gafanhoto,0,noun,2093,3.355
8204,revelado,0,noun,2093,3.355
8205,canalizar,0,verb,2092,3.353
8206,carnaval,0,adj,2092,3.353
8207,cortada,0,noun,2092,3.353
8208,luminoso,0,adj,2092,3.353
8209,pontual,0,adj,2092,3.353
8210,recolhido,0,noun,2092,3.353
8211,berkeley,0,unk,2091,3.351
8212,diarreia,0,noun,2090,3.350
8213,instantaneamente,0,adv,2090,3.350
8214,maldoso,0,adj,2090,3.350
8215,vladimir,0,verb,2089,3.348
8216,ovni,0,unk,2088,3.347
8217,purgatório,0,noun,2088,3.347
8218,retroceder,0,verb,2088,3.347
8219,simplificar,0,verb,2088,3.347
8220,falante,0,unk,2087,3.345
8221,soja,0,noun,2087,3.345
8222,mercador,0,noun,2086,3.343
8223,topa,0,noun,2086,3.343
8224,repleto,0,noun,2085,3.342
8225,dominante,0,unk,2084,3.340
8226,faz-lhe,0,unk,2084,3.340
8227,robusto,0,noun,2084,3.340
8228,habitat,0,unk,2083,3.339
8229,semanal,0,adj,2083,3.339
8230,punido,0,noun,2082,3.337
8231,fá-la,0,noun,2081,3.335
8232,hidrogénio,0,noun,2081,3.335
8233,ilustre,0,unk,2081,3.335
8234,manchester,0,verb,2081,3.335
8235,voçês,0,adj,2081,3.335
8236,autodestruição,0,noun,2080,3.334
8237,critério,0,noun,2079,3.332
8238,eclipse,0,unk,2079,3.332
8239,maluquice,0,noun,2079,3.332
8240,microondas,0,unk,2079,3.332
8241,empatia,0,noun,2078,3.331
8242,balneário,0,noun,2077,3.329
8243,compatriota,0,noun,2077,3.329
8244,tem-no,0,unk,2077,3.329
8245,way,0,unk,2077,3.329
8246,angústia,0,noun,2076,3.327
8247,imoral,0,adj,2076,3.327
8248,satisfatório,0,noun,2076,3.327
8249,micro,0,noun,2075,3.326
8250,noturno,0,noun,2074,3.324
8251,rodriguez,0,unk,2074,3.324
8252,abate,0,unk,2073,3.323
8253,hippie,0,unk,2073,3.323
8254,cravar,0,verb,2072,3.321
8255,enojar,0,verb,2072,3.321
8256,repor,0,unk,2072,3.321
8257,sigilo,0,noun,2072,3.321
8258,exaltar,0,verb,2071,3.319
8259,ir-te,0,unk,2071,3.319
8260,precipício,0,noun,2071,3.319
8261,ribeiro,0,noun,2071,3.319
8262,fodeste,0,unk,2070,3.318
8263,hot,0,unk,2070,3.318
8264,paralisia,0,noun,2070,3.318
8265,segurador,0,noun,2070,3.318
8266,vaqueiro,0,noun,2070,3.318
8267,destrutivo,0,noun,2068,3.315
8268,manipulador,0,noun,2068,3.315
8269,voluntariamente,0,adv,2068,3.315
8270,auschwitz,0,unk,2067,3.313
8271,matilha,0,noun,2067,3.313
8272,actuais,0,unk,2066,3.311
8273,expiatório,0,noun,2066,3.311
8274,rifle,0,unk,2066,3.311
8275,democrático,0,adj,2065,3.310
8276,destacamento,0,noun,2065,3.310
8277,hospício,0,noun,2065,3.310
8278,pôr-se,0,unk,2065,3.310
8279,gesso,0,noun,2064,3.308
8280,like,0,unk,2064,3.308
8281,limitação,0,noun,2064,3.308
8282,escalado,0,noun,2063,3.307
8283,toa,0,noun,2063,3.307
8284,estilhaço,0,noun,2062,3.305
8285,sequestrador,0,noun,2060,3.302
8286,bexigar,0,verb,2059,3.300
8287,vietnamita,0,noun,2059,3.300
8288,colidir,0,verb,2058,3.299
8289,estaleiro,0,noun,2058,3.299
8290,canil,0,unk,2057,3.297
8291,desorientar,0,verb,2057,3.297
8292,fritz,0,unk,2057,3.297
8293,herbert,0,unk,2056,3.295
8294,macia,0,noun,2054,3.292
8295,proposta,0,noun,2054,3.292
8296,besteira,0,noun,2053,3.291
8297,empolgante,0,unk,2053,3.291
8298,contagem decrescente,1,mwe,2052,3.289
8299,indígena,0,noun,2052,3.289
8300,atracar,0,verb,2051,3.287
8301,havano,0,adj,2051,3.287
8302,infelicidade,0,noun,2051,3.287
8303,lavatório,0,noun,2051,3.287
8304,levantamento,0,noun,2050,3.286
8305,manejar,0,verb,2050,3.286
8306,cinturão,0,noun,2049,3.284
8307,dá-ma,0,noun,2049,3.284
8308,molde,0,noun,2048,3.283
8309,reprimir,0,verb,2048,3.283
8310,autodefesa,0,adj,2047,3.281
8311,doninha,0,adj,2047,3.281
8312,jamaica,0,adj,2047,3.281
8313,elenco,0,noun,2046,3.279
8314,gomez,0,unk,2046,3.279
8315,paquistanês,0,adj,2044,3.276
8316,refeitório,0,noun,2043,3.275
8317,tocado,0,noun,2043,3.275
8318,aprendizagem,0,noun,2042,3.273
8319,formato,0,noun,2042,3.273
8320,otários,0,unk,2042,3.273
8321,sociopata,0,noun,2042,3.273
8322,substituído,0,noun,2042,3.273
8323,torrada,0,noun,2042,3.273
8324,arrepiante,0,unk,2041,3.271
8325,papa,0,noun,2041,3.271
8326,pauzinho,0,adj,2041,3.271
8327,acasalar,0,verb,2040,3.270
8328,aneurisma,0,noun,2040,3.270
8329,estendido,0,noun,2040,3.270
8330,direita,0,noun,2039,3.268
8331,hesitação,0,noun,2039,3.268
8332,intrigante,0,unk,2039,3.268
8333,remotamente,0,adv,2039,3.268
8334,esculpir,0,verb,2038,3.266
8335,surpreendentemente,0,adv,2038,3.266
8336,adiantamento,0,noun,2036,3.263
8337,alinhado,0,noun,2036,3.263
8338,editar,0,verb,2036,3.263
8339,italian subs,1,mwe,2036,3.263
8340,viro,0,noun,2036,3.263
8341,adaga,0,noun,2035,3.262
8342,bagunça,0,noun,2035,3.262
8343,capricho,0,noun,2035,3.262
8344,truz,0,unk,2034,3.260
8345,enrolado,0,noun,2033,3.258
8346,esmola,0,noun,2033,3.258
8347,genro,0,noun,2033,3.258
8348,emissor,0,unk,2031,3.255
8349,espirito,0,noun,2030,3.254
8350,aquecimento global,1,mwe,2029,3.252
8351,chinelo,0,noun,2029,3.252
8352,indicado,0,noun,2029,3.252
8353,comunicador,0,noun,2028,3.250
8354,galáctico,0,adj,2028,3.250
8355,patim,0,unk,2028,3.250
8356,comparado,0,noun,2027,3.249
8357,fiado,0,noun,2027,3.249
8358,just,0,unk,2027,3.249
8359,estreitar,0,verb,2026,3.247
8360,ficção científica,1,mwe,2026,3.247
8361,trip,0,unk,2026,3.247
8362,maternidade,0,noun,2025,3.246
8363,pose,0,unk,2025,3.246
8364,colono,0,noun,2024,3.244
8365,itinerário,0,noun,2024,3.244
8366,precipitado,0,noun,2024,3.244
8367,acompanhado,0,noun,2023,3.242
8368,enzima,0,noun,2023,3.242
8369,graduação,0,noun,2023,3.242
8370,hip-hop,0,unk,2023,3.242
8371,desiludido,0,noun,2022,3.241
8372,tónico,0,adj,2022,3.241
8373,mantem,0,noun,2021,3.239
8374,tomás,0,unk,2021,3.239
8375,trela,0,noun,2021,3.239
8376,intravenoso,0,adj,2020,3.238
8377,decididamente,0,adv,2019,3.236
8378,proeza,0,noun,2019,3.236
8379,arcebispo,0,noun,2018,3.234
8380,milagroso,0,adj,2018,3.234
8381,requisito,0,noun,2018,3.234
8382,hobbits,0,unk,2017,3.233
8383,lasanha,0,noun,2017,3.233
8384,viu-a,0,unk,2017,3.233
8385,blindado,0,noun,2016,3.231
8386,programador,0,noun,2016,3.231
8387,tinha-me esquecido,1,mwe,2016,3.231
8388,atriz,0,unk,2015,3.230
8389,elmo,0,noun,2015,3.230
8390,una,0,unk,2015,3.230
8391,caloria,0,noun,2014,3.228
8392,cozer,0,verb,2014,3.228
8393,demente,0,adv,2014,3.228
8394,lia,0,noun,2014,3.228
8395,shot,0,unk,2014,3.228
8396,pratear,0,verb,2013,3.226
8397,saír,0,unk,2013,3.226
8398,surfista,0,noun,2012,3.225
8399,aptidão,0,noun,2011,3.223
8400,palito,0,noun,2011,3.223
8401,destrancar,0,verb,2010,3.222
8402,apresentador,0,noun,2009,3.220
8403,couve,0,unk,2009,3.220
8404,mpenaf,0,unk,2009,3.220
8405,sódio,0,noun,2008,3.218
8406,égua,0,noun,2008,3.218
8407,desapontado,0,noun,2007,3.217
8408,estéril,0,unk,2007,3.217
8409,modificação,0,noun,2007,3.217
8410,ow,0,unk,2007,3.217
8411,médium,0,unk,2005,3.214
8412,batoteiro,0,noun,2004,3.212
8413,good,0,unk,2002,3.209
8414,intimação,0,noun,2002,3.209
8415,cachecol,0,unk,2001,3.207
8416,catastrófico,0,adj,2001,3.207
8417,cuidados médicos,1,mwe,2000,3.206
8418,morteiro,0,noun,2000,3.206
8419,graduar,0,verb,1999,3.204
8420,barro,0,noun,1998,3.202
8421,jazer,0,verb,1998,3.202
8422,biopsia,0,noun,1996,3.199
8423,enquadrar,0,verb,1996,3.199
8424,aderir,0,verb,1995,3.198
8425,alojar,0,verb,1995,3.198
8426,concluído,0,noun,1995,3.198
8427,carrego,0,noun,1994,3.196
8428,enxofre,0,unk,1994,3.196
8429,participante,0,unk,1994,3.196
8430,caldeirar,0,verb,1993,3.194
8431,intitular,0,verb,1993,3.194
8432,nanar,0,verb,1993,3.194
8433,chegues,0,unk,1992,3.193
8434,finalizar,0,verb,1992,3.193
8435,wagner,0,verb,1992,3.193
8436,torradeira,0,noun,1991,3.191
8437,moralidade,0,noun,1990,3.190
8438,verbal,0,adj,1990,3.190
8439,cordelinho,0,adj,1989,3.188
8440,arrancado,0,noun,1988,3.186
8441,primeiros socorros,1,mwe,1988,3.186
8442,gestor,0,unk,1987,3.185
8443,là,0,unk,1987,3.185
8444,vão-me,0,unk,1987,3.185
8445,rusga,0,noun,1986,3.183
8446,velejar,0,verb,1986,3.183
8447,adão,0,noun,1984,3.180
8448,colonial,0,adj,1984,3.180
8449,broca,0,noun,1983,3.178
8450,yoga,0,noun,1983,3.178
8451,barbatana,0,adj,1982,3.177
8452,purgar,0,verb,1982,3.177
8453,transpirar,0,verb,1982,3.177
8454,amarela,0,noun,1981,3.175
8455,blog,0,unk,1981,3.175
8456,blusão,0,noun,1981,3.175
8457,tombar,0,verb,1981,3.175
8458,watt,0,unk,1981,3.175
8459,whiskey,0,unk,1981,3.175
8460,humildade,0,noun,1980,3.174
8461,colorir,0,verb,1979,3.172
8462,decreto,0,noun,1979,3.172
8463,reformatório,0,noun,1979,3.172
8464,escritura,0,noun,1978,3.170
8465,índice,0,noun,1978,3.170
8466,dark,0,unk,1977,3.169
8467,guia,0,noun,1977,3.169
8468,alhada,0,noun,1976,3.167
8469,tres,0,unk,1976,3.167
8470,brutalmente,0,adv,1975,3.166
8471,plateia,0,noun,1975,3.166
8472,reabastecer,0,verb,1975,3.166
8473,triplicar,0,verb,1975,3.166
8474,arábio,0,noun,1974,3.164
8475,lona,0,noun,1974,3.164
8476,primitiva,0,noun,1974,3.164
8477,latina,0,adj,1973,3.162
8478,nadine,0,unk,1973,3.162
8479,violentar,0,verb,1973,3.162
8480,original netflix,1,mwe,1972,3.161
8481,dá-lo,0,noun,1971,3.159
8482,eficiência,0,noun,1971,3.159
8483,meditação,0,noun,1971,3.159
8484,viking,0,unk,1971,3.159
8485,guru,0,unk,1969,3.156
8486,deportar,0,verb,1968,3.154
8487,floco,0,noun,1968,3.154
8488,fode-me,0,unk,1968,3.154
8489,guarda-chuva,0,noun,1968,3.154
8490,peido,0,noun,1968,3.154
8491,acessível,0,adj,1965,3.149
8492,arrastado,0,noun,1965,3.149
8493,bracelete,0,unk,1965,3.149
8494,perez,0,unk,1965,3.149
8495,risca,0,unk,1965,3.149
8496,rodrigo,0,noun,1965,3.149
8497,abram alas,1,mwe,1964,3.148
8498,aldrabar,0,verb,1964,3.148
8499,clique,0,unk,1964,3.148
8500,desmantelar,0,verb,1964,3.148
8501,manha,0,noun,1964,3.148
8502,governanta,0,noun,1963,3.146
8503,brincalhão,0,noun,1962,3.145
8504,digerir,0,verb,1962,3.145
8505,valentim,0,unk,1962,3.145
8506,sulista,0,noun,1961,3.143
8507,trimestre,0,unk,1961,3.143
8508,agendar,0,verb,1960,3.141
8509,blindar,0,verb,1958,3.138
8510,cascata,0,noun,1958,3.138
8511,contribuinte,0,unk,1958,3.138
8512,húngaro,0,noun,1958,3.138
8513,suculento,0,noun,1958,3.138
8514,hipnotizar,0,verb,1956,3.135
8515,pastilha elástica,1,mwe,1956,3.135
8516,lingerie,0,unk,1955,3.133
8517,medíocre,0,unk,1955,3.133
8518,t-shirts,0,unk,1955,3.133
8519,marselha,0,noun,1954,3.132
8520,regente,0,adj,1954,3.132
8521,consentir,0,verb,1953,3.130
8522,tarzan,0,unk,1953,3.130
8523,azeite,0,unk,1952,3.129
8524,boulevard,0,unk,1952,3.129
8525,inadequado,0,noun,1952,3.129
8526,täo,0,unk,1952,3.129
8527,animação,0,noun,1951,3.127
8528,malcheiroso,0,adj,1951,3.127
8529,furto,0,noun,1950,3.125
8530,malcriado,0,noun,1950,3.125
8531,sórdido,0,noun,1950,3.125
8532,costa oeste,1,mwe,1949,3.124
8533,teclado,0,noun,1949,3.124
8534,tesourar,0,verb,1949,3.124
8535,gaivota,0,noun,1948,3.122
8536,ariano,0,adj,1947,3.121
8537,arrendar,0,verb,1947,3.121
8538,atada,0,noun,1947,3.121
8539,jarra,0,noun,1947,3.121
8540,tê-las,0,unk,1947,3.121
8541,arquitectura,0,noun,1946,3.119
8542,cana,0,adj,1946,3.119
8543,cliché,0,unk,1946,3.119
8544,embarcação,0,noun,1946,3.119
8545,estímulo,0,noun,1946,3.119
8546,involuntário,0,noun,1945,3.117
8547,respeitado,0,noun,1945,3.117
8548,cafetaria,0,noun,1944,3.116
8549,despensa,0,noun,1944,3.116
8550,jet,0,unk,1943,3.114
8551,polígrafo,0,noun,1943,3.114
8552,velhice,0,noun,1943,3.114
8553,cortejar,0,verb,1942,3.113
8554,marrocos,0,unk,1940,3.109
8555,unica,0,adj,1940,3.109
8556,próspero,0,noun,1939,3.108
8557,sorvete,0,unk,1939,3.108
8558,alinhamento,0,noun,1938,3.106
8559,digitar,0,verb,1938,3.106
8560,empenho,0,noun,1938,3.106
8561,empreendimento,0,noun,1937,3.105
8562,imprevisto,0,noun,1937,3.105
8563,inúmero,0,noun,1937,3.105
8564,pontapear,0,verb,1937,3.105
8565,transfusão,0,noun,1937,3.105
8566,vocação,0,noun,1937,3.105
8567,t j,1,mwe,1936,3.103
8568,discursar,0,verb,1935,3.101
8569,condecorar,0,verb,1934,3.100
8570,pinheiro,0,noun,1934,3.100
8571,troll,0,unk,1934,3.100
8572,comovido,0,noun,1933,3.098
8573,desactivado,0,noun,1933,3.098
8574,brutalidade,0,noun,1931,3.095
8575,prévio,0,noun,1931,3.095
8576,devoto,0,noun,1930,3.093
8577,ernesto,0,noun,1930,3.093
8578,esparta,0,noun,1930,3.093
8579,lagoa,0,noun,1930,3.093
8580,strippers,0,unk,1930,3.093
8581,dotar,0,verb,1928,3.090
8582,traste,0,unk,1927,3.089
8583,tê-lo-ia,0,noun,1927,3.089
8584,esgotamento,0,noun,1926,3.087
8585,mobilizar,0,verb,1926,3.087
8586,meticuloso,0,adj,1925,3.085
8587,plausível,0,adj,1924,3.084
8588,pseudónimo,0,noun,1924,3.084
8589,musa,0,noun,1923,3.082
8590,espancado,0,noun,1922,3.081
8591,incapacidade,0,noun,1922,3.081
8592,potencialmente,0,adv,1922,3.081
8593,cnn,0,unk,1921,3.079
8594,atenas,0,unk,1920,3.077
8595,anexo,0,noun,1919,3.076
8596,encenação,0,noun,1918,3.074
8597,gel,0,adj,1917,3.073
8598,misto,0,noun,1917,3.073
8599,killer,0,verb,1916,3.071
8600,projecção,0,noun,1916,3.071
8601,prática,0,adj,1915,3.069
8602,recta,0,noun,1915,3.069
8603,tormento,0,noun,1914,3.068
8604,afectou,0,unk,1913,3.066
8605,bíblico,0,adj,1912,3.065
8606,demora,0,noun,1911,3.063
8607,enjoado,0,noun,1911,3.063
8608,visar,0,verb,1911,3.063
8609,atirado,0,noun,1910,3.061
8610,inteira,0,noun,1910,3.061
8611,propulsão,0,noun,1910,3.061
8612,budista,0,noun,1909,3.060
8613,filial,0,adj,1909,3.060
8614,assistente social,1,mwe,1907,3.057
8615,beatles,0,unk,1905,3.053
8616,carnificina,0,adj,1905,3.053
8617,erecção,0,noun,1905,3.053
8618,julius,0,unk,1903,3.050
8619,imperdoável,0,adj,1902,3.049
8620,over,0,verb,1901,3.047
8621,prêmio,0,noun,1900,3.045
8622,substancial,0,adj,1900,3.045
8623,banal,0,adj,1899,3.044
8624,distorcer,0,verb,1899,3.044
8625,gasoso,0,adj,1899,3.044
8626,júlio,0,noun,1899,3.044
8627,puré,0,unk,1899,3.044
8628,originalmente,0,adv,1898,3.042
8629,obediência,0,noun,1897,3.040
8630,penal,0,adj,1896,3.039
8631,validade,0,noun,1896,3.039
8632,western,0,unk,1896,3.039
8633,emprestada,0,noun,1895,3.037
8634,papão,0,noun,1895,3.037
8635,êxtase,0,unk,1895,3.037
8636,fire,0,unk,1894,3.036
8637,loiça,0,noun,1894,3.036
8638,cibernético,0,adj,1893,3.034
8639,desleixar,0,verb,1893,3.034
8640,fúnebre,0,unk,1893,3.034
8641,mexam-se mexam-se,1,mwe,1893,3.034
8642,nobreza,0,noun,1893,3.034
8643,auscultador,0,noun,1892,3.032
8644,montreal,0,adj,1892,3.032
8645,sobrepor,0,unk,1892,3.032
8646,imobilizar,0,verb,1891,3.031
8647,maionese,0,unk,1891,3.031
8648,reino unido,1,mwe,1891,3.031
8649,atropelado,0,noun,1890,3.029
8650,dianteiro,0,noun,1890,3.029
8651,end,0,unk,1890,3.029
8652,filho-da-puta,0,noun,1890,3.029
8653,menta,0,noun,1890,3.029
8654,ponche,0,unk,1890,3.029
8655,rubi,0,unk,1890,3.029
8656,empolgar,0,verb,1889,3.028
8657,literário,0,noun,1889,3.028
8658,mordidela,0,noun,1889,3.028
8659,pretensioso,0,adj,1889,3.028
8660,vikings,0,unk,1889,3.028
8661,direitos civis,1,mwe,1888,3.026
8662,torrado,0,noun,1888,3.026
8663,classificação,0,noun,1886,3.023
8664,pupila,0,noun,1886,3.023
8665,temporizador,0,noun,1886,3.023
8666,travessura,0,noun,1885,3.021
8667,rebaixar,0,verb,1884,3.020
8668,stern,0,unk,1884,3.020
8669,armazenamento,0,noun,1883,3.018
8670,dominus,0,unk,1883,3.018
8671,atordoar,0,verb,1882,3.016
8672,norton,0,unk,1882,3.016
8673,setor,0,unk,1882,3.016
8674,adorado,0,noun,1879,3.012
8675,põe-na,0,unk,1879,3.012
8676,relaxante,0,unk,1879,3.012
8677,sorridente,0,adj,1879,3.012
8678,brasileiro,0,noun,1878,3.010
8679,jaguar,0,verb,1878,3.010
8680,colombo,0,noun,1877,3.008
8681,irresistível,0,adj,1877,3.008
8682,olimpíada,0,noun,1877,3.008
8683,flautar,0,verb,1876,3.007
8684,jura,0,noun,1876,3.007
8685,karaoke,0,unk,1876,3.007
8686,adoptado,0,noun,1875,3.005
8687,munique,0,unk,1874,3.004
8688,cimeira,0,noun,1872,3.000
8689,feitiçaria,0,noun,1872,3.000
8690,massivo,0,noun,1872,3.000
8691,bug,0,unk,1871,2.999
8692,desenrolar,0,verb,1871,2.999
8693,escasso,0,noun,1871,2.999
8694,parágrafo,0,noun,1871,2.999
8695,alimentado,0,noun,1870,2.997
8696,conversação,0,noun,1870,2.997
8697,now,0,unk,1870,2.997
8698,verídico,0,adj,1870,2.997
8699,acertado,0,noun,1869,2.996
8700,baseball,0,unk,1869,2.996
8701,aconchegar,0,verb,1868,2.994
8702,alexandra,0,noun,1868,2.994
8703,alexandria,0,noun,1868,2.994
8704,grávida,0,noun,1868,2.994
8705,reconciliar,0,verb,1868,2.994
8706,insulina,0,adj,1867,2.992
8707,medonho,0,noun,1867,2.992
8708,tenda,0,noun,1867,2.992
8709,control,0,unk,1866,2.991
8710,cosmos,0,unk,1866,2.991
8711,joalharia,0,noun,1866,2.991
8712,ousado,0,noun,1866,2.991
8713,persuasivo,0,noun,1866,2.991
8714,protagonista,0,noun,1866,2.991
8715,true,0,unk,1866,2.991
8716,almeida,0,noun,1865,2.989
8717,choramingar,0,verb,1864,2.988
8718,farejar,0,verb,1864,2.988
8719,petrolífero,0,noun,1864,2.988
8720,inventor,0,unk,1863,2.986
8721,mindinho,0,adj,1863,2.986
8722,san francisco,1,mwe,1863,2.986
8723,website,0,unk,1863,2.986
8724,compressão,0,noun,1862,2.984
8725,constipar,0,verb,1862,2.984
8726,documentação,0,noun,1862,2.984
8727,impasse,0,unk,1862,2.984
8728,pintado,0,noun,1862,2.984
8729,farra,0,noun,1861,2.983
8730,taxi,0,unk,1861,2.983
8731,d'água,0,noun,1860,2.981
8732,encharcar,0,verb,1860,2.981
8733,injecções,0,noun,1860,2.981
8734,inventado,0,noun,1860,2.981
8735,sola,0,noun,1860,2.981
8736,directores,0,unk,1859,2.980
8737,fez-lhe,0,unk,1859,2.980
8738,prestação,0,noun,1859,2.980
8739,desenhos animados,1,mwe,1858,2.978
8740,cristbet lda,1,mwe,1857,2.976
8741,dei-lhes,0,unk,1857,2.976
8742,animador,0,noun,1856,2.975
8743,escravidão,0,noun,1856,2.975
8744,televisor,0,unk,1856,2.975
8745,galho,0,noun,1855,2.973
8746,inalar,0,verb,1854,2.972
8747,irs,0,unk,1854,2.972
8748,sexualidade,0,noun,1854,2.972
8749,traído,0,noun,1854,2.972
8750,flutuante,0,unk,1852,2.968
8751,prodígio,0,noun,1852,2.968
8752,salsa,0,noun,1852,2.968
8753,excepções,0,noun,1851,2.967
8754,ucrânia,0,noun,1851,2.967
8755,assediar,0,verb,1850,2.965
8756,boa-noite,0,unk,1850,2.965
8757,contradizer,0,verb,1850,2.965
8758,gemer,0,verb,1850,2.965
8759,strauss,0,unk,1850,2.965
8760,apercebido,0,noun,1849,2.964
8761,desempregado,0,noun,1849,2.964
8762,intrometido,0,noun,1849,2.964
8763,actualizar,0,verb,1848,2.962
8764,enforcamento,0,noun,1848,2.962
8765,esterco,0,noun,1848,2.962
8766,murmurar,0,verb,1848,2.962
8767,escória,0,noun,1847,2.960
8768,instalado,0,noun,1847,2.960
8769,plutónio,0,noun,1847,2.960
8770,sustento,0,noun,1847,2.960
8771,champô,0,unk,1846,2.959
8772,serial,0,adj,1846,2.959
8773,prosperidade,0,noun,1844,2.956
8774,ameixa,0,noun,1843,2.954
8775,buenos,0,unk,1843,2.954
8776,exceção,0,noun,1843,2.954
8777,dirigido,0,noun,1842,2.952
8778,enfadonho,0,noun,1842,2.952
8779,istambul,0,unk,1842,2.952
8780,sibéria,0,noun,1842,2.952
8781,grado,0,noun,1841,2.951
8782,guarnição,0,noun,1841,2.951
8783,longínquo,0,noun,1841,2.951
8784,pianista,0,noun,1841,2.951
8785,manchete,0,unk,1840,2.949
8786,íman,0,unk,1840,2.949
8787,bochechar,0,verb,1839,2.948
8788,toronto,0,noun,1839,2.948
8789,vazar,0,verb,1839,2.948
8790,carcaça,0,noun,1838,2.946
8791,czar,0,verb,1838,2.946
8792,meteorológico,0,adj,1838,2.946
8793,sdi media,1,mwe,1838,2.946
8794,reconquistar,0,verb,1837,2.944
8795,sanidade,0,noun,1837,2.944
8796,cianeto,0,noun,1836,2.943
8797,caminhante,0,unk,1835,2.941
8798,grana,0,adj,1835,2.941
8799,injectar,0,verb,1835,2.941
8800,realçar,0,verb,1835,2.941
8801,bode expiatório,1,mwe,1834,2.940
8802,freud,0,unk,1834,2.940
8803,provocado,0,noun,1834,2.940
8804,retórico,0,adj,1833,2.938
8805,prior,0,unk,1832,2.936
8806,chile,0,unk,1831,2.935
8807,condescendente,0,adj,1831,2.935
8808,gravitacional,0,adj,1831,2.935
8809,islândia,0,noun,1831,2.935
8810,séc,0,unk,1831,2.935
8811,berro,0,noun,1830,2.933
8812,cripta,0,noun,1830,2.933
8813,intencional,0,adj,1830,2.933
8814,mola,0,noun,1830,2.933
8815,and roll,1,mwe,1829,2.932
8816,contrabandear,0,verb,1829,2.932
8817,impenetrável,0,adj,1829,2.932
8818,inovador,0,noun,1828,2.930
8819,controverso,0,noun,1827,2.928
8820,rural,0,adj,1827,2.928
8821,santificar,0,verb,1827,2.928
8822,rock and,1,mwe,1826,2.927
8823,anzol,0,unk,1825,2.925
8824,cortador,0,noun,1825,2.925
8825,sweet,0,unk,1825,2.925
8826,atrasado mental,1,mwe,1824,2.923
8827,cláusula,0,noun,1824,2.923
8828,ferguson,0,unk,1824,2.923
8829,florista,0,noun,1824,2.923
8830,inspeccionar,0,verb,1824,2.923
8831,reagrupar,0,verb,1824,2.923
8832,restringir,0,verb,1824,2.923
8833,escravizar,0,verb,1823,2.922
8834,cesta,0,noun,1821,2.919
8835,family,0,unk,1821,2.919
8836,jeans,0,unk,1821,2.919
8837,pontas soltas,1,mwe,1821,2.919
8838,vitelo,0,noun,1821,2.919
8839,astro,0,noun,1820,2.917
8840,baldar,0,verb,1817,2.912
8841,clark kent,1,mwe,1817,2.912
8842,suprimir,0,verb,1817,2.912
8843,bmw,0,unk,1816,2.911
8844,fiar,0,verb,1816,2.911
8845,flexão,0,noun,1816,2.911
8846,dinamarca,0,unk,1815,2.909
8847,milady,0,unk,1815,2.909
8848,superintendente,0,adj,1815,2.909
8849,zarpar,0,verb,1815,2.909
8850,jardinagem,0,noun,1814,2.907
8851,registos telefónicos,1,mwe,1814,2.907
8852,titular,0,verb,1814,2.907
8853,back,0,unk,1813,2.906
8854,canguru,0,unk,1813,2.906
8855,certeiro,0,noun,1812,2.904
8856,eie,0,unk,1812,2.904
8857,gravado,0,noun,1812,2.904
8858,mm-hmm,0,unk,1812,2.904
8859,batista,0,noun,1810,2.901
8860,brutus,0,unk,1810,2.901
8861,bárbara,0,noun,1810,2.901
8862,capotar,0,verb,1810,2.901
8863,pavilhão,0,noun,1810,2.901
8864,especializado,0,noun,1809,2.899
8865,glândula,0,noun,1809,2.899
8866,perecer,0,verb,1809,2.899
8867,publicado,0,noun,1809,2.899
8868,enforcado,0,noun,1808,2.898
8869,integral,0,adj,1808,2.898
8870,islâmico,0,adj,1808,2.898
8871,reprodução,0,noun,1808,2.898
8872,keaton,0,unk,1807,2.896
8873,ram,0,unk,1807,2.896
8874,biografia,0,noun,1806,2.895
8875,popularidade,0,noun,1806,2.895
8876,deu-mo,0,noun,1805,2.893
8877,justificação,0,noun,1805,2.893
8878,ortodoxo,0,noun,1805,2.893
8879,agravar,0,verb,1803,2.890
8880,caído,0,noun,1803,2.890
8881,contratado,0,noun,1803,2.890
8882,primeira-dama,0,noun,1803,2.890
8883,cabeludo,0,adj,1802,2.888
8884,agrado,0,noun,1801,2.887
8885,clemência,0,noun,1801,2.887
8886,fio dental,1,mwe,1801,2.887
8887,inquieto,0,noun,1801,2.887
8888,marginal,0,adj,1801,2.887
8889,névoa,0,noun,1801,2.887
8890,amá-lo,0,noun,1800,2.885
8891,campónio,0,noun,1800,2.885
8892,meia-idade,0,noun,1800,2.885
8893,corrompido,0,noun,1799,2.883
8894,dublin,0,unk,1799,2.883
8895,intocável,0,adj,1799,2.883
8896,lavabo,0,noun,1799,2.883
8897,psiquiatria,0,noun,1799,2.883
8898,baterista,0,noun,1798,2.882
8899,mai,0,unk,1798,2.882
8900,noruega,0,noun,1798,2.882
8901,power,0,verb,1798,2.882
8902,reencontrar,0,verb,1798,2.882
8903,arduamente,0,adv,1797,2.880
8904,atrocidade,0,noun,1797,2.880
8905,baloiço,0,noun,1797,2.880
8906,prémio nobel,1,mwe,1797,2.880
8907,devastado,0,noun,1796,2.879
8908,navegador,0,noun,1796,2.879
8909,trancada,0,noun,1796,2.879
8910,congregação,0,noun,1795,2.877
8911,escandaloso,0,adj,1795,2.877
8912,fictício,0,noun,1795,2.877
8913,sarjeta,0,noun,1795,2.877
8914,sauna,0,unk,1795,2.877
8915,yakuza,0,noun,1795,2.877
8916,acolá,0,adv,1794,2.875
8917,elegância,0,noun,1793,2.874
8918,autocolante,0,unk,1792,2.872
8919,holograma,0,noun,1792,2.872
8920,telefonista,0,noun,1792,2.872
8921,fita adesiva,1,mwe,1790,2.869
8922,historiador,0,noun,1790,2.869
8923,acerto,0,noun,1789,2.867
8924,antecedência,0,noun,1789,2.867
8925,cupão,0,noun,1789,2.867
8926,enjoo,0,unk,1789,2.867
8927,natureza humana,1,mwe,1789,2.867
8928,valete,0,unk,1789,2.867
8929,antiquado,0,noun,1788,2.866
8930,minhoca,0,noun,1788,2.866
8931,vin,0,unk,1788,2.866
8932,vénia,0,noun,1788,2.866
8933,super-heróis,0,unk,1787,2.864
8934,ventura,0,noun,1787,2.864
8935,intencionalmente,0,adv,1786,2.863
8936,omitir,0,verb,1786,2.863
8937,ricaço,0,noun,1786,2.863
8938,ori,0,unk,1785,2.861
8939,delicadeza,0,noun,1784,2.859
8940,hierarquia,0,noun,1784,2.859
8941,processado,0,noun,1784,2.859
8942,sapatilha,0,noun,1783,2.858
8943,escadaria,0,noun,1782,2.856
8944,incomodado,0,noun,1782,2.856
8945,televisivo,0,noun,1781,2.855
8946,rosado,0,noun,1780,2.853
8947,druida,0,noun,1779,2.851
8948,raso,0,unk,1779,2.851
8949,baleado,0,noun,1778,2.850
8950,jacuzzi,0,unk,1778,2.850
8951,acre,0,unk,1777,2.848
8952,but,0,unk,1777,2.848
8953,maninho,0,adj,1777,2.848
8954,parcialmente,0,adv,1777,2.848
8955,paróquia,0,noun,1777,2.848
8956,concussão,0,noun,1776,2.847
8957,núpcias,0,unk,1776,2.847
8958,rata,0,noun,1776,2.847
8959,soneca,0,noun,1776,2.847
8960,cólera,0,noun,1775,2.845
8961,pocilga,0,noun,1775,2.845
8962,genocídio,0,noun,1774,2.843
8963,saloio,0,noun,1774,2.843
8964,sífilis,0,unk,1774,2.843
8965,especificação,0,noun,1773,2.842
8966,reacções,0,noun,1773,2.842
8967,cao,0,unk,1772,2.840
8968,xelim,0,unk,1772,2.840
8969,perceba,0,unk,1771,2.839
8970,pousado,0,noun,1771,2.839
8971,púrpura,0,noun,1771,2.839
8972,custa,0,noun,1770,2.837
8973,fá-los,0,unk,1770,2.837
8974,mármore,0,unk,1770,2.837
8975,trançar,0,verb,1770,2.837
8976,abundância,0,noun,1768,2.834
8977,adolescência,0,noun,1768,2.834
8978,bip,0,unk,1768,2.834
8979,capanga,0,noun,1767,2.832
8980,gerência,0,noun,1767,2.832
8981,imparável,0,adj,1766,2.831
8982,presto,0,noun,1766,2.831
8983,rasgado,0,noun,1766,2.831
8984,cobiçar,0,verb,1764,2.827
8985,consumar,0,verb,1764,2.827
8986,usa-o,0,unk,1764,2.827
8987,detalhado,0,noun,1763,2.826
8988,operações especiais,1,mwe,1763,2.826
8989,classificado,0,noun,1762,2.824
8990,er,0,unk,1762,2.824
8991,leucemia,0,noun,1762,2.824
8992,herpes,0,unk,1761,2.823
8993,madonna,0,unk,1761,2.823
8994,quecas,0,unk,1761,2.823
8995,vingativo,0,noun,1761,2.823
8996,titânio,0,noun,1760,2.821
8997,anulação,0,noun,1759,2.819
8998,boiar,0,verb,1759,2.819
8999,touchdown,0,unk,1759,2.819
9000,tranquilidade,0,noun,1759,2.819
9001,atlético,0,adj,1758,2.818
9002,turbar,0,verb,1757,2.816
9003,definido,0,noun,1756,2.815
9004,arriscado,0,noun,1755,2.813
9005,paranóica,0,adj,1755,2.813
9006,tuberculose,0,unk,1755,2.813
9007,mamute,0,unk,1754,2.811
9008,amadurecer,0,verb,1753,2.810
9009,gritaria,0,noun,1753,2.810
9010,reparo,0,noun,1753,2.810
9011,scotland yard,1,mwe,1752,2.808
9012,horrivel,0,adj,1751,2.806
9013,nerd,0,unk,1751,2.806
9014,porcelana,0,adj,1751,2.806
9015,queimada,0,noun,1751,2.806
9016,viação,0,noun,1751,2.806
9017,titanic,0,unk,1750,2.805
9018,incerteza,0,noun,1749,2.803
9019,originar,0,verb,1749,2.803
9020,talhante,0,unk,1749,2.803
9021,tardio,0,noun,1749,2.803
9022,escriturar,0,verb,1748,2.802
9023,piloto automático,1,mwe,1748,2.802
9024,verónica,0,adj,1748,2.802
9025,dá-se,0,unk,1747,2.800
9026,whoo,0,unk,1747,2.800
9027,fertilidade,0,noun,1746,2.798
9028,lasers,0,unk,1746,2.798
9029,verruga,0,noun,1746,2.798
9030,aposentar,0,verb,1745,2.797
9031,conhaque,0,unk,1745,2.797
9032,cotar,0,verb,1745,2.797
9033,doctor,0,unk,1745,2.797
9034,franqueza,0,noun,1745,2.797
9035,insígnia,0,noun,1745,2.797
9036,dissuadir,0,verb,1744,2.795
9037,jangada,0,noun,1744,2.795
9038,molestar,0,verb,1744,2.795
9039,patrício,0,noun,1744,2.795
9040,úlcera,0,noun,1744,2.795
9041,afegão,0,noun,1742,2.792
9042,comedor,0,noun,1742,2.792
9043,prioritário,0,noun,1742,2.792
9044,run,0,unk,1742,2.792
9045,apostador,0,noun,1741,2.790
9046,desentendimento,0,noun,1741,2.790
9047,lambert,0,unk,1741,2.790
9048,fénix,0,unk,1740,2.789
9049,laceração,0,noun,1740,2.789
9050,paspalho,0,noun,1740,2.789
9051,duradouro,0,noun,1739,2.787
9052,el paso,1,mwe,1739,2.787
9053,inclinação,0,noun,1739,2.787
9054,comemoração,0,noun,1738,2.786
9055,extremar,0,verb,1738,2.786
9056,firewall,0,unk,1738,2.786
9057,incapacitar,0,verb,1738,2.786
9058,heil hitler,1,mwe,1736,2.782
9059,ponha-o,0,unk,1735,2.781
9060,call,0,unk,1734,2.779
9061,arqueólogo,0,noun,1733,2.778
9062,atinar,0,verb,1733,2.778
9063,posterior,0,unk,1733,2.778
9064,heróico,0,adj,1732,2.776
9065,informal,0,adj,1732,2.776
9066,magnificar,0,verb,1732,2.776
9067,oval,0,adj,1732,2.776
9068,rupia,0,noun,1732,2.776
9069,espantalho,0,noun,1731,2.774
9070,estante,0,unk,1731,2.774
9071,inspirado,0,noun,1731,2.774
9072,contaria,0,noun,1730,2.773
9073,decepcionado,0,noun,1730,2.773
9074,medusa,0,noun,1730,2.773
9075,ronda,0,noun,1730,2.773
9076,distorcido,0,noun,1729,2.771
9077,empunhar,0,verb,1729,2.771
9078,filho-da-mãe,0,unk,1729,2.771
9079,potássio,0,noun,1729,2.771
9080,subjugar,0,verb,1729,2.771
9081,caraíba,0,unk,1728,2.770
9082,focinho,0,adj,1728,2.770
9083,frustrado,0,noun,1728,2.770
9084,d'artagnan,0,unk,1727,2.768
9085,tintim,0,unk,1727,2.768
9086,tática,0,adj,1727,2.768
9087,zelador,0,noun,1727,2.768
9088,finalidade,0,noun,1726,2.766
9089,vivam,0,unk,1726,2.766
9090,agachar,0,verb,1725,2.765
9091,cessar-fogo,0,noun,1725,2.765
9092,criatividade,0,noun,1725,2.765
9093,obsoleto,0,noun,1725,2.765
9094,sucção,0,noun,1725,2.765
9095,canoa,0,noun,1724,2.763
9096,vão-te,0,unk,1724,2.763
9097,arrepiar,0,verb,1723,2.762
9098,place,0,unk,1723,2.762
9099,bailar,0,verb,1722,2.760
9100,maçaneta,0,noun,1722,2.760
9101,moira,0,noun,1722,2.760
9102,sucessão,0,noun,1722,2.760
9103,caótico,0,adj,1721,2.758
9104,gen,0,unk,1721,2.758
9105,incluído,0,noun,1721,2.758
9106,roupeiro,0,noun,1721,2.758
9107,vagamente,0,adv,1721,2.758
9108,exagerado,0,noun,1720,2.757
9109,frigorifico,0,adj,1720,2.757
9110,matrimonial,0,adj,1720,2.757
9111,maçarico,0,adj,1720,2.757
9112,microscópio,0,noun,1720,2.757
9113,soda,0,noun,1719,2.755
9114,xeque-mate,0,unk,1719,2.755
9115,atualmente,0,adv,1718,2.754
9116,binóculos,0,unk,1718,2.754
9117,desprotegido,0,noun,1718,2.754
9118,al-qaeda,0,noun,1717,2.752
9119,chamamento,0,noun,1717,2.752
9120,dessem,0,noun,1717,2.752
9121,girafa,0,unk,1717,2.752
9122,intimar,0,verb,1717,2.752
9123,violeta,0,noun,1717,2.752
9124,descontente,0,adj,1716,2.750
9125,sabotagem,0,noun,1716,2.750
9126,suplente,0,adj,1716,2.750
9127,coagir,0,verb,1715,2.749
9128,dissipar,0,verb,1715,2.749
9129,van der,1,mwe,1715,2.749
9130,asteróide,0,noun,1714,2.747
9131,cc,0,unk,1713,2.746
9132,densidade,0,noun,1713,2.746
9133,gangsters,0,unk,1713,2.746
9134,põe-nos,0,unk,1713,2.746
9135,bofetada,0,noun,1712,2.744
9136,impressor,0,unk,1712,2.744
9137,marisco,0,noun,1712,2.744
9138,nomeado,0,noun,1712,2.744
9139,paternidade,0,noun,1712,2.744
9140,truta,0,noun,1712,2.744
9141,embrulhado,0,noun,1711,2.742
9142,tumba,0,unk,1711,2.742
9143,estacionado,0,noun,1710,2.741
9144,salomão,0,noun,1710,2.741
9145,utilização,0,noun,1710,2.741
9146,depilar,0,verb,1709,2.739
9147,entupir,0,verb,1709,2.739
9148,movido,0,noun,1709,2.739
9149,not,0,unk,1709,2.739
9150,tractor,0,unk,1709,2.739
9151,despedido,0,noun,1708,2.738
9152,fodi,0,unk,1708,2.738
9153,hidráulico,0,adj,1708,2.738
9154,negado,0,noun,1708,2.738
9155,sussurro,0,noun,1708,2.738
9156,chino,0,adj,1707,2.736
9157,nazista,0,noun,1707,2.736
9158,provocação,0,noun,1707,2.736
9159,encurtar,0,verb,1705,2.733
9160,herege,0,unk,1705,2.733
9161,performance,0,unk,1705,2.733
9162,sanitário,0,noun,1705,2.733
9163,ter-me-ia,0,noun,1705,2.733
9164,domicílio,0,noun,1704,2.731
9165,singular,0,verb,1704,2.731
9166,transformado,0,noun,1704,2.731
9167,trolls,0,unk,1704,2.731
9168,arrumado,0,noun,1702,2.728
9169,lacaio,0,noun,1702,2.728
9170,nasal,0,adj,1702,2.728
9171,sardinha,0,adj,1701,2.726
9172,camareiro,0,noun,1700,2.725
9173,pavor,0,unk,1700,2.725
9174,vão-nos,0,unk,1700,2.725
9175,calmante,0,unk,1699,2.723
9176,hem,0,noun,1699,2.723
9177,tú,0,unk,1699,2.723
9178,umbigo,0,noun,1699,2.723
9179,eliminação,0,noun,1698,2.722
9180,fertilizante,0,unk,1698,2.722
9181,formoso,0,adj,1698,2.722
9182,lanchar,0,verb,1698,2.722
9183,negligenciar,0,verb,1698,2.722
9184,diplomacia,0,noun,1697,2.720
9185,doutra,0,noun,1697,2.720
9186,totós,0,unk,1697,2.720
9187,zelândia,0,noun,1697,2.720
9188,operado,0,noun,1696,2.718
9189,simpatizar,0,verb,1696,2.718
9190,socialista,0,noun,1696,2.718
9191,aceleração,0,noun,1695,2.717
9192,caucasiano,0,adj,1695,2.717
9193,focado,0,noun,1695,2.717
9194,guloseima,0,noun,1695,2.717
9195,mexido,0,noun,1695,2.717
9196,ganga,0,noun,1694,2.715
9197,hélio,0,noun,1694,2.715
9198,cinzeiro,0,noun,1693,2.714
9199,crónico,0,adj,1693,2.714
9200,ipod,0,unk,1693,2.714
9201,pepino,0,adj,1693,2.714
9202,petisco,0,noun,1693,2.714
9203,capataz,0,unk,1692,2.712
9204,desbloquear,0,verb,1692,2.712
9205,deslize,0,unk,1692,2.712
9206,nottingham,0,unk,1692,2.712
9207,ocasional,0,adj,1692,2.712
9208,agrícola,0,noun,1691,2.710
9209,pôr-lhe,0,unk,1691,2.710
9210,serrar,0,verb,1691,2.710
9211,caução,0,noun,1690,2.709
9212,discernimento,0,noun,1690,2.709
9213,encarrego,0,noun,1690,2.709
9214,fabrico,0,adj,1690,2.709
9215,gracias,0,unk,1690,2.709
9216,jackpot,0,unk,1690,2.709
9217,manifestante,0,unk,1690,2.709
9218,rigor,0,unk,1690,2.709
9219,salgar,0,verb,1690,2.709
9220,visibilidade,0,noun,1690,2.709
9221,coxear,0,verb,1689,2.707
9222,fez-se,0,unk,1689,2.707
9223,finar,0,verb,1689,2.707
9224,luxuoso,0,adj,1689,2.707
9225,queixoso,0,adj,1689,2.707
9226,formigar,0,verb,1688,2.706
9227,palestino,0,adj,1687,2.704
9228,córtex,0,unk,1686,2.702
9229,exilar,0,verb,1686,2.702
9230,habilidoso,0,adj,1686,2.702
9231,optimo,0,noun,1686,2.702
9232,burocrata,0,noun,1685,2.701
9233,parvalhão,0,noun,1685,2.701
9234,atentamente,0,adv,1684,2.699
9235,detetives,0,unk,1684,2.699
9236,atacador,0,noun,1682,2.696
9237,câncer,0,verb,1682,2.696
9238,maravilhosamente,0,adv,1682,2.696
9239,renal,0,adj,1682,2.696
9240,autografar,0,verb,1681,2.694
9241,aviador,0,noun,1681,2.694
9242,hitchcock,0,unk,1681,2.694
9243,normalidade,0,noun,1681,2.694
9244,ecografia,0,noun,1680,2.693
9245,ensinamento,0,noun,1680,2.693
9246,minimizar,0,verb,1680,2.693
9247,pardal,0,adj,1680,2.693
9248,singapura,0,noun,1680,2.693
9249,transtorno,0,noun,1680,2.693
9250,vegetar,0,verb,1680,2.693
9251,falso alarme,1,mwe,1678,2.689
9252,filipe,0,unk,1678,2.689
9253,madeleine,0,unk,1678,2.689
9254,amo-vos,0,unk,1677,2.688
9255,dróide,0,noun,1677,2.688
9256,licenciatura,0,noun,1677,2.688
9257,letreiro,0,noun,1675,2.685
9258,margarida,0,noun,1675,2.685
9259,who,0,noun,1675,2.685
9260,absolver,0,verb,1674,2.683
9261,assimilar,0,verb,1674,2.683
9262,avental,0,adj,1674,2.683
9263,mal-educado,0,noun,1674,2.683
9264,reembolso,0,unk,1674,2.683
9265,treina,0,adj,1674,2.683
9266,jactos,0,unk,1673,2.681
9267,realista,0,noun,1673,2.681
9268,ressentir,0,verb,1673,2.681
9269,grilo,0,noun,1672,2.680
9270,apitar,0,verb,1671,2.678
9271,mäe,0,unk,1671,2.678
9272,praguejar,0,verb,1670,2.677
9273,racismo,0,noun,1670,2.677
9274,sentenciar,0,verb,1670,2.677
9275,vacilar,0,verb,1670,2.677
9276,alheio,0,noun,1669,2.675
9277,dou-lhes,0,unk,1669,2.675
9278,khaleesi,0,unk,1669,2.675
9279,mensal,0,adj,1669,2.675
9280,nádegas,0,unk,1669,2.675
9281,sobrecarga,0,noun,1669,2.675
9282,advertir,0,verb,1668,2.673
9283,emissário,0,noun,1668,2.673
9284,escudeiro,0,noun,1668,2.673
9285,extradição,0,noun,1668,2.673
9286,formalmente,0,adv,1668,2.673
9287,machete,0,unk,1668,2.673
9288,processador,0,noun,1668,2.673
9289,põe-se,0,unk,1668,2.673
9290,visionário,0,noun,1667,2.672
9291,mestrado,0,noun,1665,2.669
9292,alfabeto,0,noun,1663,2.665
9293,cabeceira,0,noun,1663,2.665
9294,glaciar,0,verb,1663,2.665
9295,ordenado,0,noun,1663,2.665
9296,aquecedor,0,noun,1662,2.664
9297,coberta,0,noun,1662,2.664
9298,destroçado,0,noun,1662,2.664
9299,part-time,0,unk,1662,2.664
9300,pickles,0,unk,1662,2.664
9301,recital,0,adj,1662,2.664
9302,albuquerque,0,unk,1661,2.662
9303,hut,0,unk,1661,2.662
9304,milorde,0,noun,1661,2.662
9305,impossivel,0,adj,1660,2.661
9306,rascunho,0,noun,1660,2.661
9307,supersticioso,0,adj,1660,2.661
9308,della,0,noun,1659,2.659
9309,joana,0,adj,1658,2.657
9310,projetar,0,verb,1658,2.657
9311,ravina,0,adj,1658,2.657
9312,mesquinho,0,adj,1657,2.656
9313,monopólio,0,noun,1657,2.656
9314,tomografia,0,noun,1657,2.656
9315,desforrar,0,verb,1656,2.654
9316,espalhada,0,noun,1656,2.654
9317,falador,0,noun,1656,2.654
9318,insónia,0,noun,1656,2.654
9319,carrossel,0,adj,1655,2.653
9320,despejo,0,noun,1655,2.653
9321,buffet,0,unk,1654,2.651
9322,violoncelo,0,noun,1654,2.651
9323,indestrutível,0,adj,1653,2.649
9324,injeção,0,noun,1653,2.649
9325,reflexão,0,noun,1653,2.649
9326,two,0,unk,1653,2.649
9327,divindade,0,noun,1652,2.648
9328,mortalidade,0,noun,1651,2.646
9329,recolher obrigatório,1,mwe,1651,2.646
9330,transmitido,0,noun,1651,2.646
9331,velório,0,noun,1651,2.646
9332,turbina,0,adj,1650,2.645
9333,beirute,0,unk,1649,2.643
9334,camera,0,noun,1649,2.643
9335,evacuado,0,noun,1649,2.643
9336,mariano,0,adj,1648,2.641
9337,abominável,0,adj,1647,2.640
9338,amamentar,0,verb,1647,2.640
9339,fiasco,0,noun,1647,2.640
9340,merci,0,unk,1647,2.640
9341,capar,0,verb,1646,2.638
9342,dolares,0,unk,1646,2.638
9343,slogan,0,unk,1646,2.638
9344,surra,0,noun,1646,2.638
9345,comover,0,verb,1645,2.637
9346,tique,0,unk,1645,2.637
9347,miniaturar,0,verb,1644,2.635
9348,palheiro,0,noun,1644,2.635
9349,une,0,unk,1644,2.635
9350,marada,0,noun,1643,2.633
9351,co-piloto,0,noun,1642,2.632
9352,sicília,0,noun,1642,2.632
9353,gorar,0,verb,1641,2.630
9354,alberto,0,noun,1640,2.629
9355,alface,0,unk,1639,2.627
9356,recorte,0,unk,1639,2.627
9357,daddy,0,unk,1638,2.625
9358,farpar,0,verb,1638,2.625
9359,coroação,0,noun,1637,2.624
9360,fuzilar,0,verb,1637,2.624
9361,renascimento,0,noun,1637,2.624
9362,subtitles,0,unk,1637,2.624
9363,carrega,0,noun,1636,2.622
9364,egito,0,noun,1636,2.622
9365,enredo,0,noun,1636,2.622
9366,suplemento,0,noun,1636,2.622
9367,hélice,0,noun,1635,2.621
9368,dependência,0,noun,1634,2.619
9369,hábil,0,unk,1634,2.619
9370,largado,0,noun,1634,2.619
9371,estupido,0,noun,1633,2.617
9372,hemisfério,0,noun,1633,2.617
9373,minucioso,0,adj,1633,2.617
9374,pm,0,unk,1632,2.616
9375,cometido,0,noun,1631,2.614
9376,ninjas,0,unk,1631,2.614
9377,solteira,0,noun,1631,2.614
9378,drástico,0,adj,1630,2.613
9379,amazona,0,noun,1629,2.611
9380,kiss,0,unk,1629,2.611
9381,simbolizar,0,verb,1629,2.611
9382,alastrar,0,verb,1628,2.609
9383,marfim,0,unk,1628,2.609
9384,renovação,0,noun,1628,2.609
9385,ágil,0,unk,1628,2.609
9386,alarido,0,noun,1627,2.608
9387,epinefrina,0,adj,1627,2.608
9388,nilo,0,noun,1627,2.608
9389,tour,0,unk,1627,2.608
9390,vocabulário,0,noun,1627,2.608
9391,coiso,0,noun,1626,2.606
9392,empenhado,0,noun,1626,2.606
9393,prateado,0,noun,1626,2.606
9394,subs addicted,1,mwe,1626,2.606
9395,despoletar,0,verb,1624,2.603
9396,extremista,0,noun,1624,2.603
9397,implementar,0,verb,1624,2.603
9398,afogamento,0,noun,1623,2.601
9399,botânico,0,adj,1623,2.601
9400,provávelmente,0,adv,1623,2.601
9401,zé-ninguém,0,unk,1623,2.601
9402,banido,0,noun,1622,2.600
9403,mister,0,verb,1622,2.600
9404,provir,0,verb,1622,2.600
9405,revogar,0,verb,1622,2.600
9406,sujidade,0,noun,1622,2.600
9407,espreitadela,0,noun,1621,2.598
9408,politicamente,0,adv,1621,2.598
9409,brighton,0,unk,1620,2.597
9410,rochoso,0,adj,1620,2.597
9411,aparar,0,verb,1619,2.595
9412,brusco,0,noun,1619,2.595
9413,fixamente,0,adv,1619,2.595
9414,game,0,unk,1619,2.595
9415,manchado,0,noun,1619,2.595
9416,mentalidade,0,noun,1619,2.595
9417,vestiário,0,noun,1619,2.595
9418,virilha,0,noun,1619,2.595
9419,havaiano,0,adj,1618,2.593
9420,inacabado,0,noun,1618,2.593
9421,reaparecer,0,verb,1618,2.593
9422,inquietar,0,verb,1617,2.592
9423,penthouse,0,unk,1617,2.592
9424,silenciosamente,0,adv,1617,2.592
9425,cãibra,0,noun,1616,2.590
9426,foi-nos,0,unk,1616,2.590
9427,lixívia,0,noun,1616,2.590
9428,ninjitis,0,unk,1616,2.590
9429,saga,0,noun,1616,2.590
9430,aquiles,0,unk,1615,2.589
9431,factura,0,noun,1615,2.589
9432,inimaginável,0,adj,1615,2.589
9433,solteirão,0,noun,1615,2.589
9434,viagra,0,noun,1615,2.589
9435,bruce wayne,1,mwe,1614,2.587
9436,berma,0,noun,1613,2.585
9437,comunhão,0,noun,1613,2.585
9438,ferroviário,0,noun,1613,2.585
9439,sí,0,unk,1613,2.585
9440,cleópatra,0,noun,1612,2.584
9441,fay,0,unk,1612,2.584
9442,recém,0,unk,1612,2.584
9443,bbc,0,unk,1611,2.582
9444,betão,0,noun,1611,2.582
9445,conversinha,0,adj,1611,2.582
9446,estafeta,0,noun,1611,2.582
9447,ris,0,unk,1611,2.582
9448,ç,0,unk,1611,2.582
9449,interface,0,unk,1610,2.580
9450,carnívoro,0,noun,1609,2.579
9451,humilhado,0,noun,1609,2.579
9452,status,0,unk,1609,2.579
9453,cabeca,0,noun,1608,2.577
9454,remodelar,0,verb,1608,2.577
9455,atrelar,0,verb,1607,2.576
9456,combustão,0,noun,1607,2.576
9457,prá,0,unk,1607,2.576
9458,apegar,0,verb,1606,2.574
9459,sandália,0,noun,1606,2.574
9460,simbólico,0,adj,1606,2.574
9461,star trek,1,mwe,1606,2.574
9462,misturado,0,noun,1605,2.572
9463,sintonia,0,noun,1605,2.572
9464,tribal,0,adj,1605,2.572
9465,ía,0,unk,1605,2.572
9466,apavorado,0,noun,1604,2.571
9467,sincronia ptpt,1,mwe,1604,2.571
9468,chora,0,noun,1603,2.569
9469,damasco,0,noun,1603,2.569
9470,hobby,0,unk,1603,2.569
9471,infligir,0,verb,1603,2.569
9472,torácico,0,adj,1603,2.569
9473,poluição,0,noun,1602,2.568
9474,court,0,unk,1601,2.566
9475,irritação,0,noun,1601,2.566
9476,morse,0,unk,1601,2.566
9477,secador,0,noun,1601,2.566
9478,suado,0,noun,1601,2.566
9479,dissecar,0,verb,1600,2.564
9480,ter-te-ia,0,noun,1600,2.564
9481,estalagem,0,noun,1599,2.563
9482,mascarado,0,noun,1599,2.563
9483,bem-vindas,0,unk,1598,2.561
9484,ham,0,unk,1598,2.561
9485,mestiço,0,noun,1598,2.561
9486,sím,0,unk,1598,2.561
9487,tontura,0,noun,1598,2.561
9488,arrecadação,0,noun,1597,2.560
9489,declarado,0,noun,1597,2.560
9490,elevação,0,noun,1597,2.560
9491,elixir,0,verb,1597,2.560
9492,non,0,unk,1597,2.560
9493,protectora,0,noun,1595,2.556
9494,stitch,0,unk,1595,2.556
9495,alicate,0,unk,1594,2.555
9496,mos,0,unk,1594,2.555
9497,obediente,0,adj,1594,2.555
9498,diâmetro,0,noun,1593,2.553
9499,encantamento,0,noun,1593,2.553
9500,kansas city,1,mwe,1593,2.553
9501,forjado,0,noun,1592,2.552
9502,oliver queen,1,mwe,1592,2.552
9503,escombros,0,unk,1591,2.550
9504,intoxicação,0,noun,1591,2.550
9505,travesseiro,0,noun,1591,2.550
9506,concorde,0,noun,1590,2.548
9507,ananás,0,unk,1589,2.547
9508,bonjour,0,unk,1589,2.547
9509,invólucro,0,noun,1588,2.545
9510,remoção,0,noun,1588,2.545
9511,transacções,0,noun,1588,2.545
9512,benção,0,noun,1587,2.544
9513,intelecto,0,noun,1587,2.544
9514,bruxelas,0,unk,1586,2.542
9515,clonar,0,verb,1586,2.542
9516,ensopar,0,verb,1586,2.542
9517,fórum,0,unk,1586,2.542
9518,túlipa,0,noun,1586,2.542
9519,filipina,0,adj,1585,2.540
9520,pessimista,0,noun,1585,2.540
9521,piranha,0,noun,1583,2.537
9522,reservatório,0,noun,1583,2.537
9523,pulha,0,noun,1582,2.536
9524,ralo,0,noun,1582,2.536
9525,trampa,0,noun,1582,2.536
9526,anarquia,0,noun,1581,2.534
9527,homenagear,0,verb,1581,2.534
9528,ninhar,0,verb,1581,2.534
9529,apertada,0,noun,1580,2.532
9530,mandachuva,0,noun,1580,2.532
9531,aceitação,0,noun,1579,2.531
9532,hipnose,0,unk,1579,2.531
9533,abominação,0,noun,1578,2.529
9534,alcatraz,0,unk,1578,2.529
9535,brandir,0,verb,1578,2.529
9536,medicinal,0,adj,1578,2.529
9537,barba,0,unk,1577,2.528
9538,diferenciar,0,verb,1577,2.528
9539,hindu,0,unk,1577,2.528
9540,narcisista,0,noun,1577,2.528
9541,oportuno,0,unk,1577,2.528
9542,distrital,0,adj,1576,2.526
9543,interrogado,0,noun,1576,2.526
9544,mórbido,0,noun,1576,2.526
9545,redigir,0,verb,1576,2.526
9546,valium,0,unk,1576,2.526
9547,designado,0,noun,1575,2.524
9548,embaraço,0,noun,1575,2.524
9549,fumaça,0,noun,1575,2.524
9550,metanfetamina,0,adj,1575,2.524
9551,perdurar,0,verb,1575,2.524
9552,premiar,0,verb,1575,2.524
9553,repreender,0,verb,1575,2.524
9554,she,0,unk,1575,2.524
9555,ºc,0,unk,1575,2.524
9556,aspirante,0,unk,1574,2.523
9557,corroer,0,verb,1574,2.523
9558,devorador,0,noun,1574,2.523
9559,templário,0,noun,1574,2.523
9560,engodo,0,noun,1573,2.521
9561,esquecimento,0,noun,1573,2.521
9562,loucamente,0,adv,1573,2.521
9563,regenerar,0,verb,1573,2.521
9564,suturar,0,verb,1573,2.521
9565,amarra,0,noun,1572,2.520
9566,agressividade,0,noun,1571,2.518
9567,louvor,0,unk,1571,2.518
9568,vibrador,0,noun,1571,2.518
9569,arranjado,0,noun,1570,2.516
9570,injetar,0,verb,1570,2.516
9571,moer,0,verb,1570,2.516
9572,correria,0,noun,1569,2.515
9573,ganharia,0,noun,1569,2.515
9574,have,0,unk,1569,2.515
9575,processamento,0,noun,1569,2.515
9576,apêndice,0,noun,1568,2.513
9577,cruzador,0,noun,1568,2.513
9578,wi-fi,0,unk,1568,2.513
9579,ciao,0,unk,1567,2.512
9580,constelação,0,noun,1567,2.512
9581,cromwell,0,unk,1567,2.512
9582,defrontar,0,verb,1567,2.512
9583,desintegrar,0,verb,1567,2.512
9584,enguia,0,noun,1567,2.512
9585,estrume,0,unk,1567,2.512
9586,despertador,0,noun,1566,2.510
9587,emagrecer,0,verb,1566,2.510
9588,giovanni,0,unk,1566,2.510
9589,hediondo,0,noun,1566,2.510
9590,transplantar,0,verb,1566,2.510
9591,amistoso,0,adj,1565,2.508
9592,bam,0,unk,1565,2.508
9593,eleitoral,0,adj,1565,2.508
9594,texugo,0,noun,1565,2.508
9595,you're,0,unk,1565,2.508
9596,diabético,0,adj,1564,2.507
9597,hi,0,unk,1563,2.505
9598,presidir,0,verb,1563,2.505
9599,timing,0,unk,1563,2.505
9600,zurique,0,unk,1563,2.505
9601,odioso,0,adj,1562,2.504
9602,dezanove,0,num,1561,2.502
9603,nocturnos,0,unk,1561,2.502
9604,desmancha-prazeres,0,unk,1560,2.500
9605,lagarta,0,noun,1559,2.499
9606,perdoado,0,noun,1559,2.499
9607,venezuela,0,noun,1559,2.499
9608,espectaculares,0,unk,1558,2.497
9609,vão-se lixar,1,mwe,1557,2.496
9610,deita,0,noun,1556,2.494
9611,efectivamente,0,adv,1556,2.494
9612,espasmo,0,noun,1556,2.494
9613,jacaré,0,unk,1556,2.494
9614,lisonjeado,0,noun,1556,2.494
9615,nítido,0,noun,1556,2.494
9616,hampshire,0,unk,1555,2.492
9617,implicação,0,noun,1555,2.492
9618,mer,0,unk,1555,2.492
9619,miligrama,0,noun,1555,2.492
9620,pedal,0,adj,1555,2.492
9621,tem-nos,0,unk,1555,2.492
9622,descapotável,0,adj,1554,2.491
9623,fornalha,0,noun,1554,2.491
9624,montante,0,unk,1554,2.491
9625,palavra-passe,0,unk,1554,2.491
9626,risada,0,noun,1554,2.491
9627,alegadamente,0,adv,1553,2.489
9628,amabilidade,0,noun,1553,2.489
9629,incontrolável,0,adj,1553,2.489
9630,operativo,0,noun,1552,2.488
9631,reentrar,0,verb,1552,2.488
9632,amputar,0,verb,1551,2.486
9633,bd,0,unk,1551,2.486
9634,ranhoso,0,adj,1551,2.486
9635,sebo,0,noun,1551,2.486
9636,veludo,0,adj,1551,2.486
9637,paradoxo,0,noun,1550,2.484
9638,socapa,0,noun,1550,2.484
9639,eléctricas,0,unk,1549,2.483
9640,feno,0,noun,1549,2.483
9641,memorável,0,adj,1549,2.483
9642,obsessivo,0,noun,1549,2.483
9643,tentáculo,0,noun,1549,2.483
9644,accionistas,0,unk,1548,2.481
9645,coroa,0,noun,1547,2.480
9646,posses,0,unk,1547,2.480
9647,alunar,0,verb,1545,2.476
9648,tagarelar,0,verb,1545,2.476
9649,desastroso,0,adj,1544,2.475
9650,masturbação,0,noun,1544,2.475
9651,mendez,0,unk,1544,2.475
9652,baril,0,unk,1543,2.473
9653,estuporar,0,verb,1543,2.473
9654,porta-luvas,0,unk,1543,2.473
9655,batimento cardíaco,1,mwe,1542,2.472
9656,desacreditar,0,verb,1542,2.472
9657,horda,0,noun,1542,2.472
9658,óvulo,0,noun,1542,2.472
9659,torta,0,noun,1541,2.470
9660,cds,0,unk,1540,2.468
9661,grelhar,0,verb,1540,2.468
9662,coleccionador,0,noun,1539,2.467
9663,indeciso,0,noun,1539,2.467
9664,perjúrio,0,noun,1539,2.467
9665,augusto,0,noun,1538,2.465
9666,esmagador,0,noun,1538,2.465
9667,giz,0,unk,1538,2.465
9668,infiltração,0,noun,1538,2.465
9669,lulu,0,unk,1538,2.465
9670,mitzvah,0,unk,1538,2.465
9671,pulverizar,0,verb,1538,2.465
9672,terçar,0,verb,1538,2.465
9673,advertência,0,noun,1537,2.463
9674,conformar,0,verb,1537,2.463
9675,cubículo,0,noun,1537,2.463
9676,transtornado,0,noun,1537,2.463
9677,ia-me,0,unk,1536,2.462
9678,lucinda,0,noun,1536,2.462
9679,mexerico,0,adj,1536,2.462
9680,pastorar,0,verb,1536,2.462
9681,proveniente,0,adj,1535,2.460
9682,talho,0,noun,1535,2.460
9683,treinamento,0,noun,1535,2.460
9684,inundado,0,noun,1534,2.459
9685,j j,1,mwe,1534,2.459
9686,varíola,0,noun,1534,2.459
9687,articulação,0,noun,1533,2.457
9688,pincel,0,adj,1533,2.457
9689,sangra,0,noun,1533,2.457
9690,ding,0,unk,1532,2.455
9691,ponho-te,0,unk,1532,2.455
9692,prejudicial,0,adj,1532,2.455
9693,barca,0,unk,1531,2.454
9694,clientela,0,noun,1531,2.454
9695,descartável,0,adj,1531,2.454
9696,desintoxicação,0,noun,1531,2.454
9697,estrear,0,verb,1531,2.454
9698,liderado,0,noun,1531,2.454
9699,song,0,unk,1531,2.454
9700,ícone,0,unk,1531,2.454
9701,débil,0,unk,1530,2.452
9702,estilista,0,noun,1530,2.452
9703,humm,0,unk,1530,2.452
9704,planetário,0,noun,1530,2.452
9705,pôs-se,0,unk,1530,2.452
9706,romero,0,noun,1530,2.452
9707,belfast,0,unk,1529,2.451
9708,medroso,0,adj,1529,2.451
9709,fútil,0,unk,1528,2.449
9710,horizontal,0,adj,1528,2.449
9711,insuficiência,0,noun,1528,2.449
9712,mudado,0,noun,1528,2.449
9713,obstruir,0,verb,1528,2.449
9714,paixoneta,0,noun,1528,2.449
9715,zé,0,unk,1528,2.449
9716,diagrama,0,noun,1527,2.447
9717,haiti,0,unk,1527,2.447
9718,parteiro,0,noun,1527,2.447
9719,pio,0,noun,1527,2.447
9720,ro,0,unk,1527,2.447
9721,transe,0,unk,1526,2.446
9722,avalanche,0,unk,1525,2.444
9723,bobina,0,adj,1525,2.444
9724,casaria,0,noun,1524,2.443
9725,despedimento,0,noun,1524,2.443
9726,enganador,0,noun,1524,2.443
9727,estrondo,0,noun,1523,2.441
9728,honroso,0,adj,1523,2.441
9729,sintonizar,0,verb,1523,2.441
9730,século xx,1,mwe,1523,2.441
9731,bendizer,0,verb,1522,2.439
9732,equivocar,0,verb,1522,2.439
9733,preguiçar,0,verb,1522,2.439
9734,turismo,0,noun,1522,2.439
9735,hipoteticamente,0,adv,1520,2.436
9736,indesejado,0,noun,1520,2.436
9737,inverso,0,noun,1520,2.436
9738,regulador,0,noun,1520,2.436
9739,desajeitar,0,verb,1519,2.435
9740,adultério,0,noun,1518,2.433
9741,dás-nos,0,unk,1518,2.433
9742,verão,0,noun,1518,2.433
9743,aventurar,0,verb,1517,2.431
9744,iluminado,0,noun,1517,2.431
9745,infantário,0,noun,1517,2.431
9746,informante,0,unk,1517,2.431
9747,olga,0,noun,1517,2.431
9748,luc,0,unk,1516,2.430
9749,sensei,0,unk,1516,2.430
9750,emocionado,0,noun,1515,2.428
9751,lira,0,noun,1515,2.428
9752,porta-aviões,0,noun,1515,2.428
9753,aspiração,0,noun,1514,2.427
9754,filtrar,0,verb,1514,2.427
9755,sobressair,0,verb,1514,2.427
9756,andróide,0,noun,1513,2.425
9757,atribuído,0,noun,1513,2.425
9758,avc,0,unk,1513,2.425
9759,meramente,0,adv,1513,2.425
9760,nitrato,0,noun,1513,2.425
9761,segmento,0,noun,1513,2.425
9762,when,0,unk,1513,2.425
9763,encriptação,0,noun,1512,2.423
9764,porca,0,unk,1512,2.423
9765,chanfrado,0,noun,1511,2.422
9766,fornecido,0,noun,1511,2.422
9767,equivaler,0,verb,1510,2.420
9768,florestal,0,adj,1510,2.420
9769,how,0,unk,1509,2.419
9770,norueguês,0,adj,1509,2.419
9771,decepticons,0,unk,1508,2.417
9772,dizimar,0,verb,1508,2.417
9773,lubrificante,0,unk,1508,2.417
9774,profanar,0,verb,1508,2.417
9775,comunismo,0,noun,1507,2.415
9776,esperteza,0,noun,1507,2.415
9777,manequim,0,unk,1507,2.415
9778,massacrado,0,noun,1507,2.415
9779,aeródromo,0,noun,1506,2.414
9780,first,0,unk,1506,2.414
9781,advocacia,0,noun,1505,2.412
9782,amêndoa,0,noun,1505,2.412
9783,bem-sucedido,0,noun,1505,2.412
9784,bento,0,noun,1505,2.412
9785,cegueira,0,noun,1505,2.412
9786,extorquir,0,verb,1505,2.412
9787,inexperiente,0,adj,1505,2.412
9788,anti,0,unk,1504,2.411
9789,bi,0,unk,1504,2.411
9790,catalogar,0,verb,1504,2.411
9791,cometa,0,noun,1504,2.411
9792,pearl harbor,1,mwe,1504,2.411
9793,pestana,0,adj,1504,2.411
9794,uh-huh,0,unk,1504,2.411
9795,zebra,0,noun,1504,2.411
9796,ante,0,prep,1503,2.409
9797,imperativo,0,noun,1503,2.409
9798,mordo,0,noun,1503,2.409
9799,desfecho,0,noun,1502,2.407
9800,rouge,0,unk,1502,2.407
9801,saltos altos,1,mwe,1502,2.407
9802,stand,0,unk,1502,2.407
9803,excluído,0,noun,1501,2.406
9804,fodeu,0,unk,1501,2.406
9805,pênis,0,unk,1501,2.406
9806,solidariedade,0,noun,1500,2.404
9807,son,0,unk,1500,2.404
9808,totalidade,0,noun,1500,2.404
9809,fui-me,0,unk,1499,2.403
9810,fusco,0,noun,1499,2.403
9811,hackers,0,unk,1499,2.403
9812,colesterol,0,unk,1498,2.401
9813,habitualmente,0,adv,1498,2.401
9814,il,0,unk,1498,2.401
9815,pastelaria,0,noun,1498,2.401
9816,retratar,0,verb,1498,2.401
9817,helga,0,noun,1497,2.399
9818,people,0,unk,1497,2.399
9819,ponha-me,0,unk,1497,2.399
9820,cuidados intensivos,1,mwe,1496,2.398
9821,east side,1,mwe,1496,2.398
9822,triangular,0,verb,1496,2.398
9823,anos-luz,0,unk,1495,2.396
9824,arménio,0,noun,1495,2.396
9825,beliscar,0,verb,1495,2.396
9826,desperdiçado,0,noun,1495,2.396
9827,ibm,0,unk,1495,2.396
9828,scooter,0,verb,1495,2.396
9829,táctico,0,adj,1494,2.395
9830,altruísta,0,noun,1493,2.393
9831,amargurar,0,verb,1493,2.393
9832,chicotear,0,verb,1493,2.393
9833,continental,0,adj,1493,2.393
9834,ucraniano,0,adj,1493,2.393
9835,vértebra,0,noun,1493,2.393
9836,desconforto,0,noun,1492,2.391
9837,empilhar,0,verb,1492,2.391
9838,aflição,0,noun,1491,2.390
9839,guerrilha,0,noun,1491,2.390
9840,lavagem cerebral,1,mwe,1491,2.390
9841,right,0,unk,1491,2.390
9842,blackjack,0,unk,1490,2.388
9843,inesquecível,0,adj,1490,2.388
9844,corra,0,noun,1489,2.387
9845,muleta,0,noun,1489,2.387
9846,arrasado,0,noun,1488,2.385
9847,deteriorar,0,verb,1488,2.385
9848,passadeira,0,noun,1488,2.385
9849,roleta,0,noun,1488,2.385
9850,silo,0,noun,1488,2.385
9851,solenemente,0,adv,1488,2.385
9852,brinca,0,unk,1487,2.383
9853,conjugal,0,adj,1487,2.383
9854,destaque,0,unk,1487,2.383
9855,molhada,0,noun,1487,2.383
9856,recompensado,0,noun,1487,2.383
9857,boche,0,unk,1486,2.382
9858,pasto,0,noun,1486,2.382
9859,conas,0,unk,1485,2.380
9860,exclusivamente,0,adv,1485,2.380
9861,minhocas,0,unk,1485,2.380
9862,refrescante,0,unk,1485,2.380
9863,mitologia,0,noun,1484,2.379
9864,orientador,0,noun,1484,2.379
9865,cosmo,0,noun,1483,2.377
9866,delegacia,0,noun,1483,2.377
9867,pirralho,0,noun,1483,2.377
9868,abaixado,0,noun,1482,2.375
9869,hispânico,0,adj,1482,2.375
9870,pipa,0,noun,1482,2.375
9871,trio,0,noun,1482,2.375
9872,dorminhoco,0,noun,1481,2.374
9873,infectar,0,verb,1481,2.374
9874,massagista,0,noun,1481,2.374
9875,omeleta,0,noun,1481,2.374
9876,trivial,0,adj,1481,2.374
9877,congo,0,noun,1479,2.371
9878,galileu,0,unk,1479,2.371
9879,radiador,0,noun,1479,2.371
9880,avé,0,unk,1478,2.369
9881,easy,0,unk,1478,2.369
9882,menção,0,noun,1478,2.369
9883,prevenção,0,noun,1478,2.369
9884,autoestrada,0,noun,1477,2.367
9885,embater,0,verb,1477,2.367
9886,liberdades,0,unk,1477,2.367
9887,saires,0,unk,1477,2.367
9888,terrivel,0,adj,1477,2.367
9889,barricado,0,noun,1476,2.366
9890,planar,0,verb,1476,2.366
9891,produzido,0,noun,1476,2.366
9892,clarificar,0,verb,1475,2.364
9893,clicar,0,verb,1475,2.364
9894,hardware,0,unk,1475,2.364
9895,prezar,0,verb,1475,2.364
9896,sedução,0,noun,1475,2.364
9897,aura,0,noun,1474,2.363
9898,engraxar,0,verb,1474,2.363
9899,entediar,0,verb,1474,2.363
9900,estocolmo,0,noun,1474,2.363
9901,afortunado,0,noun,1473,2.361
9902,compulsivo,0,noun,1473,2.361
9903,pascal,0,adj,1473,2.361
9904,radioactivo,0,noun,1473,2.361
9905,crepe,0,unk,1472,2.359
9906,emboscar,0,verb,1472,2.359
9907,esbarrar,0,verb,1472,2.359
9908,puramente,0,adv,1472,2.359
9909,trailer,0,verb,1472,2.359
9910,egocêntrico,0,adj,1471,2.358
9911,licitação,0,noun,1471,2.358
9912,platina,0,adj,1471,2.358
9913,posta,0,noun,1471,2.358
9914,quebra-cabeças,0,unk,1471,2.358
9915,talismã,0,unk,1471,2.358
9916,beldade,0,noun,1470,2.356
9917,edmond,0,unk,1470,2.356
9918,infecções,0,noun,1470,2.356
9919,vergar,0,verb,1470,2.356
9920,cansaço,0,noun,1469,2.355
9921,inflamável,0,adj,1469,2.355
9922,nudez,0,unk,1469,2.355
9923,aguentar-se,0,unk,1468,2.353
9924,aloha,0,noun,1468,2.353
9925,amén,0,unk,1468,2.353
9926,ring,0,unk,1468,2.353
9927,iniciação,0,noun,1467,2.351
9928,programado,0,noun,1467,2.351
9929,reciclar,0,verb,1467,2.351
9930,degenerar,0,verb,1466,2.350
9931,justiceiro,0,noun,1466,2.350
9932,leproso,0,adj,1466,2.350
9933,chapado,0,noun,1465,2.348
9934,transbordar,0,verb,1465,2.348
9935,atropelamento,0,noun,1464,2.346
9936,esquizofrenia,0,noun,1464,2.346
9937,hebreu,0,unk,1464,2.346
9938,pronúncia,0,noun,1464,2.346
9939,hepatite,0,unk,1463,2.345
9940,indiciar,0,verb,1463,2.345
9941,viu-te,0,unk,1463,2.345
9942,detalhar,0,verb,1462,2.343
9943,crosta,0,noun,1461,2.342
9944,hamster,0,verb,1461,2.342
9945,hip,0,unk,1460,2.340
9946,infalível,0,adj,1460,2.340
9947,profissionalmente,0,adv,1460,2.340
9948,áspero,0,noun,1460,2.340
9949,maturidade,0,noun,1459,2.338
9950,assédio sexual,1,mwe,1458,2.337
9951,atendimento,0,noun,1458,2.337
9952,atlas,0,unk,1458,2.337
9953,afinar,0,verb,1457,2.335
9954,castrar,0,verb,1457,2.335
9955,comício,0,noun,1457,2.335
9956,firmeza,0,noun,1457,2.335
9957,mu,0,unk,1457,2.335
9958,dar-te-ei,0,unk,1456,2.334
9959,malária,0,noun,1456,2.334
9960,negligente,0,adj,1456,2.334
9961,preferível,0,adj,1456,2.334
9962,ten,0,unk,1456,2.334
9963,adiamento,0,noun,1455,2.332
9964,afeição,0,noun,1455,2.332
9965,melancia,0,noun,1455,2.332
9966,trespassar,0,verb,1455,2.332
9967,caco,0,noun,1454,2.330
9968,tecla,0,noun,1454,2.330
9969,adereço,0,noun,1453,2.329
9970,aguenta firme,1,mwe,1453,2.329
9971,submerso,0,noun,1453,2.329
9972,ajeitar,0,verb,1452,2.327
9973,beneficência,0,noun,1452,2.327
9974,champagne,0,unk,1452,2.327
9975,lacuna,0,unk,1452,2.327
9976,blasfémia,0,noun,1451,2.326
9977,opressão,0,noun,1451,2.326
9978,negociável,0,adj,1450,2.324
9979,abadia,0,noun,1449,2.322
9980,cheiroso,0,adj,1449,2.322
9981,empolgado,0,noun,1449,2.322
9982,moranguita,0,noun,1449,2.322
9983,mort,0,unk,1449,2.322
9984,suma,0,noun,1449,2.322
9985,detectada,0,noun,1448,2.321
9986,macabro,0,noun,1448,2.321
9987,mao,0,unk,1448,2.321
9988,monetário,0,noun,1448,2.321
9989,saltador,0,noun,1448,2.321
9990,buy more,1,mwe,1447,2.319
9991,simultaneamente,0,adv,1446,2.318
9992,comunicação social,1,mwe,1445,2.316
9993,franz,0,unk,1445,2.316
9994,videojogo,0,noun,1445,2.316
9995,carimbo,0,noun,1444,2.314
9996,despachado,0,noun,1444,2.314
9997,trapaceiro,0,noun,1444,2.314
9998,vao,0,unk,1444,2.314
9999,volts,0,unk,1444,2.314
10000,atração,0,noun,1443,2.313
