rank	lemma	is_mwe	pos_guess	raw_freq	freq_per_million
5001	bondoso	0	adj	18	6.774
5002	burlar	0	verb	18	6.774
5003	camarote	0	unk	18	6.774
5004	cantina	0	adj	18	6.774
5005	castanha	0	noun	18	6.774
5006	colegial	0	adj	18	6.774
5007	concha	0	noun	18	6.774
5008	contemplar	0	verb	18	6.774
5009	contrariar	0	verb	18	6.774
5010	couve	0	unk	18	6.774
5011	criancice	0	noun	18	6.774
5012	cálculo	0	noun	18	6.774
5013	céaro	0	noun	18	6.774
5014	descaramento	0	noun	18	6.774
5015	desmascarar	0	verb	18	6.774
5016	desrespeitar	0	verb	18	6.774
5017	destacar	0	verb	18	6.774
5018	diet	0	unk	18	6.774
5019	dios	0	unk	18	6.774
5020	donzela	0	noun	18	6.774
5021	elaborar	0	verb	18	6.774
5022	elite	0	unk	18	6.774
5023	encoste	0	unk	18	6.774
5024	erógena	0	noun	18	6.774
5025	esgotar	0	verb	18	6.774
5026	espertalhão	0	noun	18	6.774
5027	evacuação	0	noun	18	6.774
5028	excessivo	0	noun	18	6.774
5029	excêntrico	0	adj	18	6.774
5030	faceta	0	noun	18	6.774
5031	fascinar	0	verb	18	6.774
5032	faéar	0	verb	18	6.774
5033	fedorento	0	noun	18	6.774
5034	formoso	0	adj	18	6.774
5035	fr	0	unk	18	6.774
5036	galdério	0	noun	18	6.774
5037	galo	0	noun	18	6.774
5038	guarda-roupa	0	noun	18	6.774
5039	histeria	0	noun	18	6.774
5040	horripilante	0	unk	18	6.774
5041	humidade	0	noun	18	6.774
5042	imparcial	0	adj	18	6.774
5043	incendiar	0	verb	18	6.774
5044	informal	0	adj	18	6.774
5045	ingrato	0	noun	18	6.774
5046	inseguro	0	noun	18	6.774
5047	intercetar	0	verb	18	6.774
5048	ironia	0	noun	18	6.774
5049	irónico	0	adj	18	6.774
5050	jarra	0	noun	18	6.774
5051	knox	0	unk	18	6.774
5052	labirinto	0	noun	18	6.774
5053	lagarta	0	noun	18	6.774
5054	lavandaria	0	noun	18	6.774
5055	licenciar	0	verb	18	6.774
5056	lisongeado	0	noun	18	6.774
5057	literal	0	adj	18	6.774
5058	ln-and-out	0	unk	18	6.774
5059	louvor	0	unk	18	6.774
5060	mandea	0	unk	18	6.774
5061	mania	0	noun	18	6.774
5062	mariquinha	0	adj	18	6.774
5063	meias-finais	0	unk	18	6.774
5064	melodiar	0	verb	18	6.774
5065	menu	0	unk	18	6.774
5066	mero	0	noun	18	6.774
5067	metal	0	adj	18	6.774
5068	metemorfoseie	0	unk	18	6.774
5069	mineral	0	adj	18	6.774
5070	mirtilo	0	noun	18	6.774
5071	modificação	0	noun	18	6.774
5072	murro	0	noun	18	6.774
5073	neblina	0	adj	18	6.774
5074	nevoeiro	0	noun	18	6.774
5075	ninfomania	0	noun	18	6.774
5076	névoa	0	noun	18	6.774
5077	obstrução	0	noun	18	6.774
5078	parlar	0	verb	18	6.774
5079	património	0	noun	18	6.774
5080	penhasco	0	noun	18	6.774
5081	pintor	0	unk	18	6.774
5082	pneu	0	unk	18	6.774
5083	pornógrafo	0	noun	18	6.774
5084	potássio	0	noun	18	6.774
5085	pulha	0	noun	18	6.774
5086	quinta-feira	0	noun	18	6.774
5087	quinteto	0	noun	18	6.774
5088	recibo	0	noun	18	6.774
5089	renunciar	0	verb	18	6.774
5090	repúblico	0	adj	18	6.774
5091	restrição	0	noun	18	6.774
5092	revolucionário	0	noun	18	6.774
5093	rotar	0	verb	18	6.774
5094	salsaparrilha	0	noun	18	6.774
5095	satiríase	0	unk	18	6.774
5096	sela	0	noun	18	6.774
5097	semifinal	0	adj	18	6.774
5098	setor	0	unk	18	6.774
5099	signore	0	unk	18	6.774
5100	subespacial	0	adj	18	6.774
5101	suplicar	0	verb	18	6.774
5102	terrivelmente	0	adv	18	6.774
5103	tinir	0	verb	18	6.774
5104	tinto	0	noun	18	6.774
5105	totó	0	unk	18	6.774
5106	toxina	0	adj	18	6.774
5107	trave	0	unk	18	6.774
5108	troféu	0	unk	18	6.774
5109	troque	0	unk	18	6.774
5110	uivar	0	verb	18	6.774
5111	usted	0	unk	18	6.774
5112	vaginal	0	adj	18	6.774
5113	vapor	0	unk	18	6.774
5114	ve	0	unk	18	6.774
5115	vigiaa	0	unk	18	6.774
5116	violino	0	adj	18	6.774
5117	virtude	0	noun	18	6.774
5118	visitante	0	unk	18	6.774
5119	walkie-talkie	0	unk	18	6.774
5120	whoa	0	noun	18	6.774
5121	águia	0	noun	18	6.774
5122	abelha	0	noun	17	6.398
5123	acenar	0	verb	17	6.398
5124	ache	0	unk	17	6.398
5125	acolhedor	0	noun	17	6.398
5126	alegação	0	noun	17	6.398
5127	all	0	unk	17	6.398
5128	ampliar	0	verb	17	6.398
5129	ansiar	0	verb	17	6.398
5130	anteriormente	0	adv	17	6.398
5131	antigamente	0	adv	17	6.398
5132	atleta	0	noun	17	6.398
5133	auto-estrada	0	noun	17	6.398
5134	autógrafo	0	noun	17	6.398
5135	autópsia	0	noun	17	6.398
5136	averiguar	0	verb	17	6.398
5137	avistar	0	verb	17	6.398
5138	baleia	0	noun	17	6.398
5139	barreira	0	noun	17	6.398
5140	bendizer	0	verb	17	6.398
5141	berma	0	noun	17	6.398
5142	binóculos	0	unk	17	6.398
5143	cachorrinho	0	adj	17	6.398
5144	caldar	0	verb	17	6.398
5145	caravana	0	adj	17	6.398
5146	catástrofe	0	unk	17	6.398
5147	charro	0	noun	17	6.398
5148	colaboração	0	noun	17	6.398
5149	comendo	0	noun	17	6.398
5150	comissário	0	noun	17	6.398
5151	comovente	0	adj	17	6.398
5152	confortar	0	verb	17	6.398
5153	consecutivo	0	noun	17	6.398
5154	contentor	0	unk	17	6.398
5155	corporal	0	adj	17	6.398
5156	cozinheira	0	noun	17	6.398
5157	decência	0	noun	17	6.398
5158	derramar	0	verb	17	6.398
5159	desenvolvimento	0	noun	17	6.398
5160	desertor	0	unk	17	6.398
5161	destacamento	0	noun	17	6.398
5162	destroço	0	noun	17	6.398
5163	disputar	0	verb	17	6.398
5164	distração	0	noun	17	6.398
5165	diverso	0	noun	17	6.398
5166	emanar	0	verb	17	6.398
5167	entusiasmo	0	noun	17	6.398
5168	estimular	0	verb	17	6.398
5169	exceder	0	verb	17	6.398
5170	extinção	0	noun	17	6.398
5171	falcão	0	noun	17	6.398
5172	falsificar	0	verb	17	6.398
5173	fodo	0	noun	17	6.398
5174	fundir	0	verb	17	6.398
5175	guisar	0	verb	17	6.398
5176	guião	0	noun	17	6.398
5177	harmoniosamente	0	adv	17	6.398
5178	hipotálmico	0	adj	17	6.398
5179	hipócrita	0	noun	17	6.398
5180	horrendo	0	noun	17	6.398
5181	horroroso	0	adj	17	6.398
5182	ilusório	0	noun	17	6.398
5183	impasse	0	unk	17	6.398
5184	inauguração	0	noun	17	6.398
5185	inestimável	0	adj	17	6.398
5186	insanidade	0	noun	17	6.398
5187	intensidade	0	noun	17	6.398
5188	lunar	0	verb	17	6.398
5189	mindinho	0	adj	17	6.398
5190	modificar	0	verb	17	6.398
5191	monitor	0	unk	17	6.398
5192	monumento	0	noun	17	6.398
5193	mota	0	noun	17	6.398
5194	móbil	0	unk	17	6.398
5195	ninfomaníaca	0	unk	17	6.398
5196	ninhar	0	verb	17	6.398
5197	obrigatório	0	noun	17	6.398
5198	oposto	0	noun	17	6.398
5199	ortografia	0	noun	17	6.398
5200	pacificar	0	verb	17	6.398
5201	palmo	0	noun	17	6.398
5202	parabólico	0	adj	17	6.398
5203	pedinte	0	unk	17	6.398
5204	pedrada	0	noun	17	6.398
5205	penitenciária	0	noun	17	6.398
5206	peregrinação	0	noun	17	6.398
5207	perímetro	0	noun	17	6.398
5208	pescador	0	noun	17	6.398
5209	pesquisar	0	verb	17	6.398
5210	picha	0	noun	17	6.398
5211	piso	0	noun	17	6.398
5212	poeira	0	noun	17	6.398
5213	pomba	0	unk	17	6.398
5214	ponteiro	0	noun	17	6.398
5215	poção	0	noun	17	6.398
5216	previsão	0	noun	17	6.398
5217	primário	0	noun	17	6.398
5218	profundeza	0	noun	17	6.398
5219	providenciar	0	verb	17	6.398
5220	prêmio	0	noun	17	6.398
5221	psiquiátrico	0	adj	17	6.398
5222	pérola	0	noun	17	6.398
5223	quebra	0	noun	17	6.398
5224	queima	0	noun	17	6.398
5225	queroa	0	noun	17	6.398
5226	racista	0	noun	17	6.398
5227	radioso	0	adj	17	6.398
5228	rascar	0	verb	17	6.398
5229	realistar	0	verb	17	6.398
5230	rebelião	0	noun	17	6.398
5231	reclamação	0	noun	17	6.398
5232	redimir	0	verb	17	6.398
5233	redondo	0	noun	17	6.398
5234	reforçar	0	verb	17	6.398
5235	remexer	0	verb	17	6.398
5236	representação	0	noun	17	6.398
5237	ressentimento	0	noun	17	6.398
5238	ridicularizar	0	verb	17	6.398
5239	rolante	0	unk	17	6.398
5240	rose	0	unk	17	6.398
5241	sabotagem	0	noun	17	6.398
5242	sacola	0	noun	17	6.398
5243	sedativo	0	noun	17	6.398
5244	semelhança	0	noun	17	6.398
5245	sessenta	0	num	17	6.398
5246	similar	0	verb	17	6.398
5247	socialmente	0	adv	17	6.398
5248	sogra	0	noun	17	6.398
5249	tabaco	0	noun	17	6.398
5250	televisivo	0	noun	17	6.398
5251	terça	0	noun	17	6.398
5252	testículo	0	noun	17	6.398
5253	ténis	0	unk	17	6.398
5254	vago	0	noun	17	6.398
5255	valentão	0	noun	17	6.398
5256	vasto	0	noun	17	6.398
5257	venenoso	0	adj	17	6.398
5258	watt	0	unk	17	6.398
5259	áudio	0	noun	17	6.398
5260	égua	0	noun	17	6.398
5261	ímpar	0	verb	17	6.398
5262	íris	0	unk	17	6.398
5263	acampar	0	verb	16	6.021
5264	acidentalmente	0	adv	16	6.021
5265	africano	0	adj	16	6.021
5266	algoritmo	0	noun	16	6.021
5267	almirante	0	unk	16	6.021
5268	alojamento	0	noun	16	6.021
5269	aluguel	0	adj	16	6.021
5270	aluna	0	unk	16	6.021
5271	alvorar	0	verb	16	6.021
5272	alvoroço	0	noun	16	6.021
5273	alçapão	0	noun	16	6.021
5274	aniquilar	0	verb	16	6.021
5275	aparentar	0	verb	16	6.021
5276	apelo	0	noun	16	6.021
5277	aquecido	0	noun	16	6.021
5278	arbusto	0	noun	16	6.021
5279	arquiteto	0	noun	16	6.021
5280	arrogância	0	noun	16	6.021
5281	assobiar	0	verb	16	6.021
5282	avor	0	unk	16	6.021
5283	banhar	0	verb	16	6.021
5284	baril	0	unk	16	6.021
5285	batido	0	noun	16	6.021
5286	batotar	0	verb	16	6.021
5287	bebes	0	unk	16	6.021
5288	brilho	0	noun	16	6.021
5289	bué	0	unk	16	6.021
5290	bárbaro	0	noun	16	6.021
5291	bússola	0	noun	16	6.021
5292	cacifo	0	noun	16	6.021
5293	canyon	0	unk	16	6.021
5294	carpete	0	unk	16	6.021
5295	casco	0	noun	16	6.021
5296	categoria	0	noun	16	6.021
5297	cegonha	0	noun	16	6.021
5298	censo	0	noun	16	6.021
5299	cheirinho	0	adj	16	6.021
5300	chinelo	0	noun	16	6.021
5301	chumbar	0	verb	16	6.021
5302	cirurgião	0	noun	16	6.021
5303	cláusula	0	noun	16	6.021
5304	colégio	0	noun	16	6.021
5305	comedor	0	noun	16	6.021
5306	comité	0	unk	16	6.021
5307	compreensivo	0	noun	16	6.021
5308	congresso	0	noun	16	6.021
5309	conjeturar	0	verb	16	6.021
5310	constipar	0	verb	16	6.021
5311	contestar	0	verb	16	6.021
5312	contrariamente	0	adv	16	6.021
5313	contribuição	0	noun	16	6.021
5314	cooperação	0	noun	16	6.021
5315	corretamente	0	adv	16	6.021
5316	costeiro	0	noun	16	6.021
5317	cozinheiro	0	noun	16	6.021
5318	criativo	0	noun	16	6.021
5319	cristal	0	adj	16	6.021
5320	cristão	0	noun	16	6.021
5321	câncer	0	verb	16	6.021
5322	delicadeza	0	noun	16	6.021
5323	delito	0	noun	16	6.021
5324	demanda	0	noun	16	6.021
5325	descida	0	noun	16	6.021
5326	desmoronar	0	verb	16	6.021
5327	desobedecido	0	noun	16	6.021
5328	dilig	0	unk	16	6.021
5329	disparatar	0	verb	16	6.021
5330	docemente	0	adv	16	6.021
5331	donut	0	unk	16	6.021
5332	eily	0	unk	16	6.021
5333	eliminatória	0	noun	16	6.021
5334	embaraçar	0	verb	16	6.021
5335	encontroa	0	noun	16	6.021
5336	equilíbrio	0	noun	16	6.021
5337	erguido	0	noun	16	6.021
5338	esborrachar	0	verb	16	6.021
5339	esboço	0	noun	16	6.021
5340	estacionamento	0	noun	16	6.021
5341	estipular	0	verb	16	6.021
5342	estratégia	0	noun	16	6.021
5343	exercitar	0	verb	16	6.021
5344	falhanço	0	noun	16	6.021
5345	familiarizar	0	verb	16	6.021
5346	farol	0	unk	16	6.021
5347	fecho	0	noun	16	6.021
5348	ferro-velho	0	noun	16	6.021
5349	fileira	0	noun	16	6.021
5350	filósofo	0	noun	16	6.021
5351	florestal	0	adj	16	6.021
5352	fogão	0	noun	16	6.021
5353	freguês	0	adj	16	6.021
5354	frequentemente	0	adv	16	6.021
5355	frito	0	noun	16	6.021
5356	fúnebre	0	unk	16	6.021
5357	ganharia	0	noun	16	6.021
5358	global	0	adj	16	6.021
5359	gozo	0	unk	16	6.021
5360	grandioso	0	adj	16	6.021
5361	gratidão	0	noun	16	6.021
5362	gravidade	0	noun	16	6.021
5363	heroína	0	unk	16	6.021
5364	herpes	0	unk	16	6.021
5365	héli	0	unk	16	6.021
5366	imortal	0	adj	16	6.021
5367	impaciente	0	adj	16	6.021
5368	improvisar	0	verb	16	6.021
5369	imunidade	0	noun	16	6.021
5370	infantaria	0	noun	16	6.021
5371	infetar	0	verb	16	6.021
5372	inscrição	0	noun	16	6.021
5373	integrar	0	verb	16	6.021
5374	interpretação	0	noun	16	6.021
5375	isolamento	0	noun	16	6.021
5376	jaqueta	0	noun	16	6.021
5377	junção	0	noun	16	6.021
5378	júnior	0	unk	16	6.021
5379	kg	0	unk	16	6.021
5380	lasers	0	unk	16	6.021
5381	leito	0	noun	16	6.021
5382	ligadura	0	noun	16	6.021
5383	mamar	0	verb	16	6.021
5384	manutenção	0	noun	16	6.021
5385	marginal	0	adj	16	6.021
5386	merdosa	0	noun	16	6.021
5387	montante	0	unk	16	6.021
5388	métrico	0	adj	16	6.021
5389	nabo	0	noun	16	6.021
5390	ncia	0	noun	16	6.021
5391	nigger	0	verb	16	6.021
5392	noção	0	noun	16	6.021
5393	nódoa	0	noun	16	6.021
5394	obelisco	0	noun	16	6.021
5395	ocular	0	verb	16	6.021
5396	oferecido	0	noun	16	6.021
5397	oinc	0	unk	16	6.021
5398	pedrado	0	noun	16	6.021
5399	perecer	0	verb	16	6.021
5400	prateleira	0	noun	16	6.021
5401	proteína	0	unk	16	6.021
5402	radioativa	0	noun	16	6.021
5403	rameiro	0	noun	16	6.021
5404	rapar	0	verb	16	6.021
5405	rastro	0	noun	16	6.021
5406	ração	0	noun	16	6.021
5407	recolha	0	noun	16	6.021
5408	redondeza	0	noun	16	6.021
5409	relevante	0	unk	16	6.021
5410	remediar	0	verb	16	6.021
5411	respiratório	0	noun	16	6.021
5412	retaguarda	0	noun	16	6.021
5413	retido	0	noun	16	6.021
5414	retribuir	0	verb	16	6.021
5415	revigorante	0	unk	16	6.021
5416	revisar	0	verb	16	6.021
5417	réptil	0	unk	16	6.021
5418	salvamento	0	noun	16	6.021
5419	sanguessuga	0	noun	16	6.021
5420	saque	0	unk	16	6.021
5421	sarcástico	0	adj	16	6.021
5422	sentenciar	0	verb	16	6.021
5423	sequestrador	0	noun	16	6.021
5424	sereia	0	noun	16	6.021
5425	silenciar	0	verb	16	6.021
5426	sonar	0	verb	16	6.021
5427	sussurrar	0	verb	16	6.021
5428	swing	0	unk	16	6.021
5429	torno	0	noun	16	6.021
5430	tranquilidade	0	noun	16	6.021
5431	trenó	0	unk	16	6.021
5432	treze	0	num	16	6.021
5433	truta	0	noun	16	6.021
5434	tubarão	0	noun	16	6.021
5435	térmico	0	adj	16	6.021
5436	vetar	0	verb	16	6.021
5437	vigilante	0	unk	16	6.021
5438	viola	0	noun	16	6.021
5439	visível	0	adj	16	6.021
5440	wow	0	unk	16	6.021
5441	ótico	0	adj	16	6.021
5442	adjacente	0	adj	15	5.645
5443	adormecido	0	noun	15	5.645
5444	alaúde	0	noun	15	5.645
5445	alcoólico	0	adj	15	5.645
5446	alinho	0	adj	15	5.645
5447	amuar	0	verb	15	5.645
5448	anca	0	unk	15	5.645
5449	anotação	0	noun	15	5.645
5450	apito	0	noun	15	5.645
5451	arrombador	0	noun	15	5.645
5452	asfixiar	0	verb	15	5.645
5453	atacador	0	noun	15	5.645
5454	avante	0	unk	15	5.645
5455	aégo	0	noun	15	5.645
5456	bailarino	0	adj	15	5.645
5457	bazar	0	verb	15	5.645
5458	biotoxina	0	adj	15	5.645
5459	bonjour	0	unk	15	5.645
5460	brandy	0	unk	15	5.645
5461	cadê	0	unk	15	5.645
5462	caminhão	0	noun	15	5.645
5463	canhão	0	noun	15	5.645
5464	cantoria	0	noun	15	5.645
5465	captura	0	noun	15	5.645
5466	caracol	0	unk	15	5.645
5467	carniceiro	0	noun	15	5.645
5468	cascalho	0	noun	15	5.645
5469	cha	0	noun	15	5.645
5470	charme	0	unk	15	5.645
5471	cilada	0	noun	15	5.645
5472	comparecer	0	verb	15	5.645
5473	concedido	0	noun	15	5.645
5474	cor-de-rosa	0	noun	15	5.645
5475	cortical	0	adj	15	5.645
5476	cunhada	0	noun	15	5.645
5477	cárcere	0	unk	15	5.645
5478	cãozinho	0	adj	15	5.645
5479	cívico	0	adj	15	5.645
5480	debate	0	unk	15	5.645
5481	deck	0	unk	15	5.645
5482	dedução	0	noun	15	5.645
5483	degradar	0	verb	15	5.645
5484	deliberadamente	0	adv	15	5.645
5485	derrota	0	noun	15	5.645
5486	descarga	0	noun	15	5.645
5487	desestabilizar	0	verb	15	5.645
5488	desodorizante	0	unk	15	5.645
5489	desorientar	0	verb	15	5.645
5490	desrespeito	0	noun	15	5.645
5491	deteção	0	noun	15	5.645
5492	devorador	0	noun	15	5.645
5493	dinastia	0	noun	15	5.645
5494	divertimento	0	noun	15	5.645
5495	duzentos	0	unk	15	5.645
5496	e-mail	0	unk	15	5.645
5497	efetivo	0	noun	15	5.645
5498	encarrego	0	noun	15	5.645
5499	encriptação	0	noun	15	5.645
5500	epidemia	0	noun	15	5.645
5501	esbofetear	0	verb	15	5.645
5502	escaldar	0	verb	15	5.645
5503	escolar	0	verb	15	5.645
5504	especificamente	0	adv	15	5.645
5505	espesso	0	noun	15	5.645
5506	estrunfe	0	unk	15	5.645
5507	eternamente	0	adv	15	5.645
5508	exausta	0	noun	15	5.645
5509	experiencia	0	noun	15	5.645
5510	expirar	0	verb	15	5.645
5511	fast	0	unk	15	5.645
5512	feijão	0	noun	15	5.645
5513	figâdo	0	noun	15	5.645
5514	fisicamente	0	adv	15	5.645
5515	forjar	0	verb	15	5.645
5516	fuzilamento	0	noun	15	5.645
5517	ganza	0	noun	15	5.645
5518	gripe	0	unk	15	5.645
5519	harém	0	unk	15	5.645
5520	humilhante	0	unk	15	5.645
5521	iate	0	unk	15	5.645
5522	idoso	0	adj	15	5.645
5523	ignorância	0	noun	15	5.645
5524	ileso	0	unk	15	5.645
5525	impresso	0	noun	15	5.645
5526	inconstante	0	unk	15	5.645
5527	incorreto	0	noun	15	5.645
5528	infringir	0	verb	15	5.645
5529	inofensivo	0	noun	15	5.645
5530	insensível	0	adj	15	5.645
5531	insubordinação	0	noun	15	5.645
5532	intrometer	0	verb	15	5.645
5533	inundar	0	verb	15	5.645
5534	irmandade	0	noun	15	5.645
5535	irregular	0	verb	15	5.645
5536	irresponsável	0	adj	15	5.645
5537	janotar	0	verb	15	5.645
5538	jarda	0	noun	15	5.645
5539	jato	0	noun	15	5.645
5540	libertação	0	noun	15	5.645
5541	lixeira	0	noun	15	5.645
5542	maldade	0	noun	15	5.645
5543	mamae	0	unk	15	5.645
5544	mantimentos	0	unk	15	5.645
5545	marinho	0	adj	15	5.645
5546	meia-idade	0	noun	15	5.645
5547	meéhor	0	unk	15	5.645
5548	miligrama	0	noun	15	5.645
5549	mirone	0	unk	15	5.645
5550	monocarril	0	unk	15	5.645
5551	monopólio	0	noun	15	5.645
5552	monotrilho	0	noun	15	5.645
5553	mosquito	0	noun	15	5.645
5554	necessariamente	0	adv	15	5.645
5555	nevar	0	verb	15	5.645
5556	noventa	0	num	15	5.645
5557	nuca	0	unk	15	5.645
5558	optar	0	verb	15	5.645
5559	patente	0	adj	15	5.645
5560	percurso	0	noun	15	5.645
5561	pertinente	0	adj	15	5.645
5562	pestanejar	0	verb	15	5.645
5563	plasmar	0	verb	15	5.645
5564	polaco	0	noun	15	5.645
5565	preparação	0	noun	15	5.645
5566	pressentir	0	verb	15	5.645
5567	programação	0	noun	15	5.645
5568	provir	0	verb	15	5.645
5569	psicológico	0	adj	15	5.645
5570	pé-de-cabra	0	noun	15	5.645
5571	quartel	0	adj	15	5.645
5572	queridinho	0	adj	15	5.645
5573	ralo	0	noun	15	5.645
5574	raspar	0	verb	15	5.645
5575	regime	0	unk	15	5.645
5576	repentino	0	adj	15	5.645
5577	ris	0	unk	15	5.645
5578	rolo	0	noun	15	5.645
5579	rugir	0	verb	15	5.645
5580	rótulo	0	noun	15	5.645
5581	saloiada	0	noun	15	5.645
5582	sanitário	0	noun	15	5.645
5583	secundária	0	noun	15	5.645
5584	sequestro	0	noun	15	5.645
5585	seqüência	0	noun	15	5.645
5586	sherife	0	unk	15	5.645
5587	sinistro	0	noun	15	5.645
5588	soberano	0	adj	15	5.645
5589	solidário	0	noun	15	5.645
5590	suavemente	0	adv	15	5.645
5591	suplemento	0	noun	15	5.645
5592	sádico	0	adj	15	5.645
5593	taco	0	noun	15	5.645
5594	talão	0	noun	15	5.645
5595	tarte	0	unk	15	5.645
5596	telescópio	0	noun	15	5.645
5597	toco	0	noun	15	5.645
5598	tribo	0	noun	15	5.645
5599	vigarice	0	noun	15	5.645
5600	violoncelo	0	noun	15	5.645
5601	voluntariar	0	verb	15	5.645
5602	válido	0	noun	15	5.645
5603	xeque	0	unk	15	5.645
5604	órbita	0	noun	15	5.645
5605	abordagem	0	noun	14	5.269
5606	absorver	0	verb	14	5.269
5607	aceitável	0	adj	14	5.269
5608	adjunto	0	noun	14	5.269
5609	advocacia	0	noun	14	5.269
5610	afugentar	0	verb	14	5.269
5611	aitz	0	unk	14	5.269
5612	aleatório	0	noun	14	5.269
5613	alicate	0	unk	14	5.269
5614	allosaurus	0	unk	14	5.269
5615	altitude	0	noun	14	5.269
5616	anos-luz	0	unk	14	5.269
5617	antimatéria	0	noun	14	5.269
5618	antipessoal	0	adj	14	5.269
5619	aprendizagem	0	noun	14	5.269
5620	arrancar-lho	0	noun	14	5.269
5621	arrefecer	0	verb	14	5.269
5622	artrite	0	unk	14	5.269
5623	asaji	0	unk	14	5.269
5624	assombroso	0	adj	14	5.269
5625	atalho	0	noun	14	5.269
5626	ausente	0	adj	14	5.269
5627	balear	0	verb	14	5.269
5628	beca	0	noun	14	5.269
5629	bermuda	0	noun	14	5.269
5630	bienal	0	adj	14	5.269
5631	bilhar	0	verb	14	5.269
5632	bin	0	unk	14	5.269
5633	bingo	0	noun	14	5.269
5634	biólogo	0	noun	14	5.269
5635	borrifar	0	verb	14	5.269
5636	calcinha	0	adj	14	5.269
5637	camioneta	0	noun	14	5.269
5638	canalhada	0	noun	14	5.269
5639	canastro	0	noun	14	5.269
5640	cap	0	unk	14	5.269
5641	capela	0	noun	14	5.269
5642	cardassiana	0	adj	14	5.269
5643	carrasco	0	noun	14	5.269
5644	catorze	0	num	14	5.269
5645	ceia	0	noun	14	5.269
5646	celestial	0	adj	14	5.269
5647	civilizar	0	verb	14	5.269
5648	cobaia	0	noun	14	5.269
5649	coldre	0	unk	14	5.269
5650	coloração	0	noun	14	5.269
5651	composição	0	noun	14	5.269
5652	compreensão	0	noun	14	5.269
5653	compulsivamente	0	adv	14	5.269
5654	comunitário	0	noun	14	5.269
5655	concentração	0	noun	14	5.269
5656	conciso	0	noun	14	5.269
5657	construtivo	0	noun	14	5.269
5658	coroação	0	noun	14	5.269
5659	costeleta	0	noun	14	5.269
5660	cozido	0	noun	14	5.269
5661	criminalidade	0	noun	14	5.269
5662	croissant	0	unk	14	5.269
5663	currículo	0	noun	14	5.269
5664	decorar	0	verb	14	5.269
5665	deficiência	0	noun	14	5.269
5666	deixoua	0	noun	14	5.269
5667	dejeto	0	noun	14	5.269
5668	dentífrico	0	adj	14	5.269
5669	denúncia	0	noun	14	5.269
5670	depressão	0	noun	14	5.269
5671	derivar	0	verb	14	5.269
5672	desembarcar	0	verb	14	5.269
5673	desobediência	0	noun	14	5.269
5674	destea	0	unk	14	5.269
5675	detetam	0	unk	14	5.269
5676	dianteiro	0	noun	14	5.269
5677	diariamente	0	adv	14	5.269
5678	digo-to	0	noun	14	5.269
5679	doca	0	noun	14	5.269
5680	documentário	0	noun	14	5.269
5681	drogaram	0	unk	14	5.269
5682	drogou	0	unk	14	5.269
5683	economizar	0	verb	14	5.269
5684	editar	0	verb	14	5.269
5685	eleitoral	0	adj	14	5.269
5686	emagrecer	0	verb	14	5.269
5687	embalar	0	verb	14	5.269
5688	equivocar	0	verb	14	5.269
5689	escala	0	noun	14	5.269
5690	esfaquear	0	verb	14	5.269
5691	especular	0	verb	14	5.269
5692	especulação	0	noun	14	5.269
5693	espelunca	0	unk	14	5.269
5694	esperteza	0	noun	14	5.269
5695	esquadrilhar	0	verb	14	5.269
5696	esquadrão	0	noun	14	5.269
5697	estalar	0	verb	14	5.269
5698	estatal	0	adj	14	5.269
5699	esterco	0	noun	14	5.269
5700	estratégico	0	adj	14	5.269
5701	estrume	0	unk	14	5.269
5702	estudea	0	unk	14	5.269
5703	exobiología	0	unk	14	5.269
5704	expectativa	0	noun	14	5.269
5705	extenso	0	noun	14	5.269
5706	extremidade	0	noun	14	5.269
5707	fabricar	0	verb	14	5.269
5708	falecer	0	verb	14	5.269
5709	feixe	0	unk	14	5.269
5710	feroz	0	unk	14	5.269
5711	figo	0	noun	14	5.269
5712	foice	0	noun	14	5.269
5713	forense	0	unk	14	5.269
5714	formalidade	0	noun	14	5.269
5715	fornicador	0	noun	14	5.269
5716	forreta	0	noun	14	5.269
5717	fratura	0	noun	14	5.269
5718	garantidamente	0	adv	14	5.269
5719	generosidade	0	noun	14	5.269
5720	gestação	0	noun	14	5.269
5721	governamental	0	adj	14	5.269
5722	granizo	0	unk	14	5.269
5723	grão	0	noun	14	5.269
5724	higiénico	0	adj	14	5.269
5725	homenagem	0	noun	14	5.269
5726	hormonal	0	adj	14	5.269
5727	hospitalidade	0	noun	14	5.269
5728	humm	0	unk	14	5.269
5729	húngaro	0	noun	14	5.269
5730	ich	0	unk	14	5.269
5731	idioma	0	noun	14	5.269
5732	inchaço	0	noun	14	5.269
5733	incipiente	0	adj	14	5.269
5734	indelicado	0	noun	14	5.269
5735	independência	0	noun	14	5.269
5736	individualidade	0	noun	14	5.269
5737	infalível	0	adj	14	5.269
5738	infernal	0	adj	14	5.269
5739	infiltrar	0	verb	14	5.269
5740	integridade	0	noun	14	5.269
5741	intelectual	0	adj	14	5.269
5742	intervir	0	verb	14	5.269
5743	intimidade	0	noun	14	5.269
5744	iorquino	0	adj	14	5.269
5745	irreal	0	adj	14	5.269
5746	jante	0	unk	14	5.269
5747	jenna	0	unk	14	5.269
5748	lamentação	0	noun	14	5.269
5749	lavatório	0	noun	14	5.269
5750	leveia	0	noun	14	5.269
5751	livremente	0	adv	14	5.269
5752	ll	0	unk	14	5.269
5753	lobby	0	unk	14	5.269
5754	lona	0	noun	14	5.269
5755	lápis	0	unk	14	5.269
5756	maduro	0	noun	14	5.269
5757	malhar	0	verb	14	5.269
5758	mandavaa	0	unk	14	5.269
5759	mayor	0	unk	14	5.269
5760	maço	0	noun	14	5.269
5761	milénio	0	noun	14	5.269
5762	min	0	unk	14	5.269
5763	mitológico	0	adj	14	5.269
5764	moribundo	0	noun	14	5.269
5765	mortalidade	0	noun	14	5.269
5766	murchar	0	verb	14	5.269
5767	mútuo	0	noun	14	5.269
5768	nacional-socialismo	0	noun	14	5.269
5769	nanossonda	0	noun	14	5.269
5770	naves-mãe	0	unk	14	5.269
5771	novela	0	noun	14	5.269
5772	nãose	0	unk	14	5.269
5773	on	0	unk	14	5.269
5774	otário	0	noun	14	5.269
5775	pagoa	0	noun	14	5.269
5776	panamá	0	unk	14	5.269
5777	papeete	0	unk	14	5.269
5778	pateta	0	noun	14	5.269
5779	persuadir	0	verb	14	5.269
5780	pesqueiro	0	noun	14	5.269
5781	piquenique	0	unk	14	5.269
5782	piranha	0	noun	14	5.269
5783	piza	0	noun	14	5.269
5784	podiamos	0	unk	14	5.269
5785	ponche	0	unk	14	5.269
5786	pormenorizar	0	verb	14	5.269
5787	prematuro	0	noun	14	5.269
5788	prenho	0	noun	14	5.269
5789	preservativo	0	noun	14	5.269
5790	problemo	0	noun	14	5.269
5791	prévio	0	noun	14	5.269
5792	psíquico	0	adj	14	5.269
5793	pulsar	0	verb	14	5.269
5794	purificador	0	noun	14	5.269
5795	purificar	0	verb	14	5.269
5796	puxo	0	noun	14	5.269
5797	quilômetro	0	noun	14	5.269
5798	radioatividade	0	noun	14	5.269
5799	raiz	0	unk	14	5.269
5800	ralador	0	noun	14	5.269
5801	rampa	0	noun	14	5.269
5802	rastrear	0	verb	14	5.269
5803	reciclar	0	verb	14	5.269
5804	recolho	0	noun	14	5.269
5805	reconstruir	0	verb	14	5.269
5806	registrar	0	verb	14	5.269
5807	repetição	0	noun	14	5.269
5808	repugnante	0	unk	14	5.269
5809	resolução	0	noun	14	5.269
5810	ressonar	0	verb	14	5.269
5811	roadie	0	unk	14	5.269
5812	rosnar	0	verb	14	5.269
5813	sandália	0	noun	14	5.269
5814	sangue-frio	0	noun	14	5.269
5815	sapo	0	noun	14	5.269
5816	seminário	0	noun	14	5.269
5817	simpatizar	0	verb	14	5.269
5818	soltea	0	unk	14	5.269
5819	submarino	0	adj	14	5.269
5820	superstição	0	noun	14	5.269
5821	supostamente	0	adv	14	5.269
5822	sway	0	unk	14	5.269
5823	tabela	0	noun	14	5.269
5824	tacada	0	noun	14	5.269
5825	tahiti	0	unk	14	5.269
5826	techno-pop	0	unk	14	5.269
5827	temido	0	noun	14	5.269
5828	tesourar	0	verb	14	5.269
5829	theropoda	0	noun	14	5.269
5830	treva	0	noun	14	5.269
5831	trigo	0	noun	14	5.269
5832	ursinho	0	adj	14	5.269
5833	uva	0	noun	14	5.269
5834	ventoinha	0	adj	14	5.269
5835	vison	0	unk	14	5.269
5836	vistea	0	unk	14	5.269
5837	óleo	0	noun	14	5.269
5838	abafar	0	verb	13	4.892
5839	abreviar	0	verb	13	4.892
5840	abutre	0	unk	13	4.892
5841	adegar	0	verb	13	4.892
5842	adeusinho	0	adj	13	4.892
5843	adiamento	0	noun	13	4.892
5844	admirador	0	noun	13	4.892
5845	agendar	0	verb	13	4.892
5846	agüento	0	noun	13	4.892
5847	alfinete	0	unk	13	4.892
5848	altar	0	verb	13	4.892
5849	alucinação	0	noun	13	4.892
5850	amargar	0	verb	13	4.892
5851	amarraa	0	unk	13	4.892
5852	anual	0	adj	13	4.892
5853	archote	0	unk	13	4.892
5854	armador	0	noun	13	4.892
5855	armamento	0	noun	13	4.892
5856	asneirada	0	noun	13	4.892
5857	aspirina	0	adj	13	4.892
5858	audição	0	noun	13	4.892
5859	aumento	0	noun	13	4.892
5860	australiano	0	adj	13	4.892
5861	auxílio	0	noun	13	4.892
5862	azarar	0	verb	13	4.892
5863	bagatela	0	noun	13	4.892
5864	batalhao	0	unk	13	4.892
5865	beijocar	0	verb	13	4.892
5866	betos	0	unk	13	4.892
5867	boanoite	0	unk	13	4.892
5868	bonitão	0	noun	13	4.892
5869	brother	0	verb	13	4.892
5870	burgomestre	0	unk	13	4.892
5871	cacarejar	0	verb	13	4.892
5872	calça	0	noun	13	4.892
5873	camada	0	noun	13	4.892
5874	cana	0	adj	13	4.892
5875	canalizador	0	noun	13	4.892
5876	candidatura	0	noun	13	4.892
5877	canil	0	unk	13	4.892
5878	cantil	0	unk	13	4.892
5879	caramelo	0	noun	13	4.892
5880	carrego	0	noun	13	4.892
5881	carro-patrulha	0	noun	13	4.892
5882	casório	0	noun	13	4.892
5883	caça-ratas	0	unk	13	4.892
5884	cebola	0	noun	13	4.892
5885	celebridade	0	noun	13	4.892
5886	cera	0	noun	13	4.892
5887	chantagear	0	verb	13	4.892
5888	clique	0	unk	13	4.892
5889	cobardolas	0	unk	13	4.892
5890	colheita	0	noun	13	4.892
5891	companheira	0	noun	13	4.892
5892	compensação	0	noun	13	4.892
5893	conceção	0	noun	13	4.892
5894	concorrer	0	verb	13	4.892
5895	conexão	0	noun	13	4.892
5896	conservar	0	verb	13	4.892
5897	conspurcar	0	verb	13	4.892
5898	conteúdo	0	noun	13	4.892
5899	contracto	0	noun	13	4.892
5900	crieia	0	noun	13	4.892
5901	cuequinha	0	adj	13	4.892
5902	decrescer	0	verb	13	4.892
5903	deduzir	0	verb	13	4.892
5904	delírio	0	noun	13	4.892
5905	desabar	0	verb	13	4.892
5906	descendente	0	adj	13	4.892
5907	desencorajar	0	verb	13	4.892
5908	desertar	0	verb	13	4.892
5909	desordem	0	noun	13	4.892
5910	devidamente	0	adv	13	4.892
5911	digo-lhas	0	unk	13	4.892
5912	djura	0	noun	13	4.892
5913	défice	0	noun	13	4.892
5914	eclipse	0	unk	13	4.892
5915	egoísmo	0	noun	13	4.892
5916	eletricista	0	noun	13	4.892
5917	elogio	0	noun	13	4.892
5918	em-breve-mortos	0	unk	13	4.892
5919	encenar	0	verb	13	4.892
5920	enfio-ta	0	noun	13	4.892
5921	entidade	0	noun	13	4.892
5922	escocês	0	adj	13	4.892
5923	esculpir	0	verb	13	4.892
5924	espectro	0	noun	13	4.892
5925	espiritual	0	adj	13	4.892
5926	esponsais	0	unk	13	4.892
5927	estatístico	0	adj	13	4.892
5928	estonteante	0	unk	13	4.892
5929	estranhamente	0	adv	13	4.892
5930	estudoas	0	unk	13	4.892
5931	et	0	unk	13	4.892
5932	eterno	0	noun	13	4.892
5933	evidentemente	0	adv	13	4.892
5934	extorsão	0	noun	13	4.892
5935	far-lhe-á	0	unk	13	4.892
5936	fatiota	0	noun	13	4.892
5937	fenômeno	0	noun	13	4.892
5938	feriado	0	noun	13	4.892
5939	ferrovia	0	noun	13	4.892
5940	filhote	0	unk	13	4.892
5941	flutuante	0	unk	13	4.892
5942	fodasse	0	unk	13	4.892
5943	foh	0	unk	13	4.892
5944	forasteiro	0	noun	13	4.892
5945	frequente	0	adj	13	4.892
5946	fumador	0	noun	13	4.892
5947	ginger	0	verb	13	4.892
5948	go	0	unk	13	4.892
5949	gonodotróficas	0	unk	13	4.892
5950	gramar	0	verb	13	4.892
5951	grandessíssima	0	noun	13	4.892
5952	graxa	0	noun	13	4.892
5953	guarda-chuva	0	noun	13	4.892
5954	happy	0	unk	13	4.892
5955	heroísmo	0	noun	13	4.892
5956	heterossexual	0	adj	13	4.892
5957	hino	0	adj	13	4.892
5958	home	0	unk	13	4.892
5959	hunm	0	unk	13	4.892
5960	idosa	0	noun	13	4.892
5961	impacte	0	unk	13	4.892
5962	impedimento	0	noun	13	4.892
5963	imperfeito	0	noun	13	4.892
5964	imprimir	0	verb	13	4.892
5965	incompetente	0	adj	13	4.892
5966	individuar	0	verb	13	4.892
5967	inflexível	0	adj	13	4.892
5968	instruendo	0	noun	13	4.892
5969	inundação	0	noun	13	4.892
5970	irritação	0	noun	13	4.892
5971	italianozeco	0	adj	13	4.892
5972	judicial	0	adj	13	4.892
5973	justamente	0	adv	13	4.892
5974	lanche	0	unk	13	4.892
5975	lilá	0	unk	13	4.892
5976	lindamente	0	adv	13	4.892
5977	lindinho	0	adj	13	4.892
5978	lmporta	0	noun	13	4.892
5979	lástima	0	noun	13	4.892
5980	líbio	0	noun	13	4.892
5981	maninha	0	adj	13	4.892
5982	maquiagem	0	noun	13	4.892
5983	marreta	0	noun	13	4.892
5984	massajar	0	verb	13	4.892
5985	meia-irmã	0	unk	13	4.892
5986	merecedor	0	noun	13	4.892
5987	mikael	0	adj	13	4.892
5988	mortuário	0	noun	13	4.892
5989	multiplicar-se-ão	0	noun	13	4.892
5990	musgo	0	noun	13	4.892
5991	módulo	0	noun	13	4.892
5992	nebuloso	0	adj	13	4.892
5993	nidificar	0	verb	13	4.892
5994	nortenho	0	noun	13	4.892
5995	obstinar	0	verb	13	4.892
5996	ocasionalmente	0	adv	13	4.892
5997	odor	0	noun	13	4.892
5998	oitavo	0	num	13	4.892
5999	oitenta	0	num	13	4.892
6000	ooh	0	unk	13	4.892
6001	operário	0	noun	13	4.892
6002	oportuno	0	unk	13	4.892
6003	orientação	0	noun	13	4.892
6004	paguei-lha	0	noun	13	4.892
6005	painel	0	adj	13	4.892
6006	paleontologista	0	noun	13	4.892
6007	palestra	0	noun	13	4.892
6008	paranóico	0	adj	13	4.892
6009	patriótico	0	adj	13	4.892
6010	pendejo	0	noun	13	4.892
6011	penúria	0	noun	13	4.892
6012	pinga-pinga	0	noun	13	4.892
6013	pirralho	0	noun	13	4.892
6014	pivot	0	unk	13	4.892
6015	pornográfico	0	adj	13	4.892
6016	portuguese	0	unk	13	4.892
6017	prezar	0	verb	13	4.892
6018	procureia	0	noun	13	4.892
6019	proveito	0	noun	13	4.892
6020	prudente	0	adj	13	4.892
6021	publicitar	0	verb	13	4.892
6022	puxaa	0	unk	13	4.892
6023	puxador	0	noun	13	4.892
6024	quimioterapia	0	noun	13	4.892
6025	quintal	0	adj	13	4.892
6026	radiofónico	0	adj	13	4.892
6027	rapidez	0	unk	13	4.892
6028	rascunho	0	noun	13	4.892
6029	rastreador	0	noun	13	4.892
6030	realeza	0	noun	13	4.892
6031	refilar	0	verb	13	4.892
6032	regente	0	adj	13	4.892
6033	relativamente	0	adv	13	4.892
6034	respeitante	0	unk	13	4.892
6035	resumo	0	noun	13	4.892
6036	retrete	0	unk	13	4.892
6037	ribeiro	0	noun	13	4.892
6038	roubou-ma	0	noun	13	4.892
6039	rés-do-chão	0	noun	13	4.892
6040	saldo	0	noun	13	4.892
6041	saquear	0	verb	13	4.892
6042	saxónio	0	noun	13	4.892
6043	seda	0	noun	13	4.892
6044	sincronia	0	noun	13	4.892
6045	sombrio	0	noun	13	4.892
6046	spaho	0	noun	13	4.892
6047	stop	0	unk	13	4.892
6048	strike	0	unk	13	4.892
6049	submundo	0	noun	13	4.892
6050	subúrbio	0	noun	13	4.892
6051	supervisionar	0	verb	13	4.892
6052	supervisor	0	unk	13	4.892
6053	surra	0	noun	13	4.892
6054	tanga	0	noun	13	4.892
6055	termas	0	unk	13	4.892
6056	terno	0	noun	13	4.892
6057	terrivel	0	adj	13	4.892
6058	tradicional	0	adj	13	4.892
6059	tranca	0	unk	13	4.892
6060	trapacear	0	verb	13	4.892
6061	tresandar	0	verb	13	4.892
6062	tripulante	0	unk	13	4.892
6063	unânime	0	unk	13	4.892
6064	varrer	0	verb	13	4.892
6065	vegetal	0	adj	13	4.892
6066	vegetariano	0	adj	13	4.892
6067	vendeua	0	noun	13	4.892
6068	venice	0	noun	13	4.892
6069	veterinário	0	noun	13	4.892
6070	vitelo	0	noun	13	4.892
6071	zelosamente	0	adv	13	4.892
6072	zombar	0	verb	13	4.892
6073	àqueles	0	unk	13	4.892
6074	aborrecimento	0	noun	12	4.516
6075	aborto	0	noun	12	4.516
6076	abotoar	0	verb	12	4.516
6077	acessível	0	adj	12	4.516
6078	ademais	0	unk	12	4.516
6079	aderir	0	verb	12	4.516
6080	adotivo	0	noun	12	4.516
6081	adrenalina	0	adj	12	4.516
6082	afortunar	0	verb	12	4.516
6083	agachar	0	verb	12	4.516
6084	ajuntar	0	verb	12	4.516
6085	amuo	0	noun	12	4.516
6086	angustiar	0	verb	12	4.516
6087	antibiótico	0	adj	12	4.516
6088	apelação	0	noun	12	4.516
6089	apreender	0	verb	12	4.516
6090	apêndice	0	noun	12	4.516
6091	arenque	0	unk	12	4.516
6092	arranhão	0	noun	12	4.516
6093	arrumação	0	noun	12	4.516
6094	artístico	0	adj	12	4.516
6095	atrevido	0	noun	12	4.516
6096	aurora	0	noun	12	4.516
6097	automaticamente	0	adv	12	4.516
6098	aversão	0	noun	12	4.516
6099	aéguma	0	noun	12	4.516
6100	baga	0	noun	12	4.516
6101	bailarina	0	adj	12	4.516
6102	bainhar	0	verb	12	4.516
6103	baioneta	0	noun	12	4.516
6104	bigorna	0	noun	12	4.516
6105	bodega	0	noun	12	4.516
6106	bravura	0	noun	12	4.516
6107	buba	0	unk	12	4.516
6108	bull	0	unk	12	4.516
6109	burlão	0	noun	12	4.516
6110	buzzin	0	unk	12	4.516
6111	bênção	0	noun	12	4.516
6112	caixote	0	unk	12	4.516
6113	cannabis	0	unk	12	4.516
6114	capar	0	verb	12	4.516
6115	capataz	0	unk	12	4.516
6116	característica	0	adj	12	4.516
6117	carma	0	noun	12	4.516
6118	caserna	0	noun	12	4.516
6119	castrar	0	verb	12	4.516
6120	certidão	0	noun	12	4.516
6121	charmoso	0	adj	12	4.516
6122	cherokee	0	unk	12	4.516
6123	chocante	0	unk	12	4.516
6124	clareza	0	noun	12	4.516
6125	clemência	0	noun	12	4.516
6126	cms	0	unk	12	4.516
6127	colorir	0	verb	12	4.516
6128	concebido	0	noun	12	4.516
6129	conciliar	0	verb	12	4.516
6130	concisamente	0	adv	12	4.516
6131	concreto	0	noun	12	4.516
6132	constituinte	0	unk	12	4.516
6133	constrangimento	0	noun	12	4.516
6134	crepúsculo	0	noun	12	4.516
6135	crucial	0	adj	12	4.516
6136	cuidadosamente	0	adv	12	4.516
6137	d'ele	0	unk	12	4.516
6138	defensor	0	unk	12	4.516
6139	delegadozinho	0	adj	12	4.516
6140	desenterrar	0	verb	12	4.516
6141	desvio	0	noun	12	4.516
6142	detetor	0	unk	12	4.516
6143	devagarinho	0	adj	12	4.516
6144	deéa	0	unk	12	4.516
6145	dimensão	0	noun	12	4.516
6146	discar	0	verb	12	4.516
6147	diálogo	0	noun	12	4.516
6148	doutro	0	noun	12	4.516
6149	duende	0	noun	12	4.516
6150	egípcio	0	noun	12	4.516
6151	eminência	0	noun	12	4.516
6152	encolhido	0	noun	12	4.516
6153	enfrenesiares	0	unk	12	4.516
6154	enojar	0	verb	12	4.516
6155	equipar	0	verb	12	4.516
6156	escolho	0	noun	12	4.516
6157	escriturar	0	verb	12	4.516
6158	esfera	0	noun	12	4.516
6159	espanto	0	noun	12	4.516
6160	especar	0	verb	12	4.516
6161	estrangular	0	verb	12	4.516
6162	estratego	0	noun	12	4.516
6163	estrelinha	0	adj	12	4.516
6164	expert	0	unk	12	4.516
6165	explorador	0	noun	12	4.516
6166	faixa	0	noun	12	4.516
6167	feiticeiro	0	noun	12	4.516
6168	finalista	0	noun	12	4.516
6169	fisiologia	0	noun	12	4.516
6170	fixamente	0	adv	12	4.516
6171	fobia	0	noun	12	4.516
6172	focinho	0	adj	12	4.516
6173	formulário	0	noun	12	4.516
6174	fornecimento	0	noun	12	4.516
6175	frete	0	unk	12	4.516
6176	front	0	unk	12	4.516
6177	furto	0	noun	12	4.516
6178	galeria	0	noun	12	4.516
6179	gama	0	noun	12	4.516
6180	gata	0	noun	12	4.516
6181	gemer	0	verb	12	4.516
6182	genebra	0	noun	12	4.516
6183	heh	0	unk	12	4.516
6184	holodeck	0	unk	12	4.516
6185	idealista	0	noun	12	4.516
6186	idell	0	unk	12	4.516
6187	imigração	0	noun	12	4.516
6188	in-and-out	0	unk	12	4.516
6189	inabalável	0	adj	12	4.516
6190	incapacitar	0	verb	12	4.516
6191	incomodativo	0	noun	12	4.516
6192	incomum	0	unk	12	4.516
6193	inconclusivo	0	noun	12	4.516
6194	indio	0	noun	12	4.516
6195	instituição	0	noun	12	4.516
6196	instruir	0	verb	12	4.516
6197	intitular	0	verb	12	4.516
6198	investimento	0	noun	12	4.516
6199	joalharia	0	noun	12	4.516
6200	kree	0	unk	12	4.516
6201	lamentável	0	adj	12	4.516
6202	largura	0	noun	12	4.516
6203	letreiro	0	noun	12	4.516
6204	lucrar	0	verb	12	4.516
6205	maca	0	unk	12	4.516
6206	macio	0	noun	12	4.516
6207	magnético	0	adj	12	4.516
6208	mamolândia	0	noun	12	4.516
6209	may	0	unk	12	4.516
6210	mecha	0	noun	12	4.516
6211	medicação	0	noun	12	4.516
6212	meditar	0	verb	12	4.516
6213	meia-cidade	0	noun	12	4.516
6214	metáfora	0	noun	12	4.516
6215	mincha	0	noun	12	4.516
6216	monótono	0	noun	12	4.516
6217	motivação	0	noun	12	4.516
6218	nadador	0	noun	12	4.516
6219	noutras	0	unk	12	4.516
6220	oprimir	0	verb	12	4.516
6221	pacificamente	0	adv	12	4.516
6222	pager	0	verb	12	4.516
6223	palito	0	noun	12	4.516
6224	panquecaz	0	unk	12	4.516
6225	paranormal	0	adj	12	4.516
6226	peludo	0	adj	12	4.516
6227	penoso	0	adj	12	4.516
6228	perfumar	0	verb	12	4.516
6229	pino	0	adj	12	4.516
6230	plausível	0	adj	12	4.516
6231	ponderar	0	verb	12	4.516
6232	premiar	0	verb	12	4.516
6233	presenciar	0	verb	12	4.516
6234	pressão-de-ar	0	verb	12	4.516
6235	presunto	0	noun	12	4.516
6236	prevalecer	0	verb	12	4.516
6237	prisional	0	adj	12	4.516
6238	prole	0	unk	12	4.516
6239	publicação	0	noun	12	4.516
6240	punheteiro	0	noun	12	4.516
6241	pêgas	0	unk	12	4.516
6242	qu	0	unk	12	4.516
6243	quaéquer	0	verb	12	4.516
6244	racial	0	adj	12	4.516
6245	radar	0	verb	12	4.516
6246	raínha	0	noun	12	4.516
6247	rebanho	0	noun	12	4.516
6248	recomendação	0	noun	12	4.516
6249	reprimir	0	verb	12	4.516
6250	responsabilizar	0	verb	12	4.516
6251	risada	0	noun	12	4.516
6252	robusto	0	noun	12	4.516
6253	rufiar	0	verb	12	4.516
6254	rúnica	0	adj	12	4.516
6255	sacarina	0	adj	12	4.516
6256	sacudir	0	verb	12	4.516
6257	said	0	unk	12	4.516
6258	salvador	0	noun	12	4.516
6259	semítico	0	adj	12	4.516
6260	senhoria	0	noun	12	4.516
6261	serafim	0	unk	12	4.516
6262	setenta	0	num	12	4.516
6263	simbiótica	0	adj	12	4.516
6264	simular	0	verb	12	4.516
6265	sobrancelha	0	noun	12	4.516
6266	sobrecarga	0	noun	12	4.516
6267	sobrecarregar	0	verb	12	4.516
6268	solteirão	0	noun	12	4.516
6269	solucionar	0	verb	12	4.516
6270	sossego	0	noun	12	4.516
6271	suplente	0	adj	12	4.516
6272	suíte	0	unk	12	4.516
6273	temporal	0	adj	12	4.516
6274	ticket	0	unk	12	4.516
6275	tijolo	0	noun	12	4.516
6276	tirea	0	unk	12	4.516
6277	torrãozinho	0	adj	12	4.516
6278	tragaa	0	unk	12	4.516
6279	tranquilizar	0	verb	12	4.516
6280	traço	0	noun	12	4.516
6281	triunfal	0	adj	12	4.516
6282	troglodita	0	noun	12	4.516
6283	trompetas	0	unk	12	4.516
6284	turco	0	noun	12	4.516
6285	túlipa	0	noun	12	4.516
6286	universitário	0	noun	12	4.516
6287	valorizar	0	verb	12	4.516
6288	visar	0	verb	12	4.516
6289	visionário	0	noun	12	4.516
6290	vitorioso	0	adj	12	4.516
6291	vómito	0	noun	12	4.516
6292	zelar	0	verb	12	4.516
6293	zem	0	noun	12	4.516
6294	ídolo	0	noun	12	4.516
6295	abate	0	unk	11	4.140
6296	advertência	0	noun	11	4.140
6297	aflito	0	noun	11	4.140
6298	after-shave	0	unk	11	4.140
6299	ajuste	0	unk	11	4.140
6300	alimentação	0	noun	11	4.140
6301	alpendre	0	unk	11	4.140
6302	amabilidade	0	noun	11	4.140
6303	amontoar	0	verb	11	4.140
6304	anfitrião	0	noun	11	4.140
6305	antinuclear	0	verb	11	4.140
6306	anágua	0	noun	11	4.140
6307	anónimo	0	noun	11	4.140
6308	atelier	0	verb	11	4.140
6309	atualmente	0	adv	11	4.140
6310	audaz	0	unk	11	4.140
6311	auditivo	0	noun	11	4.140
6312	avestruz	0	unk	11	4.140
6313	bagageira	0	noun	11	4.140
6314	baixinho	0	adj	11	4.140
6315	baldar	0	verb	11	4.140
6316	bancada	0	noun	11	4.140
6317	banir	0	verb	11	4.140
6318	batom	0	unk	11	4.140
6319	berço	0	noun	11	4.140
6320	besteira	0	noun	11	4.140
6321	bip	0	unk	11	4.140
6322	bisavô	0	unk	11	4.140
6323	bisbilhotar	0	verb	11	4.140
6324	bolacha	0	noun	11	4.140
6325	bombardeiro	0	noun	11	4.140
6326	britanico	0	adj	11	4.140
6327	bufo	0	noun	11	4.140
6328	buzinar	0	verb	11	4.140
6329	cachimbo	0	noun	11	4.140
6330	caloroso	0	adj	11	4.140
6331	calçada	0	noun	11	4.140
6332	calçar	0	verb	11	4.140
6333	capanga	0	noun	11	4.140
6334	carvalho	0	noun	11	4.140
6335	casual	0	adj	11	4.140
6336	cauteloso	0	adj	11	4.140
6337	caveira	0	noun	11	4.140
6338	chefão	0	noun	11	4.140
6339	chicotada	0	noun	11	4.140
6340	choramingar	0	verb	11	4.140
6341	cilindro	0	noun	11	4.140
6342	cirúrgico	0	adj	11	4.140
6343	cocaína	0	unk	11	4.140
6344	colarinho	0	adj	11	4.140
6345	coleira	0	noun	11	4.140
6346	comparação	0	noun	11	4.140
6347	compatriota	0	noun	11	4.140
6348	complexidade	0	noun	11	4.140
6349	conclusivo	0	noun	11	4.140
6350	concorrente	0	adj	11	4.140
6351	conservatório	0	noun	11	4.140
6352	consistir	0	verb	11	4.140
6353	consumo	0	noun	11	4.140
6354	convés	0	unk	11	4.140
6355	cordão	0	noun	11	4.140
6356	corporação	0	noun	11	4.140
6357	corte-marcial	0	adj	11	4.140
6358	cristalino	0	adj	11	4.140
6359	cúpido	0	noun	11	4.140
6360	d'olho	0	noun	11	4.140
6361	decepcionado	0	noun	11	4.140
6362	defensivo	0	noun	11	4.140
6363	deixoa	0	noun	11	4.140
6364	delirar	0	verb	11	4.140
6365	depreender	0	verb	11	4.140
6366	desajeitar	0	verb	11	4.140
6367	desaparecimento	0	noun	11	4.140
6368	descontar	0	verb	11	4.140
6369	descontração	0	noun	11	4.140
6370	desenrascar	0	verb	11	4.140
6371	desenrolar	0	verb	11	4.140
6372	desfavorecido	0	noun	11	4.140
6373	desmantelar	0	verb	11	4.140
6374	detonador	0	noun	11	4.140
6375	devolvido	0	noun	11	4.140
6376	di	0	unk	11	4.140
6377	dilema	0	noun	11	4.140
6378	diplomático	0	adj	11	4.140
6379	discreto	0	noun	11	4.140
6380	dissipar	0	verb	11	4.140
6381	distribuição	0	noun	11	4.140
6382	docinho	0	adj	11	4.140
6383	dormitório	0	noun	11	4.140
6384	décimo	0	num	11	4.140
6385	dó	0	unk	11	4.140
6386	elenco	0	noun	11	4.140
6387	elucidar	0	verb	11	4.140
6388	eminente	0	adj	11	4.140
6389	emocionalmente	0	adv	11	4.140
6390	empregador	0	noun	11	4.140
6391	encargo	0	noun	11	4.140
6392	enfurecer	0	verb	11	4.140
6393	enrabador	0	noun	11	4.140
6394	erudito	0	noun	11	4.140
6395	escócio	0	noun	11	4.140
6396	esmurrar	0	verb	11	4.140
6397	esponjar	0	verb	11	4.140
6398	esqui	0	unk	11	4.140
6399	estorvar	0	verb	11	4.140
6400	evidenciar	0	verb	11	4.140
6401	excesso	0	noun	11	4.140
6402	experimento	0	noun	11	4.140
6403	extraordinariamente	0	adv	11	4.140
6404	facilidade	0	noun	11	4.140
6405	felizardo	0	noun	11	4.140
6406	fenómeno	0	noun	11	4.140
6407	fevereiro	0	noun	11	4.140
6408	fictício	0	noun	11	4.140
6409	filosofia	0	noun	11	4.140
6410	fins-de-semana	0	adj	11	4.140
6411	foguete	0	unk	11	4.140
6412	fornecido	0	noun	11	4.140
6413	fortemente	0	adv	11	4.140
6414	fotogénico	0	adj	11	4.140
6415	frontal	0	adj	11	4.140
6416	fôr	0	unk	11	4.140
6417	garçonete	0	unk	11	4.140
6418	gerir	0	verb	11	4.140
6419	gin	0	unk	11	4.140
6420	graduar	0	verb	11	4.140
6421	grupinho	0	adj	11	4.140
6422	hem	0	noun	11	4.140
6423	hilariante	0	unk	11	4.140
6424	horticultor	0	unk	11	4.140
6425	horto-fodido-cultivador	0	noun	11	4.140
6426	ilibar	0	verb	11	4.140
6427	imperfeição	0	noun	11	4.140
6428	impotente	0	adj	11	4.140
6429	inaugurar	0	verb	11	4.140
6430	incerteza	0	noun	11	4.140
6431	indemnizar	0	verb	11	4.140
6432	independente	0	adj	11	4.140
6433	infindável	0	adj	11	4.140
6434	inicialmente	0	adv	11	4.140
6435	ininteligível	0	adj	11	4.140
6436	injustificado	0	noun	11	4.140
6437	insinuar	0	verb	11	4.140
6438	intensivo	0	noun	11	4.140
6439	intuição	0	noun	11	4.140
6440	inventor	0	unk	11	4.140
6441	jarro	0	noun	11	4.140
6442	jubileu	0	unk	11	4.140
6443	jumento	0	noun	11	4.140
6444	lamentavelmente	0	adv	11	4.140
6445	lançador	0	noun	11	4.140
6446	lavrador	0	noun	11	4.140
6447	ldiota	0	noun	11	4.140
6448	legista	0	noun	11	4.140
6449	leme	0	unk	11	4.140
6450	levoa	0	noun	11	4.140
6451	like	0	unk	11	4.140
6452	limpinho	0	adj	11	4.140
6453	lisonjear	0	verb	11	4.140
6454	literatura	0	noun	11	4.140
6455	lojista	0	noun	11	4.140
6456	luar	0	verb	11	4.140
6457	maneta	0	noun	11	4.140
6458	mangueira	0	noun	11	4.140
6459	maníaco	0	noun	11	4.140
6460	martelar	0	verb	11	4.140
6461	matinal	0	adj	11	4.140
6462	medricas	0	unk	11	4.140
6463	meio-irmão	0	noun	11	4.140
6464	microscópio	0	noun	11	4.140
6465	minúsculo	0	noun	11	4.140
6466	moldar	0	verb	11	4.140
6467	molestar	0	verb	11	4.140
6468	moto	0	noun	11	4.140
6469	muralhar	0	verb	11	4.140
6470	naftalina	0	adj	11	4.140
6471	ninar	0	verb	11	4.140
6472	nitroglicerina	0	adj	11	4.140
6473	nupcial	0	adj	11	4.140
6474	ordinário	0	noun	11	4.140
6475	orfanato	0	noun	11	4.140
6476	orgânico	0	adj	11	4.140
6477	orçamento	0	noun	11	4.140
6478	participação	0	noun	11	4.140
6479	paródia	0	noun	11	4.140
6480	patranha	0	noun	11	4.140
6481	pauzinho	0	adj	11	4.140
6482	pavonear	0	verb	11	4.140
6483	pedófilo	0	noun	11	4.140
6484	perneta	0	noun	11	4.140
6485	perverso	0	noun	11	4.140
6486	petição	0	noun	11	4.140
6487	peão	0	noun	11	4.140
6488	poluir	0	verb	11	4.140
6489	postar	0	verb	11	4.140
6490	pote	0	unk	11	4.140
6491	praguejar	0	verb	11	4.140
6492	preparativos	0	unk	11	4.140
6493	presunçoso	0	adj	11	4.140
6494	primitiva	0	noun	11	4.140
6495	proeza	0	noun	11	4.140
6496	propulsão	0	noun	11	4.140
6497	provedor	0	noun	11	4.140
6498	psicólogo	0	noun	11	4.140
6499	publicitário	0	noun	11	4.140
6500	punhal	0	adj	11	4.140
6501	päo	0	unk	11	4.140
6502	pêndulo	0	noun	11	4.140
6503	quietinho	0	adj	11	4.140
6504	quimicozitos	0	unk	11	4.140
6505	rajado	0	noun	11	4.140
6506	rancheiro	0	noun	11	4.140
6507	recarregar	0	verb	11	4.140
6508	recriminação	0	noun	11	4.140
6509	redigir	0	verb	11	4.140
6510	registrado	0	noun	11	4.140
6511	relutância	0	noun	11	4.140
6512	renovar	0	verb	11	4.140
6513	repouso	0	unk	11	4.140
6514	reprovar	0	verb	11	4.140
6515	retrovisor	0	unk	11	4.140
6516	reverter	0	verb	11	4.140
6517	rigoroso	0	adj	11	4.140
6518	ringue	0	unk	11	4.140
6519	riquenho	0	noun	11	4.140
6520	runa	0	unk	11	4.140
6521	saida	0	noun	11	4.140
6522	sake	0	unk	11	4.140
6523	sanguíneo	0	noun	11	4.140
6524	sdi	0	unk	11	4.140
6525	secretaria	0	noun	11	4.140
6526	sedutor	0	unk	11	4.140
6527	seduzir	0	verb	11	4.140
6528	semi-inconsciente	0	adj	11	4.140
6529	sequestrar	0	verb	11	4.140
6530	serena	0	noun	11	4.140
6531	sexto	0	num	11	4.140
6532	siamês	0	adj	11	4.140
6533	simulação	0	noun	11	4.140
6534	skunk	0	unk	11	4.140
6535	soda	0	noun	11	4.140
6536	sondagem	0	noun	11	4.140
6537	sub-rotinas	0	unk	11	4.140
6538	subjacente	0	adj	11	4.140
6539	substância	0	noun	11	4.140
6540	sujeitar	0	verb	11	4.140
6541	take	0	unk	11	4.140
6542	teimosia	0	noun	11	4.140
6543	telefonista	0	noun	11	4.140
6544	telemetria	0	noun	11	4.140
6545	telepático	0	adj	11	4.140
6546	tempestuoso	0	adj	11	4.140
6547	tera	0	noun	11	4.140
6548	toa	0	noun	11	4.140
6549	tocante	0	unk	11	4.140
6550	trapo	0	noun	11	4.140
6551	trator	0	unk	11	4.140
6552	trouxa	0	noun	11	4.140
6553	tático	0	adj	11	4.140
6554	vazar	0	verb	11	4.140
6555	veado	0	noun	11	4.140
6556	velejar	0	verb	11	4.140
6557	velhaco	0	noun	11	4.140
6558	veloz	0	unk	11	4.140
6559	ventre	0	unk	11	4.140
6560	viaduto	0	noun	11	4.140
6561	vingador	0	noun	11	4.140
6562	visibilidade	0	noun	11	4.140
6563	vitaminar	0	verb	11	4.140
6564	viua	0	noun	11	4.140
6565	viável	0	adj	11	4.140
6566	wa	0	unk	11	4.140
6567	árbitro	0	noun	11	4.140
6568	árduo	0	noun	11	4.140
6569	ósseo	0	noun	11	4.140
6570	a-shi-ra	0	noun	10	3.763
6571	abestalhado	0	noun	10	3.763
6572	académico	0	adj	10	3.763
6573	acompanhante	0	unk	10	3.763
6574	afastaa	0	unk	10	3.763
6575	agressor	0	unk	10	3.763
6576	aguçar	0	verb	10	3.763
6577	alegro	0	noun	10	3.763
6578	alfaiate	0	unk	10	3.763
6579	alheio	0	noun	10	3.763
6580	ambiental	0	adj	10	3.763
6581	amigalhaço	0	noun	10	3.763
6582	amoa	0	noun	10	3.763
6583	anestesiar	0	verb	10	3.763
6584	anexar	0	verb	10	3.763
6585	antigüidades	0	unk	10	3.763
6586	anulação	0	noun	10	3.763
6587	ardente	0	adj	10	3.763
6588	artifício	0	noun	10	3.763
6589	atracar	0	verb	10	3.763
6590	autoestima	0	noun	10	3.763
6591	aveia	0	noun	10	3.763
6592	avental	0	adj	10	3.763
6593	avultado	0	noun	10	3.763
6594	aégum	0	unk	10	3.763
6595	bebedeira	0	noun	10	3.763
6596	beberar	0	verb	10	3.763
6597	beijinho	0	adj	10	3.763
6598	bejecas	0	unk	10	3.763
6599	beneficiário	0	noun	10	3.763
6600	bizarro	0	noun	10	3.763
6601	blefe	0	unk	10	3.763
6602	boquiaberto	0	noun	10	3.763
6603	brotoeja	0	noun	10	3.763
6604	burrice	0	noun	10	3.763
6605	c'um	0	unk	10	3.763
6606	caldeirar	0	verb	10	3.763
6607	calha	0	noun	10	3.763
6608	capacete	0	unk	10	3.763
6609	carnal	0	adj	10	3.763
6610	casualmente	0	adv	10	3.763
6611	catar	0	verb	10	3.763
6612	caução	0	noun	10	3.763
6613	cereja	0	noun	10	3.763
6614	chaminé	0	unk	10	3.763
6615	champagne	0	unk	10	3.763
6616	chapar	0	verb	10	3.763
6617	chiu	0	unk	10	3.763
6618	citação	0	noun	10	3.763
6619	clair	0	verb	10	3.763
6620	cobardia	0	noun	10	3.763
6621	combatente	0	adj	10	3.763
6622	comitê	0	unk	10	3.763
6623	compostura	0	noun	10	3.763
6624	compreia	0	noun	10	3.763
6625	comício	0	noun	10	3.763
6626	condolência	0	noun	10	3.763
6627	confesso	0	noun	10	3.763
6628	confinar	0	verb	10	3.763
6629	consoante	0	unk	10	3.763
6630	contexto	0	noun	10	3.763
6631	contraponto	0	noun	10	3.763
6632	contínuo	0	noun	10	3.763
6633	convenientemente	0	adv	10	3.763
6634	cool	0	unk	10	3.763
6635	cooperativa	0	noun	10	3.763
6636	corro	0	noun	10	3.763
6637	coser	0	verb	10	3.763
6638	country	0	unk	10	3.763
6639	coxear	0	verb	10	3.763
6640	coxo	0	noun	10	3.763
6641	cre	0	unk	10	3.763
6642	cru	0	unk	10	3.763
6643	cubar	0	verb	10	3.763
6644	cumplicidade	0	noun	10	3.763
6645	cupido	0	noun	10	3.763
6646	cálcio	0	noun	10	3.763
6647	cômputo	0	noun	10	3.763
6648	datar	0	verb	10	3.763
6649	del	0	adj	10	3.763
6650	delinqüente	0	adj	10	3.763
6651	demolição	0	noun	10	3.763
6652	dependente	0	adj	10	3.763
6653	desabafar	0	verb	10	3.763
6654	desagradar	0	verb	10	3.763
6655	descolar	0	verb	10	3.763
6656	desconforto	0	noun	10	3.763
6657	deslizar	0	verb	10	3.763
6658	deslumbrar	0	verb	10	3.763
6659	desmarcar	0	verb	10	3.763
6660	despertador	0	noun	10	3.763
6661	desprevenir	0	verb	10	3.763
6662	destruiua	0	noun	10	3.763
6663	deu-mo	0	noun	10	3.763
6664	devolução	0	noun	10	3.763
6665	dezoito	0	num	10	3.763
6666	discutível	0	adj	10	3.763
6667	distinção	0	noun	10	3.763
6668	dominó	0	unk	10	3.763
6669	douto	0	noun	10	3.763
6670	doutra	0	noun	10	3.763
6671	drone	0	unk	10	3.763
6672	dádiva	0	noun	10	3.763
6673	eleger	0	verb	10	3.763
6674	elogiar	0	verb	10	3.763
6675	embarque	0	unk	10	3.763
6676	encalhado	0	noun	10	3.763
6677	encrencar	0	verb	10	3.763
6678	endireitar	0	verb	10	3.763
6679	enfadonho	0	noun	10	3.763
6680	episcopal	0	adj	10	3.763
6681	equação	0	noun	10	3.763
6682	equivalente	0	adj	10	3.763
6683	esclarecedor	0	noun	10	3.763
6684	escotilha	0	noun	10	3.763
6685	esmagador	0	noun	10	3.763
6686	espeto	0	noun	10	3.763
6687	estado-maior	0	unk	10	3.763
6688	estadual	0	adj	10	3.763
6689	estalido	0	noun	10	3.763
6690	estrear	0	verb	10	3.763
6691	europeu	0	unk	10	3.763
6692	eventualmente	0	adv	10	3.763
6693	extenuante	0	unk	10	3.763
6694	fabrico	0	adj	10	3.763
6695	fantochar	0	verb	10	3.763
6696	fanático	0	adj	10	3.763
6697	farra	0	noun	10	3.763
6698	fator	0	unk	10	3.763
6699	faustoso	0	adj	10	3.763
6700	faísca	0	unk	10	3.763
6701	feitio	0	noun	10	3.763
6702	festivo	0	noun	10	3.763
6703	finalidade	0	noun	10	3.763
6704	florista	0	noun	10	3.763
6705	fodessem	0	noun	10	3.763
6706	fotográfico	0	adj	10	3.763
6707	frame	0	unk	10	3.763
6708	franqueza	0	noun	10	3.763
6709	frustrar	0	verb	10	3.763
6710	fútil	0	unk	10	3.763
6711	gafanhoto	0	noun	10	3.763
6712	galão	0	noun	10	3.763
6713	gemar	0	verb	10	3.763
6714	giz	0	unk	10	3.763
6715	globo	0	noun	10	3.763
6716	grandeza	0	noun	10	3.763
6717	gravemente	0	adv	10	3.763
6718	greve	0	unk	10	3.763
6719	hammer	0	verb	10	3.763
6720	historial	0	adj	10	3.763
6721	homenagear	0	verb	10	3.763
6722	igualdade	0	noun	10	3.763
6723	igualzinho	0	adj	10	3.763
6724	imperativo	0	noun	10	3.763
6725	infiel	0	adj	10	3.763
6726	injustamente	0	adv	10	3.763
6727	insolente	0	adj	10	3.763
6728	instigar	0	verb	10	3.763
6729	interface	0	unk	10	3.763
6730	interrupção	0	noun	10	3.763
6731	intrujar	0	verb	10	3.763
6732	intérprete	0	unk	10	3.763
6733	invocar	0	verb	10	3.763
6734	iodo	0	noun	10	3.763
6735	juvenil	0	unk	10	3.763
6736	kiwi	0	unk	10	3.763
6737	labutar	0	verb	10	3.763
6738	lavanderia	0	noun	10	3.763
6739	legalmente	0	adv	10	3.763
6740	lenhador	0	noun	10	3.763
6741	lenhar	0	verb	10	3.763
6742	literário	0	noun	10	3.763
6743	longínquo	0	noun	10	3.763
6744	loteria	0	noun	10	3.763
6745	lourar	0	verb	10	3.763
6746	louro	0	noun	10	3.763
6747	lutador	0	noun	10	3.763
6748	macia	0	noun	10	3.763
6749	madraço	0	noun	10	3.763
6750	malfeitor	0	unk	10	3.763
6751	maléfico	0	adj	10	3.763
6752	manejar	0	verb	10	3.763
6753	manifesto	0	noun	10	3.763
6754	manso	0	noun	10	3.763
6755	mariposa	0	noun	10	3.763
6756	marisco	0	noun	10	3.763
6757	mastro	0	noun	10	3.763
6758	maternidade	0	noun	10	3.763
6759	matrimônio	0	noun	10	3.763
6760	mecanismo	0	noun	10	3.763
6761	meineid	0	unk	10	3.763
6762	mercê	0	unk	10	3.763
6763	merdolas	0	unk	10	3.763
6764	metálico	0	adj	10	3.763
6765	minucioso	0	adj	10	3.763
6766	minudências	0	unk	10	3.763
6767	mm	0	unk	10	3.763
6768	momentâneo	0	noun	10	3.763
6769	monitorizar	0	verb	10	3.763
6770	mérito	0	noun	10	3.763
6771	mísero	0	noun	10	3.763
6772	nadinha	0	adj	10	3.763
6773	nazista	0	noun	10	3.763
6774	neutralizar	0	verb	10	3.763
6775	neutro	0	noun	10	3.763
6776	nor	0	unk	10	3.763
6777	objetar	0	verb	10	3.763
6778	objetividade	0	noun	10	3.763
6779	obsoleto	0	noun	10	3.763
6780	operacional	0	adj	10	3.763
6781	ordenhar	0	verb	10	3.763
6782	oéa	0	unk	10	3.763
6783	oéha	0	noun	10	3.763
6784	paisagem	0	noun	10	3.763
6785	palhaçada	0	noun	10	3.763
6786	particularidade	0	noun	10	3.763
6787	pedacinho	0	adj	10	3.763
6788	pegajoso	0	adj	10	3.763
6789	peluche	0	unk	10	3.763
6790	penhorar	0	verb	10	3.763
6791	percentagem	0	noun	10	3.763
6792	persuasivo	0	noun	10	3.763
6793	pervertido	0	noun	10	3.763
6794	piadinha	0	adj	10	3.763
6795	picuinhas	0	unk	10	3.763
6796	pit	0	unk	10	3.763
6797	pivete	0	unk	10	3.763
6798	pizaria	0	noun	10	3.763
6799	plantão	0	noun	10	3.763
6800	pobrezinha	0	adj	10	3.763
6801	pontuação	0	noun	10	3.763
6802	portador	0	noun	10	3.763
6803	português	0	adj	10	3.763
6804	porêm	0	unk	10	3.763
6805	prematuramente	0	adv	10	3.763
6806	preparo	0	noun	10	3.763
6807	previsível	0	adj	10	3.763
6808	prioritário	0	noun	10	3.763
6809	proa	0	noun	10	3.763
6810	progredir	0	verb	10	3.763
6811	prometedor	0	noun	10	3.763
6812	protestar	0	verb	10	3.763
6813	protótipo	0	noun	10	3.763
6814	provisão	0	noun	10	3.763
6815	puma	0	noun	10	3.763
6816	pátria	0	noun	10	3.763
6817	pêra	0	noun	10	3.763
6818	quilate	0	unk	10	3.763
6819	quinto	0	num	10	3.763
6820	quitar	0	verb	10	3.763
6821	radiografia	0	noun	10	3.763
6822	rancor	0	unk	10	3.763
6823	raramente	0	adv	10	3.763
6824	reanimar	0	verb	10	3.763
6825	recesso	0	noun	10	3.763
6826	reconfortante	0	unk	10	3.763
6827	recriar	0	verb	10	3.763
6828	refeitório	0	noun	10	3.763
6829	reflexo	0	noun	10	3.763
6830	reiniciar	0	verb	10	3.763
6831	relaxante	0	unk	10	3.763
6832	relojoeiro	0	noun	10	3.763
6833	rendar	0	verb	10	3.763
6834	repensar	0	verb	10	3.763
6835	repor	0	unk	10	3.763
6836	ressacar	0	verb	10	3.763
6837	resíduo	0	noun	10	3.763
6838	retocar	0	verb	10	3.763
6839	revogar	0	verb	10	3.763
6840	revolucionar	0	verb	10	3.763
6841	rédea	0	unk	10	3.763
6842	sacrilégio	0	noun	10	3.763
6843	salientar	0	verb	10	3.763
6844	sarnir	0	verb	10	3.763
6845	seguidor	0	noun	10	3.763
6846	sereno	0	noun	10	3.763
6847	servo	0	noun	10	3.763
6848	señor	0	unk	10	3.763
6849	shore	0	unk	10	3.763
6850	signora	0	noun	10	3.763
6851	sintético	0	adj	10	3.763
6852	sobressair	0	verb	10	3.763
6853	sogro	0	noun	10	3.763
6854	soletrar	0	verb	10	3.763
6855	sonoro	0	noun	10	3.763
6856	subsolo	0	noun	10	3.763
6857	suco	0	adj	10	3.763
6858	sufocante	0	unk	10	3.763
6859	síndrome	0	unk	10	3.763
6860	tagarelice	0	noun	10	3.763
6861	tapa	0	noun	10	3.763
6862	taxi	0	unk	10	3.763
6863	terraço	0	noun	10	3.763
6864	terrorismo	0	noun	10	3.763
6865	that	0	unk	10	3.763
6866	tigela	0	noun	10	3.763
6867	tirou-ma	0	noun	10	3.763
6868	torneira	0	noun	10	3.763
6869	trampa	0	noun	10	3.763
6870	transar	0	verb	10	3.763
6871	tricorder	0	verb	10	3.763
6872	vaidoso	0	adj	10	3.763
6873	valete	0	unk	10	3.763
6874	velhada	0	noun	10	3.763
6875	velhinha	0	adj	10	3.763
6876	verter	0	verb	10	3.763
6877	vigarizar	0	verb	10	3.763
6878	vip	0	unk	10	3.763
6879	vislumbre	0	unk	10	3.763
6880	vôo	0	unk	10	3.763
6881	zarolho	0	noun	10	3.763
6882	óbito	0	noun	10	3.763
6883	aah	0	unk	9	3.387
6884	abastecimento	0	noun	9	3.387
6885	abismo	0	noun	9	3.387
6886	abortar	0	verb	9	3.387
6887	acontecer-lhe-á	0	unk	9	3.387
6888	acudir	0	verb	9	3.387
6889	adicional	0	adj	9	3.387
6890	ajudinha	0	adj	9	3.387
6891	alcoólatra	0	noun	9	3.387
6892	aleij	0	unk	9	3.387
6893	aleluia	0	noun	9	3.387
6894	alternador	0	noun	9	3.387
6895	alunar	0	verb	9	3.387
6896	alçar	0	verb	9	3.387
6897	amassar	0	verb	9	3.387
6898	amolgar	0	verb	9	3.387
6899	amplo	0	noun	9	3.387
6900	analista	0	noun	9	3.387
6901	angústia	0	noun	9	3.387
6902	aniversariante	0	unk	9	3.387
6903	antecipar	0	verb	9	3.387
6904	antena	0	noun	9	3.387
6905	anzol	0	unk	9	3.387
6906	apavorar	0	verb	9	3.387
6907	aperitivo	0	noun	9	3.387
6908	aromático	0	adj	9	3.387
6909	arquivar	0	verb	9	3.387
6910	arrendar	0	verb	9	3.387
6911	arrepio	0	noun	9	3.387
6912	articulação	0	noun	9	3.387
6913	assinalar	0	verb	9	3.387
6914	atacante	0	unk	9	3.387
6915	atendedor	0	noun	9	3.387
6916	ativismo	0	noun	9	3.387
6917	atualizar	0	verb	9	3.387
6918	audio	0	noun	9	3.387
6919	auditoria	0	noun	9	3.387
6920	azem	0	noun	9	3.387
6921	baboseira	0	noun	9	3.387
6922	bajoriana	0	adj	9	3.387
6923	balbuciar	0	verb	9	3.387
6924	banca	0	unk	9	3.387
6925	barbela	0	noun	9	3.387
6926	beeper	0	verb	9	3.387
6927	bel-prazer	0	verb	9	3.387
6928	bitais	0	unk	9	3.387
6929	blusa	0	noun	9	3.387
6930	bombardeamento	0	noun	9	3.387
6931	borracho	0	noun	9	3.387
6932	borrego	0	noun	9	3.387
6933	bulir	0	verb	9	3.387
6934	bunda	0	noun	9	3.387
6935	bunt	0	unk	9	3.387
6936	cacete	0	unk	9	3.387
6937	cadafalso	0	unk	9	3.387
6938	caluniar	0	verb	9	3.387
6939	camuflar	0	verb	9	3.387
6940	candeeiro	0	noun	9	3.387
6941	cannoli	0	unk	9	3.387
6942	capuz	0	unk	9	3.387
6943	caranguejo	0	noun	9	3.387
6944	carantonha	0	noun	9	3.387
6945	cargueiro	0	noun	9	3.387
6946	caridoso	0	adj	9	3.387
6947	caráter	0	verb	9	3.387
6948	catarse	0	unk	9	3.387
6949	cerâmica	0	adj	9	3.387
6950	cessar	0	verb	9	3.387
6951	cesta	0	noun	9	3.387
6952	chaim	0	unk	9	3.387
6953	chayyim	0	unk	9	3.387
6954	chegues	0	unk	9	3.387
6955	clister	0	verb	9	3.387
6956	co-protagonista	0	noun	9	3.387
6957	cogumelo	0	noun	9	3.387
6958	coleccionador	0	noun	9	3.387
6959	colecionar	0	verb	9	3.387
6960	colono	0	noun	9	3.387
6961	comandante-chefe	0	unk	9	3.387
6962	compartimento	0	noun	9	3.387
6963	comprovar	0	verb	9	3.387
6964	concorrência	0	noun	9	3.387
6965	conectar	0	verb	9	3.387
6966	confederar	0	verb	9	3.387
6967	confronto	0	noun	9	3.387
6968	conquistador	0	noun	9	3.387
6969	conscientemente	0	adv	9	3.387
6970	conspirador	0	noun	9	3.387
6971	contabilidade	0	noun	9	3.387
6972	contaminar	0	verb	9	3.387
6973	contra-interrogatório	0	noun	9	3.387
6974	convicção	0	noun	9	3.387
6975	corrimão	0	noun	9	3.387
6976	corroborar	0	verb	9	3.387
6977	corroer	0	verb	9	3.387
6978	corvo	0	noun	9	3.387
6979	costela	0	noun	9	3.387
6980	covardia	0	noun	9	3.387
6981	crueldade	0	noun	9	3.387
6982	cético	0	adj	9	3.387
6983	declínio	0	noun	9	3.387
6984	decreto	0	noun	9	3.387
6985	defrontar	0	verb	9	3.387
6986	degenerativo	0	noun	9	3.387
6987	deplorável	0	adj	9	3.387
6988	deputado	0	noun	9	3.387
6989	desafixar	0	verb	9	3.387
6990	desempenho	0	noun	9	3.387
6991	desemprego	0	noun	9	3.387
6992	desgosto	0	noun	9	3.387
6993	despenhar	0	verb	9	3.387
6994	destilaria	0	noun	9	3.387
6995	detalhar	0	verb	9	3.387
6996	devotar	0	verb	9	3.387
6997	diario	0	noun	9	3.387
6998	diferenciar	0	verb	9	3.387
6999	dingo	0	noun	9	3.387
7000	diploma	0	noun	9	3.387
7001	disenteria	0	noun	9	3.387
7002	distintamente	0	adv	9	3.387
7003	doação	0	noun	9	3.387
7004	dogma	0	noun	9	3.387
7005	dossier	0	verb	9	3.387
7006	down	0	unk	9	3.387
7007	drive	0	unk	9	3.387
7008	económico	0	adj	9	3.387
7009	ecrã	0	unk	9	3.387
7010	eficiência	0	noun	9	3.387
7011	emaranhar	0	verb	9	3.387
7012	emotivo	0	noun	9	3.387
7013	empate	0	unk	9	3.387
7014	encabeçar	0	verb	9	3.387
7015	encenação	0	noun	9	3.387
7016	enfermidade	0	noun	9	3.387
7017	enferrujar	0	verb	9	3.387
7018	engrenagem	0	noun	9	3.387
7019	enlatar	0	verb	9	3.387
7020	enxame	0	unk	9	3.387
7021	escandaloso	0	adj	9	3.387
7022	escapatório	0	noun	9	3.387
7023	escrevinhar	0	verb	9	3.387
7024	esgueirar	0	verb	9	3.387
7025	espirrar	0	verb	9	3.387
7026	espírita	0	noun	9	3.387
7027	esquizofrénico	0	adj	9	3.387
7028	estabelecido	0	noun	9	3.387
7029	estabelecimento	0	noun	9	3.387
7030	estojo	0	noun	9	3.387
7031	estreia	0	noun	9	3.387
7032	estreitar	0	verb	9	3.387
7033	estreptococo	0	noun	9	3.387
7034	estrondo	0	noun	9	3.387
7035	etiquetar	0	verb	9	3.387
7036	expiatório	0	noun	9	3.387
7037	exportação	0	noun	9	3.387
7038	extravagante	0	unk	9	3.387
7039	fabricante	0	unk	9	3.387
7040	farmácia	0	noun	9	3.387
7041	farsante	0	unk	9	3.387
7042	ferry	0	unk	9	3.387
7043	flanco	0	noun	9	3.387
7044	florescer	0	verb	9	3.387
7045	fraturar	0	verb	9	3.387
7046	fuzil	0	unk	9	3.387
7047	fácilmente	0	adv	9	3.387
7048	fêmeo	0	noun	9	3.387
7049	fórmula	0	noun	9	3.387
7050	fôlego	0	noun	9	3.387
7051	fôsse	0	unk	9	3.387
7052	gangster	0	verb	9	3.387
7053	garotinha	0	adj	9	3.387
7054	gelatina	0	adj	9	3.387
7055	geografia	0	noun	9	3.387
7056	gerador	0	noun	9	3.387
7057	glu	0	unk	9	3.387
7058	gracinha	0	adj	9	3.387
7059	grandessíssimo	0	noun	9	3.387
7060	gráfico	0	adj	9	3.387
7061	guerreira	0	noun	9	3.387
7062	habilidoso	0	adj	9	3.387
7063	habitar	0	verb	9	3.387
7064	harmónico	0	adj	9	3.387
7065	hemorragia	0	noun	9	3.387
7066	herbicida	0	noun	9	3.387
7067	higiene	0	unk	9	3.387
7068	hotep	0	unk	9	3.387
7069	identificável	0	adj	9	3.387
7070	ignição	0	noun	9	3.387
7071	imundo	0	noun	9	3.387
7072	imune	0	unk	9	3.387
7073	inato	0	noun	9	3.387
7074	incenso	0	noun	9	3.387
7075	incitar	0	verb	9	3.387
7076	indefinição	0	noun	9	3.387
7077	indulgência	0	noun	9	3.387
7078	infestar	0	verb	9	3.387
7079	inibir	0	verb	9	3.387
7080	inquieto	0	noun	9	3.387
7081	insegurança	0	noun	9	3.387
7082	inseticida	0	noun	9	3.387
7083	inspecionar	0	verb	9	3.387
7084	inventário	0	noun	9	3.387
7085	ist	0	unk	9	3.387
7086	jardineiro	0	noun	9	3.387
7087	jornaé	0	unk	9	3.387
7088	kosher	0	verb	9	3.387
7089	laia	0	noun	9	3.387
7090	larva	0	noun	9	3.387
7091	lascar	0	verb	9	3.387
7092	latinum	0	unk	9	3.387
7093	latir	0	verb	9	3.387
7094	liberação	0	noun	9	3.387
7095	limpaa	0	unk	9	3.387
7096	lingua	0	noun	9	3.387
7097	litoral	0	adj	9	3.387
7098	lâmpada	0	noun	9	3.387
7099	légua	0	noun	9	3.387
7100	maciço	0	noun	9	3.387
7101	malícia	0	noun	9	3.387
7102	manto	0	noun	9	3.387
7103	maratona	0	noun	9	3.387
7104	masmorra	0	noun	9	3.387
7105	mateia	0	noun	9	3.387
7106	matemático	0	adj	9	3.387
7107	matrimoniar	0	verb	9	3.387
7108	matrimónio	0	noun	9	3.387
7109	maturidade	0	noun	9	3.387
7110	meia-volta	0	noun	9	3.387
7111	melancólico	0	adj	9	3.387
7112	melodrama	0	noun	9	3.387
7113	meritório	0	noun	9	3.387
7114	metabolismo	0	noun	9	3.387
7115	meteorológico	0	adj	9	3.387
7116	migalhas	0	unk	9	3.387
7117	mio	0	noun	9	3.387
7118	mirar	0	verb	9	3.387
7119	misericordioso	0	adj	9	3.387
7120	miséria	0	noun	9	3.387
7121	mm-hm	0	unk	9	3.387
7122	mobilizar	0	verb	9	3.387
7123	modéstia	0	noun	9	3.387
7124	mutilar	0	verb	9	3.387
7125	muéher	0	verb	9	3.387
7126	mío	0	unk	9	3.387
7127	namoro	0	noun	9	3.387
7128	naquada	0	noun	9	3.387
7129	nomeação	0	noun	9	3.387
7130	nomenclatura	0	noun	9	3.387
7131	nordeste	0	unk	9	3.387
7132	nostalgia	0	noun	9	3.387
7133	núpcias	0	unk	9	3.387
7134	orquestra	0	noun	9	3.387
7135	osenhor	0	unk	9	3.387
7136	ostra	0	noun	9	3.387
7137	outrora	0	noun	9	3.387
7138	overdose	0	unk	9	3.387
7139	pacto	0	noun	9	3.387
7140	parasitar	0	verb	9	3.387
7141	penhor	0	unk	9	3.387
7142	perdedor	0	noun	9	3.387
7143	perfurar	0	verb	9	3.387
7144	persiana	0	adj	9	3.387
7145	picante	0	unk	9	3.387
7146	planície	0	unk	9	3.387
7147	pneumonia	0	noun	9	3.387
7148	pobreza	0	noun	9	3.387
7149	pobrezinho	0	adj	9	3.387
7150	popularidade	0	noun	9	3.387
7151	porno	0	noun	9	3.387
7152	povoação	0	noun	9	3.387
7153	prerrogativa	0	noun	9	3.387
7154	presto	0	noun	9	3.387
7155	pretexto	0	noun	9	3.387
7156	princípe	0	unk	9	3.387
7157	projecto-lei	0	unk	9	3.387
7158	próspero	0	noun	9	3.387
7159	pseudónimo	0	noun	9	3.387
7160	pô-io	0	noun	9	3.387
7161	põea	0	unk	9	3.387
7162	qualificar	0	verb	9	3.387
7163	quarentenar	0	verb	9	3.387
7164	quermesse	0	unk	9	3.387
7165	quizer	0	verb	9	3.387
7166	rabiscar	0	verb	9	3.387
7167	racional	0	adj	9	3.387
7168	raiar	0	verb	9	3.387
7169	rastreamento	0	noun	9	3.387
7170	recém-nascido	0	noun	9	3.387
7171	rejeição	0	noun	9	3.387
7172	reluzente	0	adj	9	3.387
7173	relvado	0	noun	9	3.387
7174	relíquia	0	noun	9	3.387
7175	rentável	0	adj	9	3.387
7176	repetidamente	0	adv	9	3.387
7177	repugnar	0	verb	9	3.387
7178	restringir	0	verb	9	3.387
7179	retângulo	0	noun	9	3.387
7180	reviver	0	verb	9	3.387
7181	ripped	0	unk	9	3.387
7182	robe	0	unk	9	3.387
7183	rufia	0	noun	9	3.387
7184	rímel	0	adj	9	3.387
7185	sacramento	0	noun	9	3.387
7186	sairam	0	unk	9	3.387
7187	saliva	0	noun	9	3.387
7188	secretamente	0	adv	9	3.387
7189	see	0	unk	9	3.387
7190	semanal	0	adj	9	3.387
7191	sequela	0	noun	9	3.387
7192	significativo	0	noun	9	3.387
7193	signo	0	unk	9	3.387
7194	simulador	0	noun	9	3.387
7195	sodomita	0	noun	9	3.387
7196	solenemente	0	adv	9	3.387
7197	sondar	0	verb	9	3.387
7198	soneca	0	noun	9	3.387
7199	stressar	0	verb	9	3.387
7200	substituição	0	noun	9	3.387
7201	subtitle	0	unk	9	3.387
7202	sudeste	0	unk	9	3.387
7203	sujeira	0	noun	9	3.387
7204	suma	0	noun	9	3.387
7205	supersticioso	0	adj	9	3.387
7206	sustento	0	noun	9	3.387
7207	sóis	0	unk	9	3.387
7208	t'ee	0	unk	9	3.387
7209	tabuleiro	0	noun	9	3.387
7210	tabuleta	0	noun	9	3.387
7211	tatuea	0	unk	9	3.387
7212	tesoureiro	0	noun	9	3.387
7213	theodor	0	noun	9	3.387
7214	tiro-ta	0	noun	9	3.387
7215	transe	0	unk	9	3.387
7216	trapaça	0	noun	9	3.387
7217	traumático	0	adj	9	3.387
7218	utilização	0	noun	9	3.387
7219	utopia	0	noun	9	3.387
7220	vala	0	noun	9	3.387
7221	valia	0	noun	9	3.387
7222	verificação	0	noun	9	3.387
7223	verídico	0	adj	9	3.387
7224	vibrar	0	verb	9	3.387
7225	vice-presidente	0	adj	9	3.387
7226	virada	0	noun	9	3.387
7227	virtual	0	adj	9	3.387
7228	vivam	0	unk	9	3.387
7229	voc	0	unk	9	3.387
7230	vodca	0	unk	9	3.387
7231	voga	0	noun	9	3.387
7232	válvula	0	noun	9	3.387
7233	zanga	0	noun	9	3.387
7234	zumbir	0	verb	9	3.387
7235	ºano	0	adj	9	3.387
7236	átrio	0	noun	9	3.387
7237	óvulo	0	noun	9	3.387
7238	abordo	0	noun	8	3.011
7239	abrigar	0	verb	8	3.011
7240	abusivo	0	noun	8	3.011
7241	acrescento	0	noun	8	3.011
7242	adenoi	0	unk	8	3.011
7243	admiração	0	noun	8	3.011
7244	adoraa	0	unk	8	3.011
7245	adversidade	0	noun	8	3.011
7246	adúltero	0	noun	8	3.011
7247	agrado	0	noun	8	3.011
7248	agrupado	0	noun	8	3.011
7249	aha	0	noun	8	3.011
7250	ahh	0	unk	8	3.011
7251	alargar	0	verb	8	3.011
7252	aldeão	0	noun	8	3.011
7253	alegremente	0	adv	8	3.011
7254	alicerce	0	unk	8	3.011
7255	almôndega	0	noun	8	3.011
7256	alpino	0	adj	8	3.011
7257	amargo	0	noun	8	3.011
7258	ambulante	0	unk	8	3.011
7259	ambulatório	0	noun	8	3.011
7260	amnistia	0	noun	8	3.011
7261	ampulheta	0	noun	8	3.011
7262	anime	0	unk	8	3.011
7263	apanhi	0	unk	8	3.011
7264	apegar	0	verb	8	3.011
7265	apelar	0	verb	8	3.011
7266	apercebido	0	noun	8	3.011
7267	apontamento	0	noun	8	3.011
7268	apreensivo	0	noun	8	3.011
7269	aprofundar	0	verb	8	3.011
7270	aprontar	0	verb	8	3.011
7271	aquisição	0	noun	8	3.011
7272	arar	0	verb	8	3.011
7273	arbitrar	0	verb	8	3.011
7274	arco-íris	0	unk	8	3.011
7275	arejar	0	verb	8	3.011
7276	aroma	0	noun	8	3.011
7277	arrebatar	0	verb	8	3.011
7278	arrombamento	0	noun	8	3.011
7279	arroto	0	noun	8	3.011
7280	arterial	0	adj	8	3.011
7281	aspirar	0	verb	8	3.011
7282	assaltante	0	unk	8	3.011
7283	atarantar	0	verb	8	3.011
7284	atendido	0	noun	8	3.011
7285	ativá	0	unk	8	3.011
7286	atol	0	unk	8	3.011
7287	atrocidade	0	noun	8	3.011
7288	auto	0	noun	8	3.011
7289	avalanche	0	unk	8	3.011
7290	bagulho	0	noun	8	3.011
7291	baloiço	0	noun	8	3.011
7292	bandalho	0	noun	8	3.011
7293	bandeja	0	noun	8	3.011
7294	barranco	0	noun	8	3.011
7295	baú	0	unk	8	3.011
7296	bebezinho	0	adj	8	3.011
7297	bento	0	noun	8	3.011
7298	bilião	0	num	8	3.011
7299	biografia	0	noun	8	3.011
7300	biscotti	0	unk	8	3.011
7301	bissexual	0	adj	8	3.011
7302	bloqueador	0	noun	8	3.011
7303	blusão	0	noun	8	3.011
7304	blá-blá	0	unk	8	3.011
7305	blá-blá-blá	0	unk	8	3.011
7306	boda	0	noun	8	3.011
7307	bombástico	0	adj	8	3.011
7308	borda	0	noun	8	3.011
7309	bordar	0	verb	8	3.011
7310	braçal	0	adj	8	3.011
7311	bus	0	unk	8	3.011
7312	buscá-io	0	noun	8	3.011
7313	bílis	0	unk	8	3.011
7314	c'est	0	unk	8	3.011
7315	cabeleireiro	0	noun	8	3.011
7316	caca	0	unk	8	3.011
7317	caladinho	0	adj	8	3.011
7318	calcar	0	verb	8	3.011
7319	calendário	0	noun	8	3.011
7320	camuflagem	0	noun	8	3.011
7321	canadiano	0	adj	8	3.011
7322	canibal	0	adj	8	3.011
7323	canivete	0	unk	8	3.011
7324	capote	0	unk	8	3.011
7325	caracterização	0	noun	8	3.011
7326	cardeal	0	adj	8	3.011
7327	carimbo	0	noun	8	3.011
7328	carisma	0	noun	8	3.011
7329	caroço	0	noun	8	3.011
7330	carreto	0	noun	8	3.011
7331	cartel	0	adj	8	3.011
7332	casinha	0	adj	8	3.011
7333	checar	0	verb	8	3.011
7334	chiclete	0	unk	8	3.011
7335	chilia	0	noun	8	3.011
7336	chique	0	unk	8	3.011
7337	chiça	0	noun	8	3.011
7338	churrasco	0	noun	8	3.011
7339	cigarreiro	0	noun	8	3.011
7340	clarão	0	noun	8	3.011
7341	comichão	0	noun	8	3.011
7342	competitivo	0	noun	8	3.011
7343	concessão	0	noun	8	3.011
7344	condecorar	0	verb	8	3.011
7345	cone	0	unk	8	3.011
7346	conferenciar	0	verb	8	3.011
7347	conformidade	0	noun	8	3.011
7348	conheco	0	adj	8	3.011
7349	constrangedor	0	noun	8	3.011
7350	contribuinte	0	unk	8	3.011
7351	convencional	0	adj	8	3.011
7352	copinho	0	adj	8	3.011
7353	correspondente	0	adj	8	3.011
7354	cotonete	0	unk	8	3.011
7355	cremar	0	verb	8	3.011
7356	culpabilidade	0	noun	8	3.011
7357	cultural	0	adj	8	3.011
7358	curtição	0	noun	8	3.011
7359	dador	0	noun	8	3.011
7360	daninha	0	adj	8	3.011
7361	day	0	unk	8	3.011
7362	debater	0	verb	8	3.011
7363	decorador	0	noun	8	3.011
7364	dedal	0	adj	8	3.011
7365	deformidade	0	noun	8	3.011
7366	defunto	0	noun	8	3.011
7367	demoníaco	0	noun	8	3.011
7368	desacreditar	0	verb	8	3.011
7369	desejoso	0	adj	8	3.011
7370	desesperadamente	0	adv	8	3.011
7371	design	0	unk	8	3.011
7372	desobedecer	0	verb	8	3.011
7373	desordenadamente	0	adv	8	3.011
7374	despacho	0	noun	8	3.011
7375	destruidor	0	noun	8	3.011
7376	desunhar	0	verb	8	3.011
7377	deu-ma	0	noun	8	3.011
7378	devoto	0	noun	8	3.011
7379	deée	0	unk	8	3.011
7380	diluir	0	verb	8	3.011
7381	dinâmico	0	adj	8	3.011
7382	disciplinar	0	verb	8	3.011
7383	discípulo	0	noun	8	3.011
7384	distorcido	0	noun	8	3.011
7385	dizer-lho	0	noun	8	3.011
7386	dizimar	0	verb	8	3.011
7387	dizze	0	unk	8	3.011
7388	documentar	0	verb	8	3.011
7389	documentação	0	noun	8	3.011
7390	domar	0	verb	8	3.011
7391	doméstica	0	adj	8	3.011
7392	dorido	0	noun	8	3.011
7393	durão	0	noun	8	3.011
7394	díga	0	noun	8	3.011
7395	eficiente	0	adj	8	3.011
7396	ego	0	noun	8	3.011
7397	elefante	0	unk	8	3.011
7398	eleito	0	noun	8	3.011
7399	eletromagnético	0	adj	8	3.011
7400	ellsworth	0	unk	8	3.011
7401	embriagar	0	verb	8	3.011
7402	enevoar	0	verb	8	3.011
7403	enfermeiro	0	noun	8	3.011
7404	enfiadinho	0	adj	8	3.011
7405	enquadrar	0	verb	8	3.011
7406	ente	0	unk	8	3.011
7407	entrecosto	0	noun	8	3.011
7408	entrevistar	0	verb	8	3.011
7409	envolvimento	0	noun	8	3.011
7410	equívoco	0	noun	8	3.011
7411	esbarrar	0	verb	8	3.011
7412	especialidade	0	noun	8	3.011
7413	especializta	0	noun	8	3.011
7414	espigar	0	verb	8	3.011
7415	espumar	0	verb	8	3.011
7416	esquizofrenia	0	noun	8	3.011
7417	estatura	0	noun	8	3.011
7418	estritamente	0	adv	8	3.011
7419	esvoaçar	0	verb	8	3.011
7420	eureka	0	unk	8	3.011
7421	eva'dur	0	unk	8	3.011
7422	evangelho	0	noun	8	3.011
7423	excepcional	0	adj	8	3.011
7424	falatório	0	noun	8	3.011
7425	falsidade	0	noun	8	3.011
7426	fatigar	0	verb	8	3.011
7427	fava	0	noun	8	3.011
7428	fazenda	0	noun	8	3.011
7429	fazertudo	0	adj	8	3.011
7430	festejo	0	noun	8	3.011
7431	fezada	0	noun	8	3.011
7432	ficamoz	0	unk	8	3.011
7433	fluir	0	verb	8	3.011
7434	fofocar	0	verb	8	3.011
7435	foleiro	0	noun	8	3.011
7436	formatura	0	noun	8	3.011
7437	formigar	0	verb	8	3.011
7438	funcional	0	adj	8	3.011
7439	fundador	0	noun	8	3.011
7440	fértil	0	unk	8	3.011
7441	gangrenar	0	verb	8	3.011
7442	garçom	0	unk	8	3.011
7443	glaucoma	0	noun	8	3.011
7444	gratificante	0	unk	8	3.011
7445	grazas	0	unk	8	3.011
7446	guarda-costas	0	unk	8	3.011
7447	gênio	0	noun	8	3.011
7448	gíria	0	noun	8	3.011
7449	hambúrgers	0	unk	8	3.011
7450	hardware	0	unk	8	3.011
7451	hediondo	0	noun	8	3.011
7452	hence	0	unk	8	3.011
7453	heroi	0	unk	8	3.011
7454	hetero	0	noun	8	3.011
7455	homicida	0	noun	8	3.011
7456	hospitaleiro	0	noun	8	3.011
7457	hostilidade	0	noun	8	3.011
7458	humanóide	0	noun	8	3.011
7459	ilimitado	0	noun	8	3.011
7460	impiedoso	0	adj	8	3.011
7461	imponente	0	adj	8	3.011
7462	imprime	0	unk	8	3.011
7463	inadequado	0	noun	8	3.011
7464	incompreensível	0	adj	8	3.011
7465	incongruência	0	noun	8	3.011
7466	inconveniente	0	adj	8	3.011
7467	indesejável	0	adj	8	3.011
7468	indicação	0	noun	8	3.011
7469	individualista	0	noun	8	3.011
7470	indolor	0	unk	8	3.011
7471	induzir	0	verb	8	3.011
7472	inflação	0	noun	8	3.011
7473	ingrediente	0	adj	8	3.011
7474	ingresso	0	noun	8	3.011
7475	inquirir	0	verb	8	3.011
7476	insuperável	0	adj	8	3.011
7477	intervenção	0	noun	8	3.011
7478	irrefletido	0	noun	8	3.011
7479	irromper	0	verb	8	3.011
7480	is	0	unk	8	3.011
7481	it	0	unk	8	3.011
7482	itinerante	0	unk	8	3.011
7483	jacuzzi	0	unk	8	3.011
7484	javali	0	unk	8	3.011
7485	kabuki	0	unk	8	3.011
7486	karaoke	0	unk	8	3.011
7487	karate	0	unk	8	3.011
7488	ketchup	0	unk	8	3.011
7489	laje	0	unk	8	3.011
7490	lapela	0	noun	8	3.011
7491	lasanha	0	noun	8	3.011
7492	laçar	0	verb	8	3.011
7493	lendário	0	noun	8	3.011
7494	lesmar	0	verb	8	3.011
7495	lia	0	noun	8	3.011
7496	linchamento	0	noun	8	3.011
7497	liquidar	0	verb	8	3.011
7498	lobisomem	0	noun	8	3.011
7499	luxuoso	0	adj	8	3.011
7500	lírio	0	noun	8	3.011
7501	maconha	0	noun	8	3.011
7502	maestro	0	noun	8	3.011
7503	malandreco	0	adj	8	3.011
7504	malcheiroso	0	adj	8	3.011
7505	mamoca	0	noun	8	3.011
7506	mandíbula	0	noun	8	3.011
7507	manifestação	0	noun	8	3.011
7508	manipansos	0	unk	8	3.011
7509	manta	0	noun	8	3.011
7510	maquilhar	0	verb	8	3.011
7511	maralhal	0	adj	8	3.011
7512	marrom	0	unk	8	3.011
7513	maçaneta	0	noun	8	3.011
7514	meb	0	unk	8	3.011
7515	medroso	0	adj	8	3.011
7516	meninice	0	noun	8	3.011
7517	mentor	0	unk	8	3.011
7518	mestrado	0	noun	8	3.011
7519	mijão	0	noun	8	3.011
7520	mini-mercado	0	noun	8	3.011
7521	mistela	0	noun	8	3.011
7522	montão	0	noun	8	3.011
7523	morteiro	0	noun	8	3.011
7524	movediço	0	noun	8	3.011
7525	moção	0	noun	8	3.011
7526	moínho	0	noun	8	3.011
7527	muçulmano	0	adj	8	3.011
7528	navegação	0	noun	8	3.011
7529	nefilins	0	unk	8	3.011
7530	negrês	0	adj	8	3.011
7531	nervosismo	0	noun	8	3.011
7532	nora	0	noun	8	3.011
7533	novinha	0	adj	8	3.011
7534	não-sei-quantos	0	unk	8	3.011
7535	obrigadinha	0	adj	8	3.011
7536	ocorrência	0	noun	8	3.011
7537	oficina	0	adj	8	3.011
7538	omitir	0	verb	8	3.011
7539	orar	0	verb	8	3.011
7540	orbe	0	unk	8	3.011
7541	otorrinolaringologista	0	noun	8	3.011
7542	pairar	0	verb	8	3.011
7543	palmadinha	0	adj	8	3.011
7544	parafina	0	adj	8	3.011
7545	parâmetro	0	noun	8	3.011
7546	passatempo	0	noun	8	3.011
7547	passional	0	adj	8	3.011
7548	pastelaria	0	noun	8	3.011
7549	pasto	0	noun	8	3.011
7550	patrocinar	0	verb	8	3.011
7551	pedestal	0	adj	8	3.011
7552	penal	0	adj	8	3.011
7553	percevejo	0	noun	8	3.011
7554	perdôo	0	unk	8	3.011
7555	periódico	0	adj	8	3.011
7556	persistente	0	adj	8	3.011
7557	peúga	0	noun	8	3.011
7558	pilotar	0	verb	8	3.011
7559	pimba	0	unk	8	3.011
7560	pinguinho	0	adj	8	3.011
7561	pinha	0	adj	8	3.011
7562	piolho	0	noun	8	3.011
7563	piro	0	noun	8	3.011
7564	planador	0	noun	8	3.011
7565	planeja	0	noun	8	3.011
7566	plantador	0	noun	8	3.011
7567	play	0	unk	8	3.011
7568	poker	0	verb	8	3.011
7569	polegada	0	noun	8	3.011
7570	polir	0	verb	8	3.011
7571	pomposo	0	adj	8	3.011
7572	porquinho	0	adj	8	3.011
7573	porta-luvas	0	unk	8	3.011
7574	porta-voz	0	unk	8	3.011
7575	portagem	0	noun	8	3.011
7576	pose	0	unk	8	3.011
7577	posicionar	0	verb	8	3.011
7578	potro	0	noun	8	3.011
7579	pratear	0	verb	8	3.011
7580	predador	0	noun	8	3.011
7581	preguiçar	0	verb	8	3.011
7582	produtivo	0	noun	8	3.011
7583	proximidade	0	noun	8	3.011
7584	pulga	0	noun	8	3.011
7585	puré	0	unk	8	3.011
7586	páras	0	unk	8	3.011
7587	pólvora	0	noun	8	3.011
7588	pöe	0	unk	8	3.011
7589	qualificação	0	noun	8	3.011
7590	quarterback	0	unk	8	3.011
7591	querea	0	unk	8	3.011
7592	radiante	0	unk	8	3.011
7593	recatar	0	verb	8	3.011
7594	recetor	0	unk	8	3.011
7595	recolhido	0	noun	8	3.011
7596	recreio	0	noun	8	3.011
7597	reencaixar	0	verb	8	3.011
7598	refrigerante	0	unk	8	3.011
7599	refutar	0	verb	8	3.011
7600	regatar	0	verb	8	3.011
7601	regressão	0	noun	8	3.011
7602	reivindicar	0	verb	8	3.011
7603	rejubilar	0	verb	8	3.011
7604	religiosamente	0	adv	8	3.011
7605	remar	0	verb	8	3.011
7606	remeter	0	verb	8	3.011
7607	renascer	0	verb	8	3.011
7608	replicar	0	verb	8	3.011
7609	requisitar	0	verb	8	3.011
7610	requisito	0	noun	8	3.011
7611	resignar	0	verb	8	3.011
7612	resistente	0	adj	8	3.011
7613	respiro	0	noun	8	3.011
7614	respondido	0	noun	8	3.011
7615	reto	0	noun	8	3.011
7616	retransmitir	0	verb	8	3.011
7617	revisitar	0	verb	8	3.011
7618	riacho	0	noun	8	3.011
7619	ricaço	0	noun	8	3.011
7620	rival	0	adj	8	3.011
7621	rombo	0	noun	8	3.011
7622	roxo	0	noun	8	3.011
7623	rádio-cassetes	0	unk	8	3.011
7624	salafrário	0	noun	8	3.011
7625	salva-vidas	0	unk	8	3.011
7626	sanguinário	0	noun	8	3.011
7627	sanidade	0	noun	8	3.011
7628	sapatear	0	verb	8	3.011
7629	sapateiro	0	noun	8	3.011
7630	sardão	0	noun	8	3.011
7631	secador	0	noun	8	3.011
7632	secular	0	verb	8	3.011
7633	semente	0	adv	8	3.011
7634	semáforo	0	noun	8	3.011
7635	senha	0	noun	8	3.011
7636	senhorio	0	noun	8	3.011
7637	sería	0	unk	8	3.011
7638	sintetizar	0	verb	8	3.011
7639	solarengo	0	noun	8	3.011
7640	sorvete	0	unk	8	3.011
7641	subitamente	0	adv	8	3.011
7642	sudoeste	0	unk	8	3.011
7643	superioridade	0	noun	8	3.011
7644	suprimir	0	verb	8	3.011
7645	surrar	0	verb	8	3.011
7646	sê-lo-á	0	unk	8	3.011
7647	sórdido	0	noun	8	3.011
7648	tala	0	noun	8	3.011
7649	talentoso	0	adj	8	3.011
7650	tambor	0	unk	8	3.011
7651	tas	0	unk	8	3.011
7652	temporariamente	0	adv	8	3.011
7653	tempão	0	noun	8	3.011
7654	tesoura	0	noun	8	3.011
7655	teórico	0	adj	8	3.011
7656	timing	0	unk	8	3.011
7657	togar	0	verb	8	3.011
7658	tornozeleira	0	noun	8	3.011
7659	tornozelo	0	noun	8	3.011
7660	touchdown	0	unk	8	3.011
7661	trabalharao	0	unk	8	3.011
7662	traficar	0	verb	8	3.011
7663	traidora	0	noun	8	3.011
7664	tranqüilo	0	noun	8	3.011
7665	traumatismo	0	noun	8	3.011
7666	travão	0	noun	8	3.011
7667	treinamento	0	noun	8	3.011
7668	tribunaé	0	unk	8	3.011
7669	trinco	0	noun	8	3.011
7670	tropical	0	adj	8	3.011
7671	trufar	0	verb	8	3.011
7672	tumulto	0	noun	8	3.011
7673	tábua	0	noun	8	3.011
7674	urina	0	adj	8	3.011
7675	vacilar	0	verb	8	3.011
7676	vai-e-vém	0	unk	8	3.011
7677	varão	0	noun	8	3.011
7678	varíola	0	noun	8	3.011
7679	vassoura	0	noun	8	3.011
7680	vejoa	0	noun	8	3.011
7681	vergar	0	verb	8	3.011
7682	vibrante	0	unk	8	3.011
7683	violador	0	noun	8	3.011
7684	virgindade	0	noun	8	3.011
7685	viro	0	noun	8	3.011
7686	vislumbrar	0	verb	8	3.011
7687	vitela	0	noun	8	3.011
7688	vocação	0	noun	8	3.011
7689	voluntario	0	noun	8	3.011
7690	và	0	unk	8	3.011
7691	worm	0	unk	8	3.011
7692	y'all	0	unk	8	3.011
7693	yep	0	unk	8	3.011
7694	your	0	unk	8	3.011
7695	zardão	0	noun	8	3.011
7696	zoom	0	unk	8	3.011
7697	zé	0	unk	8	3.011
7698	zé-ninguém	0	unk	8	3.011
7699	ºandar	0	verb	8	3.011
7700	árvorezinhas	0	unk	8	3.011
7701	abandono	0	noun	7	2.634
7702	abarrotar	0	verb	7	2.634
7703	abdominal	0	adj	7	2.634
7704	absorvido	0	noun	7	2.634
7705	acatar	0	verb	7	2.634
7706	acre	0	unk	7	2.634
7707	adepto	0	noun	7	2.634
7708	admissão	0	noun	7	2.634
7709	aeródromo	0	noun	7	2.634
7710	afirmação	0	noun	7	2.634
7711	aftershave	0	unk	7	2.634
7712	aky	0	unk	7	2.634
7713	alcatifar	0	verb	7	2.634
7714	aloha	0	noun	7	2.634
7715	alojar	0	verb	7	2.634
7716	amendoíns	0	unk	7	2.634
7717	anormalmente	0	adv	7	2.634
7718	antecessor	0	unk	7	2.634
7719	antecipadamente	0	adv	7	2.634
7720	anémico	0	adj	7	2.634
7721	aperaltar	0	verb	7	2.634
7722	apóstolo	0	noun	7	2.634
7723	aresta	0	noun	7	2.634
7724	arraial	0	adj	7	2.634
7725	arredondar	0	verb	7	2.634
7726	arrumo	0	noun	7	2.634
7727	artesão	0	noun	7	2.634
7728	artimanha	0	noun	7	2.634
7729	arvorar	0	verb	7	2.634
7730	asma	0	noun	7	2.634
7731	aspiração	0	noun	7	2.634
7732	astrometria	0	noun	7	2.634
7733	astrométrico	0	adj	7	2.634
7734	at	0	unk	7	2.634
7735	atamä	0	unk	7	2.634
7736	atentar	0	verb	7	2.634
7737	aterrador	0	noun	7	2.634
7738	ausentar	0	verb	7	2.634
7739	ay	0	unk	7	2.634
7740	aéguem	0	noun	7	2.634
7741	babaca	0	unk	7	2.634
7742	badalar	0	verb	7	2.634
7743	balística	0	adj	7	2.634
7744	banal	0	adj	7	2.634
7745	barcaça	0	noun	7	2.634
7746	batalhar	0	verb	7	2.634
7747	bate-ovos	0	unk	7	2.634
7748	batimento	0	noun	7	2.634
7749	beatitude	0	noun	7	2.634
7750	bibliotecário	0	noun	7	2.634
7751	bits	0	unk	7	2.634
7752	bocal	0	adj	7	2.634
7753	boicote	0	unk	7	2.634
7754	bombom	0	unk	7	2.634
7755	bombordo	0	noun	7	2.634
7756	bonitinho	0	adj	7	2.634
7757	borboleta	0	noun	7	2.634
7758	brutal	0	adj	7	2.634
7759	bug	0	unk	7	2.634
7760	bundão	0	noun	7	2.634
7761	caixinha	0	adj	7	2.634
7762	caligrafia	0	noun	7	2.634
7763	calo	0	noun	7	2.634
7764	camarão	0	noun	7	2.634
7765	campus	0	unk	7	2.634
7766	canadense	0	unk	7	2.634
7767	capoeiro	0	noun	7	2.634
7768	careto	0	noun	7	2.634
7769	carinha	0	adj	7	2.634
7770	carmim	0	unk	7	2.634
7771	carneiro	0	noun	7	2.634
7772	carnificina	0	adj	7	2.634
7773	carona	0	noun	7	2.634
7774	casaca	0	unk	7	2.634
7775	celta	0	noun	7	2.634
7776	cerco	0	noun	7	2.634
7777	chamam-ihe	0	unk	7	2.634
7778	chamea	0	unk	7	2.634
7779	charada	0	noun	7	2.634
7780	check	0	unk	7	2.634
7781	chefiar	0	verb	7	2.634
7782	circ	0	unk	7	2.634
7783	clã	0	unk	7	2.634
7784	coice	0	noun	7	2.634
7785	coitadinha	0	adj	7	2.634
7786	colchão	0	noun	7	2.634
7787	colesterol	0	unk	7	2.634
7788	colhido	0	noun	7	2.634
7789	colorar	0	verb	7	2.634
7790	colónia	0	noun	7	2.634
7791	comover	0	verb	7	2.634
7792	compéicacoes	0	unk	7	2.634
7793	concidadão	0	noun	7	2.634
7794	configuração	0	noun	7	2.634
7795	confirmação	0	noun	7	2.634
7796	consentimento	0	noun	7	2.634
7797	construtor	0	unk	7	2.634
7798	contanto	0	noun	7	2.634
7799	conversação	0	noun	7	2.634
7800	coquetel	0	adj	7	2.634
7801	coro	0	noun	7	2.634
7802	corpinho	0	adj	7	2.634
7803	corrompido	0	noun	7	2.634
7804	cotovelo	0	noun	7	2.634
7805	craniano	0	adj	7	2.634
7806	cruzamento	0	noun	7	2.634
7807	curral	0	adj	7	2.634
7808	decisivo	0	noun	7	2.634
7809	defletor	0	unk	7	2.634
7810	deitaas	0	unk	7	2.634
7811	deixeia	0	noun	7	2.634
7812	deliberar	0	verb	7	2.634
7813	descarar	0	verb	7	2.634
7814	descea	0	unk	7	2.634
7815	deslize	0	unk	7	2.634
7816	desmoralizar	0	verb	7	2.634
7817	desnortear	0	verb	7	2.634
7818	desocupar	0	verb	7	2.634
7819	desonestidade	0	noun	7	2.634
7820	despojar	0	verb	7	2.634
7821	destrutivo	0	noun	7	2.634
7822	desumano	0	adj	7	2.634
7823	deteriorar	0	verb	7	2.634
7824	devoção	0	noun	7	2.634
7825	dinar	0	verb	7	2.634
7826	dirigente	0	adj	7	2.634
7827	discretamente	0	adv	7	2.634
7828	dissecar	0	verb	7	2.634
7829	dissimular	0	verb	7	2.634
7830	drástico	0	adj	7	2.634
7831	duelo	0	noun	7	2.634
7832	duquesa	0	adj	7	2.634
7833	egotista	0	noun	7	2.634
7834	elevação	0	noun	7	2.634
7835	empacotar	0	verb	7	2.634
7836	empreendimento	0	noun	7	2.634
7837	enamorar	0	verb	7	2.634
7838	encarcerar	0	verb	7	2.634
7839	encarregue	0	unk	7	2.634
7840	encorajador	0	noun	7	2.634
7841	endoidecer	0	verb	7	2.634
7842	enganador	0	noun	7	2.634
7843	engavetar	0	verb	7	2.634
7844	enovoado	0	noun	7	2.634
7845	enredo	0	noun	7	2.634
7846	enriquecer	0	verb	7	2.634
7847	ensinamento	0	noun	7	2.634
7848	equivaler	0	verb	7	2.634
7849	eremita	0	noun	7	2.634
7850	escape	0	unk	7	2.634
7851	escaramuçar	0	verb	7	2.634
7852	esfumar	0	verb	7	2.634
7853	espartano	0	adj	7	2.634
7854	essencialmente	0	adv	7	2.634
7855	estam	0	unk	7	2.634
7856	estivar	0	verb	7	2.634
7857	estoirar	0	verb	7	2.634
7858	estímulo	0	noun	7	2.634
7859	evadir	0	verb	7	2.634
7860	exaustivo	0	noun	7	2.634
7861	excursão	0	noun	7	2.634
7862	exilar	0	verb	7	2.634
7863	exploração	0	noun	7	2.634
7864	exportar	0	verb	7	2.634
7865	expressivo	0	noun	7	2.634
7866	extensão	0	noun	7	2.634
7867	exterminar	0	verb	7	2.634
7868	extratos	0	unk	7	2.634
7869	faco	0	noun	7	2.634
7870	fascínio	0	noun	7	2.634
7871	fazendeiro	0	noun	7	2.634
7872	fação	0	noun	7	2.634
7873	fedor	0	noun	7	2.634
7874	fenomenal	0	adj	7	2.634
7875	fiasco	0	noun	7	2.634
7876	filhinha	0	adj	7	2.634
7877	fixo	0	noun	7	2.634
7878	flexão	0	noun	7	2.634
7879	fluido	0	noun	7	2.634
7880	fogo-de-artifício	0	noun	7	2.634
7881	fornecedor	0	noun	7	2.634
7882	fracote	0	unk	7	2.634
7883	fraque	0	unk	7	2.634
7884	frenesim	0	unk	7	2.634
7885	frequencia	0	noun	7	2.634
7886	fronha	0	noun	7	2.634
7887	fuligem	0	noun	7	2.634
7888	furúnculo	0	noun	7	2.634
7889	gaivota	0	noun	7	2.634
7890	galope	0	unk	7	2.634
7891	gastronómico	0	adj	7	2.634
7892	genro	0	noun	7	2.634
7893	geométrico	0	adj	7	2.634
7894	gig	0	unk	7	2.634
7895	ginástica	0	adj	7	2.634
7896	glaciar	0	verb	7	2.634
7897	good	0	unk	7	2.634
7898	gook	0	unk	7	2.634
7899	gracias	0	unk	7	2.634
7900	greenpeace	0	unk	7	2.634
7901	grelhar	0	verb	7	2.634
7902	guardanapo	0	noun	7	2.634
7903	havaiano	0	adj	7	2.634
7904	hipotético	0	adj	7	2.634
7905	histerismo	0	noun	7	2.634
7906	historiador	0	noun	7	2.634
7907	honorável	0	adj	7	2.634
7908	hospício	0	noun	7	2.634
7909	house	0	unk	7	2.634
7910	igualar	0	verb	7	2.634
7911	iluminação	0	noun	7	2.634
7912	ilógico	0	adj	7	2.634
7913	iminente	0	adj	7	2.634
7914	imobilizar	0	verb	7	2.634
7915	imoral	0	adj	7	2.634
7916	imparcialidade	0	noun	7	2.634
7917	imperdoável	0	adj	7	2.634
7918	impermeável	0	adj	7	2.634
7919	impostor	0	unk	7	2.634
7920	imprevisto	0	noun	7	2.634
7921	inapropriado	0	noun	7	2.634
7922	incompleto	0	noun	7	2.634
7923	indiano	0	adj	7	2.634
7924	inesquecível	0	adj	7	2.634
7925	infarto	0	noun	7	2.634
7926	ingées	0	unk	7	2.634
7927	iniciação	0	noun	7	2.634
7928	injetor	0	unk	7	2.634
7929	inquietar	0	verb	7	2.634
7930	inspirador	0	noun	7	2.634
7931	insuficiente	0	adj	7	2.634
7932	intelecto	0	noun	7	2.634
7933	intrigante	0	unk	7	2.634
7934	investidor	0	noun	7	2.634
7935	invólucro	0	noun	7	2.634
7936	jardinagem	0	noun	7	2.634
7937	kakona	0	noun	7	2.634
7938	kite	0	unk	7	2.634
7939	know	0	unk	7	2.634
7940	lamuriar	0	verb	7	2.634
7941	largaa	0	unk	7	2.634
7942	latejar	0	verb	7	2.634
7943	leucemia	0	noun	7	2.634
7944	liberal	0	adj	7	2.634
7945	liderança	0	noun	7	2.634
7946	liquidificador	0	noun	7	2.634
7947	listar	0	verb	7	2.634
7948	livraria	0	noun	7	2.634
7949	lmbecis	0	unk	7	2.634
7950	lmpossível	0	adj	7	2.634
7951	lodo	0	noun	7	2.634
7952	louvar	0	verb	7	2.634
7953	louça	0	noun	7	2.634
7954	luminoso	0	adj	7	2.634
7955	luterano	0	adj	7	2.634
7956	magistrado	0	noun	7	2.634
7957	magricelas	0	unk	7	2.634
7958	magrinha	0	adj	7	2.634
7959	make	0	unk	7	2.634
7960	mal-educado	0	noun	7	2.634
7961	mamie	0	unk	7	2.634
7962	manuscrito	0	noun	7	2.634
7963	marcial	0	adj	7	2.634
7964	marujo	0	noun	7	2.634
7965	mastigar	0	verb	7	2.634
7966	maternal	0	adj	7	2.634
7967	matoa	0	noun	7	2.634
7968	matá-io	0	noun	7	2.634
7969	melancia	0	noun	7	2.634
7970	melhoria	0	noun	7	2.634
7971	menhor	0	unk	7	2.634
7972	mi	0	unk	7	2.634
7973	micro	0	noun	7	2.634
7974	minimamente	0	adv	7	2.634
7975	minoria	0	noun	7	2.634
7976	mitologia	0	noun	7	2.634
7977	mitzvah	0	unk	7	2.634
7978	moer	0	verb	7	2.634
7979	molécula	0	noun	7	2.634
7980	monção	0	noun	7	2.634
7981	mostarda	0	noun	7	2.634
7982	movimentar	0	verb	7	2.634
7983	mujique	0	unk	7	2.634
7984	musculo	0	noun	7	2.634
7985	musculoso	0	adj	7	2.634
7986	místico	0	adj	7	2.634
7987	narcótico	0	adj	7	2.634
7988	nato	0	noun	7	2.634
7989	negação	0	noun	7	2.634
7990	net	0	unk	7	2.634
7991	neurologista	0	noun	7	2.634
7992	noz	0	unk	7	2.634
7993	numeroso	0	adj	7	2.634
7994	numérico	0	adj	7	2.634
7995	náufrago	0	noun	7	2.634
7996	ocasional	0	adj	7	2.634
7997	ocidental	0	adj	7	2.634
7998	oculto	0	noun	7	2.634
7999	oho	0	noun	7	2.634
8000	olhos-em-bico	0	adj	7	2.634
8001	operativo	0	noun	7	2.634
8002	opositor	0	unk	7	2.634
8003	oposição	0	noun	7	2.634
8004	optimo	0	noun	7	2.634
8005	orador	0	noun	7	2.634
8006	oral	0	adj	7	2.634
8007	orgasmo	0	noun	7	2.634
8008	out	0	unk	7	2.634
8009	ouvinte	0	unk	7	2.634
8010	oxigênio	0	noun	7	2.634
8011	palavra-passe	0	unk	7	2.634
8012	palavras-chave	0	unk	7	2.634
8013	paleio	0	noun	7	2.634
8014	palpável	0	adj	7	2.634
8015	panfleto	0	noun	7	2.634
8016	pançudo	0	adj	7	2.634
8017	parra	0	noun	7	2.634
8018	parteiro	0	noun	7	2.634
8019	parágrafo	0	noun	7	2.634
8020	patinhar	0	verb	7	2.634
8021	pavor	0	unk	7	2.634
8022	pensador	0	noun	7	2.634
8023	perturbador	0	noun	7	2.634
8024	pessimamente	0	adv	7	2.634
8025	petisco	0	noun	7	2.634
8026	peéa	0	unk	7	2.634
8027	pianista	0	noun	7	2.634
8028	piar	0	verb	7	2.634
8029	pilantra	0	noun	7	2.634
8030	pio	0	noun	7	2.634
8031	pioneiro	0	noun	7	2.634
8032	piscadela	0	noun	7	2.634
8033	planejado	0	noun	7	2.634
8034	planejando	0	noun	7	2.634
8035	polegar	0	verb	7	2.634
8036	pombo	0	noun	7	2.634
8037	poodle	0	unk	7	2.634
8038	posterior	0	unk	7	2.634
8039	posteriormente	0	adv	7	2.634
8040	prado	0	noun	7	2.634
8041	preceder	0	verb	7	2.634
8042	premeditar	0	verb	7	2.634
8043	presunção	0	noun	7	2.634
8044	pretensioso	0	adj	7	2.634
8045	primeiro-ministro	0	noun	7	2.634
8046	primitivo	0	noun	7	2.634
8047	primordial	0	adj	7	2.634
8048	primária	0	noun	7	2.634
8049	prolongamento	0	noun	7	2.634
8050	proporção	0	noun	7	2.634
8051	propria	0	noun	7	2.634
8052	protetora	0	noun	7	2.634
8053	provisório	0	noun	7	2.634
8054	prórpio	0	noun	7	2.634
8055	puramente	0	adv	7	2.634
8056	purgar	0	verb	7	2.634
8057	puxão	0	noun	7	2.634
8058	pálpebra	0	noun	7	2.634
8059	pôr-do-sol	0	unk	7	2.634
8060	questionável	0	adj	7	2.634
8061	rapaziada	0	noun	7	2.634
8062	reaberto	0	noun	7	2.634
8063	readmitir	0	verb	7	2.634
8064	realinhar	0	verb	7	2.634
8065	recluso	0	unk	7	2.634
8066	recém	0	unk	7	2.634
8067	redirecionar	0	verb	7	2.634
8068	redoma	0	noun	7	2.634
8069	refinar	0	verb	7	2.634
8070	registador	0	noun	7	2.634
8071	regularmente	0	adv	7	2.634
8072	remo	0	noun	7	2.634
8073	remontar	0	verb	7	2.634
8074	replicador	0	noun	7	2.634
8075	repousar	0	verb	7	2.634
8076	reprodutor	0	unk	7	2.634
8077	respeitosamente	0	adv	7	2.634
8078	restituir	0	verb	7	2.634
8079	reumatismo	0	noun	7	2.634
8080	revestir	0	verb	7	2.634
8081	revoluçäo	0	unk	7	2.634
8082	ring	0	unk	7	2.634
8083	rivalidade	0	noun	7	2.634
8084	rouxinol	0	unk	7	2.634
8085	roído	0	noun	7	2.634
8086	runabout	0	unk	7	2.634
8087	sabido	0	noun	7	2.634
8088	saiem	0	noun	7	2.634
8089	sangrento	0	noun	7	2.634
8090	santinho	0	adj	7	2.634
8091	sarcasmo	0	noun	7	2.634
8092	sebo	0	noun	7	2.634
8093	secante	0	unk	7	2.634
8094	seg	0	unk	7	2.634
8095	semblante	0	unk	7	2.634
8096	sensacional	0	adj	7	2.634
8097	serra	0	noun	7	2.634
8098	serva	0	noun	7	2.634
8099	silenciosamente	0	adv	7	2.634
8100	silhueta	0	noun	7	2.634
8101	silicone	0	unk	7	2.634
8102	sinceridade	0	noun	7	2.634
8103	singular	0	verb	7	2.634
8104	sintonia	0	noun	7	2.634
8105	sirene	0	unk	7	2.634
8106	skywriter	0	verb	7	2.634
8107	smoking	0	unk	7	2.634
8108	sobrenatural	0	adj	7	2.634
8109	sociável	0	adj	7	2.634
8110	sova	0	noun	7	2.634
8111	strip	0	unk	7	2.634
8112	suey	0	unk	7	2.634
8113	super-homem	0	noun	7	2.634
8114	suplantar	0	verb	7	2.634
8115	suspense	0	unk	7	2.634
8116	sutiã	0	unk	7	2.634
8117	sózinha	0	adj	7	2.634
8118	t-shirt	0	unk	7	2.634
8119	tampo	0	noun	7	2.634
8120	team	0	unk	7	2.634
8121	tecnológico	0	adj	7	2.634
8122	temeroso	0	adj	7	2.634
8123	temporizador	0	noun	7	2.634
8124	tenro	0	noun	7	2.634
8125	tentador	0	noun	7	2.634
8126	theta	0	noun	7	2.634
8127	tolerável	0	adj	7	2.634
8128	toranja	0	noun	7	2.634
8129	tormenta	0	noun	7	2.634
8130	totalidade	0	noun	7	2.634
8131	toupeira	0	noun	7	2.634
8132	tra	0	noun	7	2.634
8133	trabaéhar	0	verb	7	2.634
8134	trama	0	noun	7	2.634
8135	transação	0	noun	7	2.634
8136	transitório	0	noun	7	2.634
8137	transplante	0	unk	7	2.634
8138	traumatizar	0	verb	7	2.634
8139	travesso	0	noun	7	2.634
8140	trecho	0	noun	7	2.634
8141	trouxestea	0	unk	7	2.634
8142	tártaro	0	noun	7	2.634
8143	tédio	0	noun	7	2.634
8144	ultimato	0	noun	7	2.634
8145	ultra-secreta	0	noun	7	2.634
8146	up	0	unk	7	2.634
8147	urgir	0	verb	7	2.634
8148	urrar	0	verb	7	2.634
8149	vacina	0	adj	7	2.634
8150	vagamente	0	adv	7	2.634
8151	validade	0	noun	7	2.634
8152	variação	0	noun	7	2.634
8153	vedação	0	noun	7	2.634
8154	vedeta	0	noun	7	2.634
8155	vencimento	0	noun	7	2.634
8156	venerar	0	verb	7	2.634
8157	vergonhoso	0	adj	7	2.634
8158	vespa	0	noun	7	2.634
8159	vestuário	0	noun	7	2.634
8160	vilão	0	noun	7	2.634
8161	violão	0	noun	7	2.634
8162	vira-casacas	0	unk	7	2.634
8163	vitimar	0	verb	7	2.634
8164	vodka	0	unk	7	2.634
8165	vodu	0	unk	7	2.634
8166	voluntariamente	0	adv	7	2.634
8167	vous	0	unk	7	2.634
8168	véu	0	unk	7	2.634
8169	víbora	0	noun	7	2.634
8170	wanda	0	noun	7	2.634
8171	when	0	unk	7	2.634
8172	wormhole	0	unk	7	2.634
8173	ànoite	0	unk	7	2.634
8174	ânimo	0	noun	7	2.634
8175	épico	0	adj	7	2.634
8176	êxtase	0	unk	7	2.634
8177	últimamente	0	adv	7	2.634
8178	abcesso	0	noun	6	2.258
8179	abominável	0	adj	6	2.258
8180	abrir-se-ão	0	noun	6	2.258
8181	abriua	0	noun	6	2.258
8182	abundância	0	noun	6	2.258
8183	acionar	0	verb	6	2.258
8184	acusador	0	noun	6	2.258
8185	adios	0	unk	6	2.258
8186	adoroa	0	noun	6	2.258
8187	afegão	0	noun	6	2.258
8188	afinar	0	verb	6	2.258
8189	aflição	0	noun	6	2.258
8190	afrofilosofia	0	noun	6	2.258
8191	agricultor	0	unk	6	2.258
8192	agrupamento	0	noun	6	2.258
8193	agudo	0	adj	6	2.258
8194	agulheta	0	noun	6	2.258
8195	alastrar	0	verb	6	2.258
8196	alface	0	unk	6	2.258
8197	altruísta	0	noun	6	2.258
8198	ambientar	0	verb	6	2.258
8199	amistoso	0	adj	6	2.258
8200	amotinar	0	verb	6	2.258
8201	amuleto	0	noun	6	2.258
8202	amêndoa	0	noun	6	2.258
8203	andante	0	unk	6	2.258
8204	anormalóide	0	noun	6	2.258
8205	antecedente	0	adj	6	2.258
8206	antecedência	0	noun	6	2.258
8207	anti	0	unk	6	2.258
8208	anti-crime	0	unk	6	2.258
8209	antidepressivo	0	noun	6	2.258
8210	anônimo	0	noun	6	2.258
8211	apartar	0	verb	6	2.258
8212	aplaudir	0	verb	6	2.258
8213	aplauso	0	unk	6	2.258
8214	aplicação	0	noun	6	2.258
8215	apostador	0	noun	6	2.258
8216	aprazer	0	verb	6	2.258
8217	apreendido	0	noun	6	2.258
8218	aproximação	0	noun	6	2.258
8219	apto	0	noun	6	2.258
8220	aqueéa	0	unk	6	2.258
8221	ardentemente	0	adv	6	2.258
8222	arregaçar	0	verb	6	2.258
8223	artola	0	noun	6	2.258
8224	ascensão	0	noun	6	2.258
8225	astucioso	0	adj	6	2.258
8226	atinar	0	verb	6	2.258
8227	atum	0	unk	6	2.258
8228	azeite	0	unk	6	2.258
8229	azer	0	verb	6	2.258
8230	babysitter	0	verb	6	2.258
8231	back	0	unk	6	2.258
8232	badalhocos	0	unk	6	2.258
8233	barraca	0	unk	6	2.258
8234	beira-mar	0	verb	6	2.258
8235	bem-estar	0	verb	6	2.258
8236	beribéri	0	unk	6	2.258
8237	betão	0	noun	6	2.258
8238	bezoar	0	verb	6	2.258
8239	bilionário	0	noun	6	2.258
8240	bio	0	noun	6	2.258
8241	bla	0	noun	6	2.258
8242	boné	0	unk	6	2.258
8243	bordão	0	noun	6	2.258
8244	borga	0	noun	6	2.258
8245	boxe	0	unk	6	2.258
8246	bracal	0	adj	6	2.258
8247	brando	0	noun	6	2.258
8248	brincalhão	0	noun	6	2.258
8249	brutalidade	0	noun	6	2.258
8250	bunker	0	verb	6	2.258
8251	but	0	unk	6	2.258
8252	búfalo	0	noun	6	2.258
8253	cabeceira	0	noun	6	2.258
8254	cabedal	0	adj	6	2.258
8255	cacho	0	noun	6	2.258
8256	cachorro-quente	0	adj	6	2.258
8257	caco	0	noun	6	2.258
8258	cadeado	0	noun	6	2.258
8259	caderneta	0	noun	6	2.258
8260	caixa-forte	0	unk	6	2.258
8261	caixeiro	0	noun	6	2.258
8262	calabouço	0	noun	6	2.258
8263	calmante	0	unk	6	2.258
8264	caloria	0	noun	6	2.258
8265	cambalear	0	verb	6	2.258
8266	caneco	0	adj	6	2.258
8267	canhoto	0	noun	6	2.258
8268	carrinho	0	adj	6	2.258
8269	carroção	0	noun	6	2.258
8270	categórico	0	adj	6	2.258
8271	cc	0	unk	6	2.258
8272	chablis	0	unk	6	2.258
8273	champô	0	unk	6	2.258
8274	chapada	0	noun	6	2.258
8275	charco	0	noun	6	2.258
8276	charlatão	0	noun	6	2.258
8277	cheguemos	0	unk	6	2.258
8278	chofer	0	verb	6	2.258
8279	choraminguelas	0	unk	6	2.258
8280	chorudo	0	adj	6	2.258
8281	chuchar	0	verb	6	2.258
8282	chuleta	0	noun	6	2.258
8283	cidadania	0	noun	6	2.258
8284	cidadezinha	0	adj	6	2.258
8285	cifrar	0	verb	6	2.258
8286	cisne	0	unk	6	2.258
8287	clandestinidade	0	noun	6	2.258
8288	clipe	0	unk	6	2.258
8289	clínico	0	adj	6	2.258
8290	cobro	0	noun	6	2.258
8291	coerência	0	noun	6	2.258
8292	coliseu	0	unk	6	2.258
8293	colírios	0	unk	6	2.258
8294	compadre	0	unk	6	2.258
8295	compatível	0	adj	6	2.258
8296	comportadinho	0	adj	6	2.258
8297	computação	0	noun	6	2.258
8298	conecção	0	noun	6	2.258
8299	confiável	0	adj	6	2.258
8300	conseguinte	0	unk	6	2.258
8301	conserto	0	noun	6	2.258
8302	constituição	0	noun	6	2.258
8303	consumidor	0	noun	6	2.258
8304	contaria	0	noun	6	2.258
8305	contenção	0	noun	6	2.258
8306	contrabando	0	noun	6	2.258
8307	contradizer	0	verb	6	2.258
8308	controverso	0	noun	6	2.258
8309	corcunda	0	noun	6	2.258
8310	cordel	0	adj	6	2.258
8311	corneteiro	0	noun	6	2.258
8312	cornudo	0	adj	6	2.258
8313	corpulento	0	noun	6	2.258
8314	covinha	0	adj	6	2.258
8315	cozer	0	verb	6	2.258
8316	credível	0	adj	6	2.258
8317	crente	0	adj	6	2.258
8318	criterioso	0	adj	6	2.258
8319	crucificar	0	verb	6	2.258
8320	crucifixo	0	noun	6	2.258
8321	cuidadinho	0	adj	6	2.258
8322	curiosamente	0	adv	6	2.258
8323	curvar	0	verb	6	2.258
8324	cântico	0	adj	6	2.258
8325	cúmulo	0	noun	6	2.258
8326	dc	0	unk	6	2.258
8327	deambular	0	verb	6	2.258
8328	debilidade	0	noun	6	2.258
8329	defraudar	0	verb	6	2.258
8330	delegacia	0	noun	6	2.258
8331	delgado	0	noun	6	2.258
8332	delícia	0	noun	6	2.258
8333	denso	0	noun	6	2.258
8334	derramamento	0	noun	6	2.258
8335	desanimar	0	verb	6	2.258
8336	desanuviar	0	verb	6	2.258
8337	desarrumar	0	verb	6	2.258
8338	descobrimento	0	noun	6	2.258
8339	descuido	0	noun	6	2.258
8340	desembrulhar	0	verb	6	2.258
8341	desenfreado	0	noun	6	2.258
8342	designer	0	verb	6	2.258
8343	deslumbrante	0	unk	6	2.258
8344	desmaio	0	noun	6	2.258
8345	desolar	0	verb	6	2.258
8346	desonesto	0	noun	6	2.258
8347	despedaçar	0	verb	6	2.258
8348	despender	0	verb	6	2.258
8349	desvanecer	0	verb	6	2.258
8350	detergente	0	adj	6	2.258
8351	detetado	0	noun	6	2.258
8352	deteto	0	noun	6	2.258
8353	devessemos	0	unk	6	2.258
8354	dezasseis	0	num	6	2.258
8355	dezessete	0	unk	6	2.258
8356	diagnosticar	0	verb	6	2.258
8357	diminuitiva	0	noun	6	2.258
8358	diretriz	0	unk	6	2.258
8359	discursar	0	verb	6	2.258
8360	disfuncional	0	adj	6	2.258
8361	dissuadir	0	verb	6	2.258
8362	distorção	0	noun	6	2.258
8363	distribuidor	0	noun	6	2.258
8364	distrital	0	adj	6	2.258
8365	distúrbio	0	noun	6	2.258
8366	dobre	0	unk	6	2.258
8367	dote	0	unk	6	2.258
8368	dragar	0	verb	6	2.258
8369	dramaturgo	0	noun	6	2.258
8370	duna	0	unk	6	2.258
8371	dá-lha	0	noun	6	2.258
8372	däo	0	unk	6	2.258
8373	eco	0	adj	6	2.258
8374	elétrodos	0	unk	6	2.258
8375	email	0	unk	6	2.258
8376	emocionar	0	verb	6	2.258
8377	empecilho	0	noun	6	2.258
8378	empenho	0	noun	6	2.258
8379	en	0	unk	6	2.258
8380	enciclopédia	0	noun	6	2.258
8381	endorfinas	0	unk	6	2.258
8382	engraxar	0	verb	6	2.258
8383	enlace	0	unk	6	2.258
8384	entardecer	0	verb	6	2.258
8385	entendimento	0	noun	6	2.258
8386	entornar	0	verb	6	2.258
8387	envelhecimento	0	noun	6	2.258
8388	eo	0	unk	6	2.258
8389	escadaria	0	noun	6	2.258
8390	escaldante	0	unk	6	2.258
8391	escalpelo	0	noun	6	2.258
8392	escapadela	0	noun	6	2.258
8393	escarlate	0	unk	6	2.258
8394	escultor	0	unk	6	2.258
8395	escuteiro	0	noun	6	2.258
8396	esganar	0	verb	6	2.258
8397	espantosamente	0	adv	6	2.258
8398	espaçoso	0	adj	6	2.258
8399	especiaria	0	noun	6	2.258
8400	especificar	0	verb	6	2.258
8401	espessar	0	verb	6	2.258
8402	espezinhar	0	verb	6	2.258
8403	espirituoso	0	adj	6	2.258
8404	esplendoroso	0	adj	6	2.258
8405	espreitadela	0	noun	6	2.258
8406	estimativa	0	noun	6	2.258
8407	estourar	0	verb	6	2.258
8408	estrilhos	0	unk	6	2.258
8409	estábem	0	noun	6	2.258
8410	eum	0	unk	6	2.258
8411	eusei	0	unk	6	2.258
8412	eventualidade	0	noun	6	2.258
8413	ex-militares	0	unk	6	2.258
8414	ex-namorado	0	noun	6	2.258
8415	exclamar	0	verb	6	2.258
8416	exigente	0	adj	6	2.258
8417	exorbitante	0	unk	6	2.258
8418	expediente	0	adj	6	2.258
8419	exterminador	0	noun	6	2.258
8420	extremar	0	verb	6	2.258
8421	extremista	0	noun	6	2.258
8422	falador	0	noun	6	2.258
8423	falinhas-mansas	0	unk	6	2.258
8424	falto	0	noun	6	2.258
8425	falópio	0	noun	6	2.258
8426	fazendoas	0	unk	6	2.258
8427	façanha	0	noun	6	2.258
8428	fendido	0	noun	6	2.258
8429	feno	0	noun	6	2.258
8430	filarmónico	0	adj	6	2.258
8431	fixação	0	noun	6	2.258
8432	flanela	0	noun	6	2.258
8433	flautar	0	verb	6	2.258
8434	fluvial	0	adj	6	2.258
8435	fodeste	0	unk	6	2.258
8436	formato	0	noun	6	2.258
8437	forro	0	noun	6	2.258
8438	franjar	0	verb	6	2.258
8439	frigideira	0	noun	6	2.258
8440	funcionamento	0	noun	6	2.258
8441	furado	0	noun	6	2.258
8442	furtivo	0	noun	6	2.258
8443	ganância	0	noun	6	2.258
8444	gauntlet	0	unk	6	2.258
8445	geometria	0	noun	6	2.258
8446	gerência	0	noun	6	2.258
8447	gestual	0	adj	6	2.258
8448	get	0	unk	6	2.258
8449	girl	0	unk	6	2.258
8450	glam	0	unk	6	2.258
8451	glicemia	0	noun	6	2.258
8452	gozação	0	noun	6	2.258
8453	gradual	0	adj	6	2.258
8454	grand	0	unk	6	2.258
8455	gritaria	0	noun	6	2.258
8456	guerrilha	0	noun	6	2.258
8457	guitarra	0	noun	6	2.258
8458	guy	0	unk	6	2.258
8459	gêmeos	0	unk	6	2.258
8460	have	0	unk	6	2.258
8461	heket	0	unk	6	2.258
8462	hepático	0	adj	6	2.258
8463	hidrofobia	0	noun	6	2.258
8464	hoiland	0	unk	6	2.258
8465	homem-máquina	0	adj	6	2.258
8466	iamos	0	unk	6	2.258
8467	icebergue	0	unk	6	2.258
8468	imaturo	0	noun	6	2.258
8469	imitação	0	noun	6	2.258
8470	imortalidade	0	noun	6	2.258
8471	impecável	0	adj	6	2.258
8472	impensável	0	adj	6	2.258
8473	impossibilidade	0	noun	6	2.258
8474	imprudente	0	adj	6	2.258
8475	incerto	0	noun	6	2.258
8476	incontável	0	adj	6	2.258
8477	incorretamente	0	adv	6	2.258
8478	inculto	0	noun	6	2.258
8479	indicador	0	noun	6	2.258
8480	indispensável	0	adj	6	2.258
8481	inexplicável	0	adj	6	2.258
8482	inferiorizado	0	noun	6	2.258
8483	inflamável	0	adj	6	2.258
8484	informaç	0	unk	6	2.258
8485	informático	0	adj	6	2.258
8486	ingênuo	0	noun	6	2.258
8487	inoportuno	0	unk	6	2.258
8488	inoxidável	0	adj	6	2.258
8489	insolência	0	noun	6	2.258
8490	instantinho	0	adj	6	2.258
8491	intentar	0	verb	6	2.258
8492	interativa	0	noun	6	2.258
8493	interativo	0	noun	6	2.258
8494	interespacial	0	adj	6	2.258
8495	interminável	0	adj	6	2.258
8496	interrogação	0	noun	6	2.258
8497	intimidação	0	noun	6	2.258
8498	intrometido	0	noun	6	2.258
8499	inúmeras	0	unk	6	2.258
8500	iraniano	0	adj	6	2.258
8501	ião	0	noun	6	2.258
8502	iô	0	unk	6	2.258
8503	jubilar	0	verb	6	2.258
8504	kang	0	unk	6	2.258
8505	kel	0	adj	6	2.258
8506	largoa	0	noun	6	2.258
8507	latrina	0	adj	6	2.258
8508	lazer	0	verb	6	2.258
8509	legislação	0	noun	6	2.258
8510	legume	0	unk	6	2.258
8511	lifting	0	unk	6	2.258
8512	limpa-tudo	0	adj	6	2.258
8513	linfoma	0	noun	6	2.258
8514	linhagem	0	noun	6	2.258
8515	lisa-ancas	0	unk	6	2.258
8516	lisa-prostituta	0	noun	6	2.258
8517	lotaria	0	noun	6	2.258
8518	ludibriar	0	verb	6	2.258
8519	lábia	0	noun	6	2.258
8520	macabro	0	noun	6	2.258
8521	magazine	0	unk	6	2.258
8522	magnificar	0	verb	6	2.258
8523	malcriado	0	noun	6	2.258
8524	malignar	0	verb	6	2.258
8525	manager	0	verb	6	2.258
8526	mandamento	0	noun	6	2.258
8527	manhãzinha	0	adj	6	2.258
8528	manriquez	0	unk	6	2.258
8529	mantem	0	noun	6	2.258
8530	marionete	0	unk	6	2.258
8531	marrar	0	verb	6	2.258
8532	massivo	0	noun	6	2.258
8533	masturbar	0	verb	6	2.258
8534	matoua	0	noun	6	2.258
8535	meditação	0	noun	6	2.258
8536	medonho	0	noun	6	2.258
8537	meia-tijela	0	noun	6	2.258
8538	meigo	0	noun	6	2.258
8539	memorando	0	noun	6	2.258
8540	memorável	0	adj	6	2.258
8541	mentalidade	0	noun	6	2.258
8542	mer	0	unk	6	2.258
8543	mexido	0	noun	6	2.258
8544	microtransmissão	0	noun	6	2.258
8545	migratório	0	noun	6	2.258
8546	milênio	0	noun	6	2.258
8547	minutinho	0	adj	6	2.258
8548	minério	0	noun	6	2.258
8549	mirrar	0	verb	6	2.258
8550	miudinha	0	adj	6	2.258
8551	mmm	0	unk	6	2.258
8552	mod	0	unk	6	2.258
8553	moela	0	noun	6	2.258
8554	molar	0	verb	6	2.258
8555	mon	0	unk	6	2.258
8556	monarca	0	unk	6	2.258
8557	monogâmico	0	adj	6	2.258
8558	montagem	0	noun	6	2.258
8559	moralmente	0	adv	6	2.258
8560	morno	0	noun	6	2.258
8561	motorizado	0	noun	6	2.258
8562	motriz	0	unk	6	2.258
8563	mucho	0	noun	6	2.258
8564	muleta	0	noun	6	2.258
8565	muscular	0	verb	6	2.258
8566	média-luz	0	unk	6	2.258
8567	médico-legista	0	noun	6	2.258
8568	mórbido	0	noun	6	2.258
8569	nalguma	0	noun	6	2.258
8570	nascente	0	adj	6	2.258
8571	neocortex	0	unk	6	2.258
8572	neurocirurgião	0	noun	6	2.258
8573	neurológico	0	adj	6	2.258
8574	neutrino	0	adj	6	2.258
8575	night	0	unk	6	2.258
8576	now	0	unk	6	2.258
8577	népia	0	noun	6	2.258
8578	obediência	0	noun	6	2.258
8579	obnóxio	0	noun	6	2.258
8580	obra-prima	0	noun	6	2.258
8581	olmeiro	0	noun	6	2.258
8582	oportunista	0	noun	6	2.258
8583	opressão	0	noun	6	2.258
8584	originalmente	0	adv	6	2.258
8585	ornitóptero	0	noun	6	2.258
8586	oscar	0	verb	6	2.258
8587	otimo	0	noun	6	2.258
8588	ousadia	0	noun	6	2.258
8589	ovular	0	verb	6	2.258
8590	palheiro	0	noun	6	2.258
8591	palhinha	0	adj	6	2.258
8592	palomino	0	adj	6	2.258
8593	paneleiro	0	noun	6	2.258
8594	paralelo	0	noun	6	2.258
8595	paralítico	0	adj	6	2.258
8596	parir	0	verb	6	2.258
8597	party	0	unk	6	2.258
8598	pasteleiro	0	noun	6	2.258
8599	pastorar	0	verb	6	2.258
8600	patavina	0	adj	6	2.258
8601	patologia	0	noun	6	2.258
8602	patriotismo	0	noun	6	2.258
8603	patrício	0	noun	6	2.258
8604	paéco	0	adj	6	2.258
8605	pecca-ve	0	unk	6	2.258
8606	pedigree	0	unk	6	2.258
8607	peneirar	0	verb	6	2.258
8608	perigosamente	0	adv	6	2.258
8609	persistir	0	verb	6	2.258
8610	persistência	0	noun	6	2.258
8611	peéo	0	unk	6	2.258
8612	piscatório	0	noun	6	2.258
8613	pisgar	0	verb	6	2.258
8614	piu	0	unk	6	2.258
8615	plural	0	adj	6	2.258
8616	pluto	0	noun	6	2.258
8617	poltrona	0	noun	6	2.258
8618	pontualidade	0	noun	6	2.258
8619	pony	0	unk	6	2.258
8620	popa	0	noun	6	2.258
8621	posar	0	verb	6	2.258
8622	positivamente	0	adv	6	2.258
8623	poupança	0	noun	6	2.258
8624	pouquinho	0	adj	6	2.258
8625	poético	0	adj	6	2.258
8626	precário	0	noun	6	2.258
8627	preferência	0	noun	6	2.258
8628	presentear	0	verb	6	2.258
8629	pretendido	0	noun	6	2.258
8630	privilegiar	0	verb	6	2.258
8631	probéema	0	noun	6	2.258
8632	processador	0	noun	6	2.258
8633	processamento	0	noun	6	2.258
8634	profe	0	unk	6	2.258
8635	proferir	0	verb	6	2.258
8636	progressista	0	noun	6	2.258
8637	projeção	0	noun	6	2.258
8638	prostrar	0	verb	6	2.258
8639	protão	0	noun	6	2.258
8640	psicologicamente	0	adv	6	2.258
8641	pt	0	unk	6	2.258
8642	pubéico	0	adj	6	2.258
8643	pudessemos	0	unk	6	2.258
8644	pulseira	0	noun	6	2.258
8645	punhado	0	noun	6	2.258
8646	punição	0	noun	6	2.258
8647	puritano	0	adj	6	2.258
8648	puzzle	0	unk	6	2.258
8649	pólen	0	unk	6	2.258
8650	pólo	0	noun	6	2.258
8651	quase-médica	0	adj	6	2.258
8652	quaé	0	unk	6	2.258
8653	queriamos	0	unk	6	2.258
8654	rabino	0	adj	6	2.258
8655	raciocinar	0	verb	6	2.258
8656	raid	0	unk	6	2.258
8657	rasteiro	0	noun	6	2.258
8658	ratoeira	0	noun	6	2.258
8659	raviólis	0	unk	6	2.258
8660	reabilitação	0	noun	6	2.258
8661	rebento-ihe	0	unk	6	2.258
8662	rebolar	0	verb	6	2.258
8663	recanto	0	noun	6	2.258
8664	rechear	0	verb	6	2.258
8665	recôndito	0	noun	6	2.258
8666	reencontro	0	noun	6	2.258
8667	reformatório	0	noun	6	2.258
8668	refrigeração	0	noun	6	2.258
8669	resfriar	0	verb	6	2.258
8670	residual	0	adj	6	2.258
8671	resmungar	0	verb	6	2.258
8672	respeitador	0	noun	6	2.258
8673	ressentir	0	verb	6	2.258
8674	restituição	0	noun	6	2.258
8675	retaliação	0	noun	6	2.258
8676	retribuição	0	noun	6	2.258
8677	revelação	0	noun	6	2.258
8678	right	0	unk	6	2.258
8679	rigor	0	unk	6	2.258
8680	riste	0	unk	6	2.258
8681	robalo	0	noun	6	2.258
8682	rochedo	0	noun	6	2.258
8683	rodapé	0	unk	6	2.258
8684	rootz	0	unk	6	2.258
8685	rotação	0	noun	6	2.258
8686	rotular	0	verb	6	2.258
8687	rural	0	adj	6	2.258
8688	rusgar	0	verb	6	2.258
8689	rush	0	unk	6	2.258
8690	sabotar	0	verb	6	2.258
8691	sabre	0	unk	6	2.258
8692	sacaninha	0	adj	6	2.258
8693	salmão	0	noun	6	2.258
8694	sanatório	0	noun	6	2.258
8695	sardinha	0	adj	6	2.258
8696	sedar	0	verb	6	2.258
8697	seller	0	verb	6	2.258
8698	sem-abrigo	0	noun	6	2.258
8699	seminarista	0	noun	6	2.258
8700	senor	0	unk	6	2.258
8701	servida	0	noun	6	2.258
8702	seshmu	0	unk	6	2.258
8703	seta	0	noun	6	2.258
8704	setecentos	0	unk	6	2.258
8705	shauny	0	unk	6	2.258
8706	siciliano	0	adj	6	2.258
8707	silenzio	0	noun	6	2.258
8708	sinapse	0	unk	6	2.258
8709	sinfonia	0	noun	6	2.258
8710	situar	0	verb	6	2.258
8711	skank	0	unk	6	2.258
8712	sobreaquecer	0	verb	6	2.258
8713	sobrenome	0	unk	6	2.258
8714	sobrevivo	0	noun	6	2.258
8715	sobrevoar	0	verb	6	2.258
8716	soleira	0	noun	6	2.258
8717	soltaa	0	unk	6	2.258
8718	sonhador	0	noun	6	2.258
8719	sossega	0	noun	6	2.258
8720	sovaco	0	noun	6	2.258
8721	substancial	0	adj	6	2.258
8722	superficial	0	adj	6	2.258
8723	surf	0	unk	6	2.258
8724	surpreendentemente	0	adv	6	2.258
8725	sushi	0	unk	6	2.258
8726	síncope	0	unk	6	2.258
8727	t-a-n-g	0	unk	6	2.258
8728	tabuada	0	noun	6	2.258
8729	tangar	0	verb	6	2.258
8730	taralhoco	0	noun	6	2.258
8731	tecer	0	verb	6	2.258
8732	teoricamente	0	adv	6	2.258
8733	tese	0	unk	6	2.258
8734	th	0	unk	6	2.258
8735	thoron	0	unk	6	2.258
8736	tique	0	unk	6	2.258
8737	tok	0	unk	6	2.258
8738	tolinha	0	adj	6	2.258
8739	tombar	0	verb	6	2.258
8740	topa	0	noun	6	2.258
8741	tormento	0	noun	6	2.258
8742	torso	0	noun	6	2.258
8743	trabaého	0	noun	6	2.258
8744	transbordar	0	verb	6	2.258
8745	transou	0	unk	6	2.258
8746	trapalhada	0	noun	6	2.258
8747	tratador	0	noun	6	2.258
8748	tratante	0	unk	6	2.258
8749	triplo	0	num	6	2.258
8750	trompa	0	noun	6	2.258
8751	troçar	0	verb	6	2.258
8752	troço	0	noun	6	2.258
8753	tráfico	0	adj	6	2.258
8754	tutu	0	unk	6	2.258
8755	ténue	0	unk	6	2.258
8756	tónico	0	adj	6	2.258
8757	tóxico	0	adj	6	2.258
8758	uh-huh	0	unk	6	2.258
8759	ultra	0	noun	6	2.258
8760	un	0	unk	6	2.258
8761	urschleim	0	unk	6	2.258
8762	uétima	0	noun	6	2.258
8763	vacinar	0	verb	6	2.258
8764	vaporar	0	verb	6	2.258
8765	varredura	0	noun	6	2.258
8766	veementemente	0	adv	6	2.258
8767	vidente	0	adj	6	2.258
8768	viga	0	noun	6	2.258
8769	vil	0	unk	6	2.258
8770	vira-lata	0	noun	6	2.258
8771	vulnerabilidade	0	noun	6	2.258
8772	walkman	0	unk	6	2.258
8773	wendols	0	unk	6	2.258
8774	yank	0	unk	6	2.258
8775	ye	0	unk	6	2.258
8776	zénite	0	unk	6	2.258
8777	áspero	0	noun	6	2.258
8778	ópio	0	noun	6	2.258
8779	abalroar	0	verb	5	1.882
8780	abastecer	0	verb	5	1.882
8781	abestalhada	0	noun	5	1.882
8782	abolir	0	verb	5	1.882
8783	abono	0	noun	5	1.882
8784	abster	0	verb	5	1.882
8785	acompanhamento	0	noun	5	1.882
8786	aconselhamento	0	noun	5	1.882
8787	acreção	0	noun	5	1.882
8788	acrobacia	0	noun	5	1.882
8789	adolescência	0	noun	5	1.882
8790	adoravaa	0	unk	5	1.882
8791	adoçar	0	verb	5	1.882
8792	afinidade	0	noun	5	1.882
8793	agasalhar	0	verb	5	1.882
8794	agitador	0	noun	5	1.882
8795	agouro	0	noun	5	1.882
8796	agricultura	0	noun	5	1.882
8797	aguaceiro	0	noun	5	1.882
8798	aguardente	0	adj	5	1.882
8799	ajuizar	0	verb	5	1.882
8800	alabastro	0	noun	5	1.882
8801	alcanço	0	noun	5	1.882
8802	alegadamente	0	adv	5	1.882
8803	alemäes	0	unk	5	1.882
8804	algazarrar	0	verb	5	1.882
8805	alumínio	0	noun	5	1.882
8806	amedrontar	0	verb	5	1.882
8807	amortizar	0	verb	5	1.882
8808	ancorar	0	verb	5	1.882
8809	angariar	0	verb	5	1.882
8810	animador	0	noun	5	1.882
8811	aniquilação	0	noun	5	1.882
8812	anteontem	0	noun	5	1.882
8813	anuidade	0	noun	5	1.882
8814	anúnciamos	0	unk	5	1.882
8815	aparadela	0	noun	5	1.882
8816	aparente	0	adj	5	1.882
8817	aparte	0	unk	5	1.882
8818	aparvalhar	0	verb	5	1.882
8819	apaziguar	0	verb	5	1.882
8820	apelativo	0	noun	5	1.882
8821	aposentar	0	verb	5	1.882
8822	apreensão	0	noun	5	1.882
8823	aprovaa	0	unk	5	1.882
8824	aproveitá-los-á	0	unk	5	1.882
8825	apócrifo	0	noun	5	1.882
8826	apólice	0	noun	5	1.882
8827	aquecedor	0	noun	5	1.882
8828	aquático	0	adj	5	1.882
8829	arminho	0	adj	5	1.882
8830	arodri	0	unk	5	1.882
8831	arrebentar	0	verb	5	1.882
8832	arrepiante	0	unk	5	1.882
8833	arroio	0	noun	5	1.882
8834	arrojar	0	verb	5	1.882
8835	arrotar	0	verb	5	1.882
8836	ascendente	0	adj	5	1.882
8837	ascender	0	verb	5	1.882
8838	assemelhar	0	verb	5	1.882
8839	aterragem	0	noun	5	1.882
8840	ateu	0	unk	5	1.882
8841	atiçar	0	verb	5	1.882
8842	atrativa	0	noun	5	1.882
8843	audacioso	0	adj	5	1.882
8844	auricular	0	verb	5	1.882
8845	auréola	0	noun	5	1.882
8846	austríaco	0	noun	5	1.882
8847	auto-proclamado	0	noun	5	1.882
8848	autoclismo	0	noun	5	1.882
8849	autónomo	0	noun	5	1.882
8850	avantajado	0	noun	5	1.882
8851	azedar	0	verb	5	1.882
8852	azendo	0	noun	5	1.882
8853	azia	0	noun	5	1.882
8854	bacia	0	noun	5	1.882
8855	baixote	0	unk	5	1.882
8856	balanço	0	noun	5	1.882
8857	bancar	0	verb	5	1.882
8858	bancarrota	0	noun	5	1.882
8859	barracão	0	noun	5	1.882
8860	barro	0	noun	5	1.882
8861	bem-educado	0	noun	5	1.882
8862	bengaleiro	0	noun	5	1.882
8863	benéfico	0	adj	5	1.882
8864	bgcngm	0	unk	5	1.882
8865	bilheteira	0	noun	5	1.882
8866	bioquímico	0	adj	5	1.882
8867	bisneto	0	noun	5	1.882
8868	bitolar	0	verb	5	1.882
8869	bla-bla-bla	0	noun	5	1.882
8870	blackjack	0	unk	5	1.882
8871	blefar	0	verb	5	1.882
8872	blue	0	unk	5	1.882
8873	boche	0	unk	5	1.882
8874	bombear	0	verb	5	1.882
8875	borbulhar	0	verb	5	1.882
8876	boss	0	unk	5	1.882
8877	bote	0	unk	5	1.882
8878	brochezinhos	0	unk	5	1.882
8879	bruma	0	noun	5	1.882
8880	bruxo	0	noun	5	1.882
8881	budista	0	noun	5	1.882
8882	bum	0	unk	5	1.882
8883	burguês	0	adj	5	1.882
8884	busca-pé	0	unk	5	1.882
8885	bypass	0	unk	5	1.882
8886	bíblico	0	adj	5	1.882
8887	cabecilha	0	noun	5	1.882
8888	cabide	0	noun	5	1.882
8889	cacau	0	unk	5	1.882
8890	cadeirão	0	noun	5	1.882
8891	calmamente	0	adv	5	1.882
8892	calminha	0	adj	5	1.882
8893	calvo	0	noun	5	1.882
8894	camionista	0	noun	5	1.882
8895	capituéo	0	unk	5	1.882
8896	carabina	0	adj	5	1.882
8897	carcereiro	0	noun	5	1.882
8898	carolino	0	adj	5	1.882
8899	carteiro	0	noun	5	1.882
8900	cartilagem	0	noun	5	1.882
8901	casadoiro	0	noun	5	1.882
8902	casaria	0	noun	5	1.882
8903	catártico	0	adj	5	1.882
8904	caule	0	unk	5	1.882
8905	cautela	0	noun	5	1.882
8906	caylanos	0	unk	5	1.882
8907	caço	0	noun	5	1.882
8908	cegueira	0	noun	5	1.882
8909	ceifar	0	verb	5	1.882
8910	cerimoniar	0	verb	5	1.882
8911	certeiro	0	noun	5	1.882
8912	chacal	0	adj	5	1.882
8913	chacota	0	noun	5	1.882
8914	chantagista	0	noun	5	1.882
8915	chiar	0	verb	5	1.882
8916	chilli	0	unk	5	1.882
8917	cinqüenta	0	noun	5	1.882
8918	cintilar	0	verb	5	1.882
8919	cinturão	0	noun	5	1.882
8920	cinzeiro	0	noun	5	1.882
8921	circulação	0	noun	5	1.882
8922	citadino	0	adj	5	1.882
8923	claustrofobia	0	noun	5	1.882
8924	cliché	0	unk	5	1.882
8925	codificação	0	noun	5	1.882
8926	coiso	0	noun	5	1.882
8927	colcha	0	noun	5	1.882
8928	colunista	0	noun	5	1.882
8929	colóide	0	noun	5	1.882
8930	comb	0	unk	5	1.882
8931	comea	0	unk	5	1.882
8932	competência	0	noun	5	1.882
8933	compressão	0	noun	5	1.882
8934	concedi-lho	0	noun	5	1.882
8935	concernir	0	verb	5	1.882
8936	conformar	0	verb	5	1.882
8937	confío	0	unk	5	1.882
8938	congênito	0	noun	5	1.882
8939	consistente	0	adj	5	1.882
8940	consolação	0	noun	5	1.882
8941	constatar	0	verb	5	1.882
8942	consternado	0	noun	5	1.882
8943	constrangido	0	noun	5	1.882
8944	consultor	0	unk	5	1.882
8945	contradição	0	noun	5	1.882
8946	contraste	0	unk	5	1.882
8947	contínue	0	unk	5	1.882
8948	convulsão	0	noun	5	1.882
8949	convívio	0	noun	5	1.882
8950	copa	0	noun	5	1.882
8951	corromper	0	verb	5	1.882
8952	couraçar	0	verb	5	1.882
8953	crescente	0	adj	5	1.882
8954	criancinha	0	adj	5	1.882
8955	cromo	0	noun	5	1.882
8956	cronometrar	0	verb	5	1.882
8957	cruelmente	0	adv	5	1.882
8958	crápula	0	noun	5	1.882
8959	curativo	0	noun	5	1.882
8960	cuspo	0	noun	5	1.882
8961	czar	0	verb	5	1.882
8962	cálice	0	noun	5	1.882
8963	câmbio	0	noun	5	1.882
8964	cântaro	0	noun	5	1.882
8965	córtex	0	unk	5	1.882
8966	cúpula	0	noun	5	1.882
8967	d'água	0	noun	5	1.882
8968	dancarina	0	adj	5	1.882
8969	dançarino	0	adj	5	1.882
8970	debitar	0	verb	5	1.882
8971	debulhar	0	verb	5	1.882
8972	decadente	0	adj	5	1.882
8973	decolar	0	verb	5	1.882
8974	decrescente	0	adj	5	1.882
8975	demarcação	0	noun	5	1.882
8976	democrático	0	adj	5	1.882
8977	demover	0	verb	5	1.882
8978	dental	0	adj	5	1.882
8979	depenar	0	verb	5	1.882
8980	derivação	0	noun	5	1.882
8981	desabrochar	0	verb	5	1.882
8982	desafixem	0	noun	5	1.882
8983	desamarrar	0	verb	5	1.882
8984	descontaminação	0	noun	5	1.882
8985	descontentamento	0	noun	5	1.882
8986	descoordenar	0	verb	5	1.882
8987	descosido	0	noun	5	1.882
8988	desdém	0	unk	5	1.882
8989	desembarque	0	unk	5	1.882
8990	desentendimento	0	noun	5	1.882
8991	deserção	0	noun	5	1.882
8992	desferir	0	verb	5	1.882
8993	desfolar	0	verb	5	1.882
8994	desgostoso	0	adj	5	1.882
8995	desigual	0	adj	5	1.882
8996	desonroso	0	adj	5	1.882
8997	despregado	0	noun	5	1.882
8998	destaque	0	unk	5	1.882
8999	deste-mo	0	noun	5	1.882
9000	destruida	0	noun	5	1.882
9001	deterioração	0	noun	5	1.882
9002	detestável	0	adj	5	1.882
9003	detetamos	0	unk	5	1.882
9004	deviamos	0	unk	5	1.882
9005	diabrete	0	unk	5	1.882
9006	digerir	0	verb	5	1.882
9007	dilatar	0	verb	5	1.882
9008	diminuição	0	noun	5	1.882
9009	dinamismo	0	noun	5	1.882
9010	dinheirinho	0	adj	5	1.882
9011	diretiva	0	noun	5	1.882
9012	dirigível	0	adj	5	1.882
9013	discordo	0	noun	5	1.882
9014	disfunção	0	noun	5	1.882
9015	distanciar	0	verb	5	1.882
9016	divergir	0	verb	5	1.882
9017	diâmetro	0	noun	5	1.882
9018	dormente	0	adv	5	1.882
9019	dorminhoco	0	noun	5	1.882
9020	dou-lha	0	noun	5	1.882
9021	duplicação	0	noun	5	1.882
9022	débil	0	unk	5	1.882
9023	dêem-ihe	0	unk	5	1.882
9024	dígo	0	noun	5	1.882
9025	economista	0	noun	5	1.882
9026	educativo	0	noun	5	1.882
9027	eloquente	0	adj	5	1.882
9028	elucidativo	0	noun	5	1.882
9029	embasbacar	0	verb	5	1.882
9030	empolgante	0	unk	5	1.882
9031	encenador	0	noun	5	1.882
9032	encenaçãozinha	0	adj	5	1.882
9033	encetar	0	verb	5	1.882
9034	encimar	0	verb	5	1.882
9035	encosto	0	noun	5	1.882
9036	energúmeno	0	noun	5	1.882
9037	enfioa	0	noun	5	1.882
9038	engasgar	0	verb	5	1.882
9039	engate	0	unk	5	1.882
9040	enjoo	0	unk	5	1.882
9041	ensanguentar	0	verb	5	1.882
9042	entediante	0	unk	5	1.882
9043	entediar	0	verb	5	1.882
9044	entrelaçar	0	verb	5	1.882
9045	envelhecido	0	noun	5	1.882
9046	envenenamento	0	noun	5	1.882
9047	enxaqueca	0	noun	5	1.882
9048	eramos	0	unk	5	1.882
9049	erigir	0	verb	5	1.882
9050	errático	0	adj	5	1.882
9051	erupção	0	noun	5	1.882
9052	esbugalhado	0	noun	5	1.882
9053	escapulário	0	noun	5	1.882
9054	escasso	0	noun	5	1.882
9055	escombros	0	unk	5	1.882
9056	escorrer	0	verb	5	1.882
9057	esestá	0	unk	5	1.882
9058	esfriar	0	verb	5	1.882
9059	esgrimir	0	verb	5	1.882
9060	espaguete	0	unk	5	1.882
9061	espanador	0	noun	5	1.882
9062	esparguete	0	unk	5	1.882
9063	especialização	0	noun	5	1.882
9064	especificação	0	noun	5	1.882
9065	esperma	0	noun	5	1.882
9066	espinhar	0	verb	5	1.882
9067	espionagem	0	noun	5	1.882
9068	esplendor	0	noun	5	1.882
9069	espora	0	noun	5	1.882
9070	espécime	0	unk	5	1.882
9071	esquecimento	0	noun	5	1.882
9072	esqueleto	0	noun	5	1.882
9073	esquentar	0	verb	5	1.882
9074	estabilidade	0	noun	5	1.882
9075	estaleiro	0	noun	5	1.882
9076	estampar	0	verb	5	1.882
9077	estepe	0	unk	5	1.882
9078	estereotipar	0	verb	5	1.882
9079	estilhaço	0	noun	5	1.882
9080	estouvado	0	noun	5	1.882
9081	estrondoso	0	adj	5	1.882
9082	estropiar	0	verb	5	1.882
9083	estufa	0	unk	5	1.882
9084	estupidificante	0	unk	5	1.882
9085	estéril	0	unk	5	1.882
9086	etapa	0	noun	5	1.882
9087	etcetera	0	noun	5	1.882
9088	ex-namorada	0	noun	5	1.882
9089	exagero	0	noun	5	1.882
9090	exclusivamente	0	adv	5	1.882
9091	exponencial	0	adj	5	1.882
9092	exportador	0	noun	5	1.882
9093	expressionista	0	noun	5	1.882
9094	exílio	0	noun	5	1.882
9095	facial	0	adj	5	1.882
9096	factum	0	unk	5	1.882
9097	fala-barato	0	noun	5	1.882
9098	falho	0	noun	5	1.882
9099	faltam-ihe	0	unk	5	1.882
9100	falésia	0	noun	5	1.882
9101	falência	0	noun	5	1.882
9102	farejar	0	verb	5	1.882
9103	farinha	0	adj	5	1.882
9104	farrapo	0	noun	5	1.882
9105	fauna	0	unk	5	1.882
9106	feitiçaria	0	noun	5	1.882
9107	fera	0	noun	5	1.882
9108	feéiz	0	unk	5	1.882
9109	fidelis	0	unk	5	1.882
9110	filosofar	0	verb	5	1.882
9111	finalizar	0	verb	5	1.882
9112	financeias	0	unk	5	1.882
9113	financiador	0	noun	5	1.882
9114	findar	0	verb	5	1.882
9115	fisco	0	noun	5	1.882
9116	flamejante	0	unk	5	1.882
9117	fluentemente	0	adv	5	1.882
9118	flácido	0	noun	5	1.882
9119	folgo	0	noun	5	1.882
9120	follarte	0	unk	5	1.882
9121	fondue	0	unk	5	1.882
9122	fraquejar	0	verb	5	1.882
9123	frentex	0	unk	5	1.882
9124	freqüentemente	0	adv	5	1.882
9125	frigorifico	0	adj	5	1.882
9126	fucking	0	unk	5	1.882
9127	fumegante	0	unk	5	1.882
9128	fá-lo-á	0	unk	5	1.882
9129	fábula	0	noun	5	1.882
9130	fósfero	0	noun	5	1.882
9131	gabardina	0	adj	5	1.882
9132	galanteio	0	noun	5	1.882
9133	galinheiro	0	noun	5	1.882
9134	garotinho	0	adj	5	1.882
9135	geleia	0	noun	5	1.882
9136	geoposição	0	noun	5	1.882
9137	gestor	0	unk	5	1.882
9138	goddamn	0	unk	5	1.882
9139	golo	0	noun	5	1.882
9140	gongo	0	noun	5	1.882
9141	gonna	0	unk	5	1.882
9142	grado	0	noun	5	1.882
9143	gralha	0	noun	5	1.882
9144	grandão	0	noun	5	1.882
9145	gras	0	unk	5	1.882
9146	gravaa	0	unk	5	1.882
9147	grazie	0	unk	5	1.882
9148	gritoua	0	noun	5	1.882
9149	guerrilheiro	0	noun	5	1.882
9150	habitação	0	noun	5	1.882
9151	hagbart	0	unk	5	1.882
9152	ham	0	unk	5	1.882
9153	havera	0	noun	5	1.882
9154	head	0	unk	5	1.882
9155	hectare	0	unk	5	1.882
9156	hesitação	0	noun	5	1.882
9157	hidra	0	noun	5	1.882
9158	hierarquia	0	noun	5	1.882
9159	hipodérmico	0	adj	5	1.882
9160	hipoglicémia	0	noun	5	1.882
9161	holofote	0	unk	5	1.882
9162	homen	0	unk	5	1.882
9163	honestidade	0	noun	5	1.882
9164	honorífico	0	adj	5	1.882
9165	horrorizar	0	verb	5	1.882
9166	hutt	0	unk	5	1.882
9167	idiotice	0	noun	5	1.882
9168	ilegalmente	0	adv	5	1.882
9169	ilustre	0	unk	5	1.882
9170	ilícito	0	noun	5	1.882
9171	imaginário	0	noun	5	1.882
9172	imbecilóide	0	noun	5	1.882
9173	imediação	0	noun	5	1.882
9174	imemorial	0	adj	5	1.882
9175	imparável	0	adj	5	1.882
9176	impenitente	0	adj	5	1.882
9177	implacável	0	adj	5	1.882
9178	implícito	0	noun	5	1.882
9179	importação	0	noun	5	1.882
9180	importunar	0	verb	5	1.882
9181	impróprio	0	noun	5	1.882
9182	impune	0	unk	5	1.882
9183	inacessível	0	adj	5	1.882
9184	incentivo	0	noun	5	1.882
9185	incompreendido	0	noun	5	1.882
9186	inconcebível	0	adj	5	1.882
9187	incumbir	0	verb	5	1.882
9188	indigestão	0	noun	5	1.882
9189	indiscreto	0	noun	5	1.882
9190	indisposto	0	noun	5	1.882
9191	indulto	0	noun	5	1.882
9192	inexperiente	0	adj	5	1.882
9193	infantário	0	noun	5	1.882
9194	infidelidade	0	noun	5	1.882
9195	infundir	0	verb	5	1.882
9196	inglesar	0	verb	5	1.882
9197	ingênua	0	noun	5	1.882
9198	inibidor	0	noun	5	1.882
9199	inibição	0	noun	5	1.882
9200	iniquidade	0	noun	5	1.882
9201	inovador	0	noun	5	1.882
9202	insensibilidade	0	noun	5	1.882
9203	insinuação	0	noun	5	1.882
9204	inspeccionar	0	verb	5	1.882
9205	insubordinar	0	verb	5	1.882
9206	insípido	0	noun	5	1.882
9207	insólito	0	noun	5	1.882
9208	integração	0	noun	5	1.882
9209	inteirar	0	verb	5	1.882
9210	intercetação	0	noun	5	1.882
9211	interceção	0	noun	5	1.882
9212	intimar	0	verb	5	1.882
9213	intimação	0	noun	5	1.882
9214	intoxicar	0	verb	5	1.882
9215	introdução	0	noun	5	1.882
9216	introspeção	0	noun	5	1.882
9217	inviolabilidade	0	noun	5	1.882
9218	ip	0	unk	5	1.882
9219	irritável	0	adj	5	1.882
9220	irônico	0	adj	5	1.882
9221	isolinear	0	verb	5	1.882
9222	italo-americanos	0	unk	5	1.882
9223	içar	0	verb	5	1.882
9224	janeiro	0	noun	5	1.882
9225	java	0	noun	5	1.882
9226	jipe	0	unk	5	1.882
9227	jorrar	0	verb	5	1.882
9228	judiar	0	verb	5	1.882
9229	jurídico	0	adj	5	1.882
9230	justificação	0	noun	5	1.882
9231	júro	0	noun	5	1.882
9232	lacerar	0	verb	5	1.882
9233	lacuna	0	unk	5	1.882
9234	lanceiro	0	noun	5	1.882
9235	lança-chamas	0	unk	5	1.882
9236	latina	0	adj	5	1.882
9237	lealmente	0	adv	5	1.882
9238	legalidade	0	noun	5	1.882
9239	legendar	0	verb	5	1.882
9240	lettie	0	unk	5	1.882
9241	liberalidade	0	noun	5	1.882
9242	ligamento	0	noun	5	1.882
9243	limar	0	verb	5	1.882
9244	ling	0	unk	5	1.882
9245	litigante	0	unk	5	1.882
9246	lnclui	0	unk	5	1.882
9247	look	0	unk	5	1.882
9248	loucamente	0	adv	5	1.882
9249	love	0	unk	5	1.882
9250	lubrificante	0	unk	5	1.882
9251	luca	0	unk	5	1.882
9252	lula	0	noun	5	1.882
9253	luminosidade	0	noun	5	1.882
9254	lumpectomia	0	noun	5	1.882
9255	lã	0	unk	5	1.882
9256	lóbulo	0	noun	5	1.882
9257	magic	0	unk	5	1.882
9258	mai-tai	0	unk	5	1.882
9259	maldoso	0	adj	5	1.882
9260	mandão	0	noun	5	1.882
9261	maninho	0	adj	5	1.882
9262	maquinar	0	verb	5	1.882
9263	maravilhosamente	0	adv	5	1.882
9264	markus	0	unk	5	1.882
9265	marítimo	0	noun	5	1.882
9266	mascote	0	unk	5	1.882
9267	mata-lobos	0	unk	5	1.882
9268	materializar	0	verb	5	1.882
9269	materno	0	noun	5	1.882
9270	matà	0	unk	5	1.882
9271	maçador	0	noun	5	1.882
9272	mediático	0	adj	5	1.882
9273	melodramático	0	adj	5	1.882
9274	metaas	0	unk	5	1.882
9275	metaboliza	0	noun	5	1.882
9276	metabólico	0	adj	5	1.882
9277	meteoro	0	noun	5	1.882
9278	microscópico	0	adj	5	1.882
9279	micta	0	noun	5	1.882
9280	mijou-to	0	noun	5	1.882
9281	mineiro	0	noun	5	1.882
9282	mm-hmm	0	unk	5	1.882
9283	mocho	0	noun	5	1.882
9284	moderação	0	noun	5	1.882
9285	molecular	0	verb	5	1.882
9286	monopolizar	0	verb	5	1.882
9287	monotonia	0	noun	5	1.882
9288	monstrinhos	0	unk	5	1.882
9289	monta-cargas	0	unk	5	1.882
9290	mortos-vivos	0	unk	5	1.882
9291	mosqueteiro	0	noun	5	1.882
9292	mostrea	0	unk	5	1.882
9293	mousse	0	unk	5	1.882
9294	movido	0	noun	5	1.882
9295	mozzarella	0	noun	5	1.882
9296	murmurar	0	verb	5	1.882
9297	musicar	0	verb	5	1.882
9298	musicista	0	noun	5	1.882
9299	mágoa	0	noun	5	1.882
9300	mármore	0	unk	5	1.882
9301	mítico	0	adj	5	1.882
9302	múltiplo	0	noun	5	1.882
9303	nascença	0	noun	5	1.882
9304	neném	0	unk	5	1.882
9305	neuro-fisiologia	0	noun	5	1.882
9306	niilismo	0	noun	5	1.882
9307	ninfómana	0	adj	5	1.882
9308	nitro	0	noun	5	1.882
9309	nomea	0	unk	5	1.882
9310	novinho	0	adj	5	1.882
9311	nudez	0	unk	5	1.882
9312	nuns	0	unk	5	1.882
9313	néscio	0	noun	5	1.882
9314	nódoa-negra	0	noun	5	1.882
9315	obsceno	0	noun	5	1.882
9316	obscurecer	0	verb	5	1.882
9317	obstruir	0	verb	5	1.882
9318	odontologia	0	noun	5	1.882
9319	oficioso	0	adj	5	1.882
9320	oitava	0	noun	5	1.882
9321	omo	0	noun	5	1.882
9322	omoplata	0	noun	5	1.882
9323	online	0	unk	5	1.882
9324	only	0	unk	5	1.882
9325	operação-padrão	0	noun	5	1.882
9326	opinar	0	verb	5	1.882
9327	optometria	0	noun	5	1.882
9328	orlar	0	verb	5	1.882
9329	ornitólogo	0	noun	5	1.882
9330	orquídea	0	unk	5	1.882
9331	ortodoxo	0	noun	5	1.882
9332	osjaponeses	0	unk	5	1.882
9333	oucam	0	unk	5	1.882
9334	oui	0	unk	5	1.882
9335	ovação	0	noun	5	1.882
9336	padaria	0	noun	5	1.882
9337	pagão	0	noun	5	1.882
9338	pala	0	noun	5	1.882
9339	palmilhar	0	verb	5	1.882
9340	pam	0	unk	5	1.882
9341	panelinha	0	adj	5	1.882
9342	panorama	0	noun	5	1.882
9343	papa-figos	0	unk	5	1.882
9344	parcial	0	adj	5	1.882
9345	parcialmente	0	adv	5	1.882
9346	parolo	0	noun	5	1.882
9347	parquímetro	0	noun	5	1.882
9348	partenaire	0	unk	5	1.882
9349	paróquia	0	noun	5	1.882
9350	pasmar	0	verb	5	1.882
9351	passem-mo	0	noun	5	1.882
9352	passinho	0	adj	5	1.882
9353	patamar	0	verb	5	1.882
9354	paternalismo	0	noun	5	1.882
9355	paéavra	0	noun	5	1.882
9356	peco	0	adj	5	1.882
9357	peido	0	noun	5	1.882
9358	penitência	0	noun	5	1.882
9359	periquito	0	noun	5	1.882
9360	perseverança	0	noun	5	1.882
9361	perturbação	0	noun	5	1.882
9362	pessimista	0	noun	5	1.882
9363	petiscar	0	verb	5	1.882
9364	pff	0	unk	5	1.882
9365	pickles	0	unk	5	1.882
9366	pifo	0	noun	5	1.882
9367	pingo	0	noun	5	1.882
9368	pinho	0	adj	5	1.882
9369	pisadela	0	noun	5	1.882
9370	place	0	unk	5	1.882
9371	planejava	0	noun	5	1.882
9372	plenamente	0	adv	5	1.882
9373	podeser	0	verb	5	1.882
9374	polar	0	verb	5	1.882
9375	pontapeia	0	noun	5	1.882
9376	porlongar	0	verb	5	1.882
9377	pormenorezinhos	0	unk	5	1.882
9378	potável	0	adj	5	1.882
9379	power	0	verb	5	1.882
9380	praticante	0	unk	5	1.882
9381	precaver	0	verb	5	1.882
9382	precedido	0	noun	5	1.882
9383	prefer	0	verb	5	1.882
9384	presidir	0	verb	5	1.882
9385	pretzel	0	adj	5	1.882
9386	previamente	0	adv	5	1.882
9387	problemazinho	0	adj	5	1.882
9388	probleminha	0	adj	5	1.882
9389	proclamar	0	verb	5	1.882
9390	prodígio	0	noun	5	1.882
9391	progressivamente	0	adv	5	1.882
9392	pronúncia	0	noun	5	1.882
9393	propaganda	0	noun	5	1.882
9394	proprios	0	unk	5	1.882
9395	prosperidade	0	noun	5	1.882
9396	protagonizar	0	verb	5	1.882
9397	proíbido	0	noun	5	1.882
9398	pré-guerra	0	noun	5	1.882
9399	prótese	0	unk	5	1.882
9400	psicótica	0	adj	5	1.882
9401	pulhazito	0	noun	5	1.882
9402	pulverizar	0	verb	5	1.882
9403	pós-graduação	0	noun	5	1.882
9404	pôquer	0	verb	5	1.882
9405	quadra	0	noun	5	1.882
9406	quadrilha	0	noun	5	1.882
9407	queca	0	noun	5	1.882
9408	quesim	0	unk	5	1.882
9409	rabisco	0	noun	5	1.882
9410	radiar	0	verb	5	1.882
9411	rancoroso	0	adj	5	1.882
9412	ranhoso	0	adj	5	1.882
9413	ratificar	0	verb	5	1.882
9414	ravina	0	adj	5	1.882
9415	realçar	0	verb	5	1.882
9416	realíssimo	0	noun	5	1.882
9417	reassumir	0	verb	5	1.882
9418	recapitular	0	verb	5	1.882
9419	reciclagem	0	noun	5	1.882
9420	recolocar	0	verb	5	1.882
9421	reconhecea	0	unk	5	1.882
9422	reconhecível	0	adj	5	1.882
9423	reembolsável	0	adj	5	1.882
9424	refazer	0	verb	5	1.882
9425	referente	0	adj	5	1.882
9426	refinaria	0	noun	5	1.882
9427	refugo	0	noun	5	1.882
9428	regozijar	0	verb	5	1.882
9429	relativo	0	noun	5	1.882
9430	relé	0	unk	5	1.882
9431	remarcar	0	verb	5	1.882
9432	repertório	0	noun	5	1.882
9433	repleta	0	noun	5	1.882
9434	requisição	0	noun	5	1.882
9435	resoluto	0	noun	5	1.882
9436	resort	0	unk	5	1.882
9437	restauração	0	noun	5	1.882
9438	retorcido	0	noun	5	1.882
9439	reéogio	0	noun	5	1.882
9440	rito	0	noun	5	1.882
9441	robot	0	unk	5	1.882
9442	rogar	0	verb	5	1.882
9443	rolhar	0	verb	5	1.882
9444	romulana	0	adj	5	1.882
9445	rosé	0	unk	5	1.882
9446	rublo	0	noun	5	1.882
9447	rusga	0	noun	5	1.882
9448	réplica	0	adj	5	1.882
9449	saguão	0	noun	5	1.882
9450	salame	0	unk	5	1.882
9451	saltamos-ihes	0	unk	5	1.882
9452	salteador	0	noun	5	1.882
9453	sandman	0	unk	5	1.882
9454	sarin	0	unk	5	1.882
9455	satisfatório	0	noun	5	1.882
9456	sedento	0	noun	5	1.882
9457	segurea	0	unk	5	1.882
9458	semper	0	verb	5	1.882
9459	sensivel	0	adj	5	1.882
9460	sentimentalismo	0	noun	5	1.882
9461	serao	0	unk	5	1.882
9462	serpentino	0	adj	5	1.882
9463	sertão	0	noun	5	1.882
9464	severamente	0	adv	5	1.882
9465	señorita	0	noun	5	1.882
9466	shopping	0	unk	5	1.882
9467	short	0	unk	5	1.882
9468	simbionte	0	unk	5	1.882
9469	sinalizar	0	verb	5	1.882
9470	site	0	unk	5	1.882
9471	sobressalente	0	adj	5	1.882
9472	sonante	0	unk	5	1.882
9473	sortear	0	verb	5	1.882
9474	soupa	0	noun	5	1.882
9475	status	0	unk	5	1.882
9476	stepsister	0	verb	5	1.882
9477	suavidade	0	noun	5	1.882
9478	sub-reptícia	0	noun	5	1.882
9479	subjetivar	0	verb	5	1.882
9480	submergir	0	verb	5	1.882
9481	subterrâneo	0	noun	5	1.882
9482	suburbano	0	adj	5	1.882
9483	sucessão	0	noun	5	1.882
9484	suculento	0	noun	5	1.882
9485	sueco	0	adj	5	1.882
9486	supervisão	0	noun	5	1.882
9487	supressão	0	noun	5	1.882
9488	suprimento	0	noun	5	1.882
9489	suquer	0	verb	5	1.882
9490	suscetibilidade	0	noun	5	1.882
9491	síndroma	0	noun	5	1.882
9492	t-s	0	unk	5	1.882
9493	table	0	unk	5	1.882
9494	tatuar	0	verb	5	1.882
9495	taévez	0	unk	5	1.882
9496	teletransporte	0	unk	5	1.882
9497	tendão	0	noun	5	1.882
9498	tenebroso	0	adj	5	1.882
9499	tenhoa	0	noun	5	1.882
9500	terapeuta	0	noun	5	1.882
9501	terminal	0	adj	5	1.882
9502	tifo	0	noun	5	1.882
9503	tingir	0	verb	5	1.882
9504	tiracolo	0	noun	5	1.882
9505	toar	0	verb	5	1.882
9506	tofu	0	unk	5	1.882
9507	tolerância	0	noun	5	1.882
9508	topless	0	unk	5	1.882
9509	torradeira	0	noun	5	1.882
9510	tos	0	unk	5	1.882
9511	tostar	0	verb	5	1.882
9512	trailer	0	verb	5	1.882
9513	tranquilizante	0	unk	5	1.882
9514	tranqüila	0	noun	5	1.882
9515	transigir	0	verb	5	1.882
9516	transladar	0	verb	5	1.882
9517	tratar-se-á	0	unk	5	1.882
9518	traça	0	noun	5	1.882
9519	tração	0	noun	5	1.882
9520	tremor	0	unk	5	1.882
9521	trespassar	0	verb	5	1.882
9522	trilhar	0	verb	5	1.882
9523	trimestre	0	unk	5	1.882
9524	tripezita	0	noun	5	1.882
9525	triturador	0	noun	5	1.882
9526	triunfar	0	verb	5	1.882
9527	trombeta	0	noun	5	1.882
9528	trompete	0	unk	5	1.882
9529	trotador	0	noun	5	1.882
9530	tudinho	0	adj	5	1.882
9531	turístico	0	adj	5	1.882
9532	tórax	0	unk	5	1.882
9533	umamulher	0	verb	5	1.882
9534	umbigo	0	noun	5	1.882
9535	una	0	unk	5	1.882
9536	unidireccionais	0	unk	5	1.882
9537	unilateral	0	adj	5	1.882
9538	utilizador	0	noun	5	1.882
9539	vacinação	0	noun	5	1.882
9540	vaivém	0	unk	5	1.882
9541	validar	0	verb	5	1.882
9542	validação	0	noun	5	1.882
9543	valoroso	0	adj	5	1.882
9544	vandalismo	0	noun	5	1.882
9545	vara	0	noun	5	1.882
9546	varrido	0	noun	5	1.882
9547	veicular	0	verb	5	1.882
9548	velhinho	0	adj	5	1.882
9549	velozmente	0	adv	5	1.882
9550	verruga	0	noun	5	1.882
9551	videográficas	0	unk	5	1.882
9552	videoteca	0	noun	5	1.882
9553	vie	0	unk	5	1.882
9554	vigor	0	unk	5	1.882
9555	vigoroso	0	adj	5	1.882
9556	vigília	0	noun	5	1.882
9557	violinista	0	noun	5	1.882
9558	viscoso	0	adj	5	1.882
9559	vistoso	0	adj	5	1.882
9560	vitalidade	0	noun	5	1.882
9561	vitrine	0	unk	5	1.882
9562	voador	0	noun	5	1.882
9563	volts	0	unk	5	1.882
9564	volumoso	0	adj	5	1.882
9565	vulcana	0	adj	5	1.882
9566	vínculo	0	noun	5	1.882
9567	víscera	0	noun	5	1.882
9568	walton	0	unk	5	1.882
9569	we	0	unk	5	1.882
9570	what	0	unk	5	1.882
9571	whiskey	0	unk	5	1.882
9572	whoo	0	unk	5	1.882
9573	xeque-mate	0	unk	5	1.882
9574	xixi	0	unk	5	1.882
9575	yoo-hoo	0	unk	5	1.882
9576	ésso	0	noun	5	1.882
9577	índice	0	noun	5	1.882
9578	ónus	0	unk	5	1.882
9579	úmido	0	noun	5	1.882
9580	útero	0	noun	5	1.882
9581	abafador	0	noun	4	1.505
9582	abastar	0	verb	4	1.505
9583	abertamente	0	adv	4	1.505
9584	abrea	0	unk	4	1.505
9585	absolver	0	verb	4	1.505
9586	acabamento	0	noun	4	1.505
9587	acadêmico	0	adj	4	1.505
9588	acanhar	0	verb	4	1.505
9589	acariciar	0	verb	4	1.505
9590	acarretar	0	verb	4	1.505
9591	acciona	0	noun	4	1.505
9592	acessar	0	verb	4	1.505
9593	acessório	0	noun	4	1.505
9594	acetona	0	noun	4	1.505
9595	achaz	0	unk	4	1.505
9596	acidental	0	adj	4	1.505
9597	acobardar	0	verb	4	1.505
9598	acorrentar	0	verb	4	1.505
9599	acrescido	0	noun	4	1.505
9600	acumulador	0	noun	4	1.505
9601	adular	0	verb	4	1.505
9602	adulterar	0	verb	4	1.505
9603	adultério	0	noun	4	1.505
9604	adversar	0	verb	4	1.505
9605	afazer	0	verb	4	1.505
9606	afligir-se-ão	0	noun	4	1.505
9607	agenciar	0	verb	4	1.505
9608	agh	0	unk	4	1.505
9609	agreste	0	unk	4	1.505
9610	ahn	0	unk	4	1.505
9611	aipo	0	noun	4	1.505
9612	ajudaa	0	unk	4	1.505
9613	alarmante	0	unk	4	1.505
9614	alcunhar	0	verb	4	1.505
9615	alfabeto	0	noun	4	1.505
9616	alfanumérico	0	adj	4	1.505
9617	alinhamento	0	noun	4	1.505
9618	almanaque	0	unk	4	1.505
9619	almejar	0	verb	4	1.505
9620	alternar	0	verb	4	1.505
9621	alucinar	0	verb	4	1.505
9622	amavaa	0	unk	4	1.505
9623	ameia	0	noun	4	1.505
9624	amnésia	0	noun	4	1.505
9625	amore	0	unk	4	1.505
9626	amortizador	0	noun	4	1.505
9627	amêijoa	0	noun	4	1.505
9628	anaconda	0	noun	4	1.505
9629	anarquia	0	noun	4	1.505
9630	angelical	0	adj	4	1.505
9631	angolano	0	adj	4	1.505
9632	anisversário	0	noun	4	1.505
9633	anne's	0	unk	4	1.505
9634	anti-nucear	0	verb	4	1.505
9635	antitoxina	0	adj	4	1.505
9636	antártida	0	noun	4	1.505
9637	anúbis	0	unk	4	1.505
9638	apagartudo	0	adj	4	1.505
9639	apanhoua	0	noun	4	1.505
9640	apanhà	0	unk	4	1.505
9641	apendicite	0	unk	4	1.505
9642	apoiar-nos-ão	0	noun	4	1.505
9643	apoplexia	0	noun	4	1.505
9644	apoquentar	0	verb	4	1.505
9645	apreciação	0	noun	4	1.505
9646	aqule	0	unk	4	1.505
9647	ar-um	0	unk	4	1.505
9648	ardor	0	noun	4	1.505
9649	ardósia	0	noun	4	1.505
9650	argumentar	0	verb	4	1.505
9651	argumentista	0	noun	4	1.505
9652	armageddon	0	unk	4	1.505
9653	armo	0	noun	4	1.505
9654	arqueologista	0	noun	4	1.505
9655	arqueólogo	0	noun	4	1.505
9656	arraste	0	unk	4	1.505
9657	arre	0	unk	4	1.505
9658	arrefecimento	0	noun	4	1.505
9659	asiático-americano	0	adj	4	1.505
9660	assassinio	0	noun	4	1.505
9661	assessor	0	unk	4	1.505
9662	assinante	0	unk	4	1.505
9663	astrologia	0	noun	4	1.505
9664	astronomia	0	noun	4	1.505
9665	astronômico	0	adj	4	1.505
9666	atarraxar	0	verb	4	1.505
9667	atear	0	verb	4	1.505
9668	atentado	0	noun	4	1.505
9669	ativação	0	noun	4	1.505
9670	atlético	0	adj	4	1.505
9671	auditório	0	noun	4	1.505
9672	audácia	0	noun	4	1.505
9673	audível	0	adj	4	1.505
9674	aura	0	noun	4	1.505
9675	auspicioso	0	adj	4	1.505
9676	auto-ajuda	0	noun	4	1.505
9677	auto-suficiente	0	adj	4	1.505
9678	autogestão	0	noun	4	1.505
9679	autografar	0	verb	4	1.505
9680	automat	0	unk	4	1.505
9681	avassalador	0	noun	4	1.505
9682	avelã	0	unk	4	1.505
9683	aviador	0	noun	4	1.505
9684	aviar	0	verb	4	1.505
9685	avozinha	0	adj	4	1.505
9686	avozinho	0	adj	4	1.505
9687	bacteriano	0	adj	4	1.505
9688	bad	0	unk	4	1.505
9689	bagley	0	unk	4	1.505
9690	bajular	0	verb	4	1.505
9691	bakane	0	unk	4	1.505
9692	balaustrada	0	noun	4	1.505
9693	balela	0	noun	4	1.505
9694	ballet	0	unk	4	1.505
9695	balneário	0	noun	4	1.505
9696	bam	0	unk	4	1.505
9697	bandito	0	noun	4	1.505
9698	barmen	0	unk	4	1.505
9699	barragem	0	noun	4	1.505
9700	basquete	0	unk	4	1.505
9701	bastidor	0	noun	4	1.505
9702	bate-papo	0	noun	4	1.505
9703	batoteiro	0	noun	4	1.505
9704	batotice	0	noun	4	1.505
9705	bebézinhos	0	unk	4	1.505
9706	been	0	unk	4	1.505
9707	beep	0	unk	4	1.505
9708	beisebol	0	unk	4	1.505
9709	beligerante	0	unk	4	1.505
9710	belle	0	unk	4	1.505
9711	bem-sucedido	0	noun	4	1.505
9712	bemol	0	unk	4	1.505
9713	benzinho	0	adj	4	1.505
9714	berlinde	0	noun	4	1.505
9715	bexigar	0	verb	4	1.505
9716	bichinho	0	adj	4	1.505
9717	biologia	0	noun	4	1.505
9718	birmanês	0	adj	4	1.505
9719	birrar	0	verb	4	1.505
9720	blindar	0	verb	4	1.505
9721	boa-noite	0	unk	4	1.505
9722	bom-nome	0	unk	4	1.505
9723	bomba-relógio	0	noun	4	1.505
9724	boom	0	unk	4	1.505
9725	boquilha	0	noun	4	1.505
9726	borrifo	0	noun	4	1.505
9727	bostar	0	verb	4	1.505
9728	bourbon	0	unk	4	1.505
9729	bozo	0	unk	4	1.505
9730	break	0	unk	4	1.505
9731	brie	0	unk	4	1.505
9732	brilhantemente	0	adv	4	1.505
9733	brincadeiraz	0	unk	4	1.505
9734	brinquedinho	0	adj	4	1.505
9735	britador	0	noun	4	1.505
9736	brochista	0	noun	4	1.505
9737	brusco	0	noun	4	1.505
9738	brutalmente	0	adv	4	1.505
9739	bruxaria	0	noun	4	1.505
9740	bruxágico	0	adj	4	1.505
9741	bulhar	0	verb	4	1.505
9742	c'o	0	unk	4	1.505
9743	cabo-verdiano	0	adj	4	1.505
9744	cadastrar	0	verb	4	1.505
9745	caducar	0	verb	4	1.505
9746	caganita	0	noun	4	1.505
9747	cajadada	0	noun	4	1.505
9748	calcanhar	0	verb	4	1.505
9749	calculador	0	noun	4	1.505
9750	calculista	0	noun	4	1.505
9751	caldo	0	noun	4	1.505
9752	caloiro	0	noun	4	1.505
9753	camera	0	noun	4	1.505
9754	camião-cisterna	0	noun	4	1.505
9755	campista	0	noun	4	1.505
9756	camundongo	0	noun	4	1.505
9757	can't	0	unk	4	1.505
9758	canalização	0	noun	4	1.505
9759	canelar	0	verb	4	1.505
9760	cantarolar	0	verb	4	1.505
9761	cantiga	0	noun	4	1.505
9762	capricho	0	noun	4	1.505
9763	carbono	0	noun	4	1.505
9764	carocha	0	noun	4	1.505
9765	carrossel	0	adj	4	1.505
9766	cartoon	0	unk	4	1.505
9767	carência	0	noun	4	1.505
9768	casas-de-banho	0	noun	4	1.505
9769	cascavel	0	adj	4	1.505
9770	cassette	0	unk	4	1.505
9771	casto	0	noun	4	1.505
9772	castração	0	noun	4	1.505
9773	casualidade	0	noun	4	1.505
9774	casulo	0	noun	4	1.505
9775	catarata	0	noun	4	1.505
9776	cativar	0	verb	4	1.505
9777	cativo	0	noun	4	1.505
9778	catolicismo	0	noun	4	1.505
9779	catárdico	0	adj	4	1.505
9780	causador	0	noun	4	1.505
9781	cavilhar	0	verb	4	1.505
9782	caça-vampiros	0	unk	4	1.505
9783	cear	0	verb	4	1.505
9784	cegueta	0	noun	4	1.505
9785	chacha	0	noun	4	1.505
9786	chalé	0	unk	4	1.505
9787	chamaa	0	unk	4	1.505
9788	chamamento	0	noun	4	1.505
9789	chantageador	0	noun	4	1.505
9790	chas-d	0	unk	4	1.505
9791	chaval	0	adj	4	1.505
9792	chave-mestra	0	noun	4	1.505
9793	check-in	0	unk	4	1.505
9794	chilreada	0	noun	4	1.505
9795	chimbarozo	0	unk	4	1.505
9796	chiqueiro	0	noun	4	1.505
9797	chop	0	unk	4	1.505
9798	choramingas	0	unk	4	1.505
9799	chuto	0	noun	4	1.505
9800	cinematográfico	0	adj	4	1.505
9801	cirurgicamente	0	adv	4	1.505
9802	clamar	0	verb	4	1.505
9803	claque	0	unk	4	1.505
9804	classificação	0	noun	4	1.505
9805	claustrofóbico	0	adj	4	1.505
9806	clavícula	0	noun	4	1.505
9807	clemente	0	adv	4	1.505
9808	clientela	0	noun	4	1.505
9809	co-estreiante	0	unk	4	1.505
9810	coche	0	unk	4	1.505
9811	coincidencia	0	noun	4	1.505
9812	coiote	0	unk	4	1.505
9813	coitus	0	unk	4	1.505
9814	coizas	0	unk	4	1.505
9815	colecciono	0	noun	4	1.505
9816	coletar	0	verb	4	1.505
9817	colocaa	0	unk	4	1.505
9818	colossal	0	adj	4	1.505
9819	colônia	0	noun	4	1.505
9820	comadre	0	unk	4	1.505
9821	comemoração	0	noun	4	1.505
9822	comestível	0	adj	4	1.505
9823	começe	0	unk	4	1.505
9824	comodidade	0	noun	4	1.505
9825	comose	0	unk	4	1.505
9826	comovedor	0	noun	4	1.505
9827	comovido	0	noun	4	1.505
9828	compassivo	0	noun	4	1.505
9829	compensá-io-ei	0	unk	4	1.505
9830	competidor	0	noun	4	1.505
9831	composto	0	noun	4	1.505
9832	comuna	0	unk	4	1.505
9833	concorde	0	noun	4	1.505
9834	condescendente	0	adj	4	1.505
9835	confederação	0	noun	4	1.505
9836	confessor	0	unk	4	1.505
9837	confidencialidade	0	noun	4	1.505
9838	confidência	0	noun	4	1.505
9839	confortavelmente	0	adv	4	1.505
9840	congratular	0	verb	4	1.505
9841	congénito	0	noun	4	1.505
9842	conhecea	0	unk	4	1.505
9843	conhecê-io	0	noun	4	1.505
9844	conjugal	0	adj	4	1.505
9845	consegui-los-ás	0	unk	4	1.505
9846	conseguiríamoz	0	unk	4	1.505
9847	consenso	0	noun	4	1.505
9848	consideravelmente	0	adv	4	1.505
9849	consignatário	0	noun	4	1.505
9850	consolidar	0	verb	4	1.505
9851	consultoria	0	noun	4	1.505
9852	consumar	0	verb	4	1.505
9853	contante	0	unk	4	1.505
9854	continental	0	adj	4	1.505
9855	contornar	0	verb	4	1.505
9856	contorno	0	noun	4	1.505
9857	contra-ataque	0	unk	4	1.505
9858	contrabandear	0	verb	4	1.505
9859	contracapa	0	noun	4	1.505
9860	contrapino	0	adj	4	1.505
9861	controlador	0	noun	4	1.505
9862	contundente	0	adj	4	1.505
9863	convocação	0	noun	4	1.505
9864	convénio	0	noun	4	1.505
9865	cooperativo	0	noun	4	1.505
9866	coronário	0	noun	4	1.505
9867	corpanzil	0	unk	4	1.505
9868	cotação	0	noun	4	1.505
9869	crasso	0	noun	4	1.505
9870	crepe	0	unk	4	1.505
9871	cronómetro	0	noun	4	1.505
9872	cruzador	0	noun	4	1.505
9873	críquete	0	unk	4	1.505
9874	crônica	0	adj	4	1.505
9875	cultivo	0	noun	4	1.505
9876	cupão	0	noun	4	1.505
9877	cyber-god	0	unk	4	1.505
9878	cárie	0	unk	4	1.505
9879	cão-polícia	0	noun	4	1.505
9880	cúbito	0	noun	4	1.505
9881	dabo	0	noun	4	1.505
9882	dactilografar	0	verb	4	1.505
9883	dandies	0	unk	4	1.505
9884	dar-lho	0	noun	4	1.505
9885	debilitar	0	verb	4	1.505
9886	decapitar	0	verb	4	1.505
9887	decentemente	0	adv	4	1.505
9888	decididamente	0	adv	4	1.505
9889	declamar	0	verb	4	1.505
9890	dedicatória	0	noun	4	1.505
9891	defeituoso	0	adj	4	1.505
9892	defronte	0	unk	4	1.505
9893	degeneração	0	noun	4	1.505
9894	degradação	0	noun	4	1.505
9895	deine	0	unk	4	1.505
9896	deixá-io	0	noun	4	1.505
9897	deleitar	0	verb	4	1.505
9898	deleite	0	unk	4	1.505
9899	delicadamente	0	adv	4	1.505
9900	delinquência	0	noun	4	1.505
9901	demasia	0	noun	4	1.505
9902	dentre	0	unk	4	1.505
9903	depilar	0	verb	4	1.505
9904	deposto	0	noun	4	1.505
9905	deprimente	0	adv	4	1.505
9906	derradeiro	0	noun	4	1.505
9907	derretido	0	noun	4	1.505
9908	desabamento	0	noun	4	1.505
9909	desabrigar	0	verb	4	1.505
9910	desalmado	0	noun	4	1.505
9911	desapontamento	0	noun	4	1.505
9912	descabido	0	noun	4	1.505
9913	descafeínado	0	noun	4	1.505
9914	descapotável	0	adj	4	1.505
9915	desconcertante	0	unk	4	1.505
9916	desconectar	0	verb	4	1.505
9917	desconecte	0	unk	4	1.505
9918	descongelar	0	verb	4	1.505
9919	descumprimento	0	noun	4	1.505
9920	descêmo	0	noun	4	1.505
9921	desembainhar	0	verb	4	1.505
9922	desencaixar	0	verb	4	1.505
9923	desencantar	0	verb	4	1.505
9924	desfazertudo	0	adj	4	1.505
9925	desfaça	0	noun	4	1.505
9926	desfiladeiro	0	noun	4	1.505
9927	desgastante	0	unk	4	1.505
9928	desidratar	0	verb	4	1.505
9929	desinteressar	0	verb	4	1.505
9930	deslavado	0	noun	4	1.505
9931	desleal	0	adj	4	1.505
9932	desleixo	0	noun	4	1.505
9933	desnecessariamente	0	adv	4	1.505
9934	desonesta	0	noun	4	1.505
9935	despensa	0	noun	4	1.505
9936	despontar	0	verb	4	1.505
9937	destruido	0	noun	4	1.505
9938	desvantagem	0	noun	4	1.505
9939	detento	0	noun	4	1.505
9940	devastação	0	noun	4	1.505
9941	dever-lha	0	noun	4	1.505
9942	dezembro	0	noun	4	1.505
9943	diarreia	0	noun	4	1.505
9944	did	0	unk	4	1.505
9945	difamacao	0	unk	4	1.505
9946	digestivo	0	noun	4	1.505
9947	dildo	0	noun	4	1.505
9948	dilúvio	0	noun	4	1.505
9949	diminuia	0	noun	4	1.505
9950	discográfico	0	adj	4	1.505
9951	disjuntor	0	unk	4	1.505
9952	dispendioso	0	adj	4	1.505
9953	dissecação	0	noun	4	1.505
9954	divinamente	0	adv	4	1.505
9955	domesticar	0	verb	4	1.505
9956	donimar	0	verb	4	1.505
9957	dormitar	0	verb	4	1.505
9958	drenagem	0	noun	4	1.505
9959	dónutes	0	unk	4	1.505
9960	ea	0	unk	4	1.505
9961	educador	0	noun	4	1.505
9962	eie	0	unk	4	1.505
9963	eleitor	0	unk	4	1.505
9964	eletrificado	0	noun	4	1.505
9965	emalar	0	verb	4	1.505
9966	embuste	0	unk	4	1.505
9967	empanada	0	noun	4	1.505
9968	empapar	0	verb	4	1.505
9969	empilhar	0	verb	4	1.505
9970	empreiteiro	0	noun	4	1.505
9971	encaminhar	0	verb	4	1.505
9972	encarnar	0	verb	4	1.505
9973	encerramento	0	noun	4	1.505
9974	encontrà	0	unk	4	1.505
9975	endereçar	0	verb	4	1.505
9976	endividar	0	verb	4	1.505
9977	endoidar	0	verb	4	1.505
9978	energicamente	0	adv	4	1.505
9979	energize	0	unk	4	1.505
9980	enfeite	0	unk	4	1.505
9981	enfeitiçar	0	verb	4	1.505
9982	enfermo	0	noun	4	1.505
9983	enfurecido	0	noun	4	1.505
9984	engatilhea	0	unk	4	1.505
9985	enjaular	0	verb	4	1.505
9986	enrascar	0	verb	4	1.505
9987	enrolador	0	noun	4	1.505
9988	enseada	0	noun	4	1.505
9989	entoar	0	verb	4	1.505
9990	entranha	0	noun	4	1.505
9991	entretido	0	noun	4	1.505
9992	entusiasta	0	noun	4	1.505
9993	enxerto	0	noun	4	1.505
9994	enxugar	0	verb	4	1.505
9995	epílogo	0	noun	4	1.505
9996	ervilha	0	noun	4	1.505
9997	escandinavo	0	noun	4	1.505
9998	escassez	0	unk	4	1.505
9999	escavação	0	noun	4	1.505
10000	esconde-esconde	0	noun	4	1.505
